src_node_id,dst_node_id,relation_type,evidence_label,case_title,evidence_statement,evidence_location
c101M01N05,c101M01N01,be_held_by,E,Educational impact and cost efficiency of AI-enhanced videos in pediatric surgery training: a quasi-experimental study,Standardized 6-10 min lecture scripts were developed by board-certified pediatric surgeons.,"PAGE 2, Line 77"
c101M01N01,c101M01N09,participate_in,E,Educational impact and cost efficiency of AI-enhanced videos in pediatric surgery training: a quasi-experimental study,All AI-generated visual elements underwent board-certified pediatric surgeon review.,"PAGE 5, Line 136"
c101M01N02,c101M01N09,participate_in,E,Educational impact and cost efficiency of AI-enhanced videos in pediatric surgery training: a quasi-experimental study,Medical students and pediatric surgery residents viewed standardized lecture videos on five core pediatric surgery topics.,"PAGE 1, Line 10"
c101M01N03,c101M01N09,participate_in,E,Educational impact and cost efficiency of AI-enhanced videos in pediatric surgery training: a quasi-experimental study,Medical students and pediatric surgery residents viewed standardized lecture videos on five core pediatric surgery topics.,"PAGE 1, Line 10"
c101M01N04,c101M01N09,participate_in,E,Educational impact and cost efficiency of AI-enhanced videos in pediatric surgery training: a quasi-experimental study,Medical students and pediatric surgery residents viewed standardized lecture videos on five core pediatric surgery topics.,"PAGE 1, Line 10"
c101M01N09,c101M01N10,adopt,E,Educational impact and cost efficiency of AI-enhanced videos in pediatric surgery training: a quasi-experimental study,AI background replacement using FLUX.1-Fill (inpainting) and FLUX.1-dev (development) models,"PAGE 3, Line 100"
c101M01N09,c101M01N11,adopt,E,Educational impact and cost efficiency of AI-enhanced videos in pediatric surgery training: a quasi-experimental study,AI background replacement using FLUX.1-Fill (inpainting) and FLUX.1-dev (development) models,"PAGE 3, Line 100"
c101M01N09,c101M01N12,adopt,E,Educational impact and cost efficiency of AI-enhanced videos in pediatric surgery training: a quasi-experimental study,"AI enhancement used FLUX.1-Fill and FLUX.1-dev models via ComfyUI, an open-source workflow interface","PAGE 3, Line 109"
c101M01N09,c101M01N13,adopt,E,Educational impact and cost efficiency of AI-enhanced videos in pediatric surgery training: a quasi-experimental study,with models loaded using GGUF Q8 quantization reducing computational requirements,"PAGE 3, Line 109"
c101M01N09,c101M01N14,adopt,E,Educational impact and cost efficiency of AI-enhanced videos in pediatric surgery training: a quasi-experimental study,All video assembly occurred in DaVinci Resolve.,"PAGE 3, Line 97"
c101M01N09,c101M01N15,adopt,E,Educational impact and cost efficiency of AI-enhanced videos in pediatric surgery training: a quasi-experimental study,with professional quality achieved through Adobe Podcast's free web-based enhancement tool.,"PAGE 3, Line 94"
c101M01N09,c101M01N06,evaluate,E,Educational impact and cost efficiency of AI-enhanced videos in pediatric surgery training: a quasi-experimental study,Primary outcomes were perceived educational clarity (five-point Likert scale) and knowledge acquisition assessed by a 40-item multiple-choice examination.,"PAGE 1, Line 12"
c101M01N09,c101M01N07,evaluate,E,Educational impact and cost efficiency of AI-enhanced videos in pediatric surgery training: a quasi-experimental study,Primary outcomes were perceived educational clarity (five-point Likert scale) and knowledge acquisition assessed by a 40-item multiple-choice examination.,"PAGE 1, Line 12"
c101M01N06,c101M01N03,be_absorbed_by,E,Educational impact and cost efficiency of AI-enhanced videos in pediatric surgery training: a quasi-experimental study,"Among junior residents (n=20), AI-enhanced videos showed higher clarity and knowledge","PAGE 6, Line 183"
c101M01N06,c101M01N04,be_absorbed_by,I,Educational impact and cost efficiency of AI-enhanced videos in pediatric surgery training: a quasi-experimental study,Educational benefits were consistent across training levels.,"PAGE 6, Line 182"
c101M01N08,c101M01N19,be_constrained_by,E,Educational impact and cost efficiency of AI-enhanced videos in pediatric surgery training: a quasi-experimental study,Pediatric surgery training is challenged by declining clinical exposure and limited access to high-quality educational resources.,"PAGE 1, Line 7"
c101M01N09,c101M01N20,resolve,E,Educational impact and cost efficiency of AI-enhanced videos in pediatric surgery training: a quasi-experimental study,Locally deployed AI production reduced per-video costs by 72-94% compared with traditional studio production.,"PAGE 1, Line 17"
c101M01N09,c101M01N21,resolve,E,Educational impact and cost efficiency of AI-enhanced videos in pediatric surgery training: a quasi-experimental study,The approach eliminates green screen infrastructure and its technical challenges.,"PAGE 7, Line 199"
c101M01N09,c101M01N08,complement,E,Educational impact and cost efficiency of AI-enhanced videos in pediatric surgery training: a quasi-experimental study,"Al has the potential to be a powerful adjunct to surgical education if deployed thoughtfully and ethically, complementing rather than replacing the vital educator-learner relationship","PAGE 7, Line 254"
c101M01N09,c101M01N08,cannot_fully_replace,E,Educational impact and cost efficiency of AI-enhanced videos in pediatric surgery training: a quasi-experimental study,Al cannot replace the critical role of educators and must be used as complementary tool with robust governance frameworks.,"PAGE 7, Line 255"
c101M01N09,c101M01N16,depend_on,I,Educational impact and cost efficiency of AI-enhanced videos in pediatric surgery training: a quasi-experimental study,This trade-off favors AI enhancement when faculty time is institutionally subsidized,"PAGE 7, Line 235"
c101M01N09,c101M01N17,depend_on,E,Educational impact and cost efficiency of AI-enhanced videos in pediatric surgery training: a quasi-experimental study,reducing computational requirements to enable operation on consumer-grade laptop,"PAGE 3, Line 109"
c101M01N09,c101M01N18,depend_on,E,Educational impact and cost efficiency of AI-enhanced videos in pediatric surgery training: a quasi-experimental study,"This approach represents a practical, scalable strategy for enhancing pediatric surgery education, particularly in resource-limited settings.","PAGE 1, Line 19"
c101M01N09,c101M01N22,be_constrained_by,E,Educational impact and cost efficiency of AI-enhanced videos in pediatric surgery training: a quasi-experimental study,"Second, outcomes were assessed immediately after video viewing; therefore, long-term knowledge retention and transfer to clinical performance were not evaluated.","PAGE 8, Line 258"
c101M02N01,c101M01N01,be_held_by,E,Educational impact and cost efficiency of AI-enhanced videos in pediatric surgery training: a quasi-experimental study,Standardized 6-10 min lecture scripts were developed by board-certified pediatric surgeons.,"Page 2, Educational content"
c101M02N01,c101M02N16,be_transferred_by,E,Educational impact and cost efficiency of AI-enhanced videos in pediatric surgery training: a quasi-experimental study,Identical scripts and narration were used in both groups; the intervention differed only by AI-based background enhancement.,"Page 2, Methods – Educational content"
c101M02N01,c101M02N17,be_transferred_by,E,Educational impact and cost efficiency of AI-enhanced videos in pediatric surgery training: a quasi-experimental study,"Standard videos used identical scripts, edited in DaVinci Resolve.","Page 3, Standard video production"
c101M02N02,c101M01N01,be_held_by,E,Educational impact and cost efficiency of AI-enhanced videos in pediatric surgery training: a quasi-experimental study,Expert-curated illustrations were overlaid; source expertise not explicitly stated but implicit from content development.,"Page 3, Standard video production (overlay of expert-curated illustrations)"
c101M02N02,c101M02N16,be_transferred_by,E,Educational impact and cost efficiency of AI-enhanced videos in pediatric surgery training: a quasi-experimental study,Illustration overlay (0.5-1 h per video) in DaVinci Resolve as part of AI-enhanced workflow.,"Page 3, AI-Enhanced video production"
c101M02N02,c101M02N17,be_transferred_by,E,Educational impact and cost efficiency of AI-enhanced videos in pediatric surgery training: a quasi-experimental study,Overlay of expert-curated illustrations using DaVinci Resolve (common to both conditions).,"Page 3, Standard video production"
c101M02N04,c101M02N03,be_derived_from,E,Educational impact and cost efficiency of AI-enhanced videos in pediatric surgery training: a quasi-experimental study,Mean knowledge scores (76.8% vs. 69.5%) were calculated from the 40-item examination.,"Page 5, Primary educational outcomes"
c101M02N04,c101M01N02,be_absorbed_by,E,Educational impact and cost efficiency of AI-enhanced videos in pediatric surgery training: a quasi-experimental study,Medical students in AI-enhanced group scored 7.3 percentage points higher than standard group.,"Page 5, Primary educational outcomes"
c101M02N04,c101M02N12,be_absorbed_by,E,Educational impact and cost efficiency of AI-enhanced videos in pediatric surgery training: a quasi-experimental study,Junior residents in AI-enhanced group showed higher knowledge (difference 5.7 percentage points).,"Page 6, Subgroup analyses"
c101M01N07,c101M01N02,be_absorbed_by,E,Educational impact and cost efficiency of AI-enhanced videos in pediatric surgery training: a quasi-experimental study,Mean clarity score was 4.52 (AI-enhanced) vs. 3.88 (standard) among medical students and residents.,"Page 5, Primary educational outcomes"
c101M02N07,c101M01N02,be_absorbed_by,E,Educational impact and cost efficiency of AI-enhanced videos in pediatric surgery training: a quasi-experimental study,Visual comfort mean 4.48 (AI-enhanced) vs. 3.91 (standard).,"Page 5, Secondary outcomes"
c101M02N09,c101M01N02,be_absorbed_by,E,Educational impact and cost efficiency of AI-enhanced videos in pediatric surgery training: a quasi-experimental study,87.5% of AI-enhanced group would recommend vs. 63.3% of standard group.,"Page 5-6, Secondary outcomes"
c101M01N01,c101M02N13,participate_in,I,Educational impact and cost efficiency of AI-enhanced videos in pediatric surgery training: a quasi-experimental study,Board-certified surgeons develop content for traditional studio videos.,"Page 2, Educational content (implied by 'traditional' production)"
c101M01N01,c101M02N16,participate_in,E,Educational impact and cost efficiency of AI-enhanced videos in pediatric surgery training: a quasi-experimental study,Board-certified pediatric surgeons reviewed AI-generated visual elements.,"Page 4, AI-generated visual elements underwent board-certified pediatric surgeon review"
c101M01N01,c101M02N17,participate_in,I,Educational impact and cost efficiency of AI-enhanced videos in pediatric surgery training: a quasi-experimental study,Faculty presenters recorded for standard videos.,"Page 3, Recording protocol (faculty against plain walls)"
c101M02N12,c101M02N16,participate_in,E,Educational impact and cost efficiency of AI-enhanced videos in pediatric surgery training: a quasi-experimental study,Junior residents (PGY 1-2) included in AI-enhanced group.,"Page 5, Table 1"
c101M02N13,c101M01N20,be_constrained_by,E,Educational impact and cost efficiency of AI-enhanced videos in pediatric surgery training: a quasi-experimental study,"Professional studio production costs $2,000-8,500 per video.","Page 6, Table 3"
c101M02N14,c101M01N21,be_constrained_by,E,Educational impact and cost efficiency of AI-enhanced videos in pediatric surgery training: a quasi-experimental study,"Green screen has uneven lighting, color spill, shadows, six-foot separation, wardrobe restrictions, extensive post-production.","Page 2, Green screen chroma keying"
c101M02N16,c101M01N12,adopt,E,Educational impact and cost efficiency of AI-enhanced videos in pediatric surgery training: a quasi-experimental study,"AI enhancement used ComfyUI, an open-source workflow interface.","Page 3, Technical implementation"
c101M02N16,c101M01N10,adopt,E,Educational impact and cost efficiency of AI-enhanced videos in pediatric surgery training: a quasi-experimental study,AI background replacement using FLUX.1-Fill and FLUX.1-dev models.,"Page 3, AI-Enhanced video production"
c101M02N16,c101M02N03,evaluate,E,Educational impact and cost efficiency of AI-enhanced videos in pediatric surgery training: a quasi-experimental study,Knowledge assessed immediately after viewing AI-enhanced videos.,"Page 2, Primary outcomes"
c101M02N16,c101M02N04,evaluate,E,Educational impact and cost efficiency of AI-enhanced videos in pediatric surgery training: a quasi-experimental study,Mean knowledge score 76.8% for AI-enhanced group.,"Page 5, Primary educational outcomes"
c101M02N16,c101M01N07,evaluate,E,Educational impact and cost efficiency of AI-enhanced videos in pediatric surgery training: a quasi-experimental study,Clarity scores measured for AI-enhanced videos.,"Page 5, Primary educational outcomes"
c101M02N16,c101M02N07,evaluate,E,Educational impact and cost efficiency of AI-enhanced videos in pediatric surgery training: a quasi-experimental study,Visual comfort measured for AI-enhanced videos.,"Page 5, Secondary outcomes"
c101M02N16,c101M02N08,evaluate,E,Educational impact and cost efficiency of AI-enhanced videos in pediatric surgery training: a quasi-experimental study,Perceived professionalism measured for AI-enhanced videos.,"Page 5, Secondary outcomes"
c101M02N16,c101M02N09,evaluate,E,Educational impact and cost efficiency of AI-enhanced videos in pediatric surgery training: a quasi-experimental study,Willingness to recommend measured for AI-enhanced videos.,"Page 5, Secondary outcomes"
c101M02N16,c101M01N16,depend_on,I,Educational impact and cost efficiency of AI-enhanced videos in pediatric surgery training: a quasi-experimental study,This tradeoff favors AI enhancement when faculty time is institutionally subsidized.,"Page 7, Discussion – From practical implementation perspective"
c101M02N16,c101M01N18,depend_on,E,Educational impact and cost efficiency of AI-enhanced videos in pediatric surgery training: a quasi-experimental study,Particularly relevant for resource-limited settings where traditional infrastructure is unavailable.,"Page 7, Discussion – Findings are particularly relevant"
c101M02N16,c101M01N20,mitigate,E,Educational impact and cost efficiency of AI-enhanced videos in pediatric surgery training: a quasi-experimental study,AI-enhanced approach reduces per-video costs by 72-94%.,"Page 6, Table 3 – Economic comparison"
c101M02N16,c101M01N21,mitigate,E,Educational impact and cost efficiency of AI-enhanced videos in pediatric surgery training: a quasi-experimental study,AI eliminates green screen infrastructure and its technical challenges.,"Page 7, Discussion – This study demonstrates"
c101M02N16,c101M01N22,be_constrained_by,E,Educational impact and cost efficiency of AI-enhanced videos in pediatric surgery training: a quasi-experimental study,Long-term knowledge retention and transfer to clinical performance were not evaluated.,"Page 8, Limitations"
c101M02N17,c101M02N03,evaluate,I,Educational impact and cost efficiency of AI-enhanced videos in pediatric surgery training: a quasi-experimental study,Standard video group also took the 40-item examination.,"Page 5, Results (comparison between groups)"
c101M02N17,c101M02N04,evaluate,E,Educational impact and cost efficiency of AI-enhanced videos in pediatric surgery training: a quasi-experimental study,Standard video group mean knowledge score 69.5%.,"Page 5, Primary educational outcomes"
c101M02N17,c101M01N07,evaluate,E,Educational impact and cost efficiency of AI-enhanced videos in pediatric surgery training: a quasi-experimental study,Standard video group mean clarity score 3.88.,"Page 5, Primary educational outcomes"
c102M01N01,c102M01N06,be_held_by,E,Design and evaluation of a virtual rehabilitation system integrating intangible cultural heritage: A case study of Baduanjin-based somatosensory training,Relying on the oral teaching of the dissemination of the way requires a large number of professional teachers.,PAGE 2
c102M01N03,c102M01N06,be_held_by,E,Design and evaluation of a virtual rehabilitation system integrating intangible cultural heritage: A case study of Baduanjin-based somatosensory training,...relying on the oral teaching of the dissemination of the way requires a large number of professional teachers.,PAGE 2
c102M01N01,c102M01N07,be_transferred_by,E,Design and evaluation of a virtual rehabilitation system integrating intangible cultural heritage: A case study of Baduanjin-based somatosensory training,The comparison system used non-interactive instructional materials consisting of static images and text.,PAGE 7
c102M01N03,c102M01N15,be_difficult_to_capture_due_to,E,Design and evaluation of a virtual rehabilitation system integrating intangible cultural heritage: A case study of Baduanjin-based somatosensory training,"Traditional exercise rehabilitation methods often have problems such as a single form of intervention, high repetitiveness, and lagging feedback.",PAGE 1
c102M01N05,c102M01N07,participate_in,E,Design and evaluation of a virtual rehabilitation system integrating intangible cultural heritage: A case study of Baduanjin-based somatosensory training,Two cohorts of participants were recruited to compare... randomized into experimental and control groups.,PAGE 7
c102M01N07,c102M01N12,be_constrained_by,E,Design and evaluation of a virtual rehabilitation system integrating intangible cultural heritage: A case study of Baduanjin-based somatosensory training,Traditional rehabilitation approaches often suffer from low adherence due to their monotony.,PAGE 1
c102M01N07,c102M01N14,be_constrained_by,E,Design and evaluation of a virtual rehabilitation system integrating intangible cultural heritage: A case study of Baduanjin-based somatosensory training,"The traditional rehabilitation treatment often has the defects such as boring, high treatment cost.",PAGE 2
c102M01N07,c102M01N15,be_constrained_by,E,Design and evaluation of a virtual rehabilitation system integrating intangible cultural heritage: A case study of Baduanjin-based somatosensory training,Traditional exercise rehabilitation methods often have problems such as... lagging feedback.,PAGE 1
c102M01N05,c102M01N08,participate_in,E,Design and evaluation of a virtual rehabilitation system integrating intangible cultural heritage: A case study of Baduanjin-based somatosensory training,Two cohorts of participants were recruited to compare the TWJB system based on somatosensory interaction...,PAGE 7
c102M01N08,c102M01N09,adopt,E,Design and evaluation of a virtual rehabilitation system integrating intangible cultural heritage: A case study of Baduanjin-based somatosensory training,The TWJB system adopts a three-phase structure... somatosensory interaction is realized using the Kinect V2.,PAGE 3
c102M01N08,c102M01N10,adopt,E,Design and evaluation of a virtual rehabilitation system integrating intangible cultural heritage: A case study of Baduanjin-based somatosensory training,All motion sequences are manually created as 3D keyframe animations using Cascadeur.,PAGE 6
c102M01N08,c102M01N01,adopt,E,Design and evaluation of a virtual rehabilitation system integrating intangible cultural heritage: A case study of Baduanjin-based somatosensory training,...this paper also organizes and constructs a movement animation data repository containing the eight styles of movements.,PAGE 2
c102M01N08,c102M01N11,adopt,E,Design and evaluation of a virtual rehabilitation system integrating intangible cultural heritage: A case study of Baduanjin-based somatosensory training,...the motion recognition module applies Dynamic Time Warping (DTW) to match the real-time motion sequence.,PAGE 6
c102M01N08,c102M01N03,evaluate,E,Design and evaluation of a virtual rehabilitation system integrating intangible cultural heritage: A case study of Baduanjin-based somatosensory training,The system captures and evaluates user performance in real time...,PAGE 5
c102M01N08,c102M01N15,resolve,E,Design and evaluation of a virtual rehabilitation system integrating intangible cultural heritage: A case study of Baduanjin-based somatosensory training,"By incorporating real-time motion capture, dynamic feedback, and interactive knowledge cards, the system enhances user immersion.",PAGE 1
c102M01N08,c102M01N12,mitigate,E,Design and evaluation of a virtual rehabilitation system integrating intangible cultural heritage: A case study of Baduanjin-based somatosensory training,The improvement of embodied cognition and operation fluency suggests that immersive somatosensory interaction can effectively stimulate users... overcoming the training burnout.,PAGE 8
c102M01N02,c102M01N05,be_absorbed_by,E,Design and evaluation of a virtual rehabilitation system integrating intangible cultural heritage: A case study of Baduanjin-based somatosensory training,"Results indicate that TWJB outperforms conventional rehabilitation methods in terms of user engagement, cultural knowledge acquisition...",PAGE 1
c102M01N08,c102M01N07,complement,I,Design and evaluation of a virtual rehabilitation system integrating intangible cultural heritage: A case study of Baduanjin-based somatosensory training,"The system bridges cultural content and digital interventions, modernizing standard traditional physical assets through computer graphics.",PAGE 3
c102M02N01,c102M02N14,be_held_by,E,Design and evaluation of a virtual rehabilitation system integrating intangible cultural heritage: A case study of Baduanjin-based somatosensory training,"Liu Miaozhen guides the user to complete the training through voice and movement, and demonstrates each Baduanjin movement.",Section 3.2.1
c102M02N02,c102M02N14,be_held_by,E,Design and evaluation of a virtual rehabilitation system integrating intangible cultural heritage: A case study of Baduanjin-based somatosensory training,Liu Miaozhen explains historical context and cultural knowledge through dialogue and knowledge cards.,"Section 3.2.1, 3.2.4"
c102M02N03,c102M02N14,be_held_by,E,Design and evaluation of a virtual rehabilitation system integrating intangible cultural heritage: A case study of Baduanjin-based somatosensory training,"Liu Miaozhen explains rehabilitative effects of movements, e.g., relieving cervical and lumbar pain.",Section 3.2.1
c102M02N05,c102M02N14,be_held_by,E,Design and evaluation of a virtual rehabilitation system integrating intangible cultural heritage: A case study of Baduanjin-based somatosensory training,The animation asset library serves as the behavioral foundation of the virtual NPC Liu Miaozhen.,Section 3.3.3
c102M02N06,c102M02N14,be_held_by,E,Design and evaluation of a virtual rehabilitation system integrating intangible cultural heritage: A case study of Baduanjin-based somatosensory training,Movement semantics and voice commands are mapped to enable Liu Miaozhen's verbal instructions.,"Section 1, Section 3.2.1"
c102M02N08,c102M02N12,be_held_by,E,Design and evaluation of a virtual rehabilitation system integrating intangible cultural heritage: A case study of Baduanjin-based somatosensory training,Patients in the TWJB group developed embodied cognition through the system.,"Section 5.1, Section 6"
c102M02N09,c102M02N12,be_held_by,I,Design and evaluation of a virtual rehabilitation system integrating intangible cultural heritage: A case study of Baduanjin-based somatosensory training,"Patients improved motor coordination skills (BBS, Tinetti, 10MWT improvements).",Section 5.4
c102M02N10,c102M02N12,be_held_by,I,Design and evaluation of a virtual rehabilitation system integrating intangible cultural heritage: A case study of Baduanjin-based somatosensory training,Self-perception of accuracy is enhanced in users receiving synchronized feedback.,Section 6
c102M02N01,c102M02N12,be_absorbed_by,E,Design and evaluation of a virtual rehabilitation system integrating intangible cultural heritage: A case study of Baduanjin-based somatosensory training,"Baduanjin knowledge score was 7.8 (TWJB) vs 5.6 (control), p<0.001.",Section 5.3
c102M02N03,c102M02N12,be_absorbed_by,I,Design and evaluation of a virtual rehabilitation system integrating intangible cultural heritage: A case study of Baduanjin-based somatosensory training,Users recalled health benefits via knowledge cards and quiz.,"Section 3.2.4, Section 5.3"
c102M02N04,c102M02N12,be_absorbed_by,E,Design and evaluation of a virtual rehabilitation system integrating intangible cultural heritage: A case study of Baduanjin-based somatosensory training,"Recall ability score was 8.1 (TWJB) vs 5.9 (control), p<0.001.",Section 5.3
c102M02N08,c102M02N23,be_captured_by,I,Design and evaluation of a virtual rehabilitation system integrating intangible cultural heritage: A case study of Baduanjin-based somatosensory training,Embodied cognition is developed via real-time motion capture and feedback.,"Section 3.2.3, Section 6"
c102M02N09,c102M02N23,be_captured_by,E,Design and evaluation of a virtual rehabilitation system integrating intangible cultural heritage: A case study of Baduanjin-based somatosensory training,User motion data are captured using Kinect V2; DTW matches real-time sequence with reference templates.,"Section 3.3.1, 3.3.2"
c102M02N10,c102M02N23,be_captured_by,I,Design and evaluation of a virtual rehabilitation system integrating intangible cultural heritage: A case study of Baduanjin-based somatosensory training,System provides visual comparison and accuracy feedback to enhance self-perception.,Section 3.2.3
c102M02N01,c102M02N17,be_transferred_by,E,Design and evaluation of a virtual rehabilitation system integrating intangible cultural heritage: A case study of Baduanjin-based somatosensory training,"Current dissemination forms include oral teaching, books, audio-visual video.",Section 2.1
c102M02N01,c102M02N20,be_transferred_by,E,Design and evaluation of a virtual rehabilitation system integrating intangible cultural heritage: A case study of Baduanjin-based somatosensory training,Comparison system uses static UI prompts with text instructions.,"Section 3.2, Section 4"
c102M02N01,c102M02N21,be_transferred_by,E,Design and evaluation of a virtual rehabilitation system integrating intangible cultural heritage: A case study of Baduanjin-based somatosensory training,Pre-recorded video demonstrations provide visual guidance but lack interactivity.,Section 4
c102M02N01,c102M02N22,be_transferred_by,E,Design and evaluation of a virtual rehabilitation system integrating intangible cultural heritage: A case study of Baduanjin-based somatosensory training,TWJB transfers movement instructions via avatar guidance and real-time feedback.,"Abstract, Section 3.1"
c102M02N02,c102M02N24,be_transferred_by,E,Design and evaluation of a virtual rehabilitation system integrating intangible cultural heritage: A case study of Baduanjin-based somatosensory training,Each card presents historical context and ICH knowledge.,Section 3.2.4
c102M02N03,c102M02N24,be_transferred_by,E,Design and evaluation of a virtual rehabilitation system integrating intangible cultural heritage: A case study of Baduanjin-based somatosensory training,Each card presents the corresponding rehabilitative effect.,Section 3.2.4
c102M02N04,c102M02N25,be_transferred_by,E,Design and evaluation of a virtual rehabilitation system integrating intangible cultural heritage: A case study of Baduanjin-based somatosensory training,Knowledge quiz tests understanding; correct answers rewarded.,Section 3.2.4
c102M02N12,c102M02N17,participate_in,I,Design and evaluation of a virtual rehabilitation system integrating intangible cultural heritage: A case study of Baduanjin-based somatosensory training,Control group patients used traditional UI-based system (analogous to passive methods).,Section 4
c102M02N14,c102M02N22,participate_in,E,Design and evaluation of a virtual rehabilitation system integrating intangible cultural heritage: A case study of Baduanjin-based somatosensory training,Liu Miaozhen is the virtual instructor within the TWJB system.,Section 3.2.1
c102M01N06,c102M02N17,participate_in,E,Design and evaluation of a virtual rehabilitation system integrating intangible cultural heritage: A case study of Baduanjin-based somatosensory training,Oral teaching requires professional teachers as participants.,Section 2.1
c102M02N17,c102M02N36,depend_on,E,Design and evaluation of a virtual rehabilitation system integrating intangible cultural heritage: A case study of Baduanjin-based somatosensory training,Oral teaching requires a large number of professional teachers and scientific training system.,Section 2.1
c102M02N22,c102M01N09,adopt,E,Design and evaluation of a virtual rehabilitation system integrating intangible cultural heritage: A case study of Baduanjin-based somatosensory training,Kinect V2 is the somatosensory input device for TWJB.,Section 3.1
c102M02N22,c102M02N35,adopt,E,Design and evaluation of a virtual rehabilitation system integrating intangible cultural heritage: A case study of Baduanjin-based somatosensory training,Cascadeur was used to produce the animation asset library for TWJB.,Section 3.4
c102M02N23,c102M01N09,adopt,E,Design and evaluation of a virtual rehabilitation system integrating intangible cultural heritage: A case study of Baduanjin-based somatosensory training,Motion capture module uses Kinect V2 for skeletal tracking.,Section 3.3.1
c102M02N23,c102M02N30,adopt,E,Design and evaluation of a virtual rehabilitation system integrating intangible cultural heritage: A case study of Baduanjin-based somatosensory training,Motion recognition uses DTW algorithm.,Section 3.3.2
c102M02N23,c102M02N31,adopt,E,Design and evaluation of a virtual rehabilitation system integrating intangible cultural heritage: A case study of Baduanjin-based somatosensory training,Kinect V2 tracks 25 skeletal joints.,Section 3.3.1
c102M02N23,c102M02N32,adopt,E,Design and evaluation of a virtual rehabilitation system integrating intangible cultural heritage: A case study of Baduanjin-based somatosensory training,Double exponential smoothing filter preprocesses joint trajectories.,Section 3.3.1
c102M02N23,c102M02N33,adopt,E,Design and evaluation of a virtual rehabilitation system integrating intangible cultural heritage: A case study of Baduanjin-based somatosensory training,User avatar is animated using Final IK rig.,Section 3.3.4
c102M02N23,c102M02N34,adopt,E,Design and evaluation of a virtual rehabilitation system integrating intangible cultural heritage: A case study of Baduanjin-based somatosensory training,RT-Voice SDK vocalizes joint-specific guidance.,Section 3.3.4
c102M02N22,c102M02N08,evaluate,E,Design and evaluation of a virtual rehabilitation system integrating intangible cultural heritage: A case study of Baduanjin-based somatosensory training,DTW classification (Good/Pass/Fail) evaluates embodied cognition performance.,"Section 3.3.2, Section 5.1"
c102M02N24,c102M02N02,evaluate,I,Design and evaluation of a virtual rehabilitation system integrating intangible cultural heritage: A case study of Baduanjin-based somatosensory training,Cards are evaluated as collected; users are tested on card content in quiz.,Section 3.2.4
c102M02N25,c102M02N04,evaluate,E,Design and evaluation of a virtual rehabilitation system integrating intangible cultural heritage: A case study of Baduanjin-based somatosensory training,Knowledge quiz tests users' understanding of Baduanjin-related questions.,Section 3.2.4
c102M02N01,c102M02N08,translate_into,I,Design and evaluation of a virtual rehabilitation system integrating intangible cultural heritage: A case study of Baduanjin-based somatosensory training,Explicit movement instructions are internalized into embodied skill through practice and feedback.,"Section 3.2, Section 5.1"
c102M02N22,c102M02N37,mitigate,E,Design and evaluation of a virtual rehabilitation system integrating intangible cultural heritage: A case study of Baduanjin-based somatosensory training,"Gamified interaction enhances motivation, improving patient compliance.","Section 1, Section 3.1"
c102M02N22,c102M02N38,mitigate,E,Design and evaluation of a virtual rehabilitation system integrating intangible cultural heritage: A case study of Baduanjin-based somatosensory training,Gamified interaction and cultural narratives reduce boredom.,"Section 3.1, Section 6"
c102M02N22,c102M02N40,mitigate,E,Design and evaluation of a virtual rehabilitation system integrating intangible cultural heritage: A case study of Baduanjin-based somatosensory training,Active learning through gamified mechanisms replaces passive reading.,Section 3.2.4
c102M02N22,c102M02N41,mitigate,I,Design and evaluation of a virtual rehabilitation system integrating intangible cultural heritage: A case study of Baduanjin-based somatosensory training,Virtual NPC reduces dependence on scarce professional teachers.,"Section 3.1, Section 6"
c102M02N17,c102M02N41,be_constrained_by,E,Design and evaluation of a virtual rehabilitation system integrating intangible cultural heritage: A case study of Baduanjin-based somatosensory training,Oral teaching constrained by scarcity of professional teachers.,Section 2.1
c102M02N19,c102M02N40,be_constrained_by,E,Design and evaluation of a virtual rehabilitation system integrating intangible cultural heritage: A case study of Baduanjin-based somatosensory training,Video watching is passive.,Section 4
c102M02N20,c102M02N40,be_constrained_by,E,Design and evaluation of a virtual rehabilitation system integrating intangible cultural heritage: A case study of Baduanjin-based somatosensory training,"Static UI prompts are non-interactive, leading to passive learning.","Section 3.2, Section 4"
c102M02N08,c102M02N38,be_difficult_to_capture_due_to,E,Design and evaluation of a virtual rehabilitation system integrating intangible cultural heritage: A case study of Baduanjin-based somatosensory training,Monotony and boredom make it difficult to develop embodied cognition.,Section 2.1
c102M02N10,c102M02N39,be_difficult_to_capture_due_to,E,Design and evaluation of a virtual rehabilitation system integrating intangible cultural heritage: A case study of Baduanjin-based somatosensory training,"Without real-time feedback, self-perception of accuracy cannot be developed.","Section 1, Section 3.2.3"
c102M02N22,c102M02N43,be_constrained_by,E,Design and evaluation of a virtual rehabilitation system integrating intangible cultural heritage: A case study of Baduanjin-based somatosensory training,The short training period (25 min per session) limits assessment of long-term retention.,Section 6
c102M02N22,c102M02N44,be_constrained_by,E,Design and evaluation of a virtual rehabilitation system integrating intangible cultural heritage: A case study of Baduanjin-based somatosensory training,The relatively limited sample size (78 participants) limits generalizability.,Section 6
c102M02N22,c102M02N45,be_constrained_by,E,Design and evaluation of a virtual rehabilitation system integrating intangible cultural heritage: A case study of Baduanjin-based somatosensory training,"Action recognition uses traditional DTW, not deep learning, limiting accuracy and sensitivity.",Section 6
c103M01N04,c103M01N05,translate_into,I,Game-based learning as training to use a chemotherapy preparation robot,participants read the institution's internal procedures about working with the robot... developing operators' understanding of the process and helping them acquiring the competencies,Page 2
c103M01N05,c103M01N10,be_held_by,E,Game-based learning as training to use a chemotherapy preparation robot,"the experts who could, thanks to their advanced mastery of ICT in general, endorse the robot's use, and motivate their colleagues.",Page 3
c103M01N05,c103M01N11,be_absorbed_by,E,Game-based learning as training to use a chemotherapy preparation robot,Knowledge improved from 57% pretraining to 77% to 76.6% (6M),"Page 1, Page 5"
c103M01N06,c103M01N11,be_absorbed_by,I,Game-based learning as training to use a chemotherapy preparation robot,The trainer/trainee team was asked to prepare two bags of Ganciclovir... underwent a dose-banding exercise,"Page 2, Page 3"
c103M01N07,c103M01N11,be_absorbed_by,I,Game-based learning as training to use a chemotherapy preparation robot,The trainer/trainee team was asked to prepare... a single chemotherapy of Cisplatin 39 mg.,"Page 2, Page 3"
c103M01N08,c103M01N11,be_absorbed_by,E,Game-based learning as training to use a chemotherapy preparation robot,Self-efficacy was evaluated on a scale from 0 to 100 and increased from 48.5 to 75.6 immediately after the training program,Page 5
c103M01N09,c103M01N11,be_absorbed_by,E,Game-based learning as training to use a chemotherapy preparation robot,Motivation was evaluated on a scale from 0 to 100 and increased from a mean of 57.6 to 86.6 immediately after the training,Page 5
c103M01N01,c103M01N14,be_transferred_by,E,Game-based learning as training to use a chemotherapy preparation robot,"For Knowing the manufacturing steps, cards with the steps were placed in the correct order.","Page 1, Page 2"
c103M01N02,c103M01N14,be_transferred_by,E,Game-based learning as training to use a chemotherapy preparation robot,"For Knowing the criteria for using the robot, teams guessed whether certain compounds could be used with the robot.","Page 1, Page 2"
c103M01N03,c103M01N14,be_transferred_by,E,Game-based learning as training to use a chemotherapy preparation robot,"For Knowing how to handle production errors, the answer to each error (taken from real-life issues) was selected from four options.","Page 1, Page 2"
c103M01N05,c103M01N15,be_transferred_by,E,Game-based learning as training to use a chemotherapy preparation robot,"For the practical part, one team at a time (trainer/trainee) entered the cleanroom with the training pharmacist. Using an adapted version of the Peyton approach",Page 2
c103M01N04,c103M01N16,be_transferred_by,E,Game-based learning as training to use a chemotherapy preparation robot,"For the preparatory work, participants read the institution's internal procedures about working with the robot",Page 2
c103M01N10,c103M01N14,participate_in,E,Game-based learning as training to use a chemotherapy preparation robot,Trainer/trainee teams participated in 2-hour training sessions with three games and a debriefing.,Page 1
c103M01N11,c103M01N14,participate_in,E,Game-based learning as training to use a chemotherapy preparation robot,Trainer/trainee teams participated in 2-hour training sessions with three games and a debriefing.,Page 1
c103M01N10,c103M01N15,participate_in,E,Game-based learning as training to use a chemotherapy preparation robot,"Using an adapted version of the Peyton approach, the trainer became the trainee, and the trainee became the trainer",Page 2
c103M01N11,c103M01N15,participate_in,E,Game-based learning as training to use a chemotherapy preparation robot,"Using an adapted version of the Peyton approach, the trainer became the trainee, and the trainee became the trainer",Page 2
c103M01N12,c103M01N15,participate_in,E,Game-based learning as training to use a chemotherapy preparation robot,The training pharmacist simply observed but was ready to help or give feedback.,Page 3
c103M01N14,c103M01N18,adopt,E,Game-based learning as training to use a chemotherapy preparation robot,Learning Designer®'s free online software was used to help build the training program.,Page 2
c103M01N16,c103M01N19,adopt,E,Game-based learning as training to use a chemotherapy preparation robot,a mind map representing the training program's goals and the process for using the robot was created on Framindmap®.,Page 2
c103M01N15,c103M01N21,depend_on,E,Game-based learning as training to use a chemotherapy preparation robot,Training took place during the afternoon with teams of trainer/trainee constituted according to the work schedule of the unit.,Page 5
c103M01N15,c103M01N22,depend_on,E,Game-based learning as training to use a chemotherapy preparation robot,These skills are particularly important when preparing cytotoxic drugs in cleanrooms because the standards of quality expected in Good Manufacturing Practices must be ensured.,Page 2
c103M01N14,c103M01N01,evaluate,E,Game-based learning as training to use a chemotherapy preparation robot,"During the debriefing, the two teams compared and discussed their answers.",Page 2
c103M01N14,c103M01N02,evaluate,E,Game-based learning as training to use a chemotherapy preparation robot,"During the debriefing, the trainer could correct any mistakes and summarize the criteria.",Page 2
c103M01N15,c103M01N05,evaluate,E,Game-based learning as training to use a chemotherapy preparation robot,The trainer can intervene at any time and give feedback,Page 3
c103M01N14,c103M01N25,mitigate,E,Game-based learning as training to use a chemotherapy preparation robot,"We created a short, playful, standardized, gamed-based training program to address this, and evaluated its impact.",Page 1
c103M01N15,c103M01N25,resolve,E,Game-based learning as training to use a chemotherapy preparation robot,This highly appreciated training program efficiently improved knowledge retention out to six months.,Page 1
c103M01N13,c103M01N25,be_constrained_by,E,Game-based learning as training to use a chemotherapy preparation robot,"However, operator hiring and departures gradually led to disparities in their training and knowledge.",Page 2
c103M01N14,c103M01N27,be_constrained_by,I,Game-based learning as training to use a chemotherapy preparation robot,but decreased to 70.4 at six months... The decrease in motivation and self-efficacy over time suggests that regular refresher sessions are necessary,"Page 5, Page 6"
c103M01N15,c103M01N27,be_constrained_by,I,Game-based learning as training to use a chemotherapy preparation robot,but decreased to 60.2 at six months... The decrease in motivation and self-efficacy over time suggests that regular refresher sessions are necessary,"Page 5, Page 6"
c103M01N05,c103M01N23,be_difficult_to_capture_due_to,E,Game-based learning as training to use a chemotherapy preparation robot,"Complex technical use, downtime periods, and insufficient training caused a drop in motivation and disparities in operators' knowledge.",Page 1
c103M01N05,c103M01N24,be_difficult_to_capture_due_to,E,Game-based learning as training to use a chemotherapy preparation robot,"Complex technical use, downtime periods, and insufficient training caused a drop in motivation and disparities in operators' knowledge.",Page 1
c103M01N15,c103M01N13,complement,I,Game-based learning as training to use a chemotherapy preparation robot,"To meet the need to upgrade and homogenize their skills, we decided to create a short, standardized, sustainable operator training program using innovative pedagogical approaches",Page 2
c103M02N10,c103M02N15,be_held_by,E,Game-based learning as training to use a chemotherapy preparation robot,The general goal was 'helping them acquiring the competencies to manage the robot' held by operators.,"Page 2, 'General goals'"
c103M02N08,c103M02N15,be_held_by,E,Game-based learning as training to use a chemotherapy preparation robot,Motivation was measured on operators before and after training.,Page 4
c103M01N08,c103M02N15,be_held_by,E,Game-based learning as training to use a chemotherapy preparation robot,Self-efficacy was measured on operators before and after training.,Page 4
c103M02N06,c103M02N15,be_held_by,E,Game-based learning as training to use a chemotherapy preparation robot,The questionnaire on robot knowledge was answered by operators.,Page 4
c103M01N02,c103M02N15,be_held_by,E,Game-based learning as training to use a chemotherapy preparation robot,Operators needed to know criteria for using the robot.,Page 2
c103M01N03,c103M02N15,be_held_by,E,Game-based learning as training to use a chemotherapy preparation robot,Operators needed to know error handling procedures.,Page 2
c103M02N11,c103M02N15,be_held_by,E,Game-based learning as training to use a chemotherapy preparation robot,Operators practiced reconstituting powder in the practical part.,Page 2-3
c103M02N12,c103M02N15,be_held_by,E,Game-based learning as training to use a chemotherapy preparation robot,Operators practiced using liquid chemotherapy.,Page 2-3
c103M02N14,c103M02N15,be_held_by,E,Game-based learning as training to use a chemotherapy preparation robot,"Questionnaire asked about placement of syringes, vials, bags.",Appendix 4
c103M02N10,c103M02N16,be_held_by,E,Game-based learning as training to use a chemotherapy preparation robot,Trainers (high ICT) were expected to have better competency to manage the robot.,"Page 4, 'Creation of the teams'"
c103M02N10,c103M02N17,be_held_by,E,Game-based learning as training to use a chemotherapy preparation robot,Trainees (low ICT) needed to acquire competencies.,Page 4
c103M02N15,c103M01N14,participate_in,E,Game-based learning as training to use a chemotherapy preparation robot,14 operators participated in the game-based training program.,Page 4
c103M02N16,c103M01N14,participate_in,E,Game-based learning as training to use a chemotherapy preparation robot,Trainers participated as the teaching partner in each team.,Page 4
c103M02N17,c103M01N14,participate_in,E,Game-based learning as training to use a chemotherapy preparation robot,Trainees participated as learners in each team.,Page 4
c103M01N02,c103M02N24,be_transferred_by,E,Game-based learning as training to use a chemotherapy preparation robot,The Pokémon-like card game was used to teach robot usage criteria.,"Page 2, 'Knowing the criteria for using the robot'"
c103M01N03,c103M02N25,be_transferred_by,E,Game-based learning as training to use a chemotherapy preparation robot,The 'Who Wants to Be a Millionaire?' game was used to teach error handling.,"Page 2, 'Knowing how to handle production errors'"
c103M02N10,c103M01N15,be_transferred_by,E,Game-based learning as training to use a chemotherapy preparation robot,The adapted Peyton approach transferred hands-on management competencies.,"Page 2-3, Table 1"
c103M01N01,c103M02N27,be_transferred_by,E,Game-based learning as training to use a chemotherapy preparation robot,Internal procedures were read as part of preparatory work.,"Page 2, 'preparatory work'"
c103M02N05,c103M02N27,be_transferred_by,E,Game-based learning as training to use a chemotherapy preparation robot,The video was watched as part of preparatory work.,"Page 2, 'preparatory work'"
c103M01N14,c103M02N08,evaluate,E,Game-based learning as training to use a chemotherapy preparation robot,"Motivation was measured before, after, and at 6 months as part of training evaluation.",Page 4
c103M01N14,c103M01N08,evaluate,E,Game-based learning as training to use a chemotherapy preparation robot,"Self-efficacy was measured before, after, and at 6 months.",Page 4
c103M01N14,c103M02N06,evaluate,E,Game-based learning as training to use a chemotherapy preparation robot,"The knowledge questionnaire was used to assess learning before, after, and at 6 months.",Page 4
c103M01N14,c103M02N33,depend_on,E,Game-based learning as training to use a chemotherapy preparation robot,Training is needed because maintaining adequate numbers of appropriately trained staff is difficult.,"Page 1, 'Introduction'"
c103M01N14,c103M02N34,depend_on,E,Game-based learning as training to use a chemotherapy preparation robot,The program was designed to be a standardized training program.,"Page 2, 'Introduction'"
c103M01N14,c103M01N21,depend_on,I,Game-based learning as training to use a chemotherapy preparation robot,"Training sessions were scheduled according to work schedules, indicating dependence on work schedule integration.","Page 5, 'Results'"
c103M01N14,c103M02N36,depend_on,E,Game-based learning as training to use a chemotherapy preparation robot,The development time (>100 hours) was possible only because it was part of a PhD thesis.,"Page 7, 'Discussion'"
c103M01N14,c103M01N22,depend_on,E,Game-based learning as training to use a chemotherapy preparation robot,"Good Manufacturing Practices standards must be ensured, and training supports that.","Page 2, 'Game-based training strategy'"
c103M01N14,c103M02N41,mitigate,E,Game-based learning as training to use a chemotherapy preparation robot,The training program was created to address insufficient training and drop in motivation.,"Page 1, Abstract"
c103M01N14,c103M02N43,mitigate,E,Game-based learning as training to use a chemotherapy preparation robot,The playful program was designed to counter drops in motivation.,"Page 1, Abstract"
c103M01N14,c103M02N46,mitigate,E,Game-based learning as training to use a chemotherapy preparation robot,"Knowledge remained high at 6 months (76.6%), mitigating the forgetting curve for knowledge, though motivation and self-efficacy decreased.","Page 5-6, Results"
c103M01N14,c103M02N47,be_constrained_by,E,Game-based learning as training to use a chemotherapy preparation robot,The study's small sample size (n=14) limits generalizability.,"Page 7, 'Limitations'"
c103M01N14,c103M02N48,be_constrained_by,E,Game-based learning as training to use a chemotherapy preparation robot,The low number of questions (10) limits measurement depth.,"Page 7, 'Limitations'"
c103M01N14,c103M02N49,be_constrained_by,E,Game-based learning as training to use a chemotherapy preparation robot,No assessment of applied competencies over time is a limitation.,"Page 7-8, 'Limitations'"
c103M01N14,c103M02N50,be_constrained_by,E,Game-based learning as training to use a chemotherapy preparation robot,Time-consuming preparation (>100 hours) is a practical limitation.,"Page 7, 'Discussion'"
c103M01N13,c103M02N41,be_constrained_by,E,Game-based learning as training to use a chemotherapy preparation robot,The conventional format resulted in insufficient training.,"Page 2, 'Introduction'"
c103M01N13,c103M02N43,be_constrained_by,E,Game-based learning as training to use a chemotherapy preparation robot,Conventional training contributed to drops in motivation.,"Page 2, 'Introduction'"
c103M01N13,c103M01N23,be_constrained_by,E,Game-based learning as training to use a chemotherapy preparation robot,Conventional training did not overcome complex technical use.,"Page 2, 'Introduction'"
c103M01N13,c103M01N24,be_constrained_by,E,Game-based learning as training to use a chemotherapy preparation robot,Machine downtime was not addressed by conventional training.,"Page 2, 'Introduction'"
c103M02N24,c103M01N02,evaluate,E,Game-based learning as training to use a chemotherapy preparation robot,The Pokémon-like card game tested knowledge of criteria for robot use.,"Page 2, 'Knowing the criteria for using the robot'"
c103M02N25,c103M01N03,evaluate,E,Game-based learning as training to use a chemotherapy preparation robot,The 'Who Wants to Be a Millionaire?' game tested error handling knowledge.,"Page 2, 'Knowing how to handle production errors'"
c103M01N14,c103M01N19,adopt,E,Game-based learning as training to use a chemotherapy preparation robot,Framindmap was used to create the mind map introduction.,"Page 2, 'introduction'"
c103M01N14,c103M02N32,adopt,E,Game-based learning as training to use a chemotherapy preparation robot,The online ICT usage survey was used to classify operators.,"Page 3, 'Creation of the teams'"
c104M01N01,c104M01N03,be_held_by,E,Effectiveness Of Al-Assisted Patient Health Education Using Voice Cloning And Chatgpt: Prospective Randomized Controlled Trial,Traditional methods of patient education primarily involve written materials and explanations by healthcare providers.,"Page 2, Page 4"
c104M01N02,c104M01N04,be_held_by,E,Effectiveness Of Al-Assisted Patient Health Education Using Voice Cloning And Chatgpt: Prospective Randomized Controlled Trial,We used disease-related knowledge questionnaires to assess patients' understanding and memory.,Page 5
c104M01N03,c104M01N07,participate_in,E,Effectiveness Of Al-Assisted Patient Health Education Using Voice Cloning And Chatgpt: Prospective Randomized Controlled Trial,Verbal education was conducted by trained medical staff according to a unified education outline.,Page 4
c104M01N04,c104M01N07,participate_in,E,Effectiveness Of Al-Assisted Patient Health Education Using Voice Cloning And Chatgpt: Prospective Randomized Controlled Trial,180 hospitalized patients requiring standardized health education were recruited from a tertiary hospital.,"Page 1, Page 4"
c104M01N05,c104M01N08,participate_in,E,Effectiveness Of Al-Assisted Patient Health Education Using Voice Cloning And Chatgpt: Prospective Randomized Controlled Trial,The physician voice cloning education group received patient education through cloning of the attending physician's voice.,Page 4
c104M01N04,c104M01N08,participate_in,E,Effectiveness Of Al-Assisted Patient Health Education Using Voice Cloning And Chatgpt: Prospective Randomized Controlled Trial,Patients listened to the voice-cloned education content through headphones or speakers under guidance.,Page 4
c104M01N02,c104M01N07,be_transferred_by,E,Effectiveness Of Al-Assisted Patient Health Education Using Voice Cloning And Chatgpt: Prospective Randomized Controlled Trial,"Verbal education was conducted by trained medical staff according to a unified education outline, including disease knowledge.",Page 4
c104M01N02,c104M01N08,be_transferred_by,E,Effectiveness Of Al-Assisted Patient Health Education Using Voice Cloning And Chatgpt: Prospective Randomized Controlled Trial,"Medical professionals then formulated personalized education content, synthesized the voice using doctor voice cloning.",Page 4
c104M01N08,c104M01N11,adopt,E,Effectiveness Of Al-Assisted Patient Health Education Using Voice Cloning And Chatgpt: Prospective Randomized Controlled Trial,"Advances in AI, including voice cloning technology, offer new opportunities to deliver personalized health education.","Page 1, Page 2"
c104M01N08,c104M01N12,adopt,E,Effectiveness Of Al-Assisted Patient Health Education Using Voice Cloning And Chatgpt: Prospective Randomized Controlled Trial,Resemble.ai voice cloning technology was used to generate the doctor's voice model.,Page 4
c104M01N10,c104M01N13,adopt,E,Effectiveness Of Al-Assisted Patient Health Education Using Voice Cloning And Chatgpt: Prospective Randomized Controlled Trial,The education content compliance rate was assessed using ChatGPT-4 as an automated evaluation tool.,Page 5
c104M01N07,c104M01N17,be_constrained_by,E,Effectiveness Of Al-Assisted Patient Health Education Using Voice Cloning And Chatgpt: Prospective Randomized Controlled Trial,"Traditional patient education often lacks personalization and engagement, potentially limiting knowledge acquisition.","Page 1, Page 2"
c104M01N08,c104M01N17,resolve,E,Effectiveness Of Al-Assisted Patient Health Education Using Voice Cloning And Chatgpt: Prospective Randomized Controlled Trial,Using patients' own cloned voices for health education delivery leveraged the self-reference effect to enhance learning outcomes.,"Page 1, Page 12"
c104M01N10,c104M01N18,resolve,E,Effectiveness Of Al-Assisted Patient Health Education Using Voice Cloning And Chatgpt: Prospective Randomized Controlled Trial,"Compared with traditional manual evaluation, Al-assisted assessment may offer advantages in efficiency, scalability, and consistency.","Page 2, Page 11"
c104M01N02a,c104M01N04,be_absorbed_by,E,Effectiveness Of Al-Assisted Patient Health Education Using Voice Cloning And Chatgpt: Prospective Randomized Controlled Trial,The patient self-voice group showed superior predischarge knowledge retention and greater treatment adherence.,"Page 1, Page 9"
c104M01N08,c104M01N14,depend_on,E,Effectiveness Of Al-Assisted Patient Health Education Using Voice Cloning And Chatgpt: Prospective Randomized Controlled Trial,The use of voice cloning technology was explicitly covered in the consent form.,Page 3
c104M01N10,c104M01N15,depend_on,E,Effectiveness Of Al-Assisted Patient Health Education Using Voice Cloning And Chatgpt: Prospective Randomized Controlled Trial,Phase 2 re-evaluated the same recordings by uploading the original audio directly to the ChatGPT web interface (WAV/MP3).,Page 4
c104M01N10,c104M01N02,evaluate,E,Effectiveness Of Al-Assisted Patient Health Education Using Voice Cloning And Chatgpt: Prospective Randomized Controlled Trial,All 3 groups had their education effect assessed before discharge by using ChatGPT to compare the education content recited by patients.,Page 5
c104M01N08,c104M01N19,be_constrained_by,E,Effectiveness Of Al-Assisted Patient Health Education Using Voice Cloning And Chatgpt: Prospective Randomized Controlled Trial,Voice-based delivery systems may misinterpret medication names or specialized terminology.,Page 12
c104M01N10,c104M01N20,be_constrained_by,E,Effectiveness Of Al-Assisted Patient Health Education Using Voice Cloning And Chatgpt: Prospective Randomized Controlled Trial,"Assessment outcomes may still be influenced by prompt design, model architecture, and algorithmic biases.",Page 11
c104M01N10,c104M01N07,cannot_fully_replace,E,Effectiveness Of Al-Assisted Patient Health Education Using Voice Cloning And Chatgpt: Prospective Randomized Controlled Trial,"Therefore, Al-assisted evaluation should be considered a complementary tool rather than a replacement for expert assessment.",Page 11
c104M01N06,c104M01N10,participate_in,E,Effectiveness Of Al-Assisted Patient Health Education Using Voice Cloning And Chatgpt: Prospective Randomized Controlled Trial,Both workflows were benchmarked against consensus ratings from 3 senior nursing experts using the same rubric.,Page 4
c104M02N01,c104M02N04,be_held_by,E,Effectiveness Of Al-Assisted Patient Health Education Using Voice Cloning And Chatgpt: Prospective Randomized Controlled Trial,"The traditional education group received the hospital's current standardized patient education, including verbal education by medical staff.","Page 4, Traditional Education Group"
c104M02N01,c104M01N07,be_transferred_by,E,Effectiveness Of Al-Assisted Patient Health Education Using Voice Cloning And Chatgpt: Prospective Randomized Controlled Trial,Traditional education group received ... verbal education by medical staff and standardized written education materials.,"Page 4, Traditional Education Group"
c104M02N01,c104M02N09,be_transferred_by,E,Effectiveness Of Al-Assisted Patient Health Education Using Voice Cloning And Chatgpt: Prospective Randomized Controlled Trial,Traditional education group received ... standardized written education materials.,"Page 4, Traditional Education Group"
c104M02N02,c104M02N01,be_derived_from,E,Effectiveness Of Al-Assisted Patient Health Education Using Voice Cloning And Chatgpt: Prospective Randomized Controlled Trial,Medical professionals then formulated personalized education content based on standard education content and the patient's specific situation.,"Page 4, Attending Physician Voice Cloning Education Group"
c104M02N02,c104M01N04,be_absorbed_by,E,Effectiveness Of Al-Assisted Patient Health Education Using Voice Cloning And Chatgpt: Prospective Randomized Controlled Trial,Patients listened to the voice-cloned education content ... and received printed personalized education materials.,"Page 4, Intervention Measures"
c104M02N02,c104M02N10,be_transferred_by,E,Effectiveness Of Al-Assisted Patient Health Education Using Voice Cloning And Chatgpt: Prospective Randomized Controlled Trial,The physician voice cloning education group ... received patient education through cloning of the attending physician's voice.,"Page 4, Attending Physician Voice Cloning Education Group"
c104M01N05,c104M02N10,participate_in,E,Effectiveness Of Al-Assisted Patient Health Education Using Voice Cloning And Chatgpt: Prospective Randomized Controlled Trial,"The patient's attending physician's voice sample (approximately 5 min) was obtained, and Resemble.ai voice cloning technology was used to generate the doctor's voice model.","Page 4, Attending Physician Voice Cloning Education Group"
c104M02N04,c104M01N07,participate_in,E,Effectiveness Of Al-Assisted Patient Health Education Using Voice Cloning And Chatgpt: Prospective Randomized Controlled Trial,Verbal education was conducted by trained medical staff according to a unified education outline.,"Page 4, Traditional Education Group"
c104M01N04,c104M02N09,participate_in,E,Effectiveness Of Al-Assisted Patient Health Education Using Voice Cloning And Chatgpt: Prospective Randomized Controlled Trial,Patients could take written materials back to the ward or home to read.,"Page 4, Traditional Education Group"
c104M01N04,c104M02N10,participate_in,E,Effectiveness Of Al-Assisted Patient Health Education Using Voice Cloning And Chatgpt: Prospective Randomized Controlled Trial,Patients listened to the voice-cloned education content through headphones or speakers under the guidance of research assistants.,"Page 4, Attending Physician Voice Cloning Education Group"
c104M02N07,c104M01N10,participate_in,E,Effectiveness Of Al-Assisted Patient Health Education Using Voice Cloning And Chatgpt: Prospective Randomized Controlled Trial,Research team ... used ChatGPT for evaluation (detailed prompts provided in Multimedia Appendix 1).,"Page 4, Independent Tool Validation Study"
c104M01N07,c104M02N29,be_constrained_by,E,Effectiveness Of Al-Assisted Patient Health Education Using Voice Cloning And Chatgpt: Prospective Randomized Controlled Trial,Traditional methods ... are constrained by limited time.,"Page 2, Introduction"
c104M02N10,c104M01N11,adopt,E,Effectiveness Of Al-Assisted Patient Health Education Using Voice Cloning And Chatgpt: Prospective Randomized Controlled Trial,Resemble.ai voice cloning technology was used to generate the doctor's voice model.,"Page 4, Attending Physician Voice Cloning Education Group"
c104M02N10,c104M02N17,adopt,E,Effectiveness Of Al-Assisted Patient Health Education Using Voice Cloning And Chatgpt: Prospective Randomized Controlled Trial,Patients listened to the voice-cloned education content through headphones or speakers.,"Page 4, Attending Physician Voice Cloning Education Group"
c104M02N13,c104M02N16,adopt,E,Effectiveness Of Al-Assisted Patient Health Education Using Voice Cloning And Chatgpt: Prospective Randomized Controlled Trial,Phase 1 used iFlytek automatic speech recognition (Mandarin medical context; no manual correction).,"Page 4, Independent Tool Validation Study"
c104M02N10,c104M01N17,mitigate,E,Effectiveness Of Al-Assisted Patient Health Education Using Voice Cloning And Chatgpt: Prospective Randomized Controlled Trial,"AI-assisted groups had significantly higher compliance (86.7, 92.5 vs. 73.2) and satisfaction (4.3, 4.5 vs. 3.8), demonstrating personalization improves outcomes.","Page 1, Results; Table 4"
c104M01N10,c104M02N39,be_constrained_by,E,Effectiveness Of Al-Assisted Patient Health Education Using Voice Cloning And Chatgpt: Prospective Randomized Controlled Trial,"ChatGPT should not be regarded as a fully objective evaluator. Assessment outcomes may still be influenced by prompt design, model architecture, and algorithmic biases.","Page 11, Implications for AI-Assisted Evaluation"
c104M01N10,c104M02N09,complement,E,Effectiveness Of Al-Assisted Patient Health Education Using Voice Cloning And Chatgpt: Prospective Randomized Controlled Trial,"AI‑assisted evaluation should be considered a complementary tool rather than a replacement for expert assessment, and its use should be accompanied by appropriate human oversight.","Page 11, Implications for AI-Assisted Evaluation"
c104M01N10,c104M02N09,cannot_fully_replace,E,Effectiveness Of Al-Assisted Patient Health Education Using Voice Cloning And Chatgpt: Prospective Randomized Controlled Trial,AI‑assisted evaluation should be considered a complementary tool rather than a replacement for expert assessment.,"Page 11, Implications for AI-Assisted Evaluation"
c104M02N10,c104M02N19,depend_on,E,Effectiveness Of Al-Assisted Patient Health Education Using Voice Cloning And Chatgpt: Prospective Randomized Controlled Trial,Personalized education content based on standard education content.,"Page 4, Attending Physician Voice Cloning Education Group"
c104M02N10,c104M02N25,depend_on,E,Effectiveness Of Al-Assisted Patient Health Education Using Voice Cloning And Chatgpt: Prospective Randomized Controlled Trial,Medical professionals then formulated personalized education content.,"Page 4, Attending Physician Voice Cloning Education Group"
c104M02N10,c104M02N26,depend_on,E,Effectiveness Of Al-Assisted Patient Health Education Using Voice Cloning And Chatgpt: Prospective Randomized Controlled Trial,Participants were hospitalized patients in a tertiary hospital.,"Page 4, Participants"
c104M02N10,c104M02N24,depend_on,E,Effectiveness Of Al-Assisted Patient Health Education Using Voice Cloning And Chatgpt: Prospective Randomized Controlled Trial,Staff training completed before the trial.,"Page 3, Study Design"
c104M01N10,c104M02N22,depend_on,E,Effectiveness Of Al-Assisted Patient Health Education Using Voice Cloning And Chatgpt: Prospective Randomized Controlled Trial,Ethics committee approval was obtained for the trial (which includes the evaluation).,"Page 3, Ethical Considerations"
c104M01N10,c104M02N23,depend_on,E,Effectiveness Of Al-Assisted Patient Health Education Using Voice Cloning And Chatgpt: Prospective Randomized Controlled Trial,Written informed consent obtained from all participants.,"Page 3, Ethical Considerations"
c105M01N01,c105M01N02,be_derived_from,E,Removing A Blindfold': Perspectives Of Physical Therapists After Completing The Peak-Portuguese E-Learning Course,"The course includes content about OA, pain management, strengthening exercise and physical activity... based on scientific evidence",PAGE 2
c105M01N02,c105M01N03,translate_into,E,Removing A Blindfold': Perspectives Of Physical Therapists After Completing The Peak-Portuguese E-Learning Course,Acquisition of knowledge and the rapid possibility of its implementation into the work environment seemed to contribute to the confidence of some participants.,PAGE 5
c105M01N02,c105M01N07,be_transferred_by,E,Removing A Blindfold': Perspectives Of Physical Therapists After Completing The Peak-Portuguese E-Learning Course,The PEAK programme is an online course with asynchronous learning aiming to train physical therapists to implement evidence-based practice,PAGE 2
c105M01N03,c105M01N04,be_absorbed_by,E,Removing A Blindfold': Perspectives Of Physical Therapists After Completing The Peak-Portuguese E-Learning Course,Participants reported that the course increased their safety and confidence to prescribe physical exercise and health education.,PAGE 5
c105M01N04,c105M01N07,participate_in,E,Removing A Blindfold': Perspectives Of Physical Therapists After Completing The Peak-Portuguese E-Learning Course,This qualitative study with semi-structured interviews involved 20 Portuguese-speaking physical therapists... after completing the PEAK-PT e-learning course.,PAGE 1
c105M01N07,c105M01N08,adopt,E,Removing A Blindfold': Perspectives Of Physical Therapists After Completing The Peak-Portuguese E-Learning Course,"Currently, the training is offered for free... or at a cost... at the Future Learn platform",PAGE 2
c105M01N07,c105M01N09,resolve,E,Removing A Blindfold': Perspectives Of Physical Therapists After Completing The Peak-Portuguese E-Learning Course,the translation into Brazilian Portuguese benefited participants that faced difficulties in keeping up-to-date with scientific evidence due to language barriers.,PAGE 6
c105M01N07,c105M01N10,be_constrained_by,E,Removing A Blindfold': Perspectives Of Physical Therapists After Completing The Peak-Portuguese E-Learning Course,One participant reported the absence of a completion certificate with the free course as a barrier.,PAGE 6
c105M01N07,c105M01N11,be_constrained_by,E,Removing A Blindfold': Perspectives Of Physical Therapists After Completing The Peak-Portuguese E-Learning Course,Some participants mentioned the time required to complete the course (4 weeks) as a barrier.,PAGE 6
c105M01N07,c105M01N12,be_constrained_by,E,Removing A Blindfold': Perspectives Of Physical Therapists After Completing The Peak-Portuguese E-Learning Course,findings also indicate that only 25% of participants who were clinically practicing applied the learnings from the PEAK-PT to their working routine.,PAGE 6
c105M01N06,c105M01N12,be_difficult_to_capture_due_to,I,Removing A Blindfold': Perspectives Of Physical Therapists After Completing The Peak-Portuguese E-Learning Course,"approaching the patient without the need for a direct [hands-on] contact with the physiotherapist, as we are so used to being taught in graduation... findings also indicate that only 25%... applied learnings","PAGE 5, 6"
c105M02N03,c105M01N02,be_derived_from,E,Removing A Blindfold': Perspectives Of Physical Therapists After Completing The Peak-Portuguese E-Learning Course,"The PEAK-PT e-learning course includes content about OA, pain management, strengthening exercise and physical activity (Jorge et al. 2021)",Page 2
c105M02N03,c105M01N01,be_derived_from,E,Removing A Blindfold': Perspectives Of Physical Therapists After Completing The Peak-Portuguese E-Learning Course,The course contains the core KOA management recommendations from clinical practice guidelines,Page 6
c105M02N05,c105M01N01,be_derived_from,E,Removing A Blindfold': Perspectives Of Physical Therapists After Completing The Peak-Portuguese E-Learning Course,"Specific components of the PEAK-PT programme (patient education, strength exercises and physical activity plan)",Page 2
c105M02N03,c105M01N03,translate_into,E,Removing A Blindfold': Perspectives Of Physical Therapists After Completing The Peak-Portuguese E-Learning Course,Participants reported that the course increased their safety and confidence to prescribe physical exercise and health education,Page 5-6
c105M02N03,c105M02N08,translate_into,E,Removing A Blindfold': Perspectives Of Physical Therapists After Completing The Peak-Portuguese E-Learning Course,"in relation to telehealth, it was what impacted me the most, because I had never had that experience",Page 5
c105M02N03,c105M02N09,translate_into,E,Removing A Blindfold': Perspectives Of Physical Therapists After Completing The Peak-Portuguese E-Learning Course,the part with the health education was the most impressive for me,Page 5
c105M02N03,c105M02N10,translate_into,E,Removing A Blindfold': Perspectives Of Physical Therapists After Completing The Peak-Portuguese E-Learning Course,my expectations during the training really helped me gain more confidence in...,Page 5-6
c105M02N05,c105M01N03,translate_into,I,Removing A Blindfold': Perspectives Of Physical Therapists After Completing The Peak-Portuguese E-Learning Course,Participants reported that the course increased their safety and confidence to prescribe physical exercise,Page 5-6
c105M01N03,c105M01N04,be_held_by,E,Removing A Blindfold': Perspectives Of Physical Therapists After Completing The Peak-Portuguese E-Learning Course,Physical therapists also reported reduced confidence in knowledge and clinical skills for appropriate KOA management,Page 2
c105M01N03,c105M02N13,be_held_by,E,Removing A Blindfold': Perspectives Of Physical Therapists After Completing The Peak-Portuguese E-Learning Course,"I felt very confident, and the expectations during the training really helped me gain more confidence",Page 5-6
c105M02N08,c105M01N04,be_held_by,E,Removing A Blindfold': Perspectives Of Physical Therapists After Completing The Peak-Portuguese E-Learning Course,"physical therapists largely reported limited exposure to telehealth, uncertainty about its effectiveness, and insufficient training",Page 2
c105M02N09,c105M02N13,be_held_by,E,Removing A Blindfold': Perspectives Of Physical Therapists After Completing The Peak-Portuguese E-Learning Course,All participants reported a positive impact of the PEAK-PT on their profession,Page 5
c105M02N10,c105M02N14,be_held_by,E,Removing A Blindfold': Perspectives Of Physical Therapists After Completing The Peak-Portuguese E-Learning Course,four (25%) out of the 16 clinically practicing participants reported having used learnings from the PEAK-PT to their practice,Page 3
c105M01N03,c105M02N13,be_absorbed_by,E,Removing A Blindfold': Perspectives Of Physical Therapists After Completing The Peak-Portuguese E-Learning Course,"I felt very confident, and the expectations during the training really helped me gain more confidence",Page 5-6
c105M02N08,c105M02N13,be_absorbed_by,E,Removing A Blindfold': Perspectives Of Physical Therapists After Completing The Peak-Portuguese E-Learning Course,"in relation to telehealth, it was what impacted me the most",Page 5
c105M02N10,c105M02N14,be_absorbed_by,E,Removing A Blindfold': Perspectives Of Physical Therapists After Completing The Peak-Portuguese E-Learning Course,four (25%) out of the 16 clinically practicing participants reported having used learnings,Page 3
c105M02N03,c105M02N13,be_absorbed_by,E,Removing A Blindfold': Perspectives Of Physical Therapists After Completing The Peak-Portuguese E-Learning Course,Participants consistently reported facilitators... linked to acquiring new knowledge,Page 3
c105M02N03,c105M01N07,be_transferred_by,E,Removing A Blindfold': Perspectives Of Physical Therapists After Completing The Peak-Portuguese E-Learning Course,The PEAK-PT e-learning course is an evidence-based training programme that seeks to optimise the clinical practice of physical therapists,Page 2
c105M01N03,c105M01N07,be_transferred_by,E,Removing A Blindfold': Perspectives Of Physical Therapists After Completing The Peak-Portuguese E-Learning Course,Participants reported that the course increased their safety and confidence,Page 5-6
c105M02N08,c105M01N07,be_transferred_by,E,Removing A Blindfold': Perspectives Of Physical Therapists After Completing The Peak-Portuguese E-Learning Course,"in relation to telehealth, it was what impacted me the most",Page 5
c105M02N09,c105M01N07,be_transferred_by,E,Removing A Blindfold': Perspectives Of Physical Therapists After Completing The Peak-Portuguese E-Learning Course,the part with the health education was the most impressive for me,Page 5
c105M02N10,c105M01N07,be_transferred_by,E,Removing A Blindfold': Perspectives Of Physical Therapists After Completing The Peak-Portuguese E-Learning Course,my expectations during the training really helped me gain more confidence,Page 5-6
c105M02N13,c105M01N07,participate_in,E,Removing A Blindfold': Perspectives Of Physical Therapists After Completing The Peak-Portuguese E-Learning Course,A total of 20 physical therapists... participated in the study,Page 3
c105M02N13,c105M02N18,participate_in,E,Removing A Blindfold': Perspectives Of Physical Therapists After Completing The Peak-Portuguese E-Learning Course,Individual semi-structured interviews were conducted via video conference,Page 3
c105M01N07,c105M02N26,depend_on,E,Removing A Blindfold': Perspectives Of Physical Therapists After Completing The Peak-Portuguese E-Learning Course,The recent translation of the PEAK e-learning course into Portuguese (PEAK-PT) has broadened its access to Portuguese-speaking clinicians,Page 2
c105M01N07,c105M02N28,depend_on,E,Removing A Blindfold': Perspectives Of Physical Therapists After Completing The Peak-Portuguese E-Learning Course,"The training is offered for free (limited access for 4 weeks, no completion certificate)",Page 2
c105M01N07,c105M02N20,adopt,I,Removing A Blindfold': Perspectives Of Physical Therapists After Completing The Peak-Portuguese E-Learning Course,It also teaches clinicians how to deliver care via video conferencing,Page 2
c105M01N07,c105M02N21,adopt,E,Removing A Blindfold': Perspectives Of Physical Therapists After Completing The Peak-Portuguese E-Learning Course,The PEAK programme is an online course with asynchronous learning,Page 2
c105M01N07,c105M02N22,adopt,E,Removing A Blindfold': Perspectives Of Physical Therapists After Completing The Peak-Portuguese E-Learning Course,"The reports were positive regarding the videos, infographics, texts, and exercise platform",Page 5
c105M01N07,c105M02N24,adopt,E,Removing A Blindfold': Perspectives Of Physical Therapists After Completing The Peak-Portuguese E-Learning Course,The reports were positive regarding the... exercise platform,Page 5
c105M01N07,c105M02N30,be_constrained_by,E,Removing A Blindfold': Perspectives Of Physical Therapists After Completing The Peak-Portuguese E-Learning Course,One participant reported the absence of a completion certificate with the free course as a barrier,Page 6
c105M02N16,c105M01N09,be_constrained_by,E,Removing A Blindfold': Perspectives Of Physical Therapists After Completing The Peak-Portuguese E-Learning Course,"both in Portuguese, as I was looking for something in Portuguese, even though my English is good",Page 5
c105M01N07,c105M01N09,mitigate,E,Removing A Blindfold': Perspectives Of Physical Therapists After Completing The Peak-Portuguese E-Learning Course,The recent translation of the PEAK e-learning course into Portuguese (PEAK-PT) has broadened its access to Portuguese-speaking clinicians,Page 2
c105M01N07,c105M02N33,mitigate,E,Removing A Blindfold': Perspectives Of Physical Therapists After Completing The Peak-Portuguese E-Learning Course,Participants reported that the course increased their safety and confidence,Page 5-6
c105M01N07,c105M01N12,mitigate,E,Removing A Blindfold': Perspectives Of Physical Therapists After Completing The Peak-Portuguese E-Learning Course,The PEAK-PT appears to address key components of behaviour change... fostering knowledge translation into practice,Page 6
c105M02N10,c105M01N12,be_difficult_to_capture_due_to,E,Removing A Blindfold': Perspectives Of Physical Therapists After Completing The Peak-Portuguese E-Learning Course,only 25% of participants who were clinically practicing applied the learnings from the PEAK-PT to their working routine,Page 6
c106M01N03,c106M01N01,be_held_by,E,Assessing Older Adults' Perspectives On Digital Game-Related Strategies To Foster Active And Healthy Ageing,Older adults showed analogical thinking towards concepts like database and file.,"PAGE 6, Line 155"
c106M01N01,c106M01N15,participate_in,E,Assessing Older Adults' Perspectives On Digital Game-Related Strategies To Foster Active And Healthy Ageing,"involving 18 participants aged between 63 and 81, at the Ageing Lab...Through 10 exploratory digital gaming-related sessions","PAGE 1, Line 14-15"
c106M01N15,c106M01N17,adopt,E,Assessing Older Adults' Perspectives On Digital Game-Related Strategies To Foster Active And Healthy Ageing,"Specifically, this article gives insights into how game-related sessions (i.e., the use of digital games as a primary instructional tool)","PAGE 2, Line 49"
c106M01N15,c106M01N18,adopt,E,Assessing Older Adults' Perspectives On Digital Game-Related Strategies To Foster Active And Healthy Ageing,"encouraging the use of ICT through the computer and its peripherals (i.e., mouse...)","PAGE 4, Line 130"
c106M01N15,c106M01N19,adopt,E,Assessing Older Adults' Perspectives On Digital Game-Related Strategies To Foster Active And Healthy Ageing,"encouraging the use of ICT through the computer and its peripherals (i.e.,...keyboard)","PAGE 4, Line 130"
c106M01N15,c106M01N07,evaluate,E,Assessing Older Adults' Perspectives On Digital Game-Related Strategies To Foster Active And Healthy Ageing,These sessions aimed to improve participants' mouse skills,"PAGE 5, Line 143"
c106M01N15,c106M01N08,evaluate,E,Assessing Older Adults' Perspectives On Digital Game-Related Strategies To Foster Active And Healthy Ageing,This session aimed to enhance participants' keyboard skills,"PAGE 5, Line 143"
c106M01N12,c106M01N03,evaluate,E,Assessing Older Adults' Perspectives On Digital Game-Related Strategies To Foster Active And Healthy Ageing,"Session (2), dedicated to charades on games and digital platforms, informed the thinking and knowledge...Older adults showed analogical thinking","PAGE 6, Line 154-155"
c106M01N04,c106M01N01,be_absorbed_by,E,Assessing Older Adults' Perspectives On Digital Game-Related Strategies To Foster Active And Healthy Ageing,acquisition of new digital competences in the dimensions of information and data literacy,"PAGE 1, Line 16"
c106M01N05,c106M01N01,be_absorbed_by,E,Assessing Older Adults' Perspectives On Digital Game-Related Strategies To Foster Active And Healthy Ageing,acquisition of new digital competences in the dimensions of...communication and collaboration,"PAGE 1, Line 16"
c106M01N06,c106M01N01,be_absorbed_by,E,Assessing Older Adults' Perspectives On Digital Game-Related Strategies To Foster Active And Healthy Ageing,acquisition of new digital competences in the dimensions of...safety; and maintaining one's health,"PAGE 1, Line 16-17"
c106M01N07,c106M01N01,be_absorbed_by,E,Assessing Older Adults' Perspectives On Digital Game-Related Strategies To Foster Active And Healthy Ageing,mouse and keyboard usage showed significant improvements throughout sessions.,"PAGE 8, Line 281"
c106M01N08,c106M01N01,be_absorbed_by,E,Assessing Older Adults' Perspectives On Digital Game-Related Strategies To Foster Active And Healthy Ageing,mouse and keyboard usage showed significant improvements throughout sessions.,"PAGE 8, Line 281"
c106M01N15,c106M01N23,mitigate,E,Assessing Older Adults' Perspectives On Digital Game-Related Strategies To Foster Active And Healthy Ageing,"continued contact with information and communication technologies stimulates digital proficiency, thus further fostering inclusion","PAGE 1, Line 17"
c106M01N15,c106M01N22,mitigate,E,Assessing Older Adults' Perspectives On Digital Game-Related Strategies To Foster Active And Healthy Ageing,"Thus, despite the observed impairments in fine motor skills, mouse and keyboard usage showed significant improvements","PAGE 8, Line 281"
c106M01N15,c106M01N21,be_constrained_by,E,Assessing Older Adults' Perspectives On Digital Game-Related Strategies To Foster Active And Healthy Ageing,can present further challenges when dealing with age-related cognitive impairments,"PAGE 2, Line 44"
c106M01N15,c106M01N20,depend_on,E,Assessing Older Adults' Perspectives On Digital Game-Related Strategies To Foster Active And Healthy Ageing,"allow players to play without an internet connection, as the internet can be unstable;","PAGE 8, Line 274"
c106M01N12,c106M01N26,be_constrained_by,E,Assessing Older Adults' Perspectives On Digital Game-Related Strategies To Foster Active And Healthy Ageing,"Third, a convenience sample was used. Thus, caution must be applied when extrapolating","PAGE 9, Line 297"
c106M01N07,c106M01N22,be_difficult_to_capture_due_to,E,Assessing Older Adults' Perspectives On Digital Game-Related Strategies To Foster Active And Healthy Ageing,"Thus, despite the observed impairments in fine motor skills, mouse and keyboard usage showed significant improvements","PAGE 8, Line 281"
c107M02N01,c107M01N06,be_held_by,E,From Virtual To Reality: Application Of A Novel 3D Printing Hollow Model For Early-Stage Lung Cancer In The Clinical Teaching Of Thoracoscopic Sublobar Resection,"Inclusion criteria included completion of basic and clinical courses, providing students with foundational understanding.","Page 2, Participants and grouping"
c107M01N03,c107M01N06,be_absorbed_by,E,From Virtual To Reality: Application Of A Novel 3D Printing Hollow Model For Early-Stage Lung Cancer In The Clinical Teaching Of Thoracoscopic Sublobar Resection,Post-teaching scores in the 3DP group were significantly higher for understanding of vascular spatial relationships (P<0.001).,"Page 5, Table 5"
c107M02N10,c107M01N06,be_absorbed_by,I,From Virtual To Reality: Application Of A Novel 3D Printing Hollow Model For Early-Stage Lung Cancer In The Clinical Teaching Of Thoracoscopic Sublobar Resection,The 3DP model significantly improved comprehension of complex anatomical relationships.,"Page 6, Discussion"
c107M02N11,c107M01N06,be_absorbed_by,I,From Virtual To Reality: Application Of A Novel 3D Printing Hollow Model For Early-Stage Lung Cancer In The Clinical Teaching Of Thoracoscopic Sublobar Resection,"Post-teaching total scores improved, indicating enhanced surgical skills comprehension.","Page 5, Theory test scores"
c107M02N13,c107M01N06,be_absorbed_by,I,From Virtual To Reality: Application Of A Novel 3D Printing Hollow Model For Early-Stage Lung Cancer In The Clinical Teaching Of Thoracoscopic Sublobar Resection,The model addressed teaching challenges of identifying which vessels and bronchi to resect or preserve.,"Page 5, Discussion"
c107M02N01,c107M02N20,be_transferred_by,E,From Virtual To Reality: Application Of A Novel 3D Printing Hollow Model For Early-Stage Lung Cancer In The Clinical Teaching Of Thoracoscopic Sublobar Resection,The 3DV group learned lung anatomy and surgical procedures using the 3DV model.,"Page 3, Teaching intervention"
c107M01N03,c107M02N20,be_transferred_by,E,From Virtual To Reality: Application Of A Novel 3D Printing Hollow Model For Early-Stage Lung Cancer In The Clinical Teaching Of Thoracoscopic Sublobar Resection,3DP model was rated superior for understanding vascular spatial relationships (P<0.001).,"Page 5, Table 5"
c107M02N11,c107M02N20,be_transferred_by,I,From Virtual To Reality: Application Of A Novel 3D Printing Hollow Model For Early-Stage Lung Cancer In The Clinical Teaching Of Thoracoscopic Sublobar Resection,"The 3DP model allowed surgical simulation, improving surgical skills teaching.","Page 4, Table 1"
c107M01N06,c107M02N20,participate_in,E,From Virtual To Reality: Application Of A Novel 3D Printing Hollow Model For Early-Stage Lung Cancer In The Clinical Teaching Of Thoracoscopic Sublobar Resection,31 interns were in the 3DV group and learned with the 3DV model.,"Page 3, Teaching intervention; Page 5, Baseline characteristics"
c107M02N20,c107M02N29,depend_on,E,From Virtual To Reality: Application Of A Novel 3D Printing Hollow Model For Early-Stage Lung Cancer In The Clinical Teaching Of Thoracoscopic Sublobar Resection,Inclusion criteria required completion of basic medical courses.,"Page 2, Participants and grouping"
c107M02N20,c107M02N30,depend_on,E,From Virtual To Reality: Application Of A Novel 3D Printing Hollow Model For Early-Stage Lung Cancer In The Clinical Teaching Of Thoracoscopic Sublobar Resection,Inclusion criteria required completion of clinical courses.,"Page 2, Participants and grouping"
c107M02N20,c107M02N31,depend_on,E,From Virtual To Reality: Application Of A Novel 3D Printing Hollow Model For Early-Stage Lung Cancer In The Clinical Teaching Of Thoracoscopic Sublobar Resection,The study was approved by the Ethics Committee.,"Page 3, Participants and grouping"
c107M02N20,c107M02N38,be_constrained_by,E,From Virtual To Reality: Application Of A Novel 3D Printing Hollow Model For Early-Stage Lung Cancer In The Clinical Teaching Of Thoracoscopic Sublobar Resection,3DV digital models require students to mentally construct 3D information from a 2D screen.,"Page 2, Introduction"
c107M02N20,c107M02N40,be_constrained_by,E,From Virtual To Reality: Application Of A Novel 3D Printing Hollow Model For Early-Stage Lung Cancer In The Clinical Teaching Of Thoracoscopic Sublobar Resection,The cost of the 3DP model used is approximately 1500... limiting factor.,"Page 7, Discussion"
c107M02N20,c107M02N41,be_constrained_by,E,From Virtual To Reality: Application Of A Novel 3D Printing Hollow Model For Early-Stage Lung Cancer In The Clinical Teaching Of Thoracoscopic Sublobar Resection,Production time... are limiting factors.,"Page 7, Discussion"
c107M02N20,c107M02N42,be_constrained_by,E,From Virtual To Reality: Application Of A Novel 3D Printing Hollow Model For Early-Stage Lung Cancer In The Clinical Teaching Of Thoracoscopic Sublobar Resection,Technical complexity of 3DP are limiting factors.,"Page 7, Discussion"
c107M02N20,c107M02N43,be_constrained_by,E,From Virtual To Reality: Application Of A Novel 3D Printing Hollow Model For Early-Stage Lung Cancer In The Clinical Teaching Of Thoracoscopic Sublobar Resection,"Table 1: 3DP group has no magnification/reduction, no display/hide features.","Page 4, Table 1"
c107M02N20,c107M02N44,be_constrained_by,E,From Virtual To Reality: Application Of A Novel 3D Printing Hollow Model For Early-Stage Lung Cancer In The Clinical Teaching Of Thoracoscopic Sublobar Resection,"The 3DV group excelled in convenience (P<0.001), implying 3DP disadvantage.","Page 5, Table 5"
c107M02N17,c107M02N34,be_constrained_by,E,From Virtual To Reality: Application Of A Novel 3D Printing Hollow Model For Early-Stage Lung Cancer In The Clinical Teaching Of Thoracoscopic Sublobar Resection,Cadaver resources are scarce.,"Page 2, Introduction"
c107M02N17,c107M02N35,be_constrained_by,E,From Virtual To Reality: Application Of A Novel 3D Printing Hollow Model For Early-Stage Lung Cancer In The Clinical Teaching Of Thoracoscopic Sublobar Resection,Preservation and handling [of cadavers] are complex.,"Page 2, Introduction"
c107M02N17,c107M02N36,be_constrained_by,E,From Virtual To Reality: Application Of A Novel 3D Printing Hollow Model For Early-Stage Lung Cancer In The Clinical Teaching Of Thoracoscopic Sublobar Resection,"Due to opacity of lung parenchyma, it is difficult to teach sublobar structures.","Page 2, Introduction"
c107M02N18,c107M02N37,be_constrained_by,E,From Virtual To Reality: Application Of A Novel 3D Printing Hollow Model For Early-Stage Lung Cancer In The Clinical Teaching Of Thoracoscopic Sublobar Resection,"2D images lack three-dimensionality, making it harder to understand spatial relationships.","Page 2, Introduction"
c107M02N19,c107M02N37,be_constrained_by,E,From Virtual To Reality: Application Of A Novel 3D Printing Hollow Model For Early-Stage Lung Cancer In The Clinical Teaching Of Thoracoscopic Sublobar Resection,Anatomical atlases lack three-dimensionality.,"Page 2, Introduction"
c107M02N20,c107M02N36,mitigate,I,From Virtual To Reality: Application Of A Novel 3D Printing Hollow Model For Early-Stage Lung Cancer In The Clinical Teaching Of Thoracoscopic Sublobar Resection,"The 3DP model omitted lung parenchyma, avoiding issues like glare and refraction errors; allowed clear visualization of vessels.","Page 5, Discussion"
c107M02N20,c107M02N37,mitigate,I,From Virtual To Reality: Application Of A Novel 3D Printing Hollow Model For Early-Stage Lung Cancer In The Clinical Teaching Of Thoracoscopic Sublobar Resection,"The physical 3D model provides direct 3D perception and tactile feedback, overcoming lack of 3D.","Page 6, Discussion"
c107M02N20,c107M02N38,mitigate,I,From Virtual To Reality: Application Of A Novel 3D Printing Hollow Model For Early-Stage Lung Cancer In The Clinical Teaching Of Thoracoscopic Sublobar Resection,"By providing a physical model, it reduces the need for mental reconstruction from a 2D screen.","Page 6, Discussion"
c107M02N20,c107M02N22,adopt,E,From Virtual To Reality: Application Of A Novel 3D Printing Hollow Model For Early-Stage Lung Cancer In The Clinical Teaching Of Thoracoscopic Sublobar Resection,The 3DV group learned with a 3D visualization model on a computer.,"Page 3, Teaching intervention"
c107M02N20,c107M02N23,adopt,E,From Virtual To Reality: Application Of A Novel 3D Printing Hollow Model For Early-Stage Lung Cancer In The Clinical Teaching Of Thoracoscopic Sublobar Resection,The 3DP model was produced using 3D printing technology.,"Page 3, 3D reconstruction and model 3D printing"
c107M02N20,c107M02N24,adopt,E,From Virtual To Reality: Application Of A Novel 3D Printing Hollow Model For Early-Stage Lung Cancer In The Clinical Teaching Of Thoracoscopic Sublobar Resection,CT images were imported into Mimics 23.0 for reconstruction.,"Page 3, 3D reconstruction and model 3D printing"
c107M02N20,c107M02N25,adopt,E,From Virtual To Reality: Application Of A Novel 3D Printing Hollow Model For Early-Stage Lung Cancer In The Clinical Teaching Of Thoracoscopic Sublobar Resection,Post-processing used 3-matic 15.0.,"Page 3, 3D reconstruction and model 3D printing"
c107M02N20,c107M02N26,adopt,E,From Virtual To Reality: Application Of A Novel 3D Printing Hollow Model For Early-Stage Lung Cancer In The Clinical Teaching Of Thoracoscopic Sublobar Resection,STL file imported into Voxel Dance Additive 3.0.,"Page 3, 3D reconstruction and model 3D printing"
c107M02N20,c107M02N27,adopt,E,From Virtual To Reality: Application Of A Novel 3D Printing Hollow Model For Early-Stage Lung Cancer In The Clinical Teaching Of Thoracoscopic Sublobar Resection,Data sent to J501Pro 3D printer.,"Page 3, 3D reconstruction and model 3D printing"
c107M02N20,c107M02N07,adopt,E,From Virtual To Reality: Application Of A Novel 3D Printing Hollow Model For Early-Stage Lung Cancer In The Clinical Teaching Of Thoracoscopic Sublobar Resection,Lung CT scan images were used for 3D reconstruction.,"Page 3, 3D reconstruction and model 3D printing"
c107M02N08,c107M02N07,be_derived_from,E,From Virtual To Reality: Application Of A Novel 3D Printing Hollow Model For Early-Stage Lung Cancer In The Clinical Teaching Of Thoracoscopic Sublobar Resection,"The STL file was generated from the 3DV model, which was reconstructed from CT images.","Page 3, 3D reconstruction and model 3D printing"
c107M02N01,c107M02N11,translate_into,I,From Virtual To Reality: Application Of A Novel 3D Printing Hollow Model For Early-Stage Lung Cancer In The Clinical Teaching Of Thoracoscopic Sublobar Resection,Students learned anatomical knowledge and applied it to surgical skills during simulation.,"Page 5-6, Discussion"
c108M01N01,c108M01N03,be_held_by,E,Effectiveness Of M-Learning In Enhancing Knowledge Retention For Nurses' Lifelong Learning: Quasi-Experimental Study,Nurses with a master's degree exhibited a higher level of basic knowledge than those with a bachelor's degree.,"Page 1, Results"
c108M01N01,c108M01N04,be_held_by,E,Effectiveness Of M-Learning In Enhancing Knowledge Retention For Nurses' Lifelong Learning: Quasi-Experimental Study,...while those with a bachelor's degree had a mean score of 62.52.,"Page 4, Results"
c108M01N01,c108M01N03,be_absorbed_by,E,Effectiveness Of M-Learning In Enhancing Knowledge Retention For Nurses' Lifelong Learning: Quasi-Experimental Study,The participants' average score increased from 59.97% in the initial assessment to 84.05% in the final assessment.,"Page 1, Results"
c108M01N01,c108M01N04,be_absorbed_by,E,Effectiveness Of M-Learning In Enhancing Knowledge Retention For Nurses' Lifelong Learning: Quasi-Experimental Study,The participants' average score increased from 59.97% in the initial assessment to 84.05% in the final assessment.,"Page 1, Results"
c108M01N01,c108M01N17,be_absorbed_by,I,Effectiveness Of M-Learning In Enhancing Knowledge Retention For Nurses' Lifelong Learning: Quasi-Experimental Study,The participants' average score increased from 59.97% in the initial assessment to 84.05% in the final assessment.,"Page 1, Results"
c108M01N01,c108M01N18,be_absorbed_by,I,Effectiveness Of M-Learning In Enhancing Knowledge Retention For Nurses' Lifelong Learning: Quasi-Experimental Study,The participants' average score increased from 59.97% in the initial assessment to 84.05% in the final assessment.,"Page 1, Results"
c108M01N01,c108M01N19,be_absorbed_by,I,Effectiveness Of M-Learning In Enhancing Knowledge Retention For Nurses' Lifelong Learning: Quasi-Experimental Study,The participants' average score increased from 59.97% in the initial assessment to 84.05% in the final assessment.,"Page 1, Results"
c108M01N01,c108M01N06,be_transferred_by,E,Effectiveness Of M-Learning In Enhancing Knowledge Retention For Nurses' Lifelong Learning: Quasi-Experimental Study,"This study included a training program available in MOOC format, called self-management of COPD (Ecare-COPD).","Page 3, Intervention"
c108M01N03,c108M01N06,participate_in,E,Effectiveness Of M-Learning In Enhancing Knowledge Retention For Nurses' Lifelong Learning: Quasi-Experimental Study,All nurses from the Internal Medicine Department of a central hospital in northern Portugal who voluntarily agreed to participate in the study were considered eligible.,"Page 3, Study setting"
c108M01N04,c108M01N06,participate_in,E,Effectiveness Of M-Learning In Enhancing Knowledge Retention For Nurses' Lifelong Learning: Quasi-Experimental Study,All nurses from the Internal Medicine Department of a central hospital in northern Portugal who voluntarily agreed to participate in the study were considered eligible.,"Page 3, Study setting"
c108M01N17,c108M01N06,participate_in,I,Effectiveness Of M-Learning In Enhancing Knowledge Retention For Nurses' Lifelong Learning: Quasi-Experimental Study,All nurses from the Internal Medicine Department of a central hospital in northern Portugal who voluntarily agreed to participate in the study were considered eligible.,"Page 3, Study setting"
c108M01N18,c108M01N06,participate_in,I,Effectiveness Of M-Learning In Enhancing Knowledge Retention For Nurses' Lifelong Learning: Quasi-Experimental Study,All nurses from the Internal Medicine Department of a central hospital in northern Portugal who voluntarily agreed to participate in the study were considered eligible.,"Page 3, Study setting"
c108M01N19,c108M01N06,participate_in,I,Effectiveness Of M-Learning In Enhancing Knowledge Retention For Nurses' Lifelong Learning: Quasi-Experimental Study,All nurses from the Internal Medicine Department of a central hospital in northern Portugal who voluntarily agreed to participate in the study were considered eligible.,"Page 3, Study setting"
c108M01N06,c108M01N09,depend_on,E,Effectiveness Of M-Learning In Enhancing Knowledge Retention For Nurses' Lifelong Learning: Quasi-Experimental Study,The alignment of the MOOC with the participants professional roles... likely contributed to higher enrollment and completion rates.,"Page 5, Principal Findings"
c108M01N06,c108M01N10,depend_on,I,Effectiveness Of M-Learning In Enhancing Knowledge Retention For Nurses' Lifelong Learning: Quasi-Experimental Study,"In recent years, the number of MOOCs has grown exponentially, in line with the increase in the number of people with access to the internet.","Page 2, Massive Open Online Courses"
c108M01N06,c108M01N01,evaluate,E,Effectiveness Of M-Learning In Enhancing Knowledge Retention For Nurses' Lifelong Learning: Quasi-Experimental Study,Each participant was asked to complete a knowledge assessment at the end of each module.,"Page 3, Data Collection"
c108M01N05,c108M01N11,be_constrained_by,I,Effectiveness Of M-Learning In Enhancing Knowledge Retention For Nurses' Lifelong Learning: Quasi-Experimental Study,"Mobile learning (m-learning) offers a flexible and accessible alternative for continuing professional education, overcoming barriers such as time constraints and financial burden.","Page 1, Abstract"
c108M01N05,c108M01N12,be_constrained_by,I,Effectiveness Of M-Learning In Enhancing Knowledge Retention For Nurses' Lifelong Learning: Quasi-Experimental Study,"Mobile learning (m-learning) offers a flexible and accessible alternative for continuing professional education, overcoming barriers such as time constraints and financial burden.","Page 1, Abstract"
c108M01N05,c108M01N13,be_constrained_by,I,Effectiveness Of M-Learning In Enhancing Knowledge Retention For Nurses' Lifelong Learning: Quasi-Experimental Study,The decrease in human resources and their turnover and the increase in workload in health institutions are obstacles to nurses' continuing training.,"Page 2, JMIR Nursing Overview"
c108M01N06,c108M01N15,be_constrained_by,E,Effectiveness Of M-Learning In Enhancing Knowledge Retention For Nurses' Lifelong Learning: Quasi-Experimental Study,"The first limitation concerns the study's methodology, mainly because of the absence of a control group.","Page 5, Limitations"
c108M01N06,c108M01N16,be_constrained_by,E,Effectiveness Of M-Learning In Enhancing Knowledge Retention For Nurses' Lifelong Learning: Quasi-Experimental Study,"Since the sample was restricted to one medicine department in a single hospital institution, it hindered the generalizability of the results.","Page 5, Limitations"
c108M01N06,c108M01N11,resolve,E,Effectiveness Of M-Learning In Enhancing Knowledge Retention For Nurses' Lifelong Learning: Quasi-Experimental Study,"Mobile learning (m-learning) offers a flexible and accessible alternative for continuing professional education, overcoming barriers such as time constraints and financial burden.","Page 1, Abstract"
c108M01N06,c108M01N12,resolve,E,Effectiveness Of M-Learning In Enhancing Knowledge Retention For Nurses' Lifelong Learning: Quasi-Experimental Study,"Mobile learning (m-learning) offers a flexible and accessible alternative for continuing professional education, overcoming barriers such as time constraints and financial burden.","Page 1, Abstract"
c108M01N06,c108M01N14,mitigate,E,Effectiveness Of M-Learning In Enhancing Knowledge Retention For Nurses' Lifelong Learning: Quasi-Experimental Study,"Integrating virtual simulation and gamification boosted motivation and reduced drop-out rates, highlighting the potential of m-learning in lifelong learning in health care.","Page 1, Conclusions"
c108M01N06,c108M01N05,complement,I,Effectiveness Of M-Learning In Enhancing Knowledge Retention For Nurses' Lifelong Learning: Quasi-Experimental Study,"e-learning, electronic learning or web-based learning often complement traditional teaching models, encompassing knowledge through digital technologies.","Page 2, JMIR Nursing Overview"
c108M01N01,c108M01N02,translate_into,I,Effectiveness Of M-Learning In Enhancing Knowledge Retention For Nurses' Lifelong Learning: Quasi-Experimental Study,Theoretical knowledge (COPD self‑management) is applied in clinical decision‑making through virtual simulation,"Page 3, Intervention"
c108M01N01,c108M02N15,be_held_by,E,Effectiveness Of M-Learning In Enhancing Knowledge Retention For Nurses' Lifelong Learning: Quasi-Experimental Study,Participants achieved an average initial score of 59.97% and final score of 84.05%,"Page 4, Results"
c108M01N01,c108M02N15,be_absorbed_by,E,Effectiveness Of M-Learning In Enhancing Knowledge Retention For Nurses' Lifelong Learning: Quasi-Experimental Study,Participants' average score increased from 59.97% to 84.05% (P<0.01) indicating knowledge absorption,"Page 4, Results"
c108M02N09,c108M01N03,be_held_by,I,Effectiveness Of M-Learning In Enhancing Knowledge Retention For Nurses' Lifelong Learning: Quasi-Experimental Study,A master's degree equips nurses with the ability to manage complex situations such as empowering patients to self‑manage chronic conditions,"Page 5, Discussion"
c108M02N15,c108M01N06,participate_in,E,Effectiveness Of M-Learning In Enhancing Knowledge Retention For Nurses' Lifelong Learning: Quasi-Experimental Study,168 nurses from the medicine department voluntarily agreed to participate in the study,"Page 3, Study setting"
c108M02N17,c108M01N12,be_constrained_by,E,Effectiveness Of M-Learning In Enhancing Knowledge Retention For Nurses' Lifelong Learning: Quasi-Experimental Study,Barriers to lifelong learning include the associated financial burden,"Page 1, Background"
c108M02N17,c108M02N41,be_constrained_by,E,Effectiveness Of M-Learning In Enhancing Knowledge Retention For Nurses' Lifelong Learning: Quasi-Experimental Study,Increase in workload in health institutions is an obstacle to nurses' continuing training,"Page 2, Background"
c108M02N17,c108M02N42,be_constrained_by,E,Effectiveness Of M-Learning In Enhancing Knowledge Retention For Nurses' Lifelong Learning: Quasi-Experimental Study,Decrease in human resources and their turnover are obstacles to nurses' continuing training,"Page 2, Background"
c108M01N06,c108M02N22,adopt,E,Effectiveness Of M-Learning In Enhancing Knowledge Retention For Nurses' Lifelong Learning: Quasi-Experimental Study,m‑learning strategy using a Massive Open Online Course (MOOC),"Page 1, Abstract"
c108M01N06,c108M02N24,adopt,E,Effectiveness Of M-Learning In Enhancing Knowledge Retention For Nurses' Lifelong Learning: Quasi-Experimental Study,Significant engagement attributed to gamification,"Page 1, Abstract"
c108M01N06,c108M02N26,adopt,I,Effectiveness Of M-Learning In Enhancing Knowledge Retention For Nurses' Lifelong Learning: Quasi-Experimental Study,m‑learning allows users to access educational content via mobile devices,"Page 2, Background"
c108M01N06,c108M02N29,depend_on,I,Effectiveness Of M-Learning In Enhancing Knowledge Retention For Nurses' Lifelong Learning: Quasi-Experimental Study,The MOOC was certified and integrated into the in‑service training programs of health institutions,"Page 2, Background"
c108M01N06,c108M02N30,depend_on,E,Effectiveness Of M-Learning In Enhancing Knowledge Retention For Nurses' Lifelong Learning: Quasi-Experimental Study,Ethical approval was granted and participants received informed consent forms,"Page 3, Ethical Considerations"
c108M01N06,c108M02N32,depend_on,I,Effectiveness Of M-Learning In Enhancing Knowledge Retention For Nurses' Lifelong Learning: Quasi-Experimental Study,Ease of access to communication and information devices by nurses enables m‑learning,"Page 1, Abstract"
c108M01N06,c108M02N34,be_constrained_by,E,Effectiveness Of M-Learning In Enhancing Knowledge Retention For Nurses' Lifelong Learning: Quasi-Experimental Study,The sample was restricted to one medicine department in a single hospital institution,"Page 5, Limitations"
c108M01N06,c108M02N35,be_constrained_by,E,Effectiveness Of M-Learning In Enhancing Knowledge Retention For Nurses' Lifelong Learning: Quasi-Experimental Study,This restricted sample hindered the generalizability of the results,"Page 5, Limitations"
c108M01N06,c108M02N36,be_constrained_by,E,Effectiveness Of M-Learning In Enhancing Knowledge Retention For Nurses' Lifelong Learning: Quasi-Experimental Study,The study was limited only to one intervention related to COPD self‑management,"Page 5, Limitations"
c108M01N06,c108M02N37,be_constrained_by,E,Effectiveness Of M-Learning In Enhancing Knowledge Retention For Nurses' Lifelong Learning: Quasi-Experimental Study,No longitudinal monitoring to assess long‑term knowledge retention,"Page 5, Limitations"
c108M01N06,c108M02N38,be_constrained_by,I,Effectiveness Of M-Learning In Enhancing Knowledge Retention For Nurses' Lifelong Learning: Quasi-Experimental Study,The absence of a control group prevented attributing knowledge gains solely to the intervention,"Page 5, Limitations"
c108M02N19,c108M02N24,adopt,I,Effectiveness Of M-Learning In Enhancing Knowledge Retention For Nurses' Lifelong Learning: Quasi-Experimental Study,Gamification is integrated into the virtual simulation to boost motivation,"Page 1, Abstract"
c108M02N20,c108M01N01,evaluate,E,Effectiveness Of M-Learning In Enhancing Knowledge Retention For Nurses' Lifelong Learning: Quasi-Experimental Study,Knowledge retention was assessed by comparing the mean scores before and after the course,"Page 1, Abstract"
c108M02N20,c108M02N02,adopt,E,Effectiveness Of M-Learning In Enhancing Knowledge Retention For Nurses' Lifelong Learning: Quasi-Experimental Study,The level of knowledge was assessed using 29 multiple‑choice questions,"Page 3, Data Collection"
c108M02N20,c108M02N03,adopt,E,Effectiveness Of M-Learning In Enhancing Knowledge Retention For Nurses' Lifelong Learning: Quasi-Experimental Study,The level of knowledge was assessed using 24 true or false statements,"Page 3, Data Collection"
c109M01N01,c109M01N03,be_held_by,E,The Interactive Use Of Augmented Reality For Educating The Elderly On Common Age-Related Eye Disease,The elderly population has limited knowledge and awareness of different types of eye diseases associated with visual disability.,"Page 2, Line 47"
c109M01N01,c109M01N03,be_absorbed_by,E,The Interactive Use Of Augmented Reality For Educating The Elderly On Common Age-Related Eye Disease,The intervention was found to significantly improve knowledge of age-related eye diseases among the elderly.,"Page 1, Line 16"
c109M01N02,c109M01N03,be_absorbed_by,I,The Interactive Use Of Augmented Reality For Educating The Elderly On Common Age-Related Eye Disease,"Apart from describing the visual impairments in different diseases, the participants could contextualize them with possible difficulties in patients' daily lives.","Page 7, Line 215-216"
c109M01N01,c109M01N05,be_transferred_by,E,The Interactive Use Of Augmented Reality For Educating The Elderly On Common Age-Related Eye Disease,The mainstream pedagogical methods involve utilizing pamphlets and governmental promotions to raise general awareness.,"Page 2, Line 48"
c109M01N01,c109M01N06,be_transferred_by,E,The Interactive Use Of Augmented Reality For Educating The Elderly On Common Age-Related Eye Disease,This study aims to assess the effectiveness of educating the elderly about common age-related eye disorders through a novel AR-based health education workshop.,"Page 1, Line 13"
c109M01N03,c109M01N06,participate_in,E,The Interactive Use Of Augmented Reality For Educating The Elderly On Common Age-Related Eye Disease,An AR-based education workshop was designed for the elderly to understand the major visual symptoms.,"Page 1, Line 14"
c109M01N04,c109M01N06,participate_in,E,The Interactive Use Of Augmented Reality For Educating The Elderly On Common Age-Related Eye Disease,Enabling the workshop instructor to apply simulated visual defects to their devices using the control panel interface.,"Page 4, Line 128"
c109M01N06,c109M01N01,evaluate,E,The Interactive Use Of Augmented Reality For Educating The Elderly On Common Age-Related Eye Disease,The effectiveness of the workshop was assessed by conducting pre- and post-activity surveys to measure the knowledge acquisition.,"Page 1, Line 15"
c109M01N07,c109M01N08,adopt,E,The Interactive Use Of Augmented Reality For Educating The Elderly On Common Age-Related Eye Disease,The interactive use of augmented reality for educating the elderly on common age-related eye disease,"Page 2, Line 68"
c109M01N07,c109M01N09,adopt,E,The Interactive Use Of Augmented Reality For Educating The Elderly On Common Age-Related Eye Disease,"With the visual simulation projected through the smartphone-linked headset, users can appreciate the impacts.","Page 3, Line 99-100"
c109M01N05,c109M01N10,be_constrained_by,E,The Interactive Use Of Augmented Reality For Educating The Elderly On Common Age-Related Eye Disease,"However, these approaches lack the first-hand perception of symptoms of disorders, hence hindering their effectiveness.","Page 2, Line 49"
c109M01N06,c109M01N10,resolve,I,The Interactive Use Of Augmented Reality For Educating The Elderly On Common Age-Related Eye Disease,Our research aims to study the effectiveness of an AR-based educational workshop utilizing an AR application to educate the elderly on the visual symptoms.,"Page 2, Line 61-62"
c109M01N06,c109M01N11,be_constrained_by,E,The Interactive Use Of Augmented Reality For Educating The Elderly On Common Age-Related Eye Disease,Declined cognitive ability as a result of aging might be the reason that older participants might find it harder to retain and process.,"Page 7, Line 222"
c109M01N06,c109M01N12,be_constrained_by,E,The Interactive Use Of Augmented Reality For Educating The Elderly On Common Age-Related Eye Disease,"First, our study lacked a control group.","Page 8, Line 253"
c109M01N01,c109M02N04,be_held_by,I,The Interactive Use Of Augmented Reality For Educating The Elderly On Common Age-Related Eye Disease,questions were designed by tertiary educators of ophthalmology,"Page 5, Measurements"
c109M01N01,c109M02N06,be_transferred_by,E,The Interactive Use Of Augmented Reality For Educating The Elderly On Common Age-Related Eye Disease,mainstream pedagogical methods involve... governmental promotions,"Page 2, Background"
c109M02N02,c109M01N06,be_captured_by,I,The Interactive Use Of Augmented Reality For Educating The Elderly On Common Age-Related Eye Disease,AR can present... first-hand perception of symptoms,Page 2-3
c109M02N02,c109M01N03,be_absorbed_by,I,The Interactive Use Of Augmented Reality For Educating The Elderly On Common Age-Related Eye Disease,participants can appreciate the impacts of various eye diseases on their vision,"Page 3, Materials"
c109M01N06,c109M02N08,adopt,E,The Interactive Use Of Augmented Reality For Educating The Elderly On Common Age-Related Eye Disease,AR mobile application was first installed on smartphones,"Page 3, Materials"
c109M01N06,c109M01N09,adopt,E,The Interactive Use Of Augmented Reality For Educating The Elderly On Common Age-Related Eye Disease,head-mounted display (HMD) is adopted,"Page 3, Materials"
c109M01N06,c109M01N08,adopt,E,The Interactive Use Of Augmented Reality For Educating The Elderly On Common Age-Related Eye Disease,adopts the optical see-through (OST) display technology,"Page 2, Materials"
c109M01N06,c109M02N11,adopt,E,The Interactive Use Of Augmented Reality For Educating The Elderly On Common Age-Related Eye Disease,smartphones,"Page 3, Materials"
c109M01N06,c109M02N12,adopt,E,The Interactive Use Of Augmented Reality For Educating The Elderly On Common Age-Related Eye Disease,remote-control function of the application,"Page 3, Materials"
c109M01N06,c109M02N13,adopt,E,The Interactive Use Of Augmented Reality For Educating The Elderly On Common Age-Related Eye Disease,commercially available AR headset,"Page 3, Materials"
c109M01N06,c109M02N14,depend_on,I,The Interactive Use Of Augmented Reality For Educating The Elderly On Common Age-Related Eye Disease,recruited from 10 local daily elderly centers,"Page 2, Participants"
c109M01N06,c109M02N15,depend_on,I,The Interactive Use Of Augmented Reality For Educating The Elderly On Common Age-Related Eye Disease,"accessibility of the AR headset, prevalence of mobile devices","Page 8, Strengths"
c109M01N06,c109M02N19,be_constrained_by,I,The Interactive Use Of Augmented Reality For Educating The Elderly On Common Age-Related Eye Disease,participants with a higher education level... could grasp new health information more efficiently,"Page 8, Discussion"
c109M01N06,c109M02N21,be_constrained_by,E,The Interactive Use Of Augmented Reality For Educating The Elderly On Common Age-Related Eye Disease,AR exposure could lead to symptoms of cyber-sickness,"Page 7, Discussion"
c109M01N06,c109M02N22,be_constrained_by,E,The Interactive Use Of Augmented Reality For Educating The Elderly On Common Age-Related Eye Disease,current study was a one-off intervention,"Page 9, Limitations"
