ID,Object,Question,Weight,Cypher,Answer,Evidence
c014DS01Q01,Tacit knowledge,which tacit knowledge elements are described?,1.0,"MATCH (tk:TacitKnowledge)
RETURN DISTINCT tk","Lessons learned from past practices, Real-time hazard identification, Problem-solving skills, Leadership intuition for resource allocation, Participative decision-making skills, Proactive planning capability","[{'tk': {'evidence_statement': 'Collaborative platforms... enable organizations to draw lessons from past practices', 'node_name': 'Lessons learned from past practices', 'category': 'Tacit Knowledge', 'node_id': 'c014M02N09'}}, {'tk': {'evidence_statement': 'Real-time monitoring... can prevent minor issues from developing into significant disruptions', 'node_name': 'Real-time hazard identification', 'category': 'Tacit Knowledge', 'node_id': 'c014M02N10'}}, {'tk': {'evidence_statement': 'The integration of AI in the knowledge management initiatives offers crucial opportunities to enhance the success and the resilience', 'node_name': 'Problem-solving skills', 'category': 'Tacit Knowledge', 'node_id': 'c014M02N11'}}, {'tk': {'evidence_statement': 'Strong leadership assists in utilizing the resources, sustainably, and allocates them in the training and development', 'node_name': 'Leadership intuition for resource allocation', 'category': 'Tacit Knowledge', 'node_id': 'c014M02N12'}}, {'tk': {'evidence_statement': 'Participative leaders play a crucial role in aligning the stakeholders and ensuring the effective usage of communication channels', 'node_name': 'Participative decision-making skills', 'category': 'Tacit Knowledge', 'node_id': 'c014M02N13'}}, {'tk': {'evidence_statement': 'Participative leadership... ensures proactive planning to deal with disruptions and enhance resilience', 'node_name': 'Proactive planning capability', 'category': 'Tacit Knowledge', 'node_id': 'c014M02N14'}}]"
c014DS01Q02,Knowledge Holder,Which knowledge holders are described?,2.0,"MATCH (kh:KnowledgeHolder)
RETURN DISTINCT kh","Project Manager, Project In-charge, Research Analyst, Supply Chain Manager, General Manager, Top management, project managers, Project In-charge, Research Analyst, Supply Chain Manager, General Manager, project leadership, megaproject stakeholders","[{'kh': {'evidence_statement': 'Table 1: List of the Participants in the Pilot Study - Project Manager (Energy CPEC)', 'node_name': 'Project Manager (Participant A)', 'category': 'Knowledge Holder', 'node_id': 'c014M02N15'}}, {'kh': {'evidence_statement': 'Table 1: List of the Participants in the Pilot Study - Project In-charge (Energy CPEC)', 'node_name': 'Project In-charge (Participant B)', 'category': 'Knowledge Holder', 'node_id': 'c014M02N16'}}, {'kh': {'evidence_statement': 'Table 1: List of the Participants in the Pilot Study - Research Analyst (Belt & Road Initiative Research Institute)', 'node_name': 'Research Analyst (Participant C)', 'category': 'Knowledge Holder', 'node_id': 'c014M02N17'}}, {'kh': {'evidence_statement': 'Table 1: List of the Participants in the Pilot Study - Supply Chain Manager (Energy CPEC)', 'node_name': 'Supply Chain Manager (Participant D)', 'category': 'Knowledge Holder', 'node_id': 'c014M02N18'}}, {'kh': {'evidence_statement': 'Table 1: List of the Participants in the Pilot Study - General Manager (Energy CPEC)', 'node_name': 'General Manager (Participant F)', 'category': 'Knowledge Holder', 'node_id': 'c014M02N20'}}, {'kh': {'evidence_statement': 'Lack of top management support disturbs the allocation of required resources', 'node_name': 'Top management', 'category': 'Knowledge Holder', 'node_id': 'c014M02N21'}}, {'kh': {'evidence_statement': 'Two project managers from CPEC energy projects participated in the pilot interviews.', 'node_name': 'project managers', 'category': 'Knowledge Holder', 'node_id': 'c014M01N11'}}, {'kh': {'evidence_statement': 'A Project In-charge from a CPEC energy project participated in the pilot study.', 'node_name': 'Project In-charge', 'category': 'Knowledge Holder', 'node_id': 'c014M01N12'}}, {'kh': {'evidence_statement': 'A Research Analyst from the Belt and Road Initiative Research Institute participated.', 'node_name': 'Research Analyst', 'category': 'Knowledge Holder', 'node_id': 'c014M01N13'}}, {'kh': {'evidence_statement': 'A Supply Chain Manager from a CPEC energy project participated.', 'node_name': 'Supply Chain Manager', 'category': 'Knowledge Holder', 'node_id': 'c014M01N14'}}, {'kh': {'evidence_statement': 'A General Manager from a CPEC energy project participated.', 'node_name': 'General Manager', 'category': 'Knowledge Holder', 'node_id': 'c014M01N15'}}, {'kh': {'evidence_statement': 'Project leadership uses AI for monitoring and supports knowledge sharing and intervention.', 'node_name': 'project leadership', 'category': 'Knowledge Holder', 'node_id': 'c014M01N16'}}, {'kh': {'evidence_statement': 'Collaborative platforms facilitate knowledge transfer and communication among stakeholders.', 'node_name': 'megaproject stakeholders', 'category': 'Knowledge Holder', 'node_id': 'c014M01N17'}}]"
c014DS01Q03,Traditional Human-centred Practices,Which traditional human-centred practice elements are described?,2.0,"MATCH (t:TraditionalHumancentralPractice)
RETURN DISTINCT t","The traditional human-centred practice elements described are: regular training sessions, workshops, semi-structured interviews, manual data analysis, traditional decision-making process, and unstructured knowledge sharing.","[{'t': {'evidence_statement': 'Leadership-supported training sessions communicate best practices and new rules.', 'node_name': 'regular training sessions', 'category': 'Traditional Human-central Practice', 'node_id': 'c014M01N19'}}, {'t': {'evidence_statement': 'Leadership-supported workshops communicate best practices and new rules.', 'node_name': 'workshops', 'category': 'Traditional Human-central Practice', 'node_id': 'c014M01N20'}}, {'t': {'evidence_statement': 'The study conducts semi-structured interviews with six decision-influencing participants.', 'node_name': 'semi-structured interviews', 'category': 'Traditional Human-central Practice', 'node_id': 'c014M01N43'}}, {'t': {'evidence_statement': 'Lack of adaptive capability... some projects face delays and shutdowns', 'node_name': 'Manual data analysis', 'category': 'Traditional Human-central Practice', 'node_id': 'c014M02N25'}}, {'t': {'evidence_statement': 'We are not asked for any opinion, we are told to perform any task', 'node_name': 'Traditional decision-making process', 'category': 'Traditional Human-central Practice', 'node_id': 'c014M02N26'}}, {'t': {'evidence_statement': 'Minimal stakeholder involvement... reduces knowledge sharing', 'node_name': 'Unstructured knowledge sharing', 'category': 'Traditional Human-central Practice', 'node_id': 'c014M02N27'}}]"
c014DS01Q04,technology-enable Practice,Which technology‑enable practices have been described?,1.0,"MATCH (p:TechnologyenablePractice)
RETURN DISTINCT p","AI-based knowledge management initiatives, AI-enabled collaborative platforms, project news portal, AI-enabled real-time monitoring, AI-enabled predictive analytics, training sessions and workshops, collaborative knowledge-sharing platforms, generative AI tools, AI environmental monitoring tools, Net Zero Cloud, real-time monitoring systems, stakeholder communication portal.","[{'p': {'evidence_statement': 'The case reports implementation and underutilization of AI-based KM initiatives.', 'node_name': 'AI-based knowledge management initiatives', 'category': 'Technology-enable Practice', 'node_id': 'c014M01N21'}}, {'p': {'evidence_statement': 'Collaborative platforms facilitate transfer, streamline recording, and improve communication.', 'node_name': 'AI-enabled collaborative platforms', 'category': 'Technology-enable Practice', 'node_id': 'c014M01N22'}}, {'p': {'evidence_statement': 'Some projects use a portal through which all project news is shared.', 'node_name': 'project news portal', 'category': 'Technology-enable Practice', 'node_id': 'c014M01N23'}}, {'p': {'evidence_statement': 'Project leadership uses AI monitoring followed by knowledge sharing and intervention.', 'node_name': 'AI-enabled real-time monitoring', 'category': 'Technology-enable Practice', 'node_id': 'c014M01N24'}}, {'p': {'evidence_statement': 'Predictive analytics supports backup plans and predicts trends and outcomes.', 'node_name': 'AI-enabled predictive analytics', 'category': 'Technology-enable Practice', 'node_id': 'c014M01N25'}}, {'p': {'evidence_statement': 'Regular training sessions and workshops supported by the leadership keep everyone in the loop', 'node_name': 'Training sessions and workshops', 'category': 'Technology-enable Practice', 'node_id': 'c014M02N36'}}, {'p': {'evidence_statement': 'The use of collaborative platforms also fosters better communication... ensuring that everyone is aligned and informed', 'node_name': 'Collaborative knowledge-sharing platforms', 'category': 'Technology-enable Practice', 'node_id': 'c014M02N30'}}, {'p': {'evidence_statement': ""Generative AI tools, such as the 'net zero cloud,' was noted to be used"", 'node_name': 'Generative AI tools', 'category': 'Technology-enable Practice', 'node_id': 'c014M02N32'}}, {'p': {'evidence_statement': 'AI tools track carbon footprints and emissions in real time.', 'node_name': 'AI environmental monitoring tools', 'category': 'Technology-enable Practice', 'node_id': 'c014M01N26'}}, {'p': {'evidence_statement': 'Some CPEC projects use Net Zero Cloud to read data and generate reports.', 'node_name': 'Net Zero Cloud', 'category': 'Technology-enable Practice', 'node_id': 'c014M01N27'}}, {'p': {'evidence_statement': 'Real-time monitoring, and then knowledge is shared as this immediate intervention can prevent minor issues', 'node_name': 'Real-time monitoring systems', 'category': 'Technology-enable Practice', 'node_id': 'c014M02N34'}}, {'p': {'evidence_statement': 'Some of the projects have a portal where all the news is shared', 'node_name': 'Stakeholder communication portal', 'category': 'Technology-enable Practice', 'node_id': 'c014M02N33'}}]"
c014DS01Q05,Digital Technology,Which digital technology elements have been described?,1.0,"MATCH (dt:DigitalTechnology)
RETURN DISTINCT dt","Collaborative platforms, Net zero cloud, predictive analytics, generative AI, artificial intelligence","[{'dt': {'evidence_statement': 'Collaborative platforms also fosters better communication', 'node_name': 'Collaborative platforms', 'category': 'Digital Technology', 'node_id': 'c014M02N39'}}, {'dt': {'evidence_statement': ""Generative AI tools, such as the 'net zero cloud,' was noted to be used by some projects under CPEC"", 'node_name': 'Net zero cloud', 'category': 'Digital Technology', 'node_id': 'c014M02N41'}}, {'dt': {'evidence_statement': 'Predictive analytics is used to make backup plans ahead of time.', 'node_name': 'predictive analytics', 'category': 'Digital Technology', 'node_id': 'c014M01N29'}}, {'dt': {'evidence_statement': 'The results identify generative AI tools such as Net Zero Cloud.', 'node_name': 'generative AI', 'category': 'Digital Technology', 'node_id': 'c014M01N30'}}, {'dt': {'evidence_statement': 'Artificial intelligence is integrated into knowledge-management initiatives.', 'node_name': 'artificial intelligence', 'category': 'Digital Technology', 'node_id': 'c014M01N28'}}]"
c014DS01Q06,Organizational Dependency,Which organizational dependencies are stated as necessary for technology-enable practices?,2.0,"MATCH (od:OrganizationalDependency)
RETURN DISTINCT od","Clear strategic vision, leadership support, participative leadership, resource allocation, knowledge-sharing culture, stakeholder participation, top management engagement, and training and development.","[{'od': {'evidence_statement': 'Leadership support... articulating a clear vision', 'node_name': 'Clear strategic vision', 'category': 'Organizational Dependency', 'node_id': 'c014M02N45'}}, {'od': {'evidence_statement': 'Leadership support is vital to successful AI-driven KM implementation.', 'node_name': 'leadership support', 'category': 'Organizational Dependency', 'node_id': 'c014M01N31'}}, {'od': {'evidence_statement': 'Participative leadership facilitates AI use, knowledge sharing, and proactive planning.', 'node_name': 'participative leadership', 'category': 'Organizational Dependency', 'node_id': 'c014M01N32'}}, {'od': {'evidence_statement': 'Top-management support is required to allocate implementation and training resources.', 'node_name': 'resource allocation', 'category': 'Organizational Dependency', 'node_id': 'c014M01N33'}}, {'od': {'evidence_statement': 'Leadership creates a culture of knowledge sharing and innovation.', 'node_name': 'knowledge-sharing culture', 'category': 'Organizational Dependency', 'node_id': 'c014M01N34'}}, {'od': {'evidence_statement': 'Participative leadership encourages stakeholder participation and alignment.', 'node_name': 'stakeholder participation', 'category': 'Organizational Dependency', 'node_id': 'c014M01N35'}}, {'od': {'evidence_statement': 'Lack of top management support disturbs the allocation of required resources', 'node_name': 'Top management engagement', 'category': 'Organizational Dependency', 'node_id': 'c014M02N43'}}, {'od': {'evidence_statement': 'Leadership support... allocates them in the training and development of the human resource', 'node_name': 'Training and development', 'category': 'Organizational Dependency', 'node_id': 'c014M02N47'}}]"
c014DS01Q07,Environment Dependency,Which external factors affect the implementation of technology-enable practices?,2.0,"MATCH (d:EnvironmentalDependency)
RETURN DISTINCT d","Changing market trends, regulatory changes, environmental risks, political risks, geopolitical instability, and logistical complexities.","[{'d': {'evidence_statement': 'Changing market trends influence the effective operations', 'node_name': 'Changing market trends', 'category': 'Environmental Dependency', 'node_id': 'c014M02N53'}}, {'d': {'evidence_statement': 'Respond quickly to disruptions such as regulatory changes', 'node_name': 'Regulatory changes', 'category': 'Environmental Dependency', 'node_id': 'c014M02N54'}}, {'d': {'evidence_statement': 'Environmental uncertainties influence the effective operations of the megaprojects', 'node_name': 'Environmental risks', 'category': 'Environmental Dependency', 'node_id': 'c014M02N49'}}, {'d': {'evidence_statement': 'Political factors influence the effective operations of the megaprojects', 'node_name': 'Political risks', 'category': 'Environmental Dependency', 'node_id': 'c014M02N50'}}, {'d': {'evidence_statement': 'Dynamic environment, including geopolitical instability and logistical complexities', 'node_name': 'Geopolitical instability', 'category': 'Environmental Dependency', 'node_id': 'c014M02N51'}}, {'d': {'evidence_statement': 'Dynamic environment, including geopolitical instability and logistical complexities', 'node_name': 'Logistical complexities', 'category': 'Environmental Dependency', 'node_id': 'c014M02N52'}}]"
c014DS01Q08,Limitation,Which limitations are been described,1.0,"MATCH (l:Limitation)
RETURN DISTINCT l","The limitations described include resistance to change, abusive leadership, lack of leadership support, underutilization of AI tools, inadequate knowledge transfer, lack of training and engagement, lack of technology infrastructure, authoritarian leadership, authoritarian leadership hindering adoption, abusive leadership causing zero adoption, lack of adaptive capability, delays and disruptions, and operational inefficiencies.","[{'l': {'evidence_statement': 'Resistance to change is identified as an AI-implementation challenge.', 'node_name': 'resistance to change', 'category': 'Limitation', 'node_id': 'c014M01N37'}}, {'l': {'evidence_statement': 'Abusive leadership is associated with negligible adoption, poor sharing, and KM failure.', 'node_name': 'abusive leadership', 'category': 'Limitation', 'node_id': 'c014M01N39'}}, {'l': {'evidence_statement': 'Lack of leadership support is associated with underutilized AI tools.', 'node_name': 'underutilization of AI tools', 'category': 'Limitation', 'node_id': 'c014M01N40'}}, {'l': {'evidence_statement': 'The results identify a gap in technology use and knowledge transfer.', 'node_name': 'inadequate knowledge transfer', 'category': 'Limitation', 'node_id': 'c014M01N41'}}, {'l': {'evidence_statement': 'Lack of leadership support includes lack of training and engagement.', 'node_name': 'lack of training and engagement', 'category': 'Limitation', 'node_id': 'c014M01N42'}}, {'l': {'evidence_statement': 'Many organizations lack infrastructure needed to integrate AI into decisions.', 'node_name': 'lack of technology infrastructure', 'category': 'Limitation', 'node_id': 'c014M01N36'}}, {'l': {'evidence_statement': 'Authoritarian leadership suppresses innovation, sharing, and AI utilization.', 'node_name': 'authoritarian leadership', 'category': 'Limitation', 'node_id': 'c014M01N38'}}, {'l': {'evidence_statement': 'A critical hurdle identified in the results is the lack of leadership support for utilizing AI-driven KM initiatives', 'node_name': 'Lack of leadership support', 'category': 'Limitation', 'node_id': 'c014M02N55'}}, {'l': {'evidence_statement': 'The authoritarian and abusive leadership style hinders its adoption', 'node_name': 'Authoritarian leadership hindering adoption', 'category': 'Limitation', 'node_id': 'c014M02N56'}}, {'l': {'evidence_statement': 'Abusive leadership - Negligible or zero adoption', 'node_name': 'Abusive leadership causing zero adoption', 'category': 'Limitation', 'node_id': 'c014M02N57'}}, {'l': {'evidence_statement': 'Some projects face delays and shutdowns as those projects lack the adaptive capability', 'node_name': 'Lack of adaptive capability', 'category': 'Limitation', 'node_id': 'c014M02N59'}}, {'l': {'evidence_statement': 'Authoritarian leadership - Delays and disruptions', 'node_name': 'Delays and disruptions', 'category': 'Limitation', 'node_id': 'c014M02N62'}}, {'l': {'evidence_statement': 'Abusive leadership - Operational inefficiencies', 'node_name': 'Operational inefficiencies', 'category': 'Limitation', 'node_id': 'c014M02N63'}}]"
c014DS01Q09,be_shared_by,Which tacit knowledge  is shared by knowledge holders?,2.0,"MATCH (tk:TacitKnowledge)-[r:be_shared_by]->(kh:KnowledgeHolder)
WITH COLLECT({src_node:tk, rel: r, dst_node: kh}) AS obj
RETURN DISTINCT obj",Participative decision-making skills and Proactive planning capability are shared by Top management.,"[{'obj': [{'rel': ({'evidence_statement': 'Participative leaders play a crucial role in aligning the stakeholders and ensuring the effective usage of communication channels', 'node_name': 'Participative decision-making skills', 'category': 'Tacit Knowledge', 'node_id': 'c014M02N13'}, 'be_shared_by', {'evidence_statement': 'Lack of top management support disturbs the allocation of required resources', 'node_name': 'Top management', 'category': 'Knowledge Holder', 'node_id': 'c014M02N21'}), 'dst_node': {'evidence_statement': 'Lack of top management support disturbs the allocation of required resources', 'node_name': 'Top management', 'category': 'Knowledge Holder', 'node_id': 'c014M02N21'}, 'src_node': {'evidence_statement': 'Participative leaders play a crucial role in aligning the stakeholders and ensuring the effective usage of communication channels', 'node_name': 'Participative decision-making skills', 'category': 'Tacit Knowledge', 'node_id': 'c014M02N13'}}, {'rel': ({'evidence_statement': 'Participative leadership... ensures proactive planning to deal with disruptions and enhance resilience', 'node_name': 'Proactive planning capability', 'category': 'Tacit Knowledge', 'node_id': 'c014M02N14'}, 'be_shared_by', {'evidence_statement': 'Lack of top management support disturbs the allocation of required resources', 'node_name': 'Top management', 'category': 'Knowledge Holder', 'node_id': 'c014M02N21'}), 'dst_node': {'evidence_statement': 'Lack of top management support disturbs the allocation of required resources', 'node_name': 'Top management', 'category': 'Knowledge Holder', 'node_id': 'c014M02N21'}, 'src_node': {'evidence_statement': 'Participative leadership... ensures proactive planning to deal with disruptions and enhance resilience', 'node_name': 'Proactive planning capability', 'category': 'Tacit Knowledge', 'node_id': 'c014M02N14'}}]}]"
c014DS01Q10,be_absorbed_by,which tacit knowledge is absorbed by knowledge learners?,2.0,"MATCH (tk:TacitKnowledge)-[r:be_absorbed_by]-(kl:KnowledgeLearner)
WITH COLLECT({src_node:tk, rel: r, dst_node: kl}) AS obj
RETURN DISTINCT obj",Lessons learned from past practices and Participative decision-making skills are absorbed by knowledge learners (team members and stakeholders).,"[{'obj': [{'rel': ({'evidence_statement': 'Collaborative platforms... enable organizations to draw lessons from past practices', 'node_name': 'Lessons learned from past practices', 'category': 'Tacit Knowledge', 'node_id': 'c014M02N09'}, 'be_absorbed_by', {'evidence_statement': 'Training sessions and workshops keep all team members knowledgeable.', 'node_name': 'team members', 'category': 'Knowledge Learner', 'node_id': 'c014M01N18'}), 'dst_node': {'evidence_statement': 'Training sessions and workshops keep all team members knowledgeable.', 'node_name': 'team members', 'category': 'Knowledge Learner', 'node_id': 'c014M01N18'}, 'src_node': {'evidence_statement': 'Collaborative platforms... enable organizations to draw lessons from past practices', 'node_name': 'Lessons learned from past practices', 'category': 'Tacit Knowledge', 'node_id': 'c014M02N09'}}, {'rel': ({'evidence_statement': 'Collaborative platforms... enable organizations to draw lessons from past practices', 'node_name': 'Lessons learned from past practices', 'category': 'Tacit Knowledge', 'node_id': 'c014M02N09'}, 'be_absorbed_by', {'evidence_statement': 'AI facilitates the knowledge transfer among the stakeholders', 'node_name': 'Stakeholders', 'category': 'Knowledge Learner', 'node_id': 'c014M02N24'}), 'dst_node': {'evidence_statement': 'AI facilitates the knowledge transfer among the stakeholders', 'node_name': 'Stakeholders', 'category': 'Knowledge Learner', 'node_id': 'c014M02N24'}, 'src_node': {'evidence_statement': 'Collaborative platforms... enable organizations to draw lessons from past practices', 'node_name': 'Lessons learned from past practices', 'category': 'Tacit Knowledge', 'node_id': 'c014M02N09'}}, {'rel': ({'evidence_statement': 'Participative leaders play a crucial role in aligning the stakeholders and ensuring the effective usage of communication channels', 'node_name': 'Participative decision-making skills', 'category': 'Tacit Knowledge', 'node_id': 'c014M02N13'}, 'be_absorbed_by', {'evidence_statement': 'Training sessions and workshops keep all team members knowledgeable.', 'node_name': 'team members', 'category': 'Knowledge Learner', 'node_id': 'c014M01N18'}), 'dst_node': {'evidence_statement': 'Training sessions and workshops keep all team members knowledgeable.', 'node_name': 'team members', 'category': 'Knowledge Learner', 'node_id': 'c014M01N18'}, 'src_node': {'evidence_statement': 'Participative leaders play a crucial role in aligning the stakeholders and ensuring the effective usage of communication channels', 'node_name': 'Participative decision-making skills', 'category': 'Tacit Knowledge', 'node_id': 'c014M02N13'}}]}]"
c014DS01Q11,be_captured_by,which tacit knowledge is captured by technology-enable practices?,2.0,"MATCH (tk:TacitKnowledge)-[r:be_captured_by]-(tep:TechnologyenablePractice)
WITH COLLECT({src_node:tk, rel: r, dst_node: tep}) AS obj
RETURN DISTINCT obj",Real-time hazard identification,"[{'obj': [{'rel': ({'evidence_statement': 'Real-time monitoring... can prevent minor issues from developing into significant disruptions', 'node_name': 'Real-time hazard identification', 'category': 'Tacit Knowledge', 'node_id': 'c014M02N10'}, 'be_captured_by', {'evidence_statement': 'Real-time monitoring, and then knowledge is shared as this immediate intervention can prevent minor issues', 'node_name': 'Real-time monitoring systems', 'category': 'Technology-enable Practice', 'node_id': 'c014M02N34'}), 'dst_node': {'evidence_statement': 'Real-time monitoring, and then knowledge is shared as this immediate intervention can prevent minor issues', 'node_name': 'Real-time monitoring systems', 'category': 'Technology-enable Practice', 'node_id': 'c014M02N34'}, 'src_node': {'evidence_statement': 'Real-time monitoring... can prevent minor issues from developing into significant disruptions', 'node_name': 'Real-time hazard identification', 'category': 'Tacit Knowledge', 'node_id': 'c014M02N10'}}]}]"
c014DS01Q12,participate_in,Which knowledge holders or knowledge learners take part in knowledge retention practices?,2.0,"MATCH (k:KnowledgeHolder|KnowledgeLearner)-[r:participate_in]->(p:TechnologyenablePractice)
WITH COLLECT({src_node:k, rel: r, dst_node: p}) AS obj
RETURN DISTINCT obj","Project leadership, megaproject stakeholders, team members, employees, and stakeholders participate in knowledge retention practices such as AI-based KM initiatives, AI-enabled collaborative platforms, project news portal, AI-enabled real-time monitoring, training sessions and workshops, and collaborative knowledge-sharing platforms.","[{'obj': [{'rel': ({'evidence_statement': 'Project leadership uses AI for monitoring and supports knowledge sharing and intervention.', 'node_name': 'project leadership', 'category': 'Knowledge Holder', 'node_id': 'c014M01N16'}, 'participate_in', {'evidence_statement': 'The case reports implementation and underutilization of AI-based KM initiatives.', 'node_name': 'AI-based knowledge management initiatives', 'category': 'Technology-enable Practice', 'node_id': 'c014M01N21'}), 'dst_node': {'evidence_statement': 'The case reports implementation and underutilization of AI-based KM initiatives.', 'node_name': 'AI-based knowledge management initiatives', 'category': 'Technology-enable Practice', 'node_id': 'c014M01N21'}, 'src_node': {'evidence_statement': 'Project leadership uses AI for monitoring and supports knowledge sharing and intervention.', 'node_name': 'project leadership', 'category': 'Knowledge Holder', 'node_id': 'c014M01N16'}}, {'rel': ({'evidence_statement': 'Collaborative platforms facilitate knowledge transfer and communication among stakeholders.', 'node_name': 'megaproject stakeholders', 'category': 'Knowledge Holder', 'node_id': 'c014M01N17'}, 'participate_in', {'evidence_statement': 'The case reports implementation and underutilization of AI-based KM initiatives.', 'node_name': 'AI-based knowledge management initiatives', 'category': 'Technology-enable Practice', 'node_id': 'c014M01N21'}), 'dst_node': {'evidence_statement': 'The case reports implementation and underutilization of AI-based KM initiatives.', 'node_name': 'AI-based knowledge management initiatives', 'category': 'Technology-enable Practice', 'node_id': 'c014M01N21'}, 'src_node': {'evidence_statement': 'Collaborative platforms facilitate knowledge transfer and communication among stakeholders.', 'node_name': 'megaproject stakeholders', 'category': 'Knowledge Holder', 'node_id': 'c014M01N17'}}, {'rel': ({'evidence_statement': 'Training sessions and workshops keep all team members knowledgeable.', 'node_name': 'team members', 'category': 'Knowledge Learner', 'node_id': 'c014M01N18'}, 'participate_in', {'evidence_statement': 'The case reports implementation and underutilization of AI-based KM initiatives.', 'node_name': 'AI-based knowledge management initiatives', 'category': 'Technology-enable Practice', 'node_id': 'c014M01N21'}), 'dst_node': {'evidence_statement': 'The case reports implementation and underutilization of AI-based KM initiatives.', 'node_name': 'AI-based knowledge management initiatives', 'category': 'Technology-enable Practice', 'node_id': 'c014M01N21'}, 'src_node': {'evidence_statement': 'Training sessions and workshops keep all team members knowledgeable.', 'node_name': 'team members', 'category': 'Knowledge Learner', 'node_id': 'c014M01N18'}}, {'rel': ({'evidence_statement': 'Project leadership uses AI for monitoring and supports knowledge sharing and intervention.', 'node_name': 'project leadership', 'category': 'Knowledge Holder', 'node_id': 'c014M01N16'}, 'participate_in', {'evidence_statement': 'Collaborative platforms facilitate transfer, streamline recording, and improve communication.', 'node_name': 'AI-enabled collaborative platforms', 'category': 'Technology-enable Practice', 'node_id': 'c014M01N22'}), 'dst_node': {'evidence_statement': 'Collaborative platforms facilitate transfer, streamline recording, and improve communication.', 'node_name': 'AI-enabled collaborative platforms', 'category': 'Technology-enable Practice', 'node_id': 'c014M01N22'}, 'src_node': {'evidence_statement': 'Project leadership uses AI for monitoring and supports knowledge sharing and intervention.', 'node_name': 'project leadership', 'category': 'Knowledge Holder', 'node_id': 'c014M01N16'}}, {'rel': ({'evidence_statement': 'Collaborative platforms facilitate knowledge transfer and communication among stakeholders.', 'node_name': 'megaproject stakeholders', 'category': 'Knowledge Holder', 'node_id': 'c014M01N17'}, 'participate_in', {'evidence_statement': 'Collaborative platforms facilitate transfer, streamline recording, and improve communication.', 'node_name': 'AI-enabled collaborative platforms', 'category': 'Technology-enable Practice', 'node_id': 'c014M01N22'}), 'dst_node': {'evidence_statement': 'Collaborative platforms facilitate transfer, streamline recording, and improve communication.', 'node_name': 'AI-enabled collaborative platforms', 'category': 'Technology-enable Practice', 'node_id': 'c014M01N22'}, 'src_node': {'evidence_statement': 'Collaborative platforms facilitate knowledge transfer and communication among stakeholders.', 'node_name': 'megaproject stakeholders', 'category': 'Knowledge Holder', 'node_id': 'c014M01N17'}}, {'rel': ({'evidence_statement': 'Collaborative platforms facilitate knowledge transfer and communication among stakeholders.', 'node_name': 'megaproject stakeholders', 'category': 'Knowledge Holder', 'node_id': 'c014M01N17'}, 'participate_in', {'evidence_statement': 'Some projects use a portal through which all project news is shared.', 'node_name': 'project news portal', 'category': 'Technology-enable Practice', 'node_id': 'c014M01N23'}), 'dst_node': {'evidence_statement': 'Some projects use a portal through which all project news is shared.', 'node_name': 'project news portal', 'category': 'Technology-enable Practice', 'node_id': 'c014M01N23'}, 'src_node': {'evidence_statement': 'Collaborative platforms facilitate knowledge transfer and communication among stakeholders.', 'node_name': 'megaproject stakeholders', 'category': 'Knowledge Holder', 'node_id': 'c014M01N17'}}, {'rel': ({'evidence_statement': 'Project leadership uses AI for monitoring and supports knowledge sharing and intervention.', 'node_name': 'project leadership', 'category': 'Knowledge Holder', 'node_id': 'c014M01N16'}, 'participate_in', {'evidence_statement': 'Project leadership uses AI monitoring followed by knowledge sharing and intervention.', 'node_name': 'AI-enabled real-time monitoring', 'category': 'Technology-enable Practice', 'node_id': 'c014M01N24'}), 'dst_node': {'evidence_statement': 'Project leadership uses AI monitoring followed by knowledge sharing and intervention.', 'node_name': 'AI-enabled real-time monitoring', 'category': 'Technology-enable Practice', 'node_id': 'c014M01N24'}, 'src_node': {'evidence_statement': 'Project leadership uses AI for monitoring and supports knowledge sharing and intervention.', 'node_name': 'project leadership', 'category': 'Knowledge Holder', 'node_id': 'c014M01N16'}}, {'rel': ({'evidence_statement': 'Empowered the employees but also mitigated the resistance to change', 'node_name': 'Employees', 'category': 'Knowledge Learner', 'node_id': 'c014M02N23'}, 'participate_in', {'evidence_statement': 'Regular training sessions and workshops supported by the leadership keep everyone in the loop', 'node_name': 'Training sessions and workshops', 'category': 'Technology-enable Practice', 'node_id': 'c014M02N36'}), 'dst_node': {'evidence_statement': 'Regular training sessions and workshops supported by the leadership keep everyone in the loop', 'node_name': 'Training sessions and workshops', 'category': 'Technology-enable Practice', 'node_id': 'c014M02N36'}, 'src_node': {'evidence_statement': 'Empowered the employees but also mitigated the resistance to change', 'node_name': 'Employees', 'category': 'Knowledge Learner', 'node_id': 'c014M02N23'}}, {'rel': ({'evidence_statement': 'Training sessions and workshops keep all team members knowledgeable.', 'node_name': 'team members', 'category': 'Knowledge Learner', 'node_id': 'c014M01N18'}, 'participate_in', {'evidence_statement': 'Regular training sessions and workshops supported by the leadership keep everyone in the loop', 'node_name': 'Training sessions and workshops', 'category': 'Technology-enable Practice', 'node_id': 'c014M02N36'}), 'dst_node': {'evidence_statement': 'Regular training sessions and workshops supported by the leadership keep everyone in the loop', 'node_name': 'Training sessions and workshops', 'category': 'Technology-enable Practice', 'node_id': 'c014M02N36'}, 'src_node': {'evidence_statement': 'Training sessions and workshops keep all team members knowledgeable.', 'node_name': 'team members', 'category': 'Knowledge Learner', 'node_id': 'c014M01N18'}}, {'rel': ({'evidence_statement': 'AI facilitates the knowledge transfer among the stakeholders', 'node_name': 'Stakeholders', 'category': 'Knowledge Learner', 'node_id': 'c014M02N24'}, 'participate_in', {'evidence_statement': 'The use of collaborative platforms also fosters better communication... ensuring that everyone is aligned and informed', 'node_name': 'Collaborative knowledge-sharing platforms', 'category': 'Technology-enable Practice', 'node_id': 'c014M02N30'}), 'dst_node': {'evidence_statement': 'The use of collaborative platforms also fosters better communication... ensuring that everyone is aligned and informed', 'node_name': 'Collaborative knowledge-sharing platforms', 'category': 'Technology-enable Practice', 'node_id': 'c014M02N30'}, 'src_node': {'evidence_statement': 'AI facilitates the knowledge transfer among the stakeholders', 'node_name': 'Stakeholders', 'category': 'Knowledge Learner', 'node_id': 'c014M02N24'}}]}]"
c014DS01Q13,depend_on,which organization or environment conditions technology-enable practices depend on?,2.0,"MATCH (p:TechnologyenablePractice)-[r:depend_on]->(d:OrganizationalDependency|EnvironmentalDependency)
WITH COLLECT({src_node:p, rel: r, dst_node: d}) AS obj
RETURN DISTINCT obj","Organizational dependencies including clear strategic vision, leadership support, participative leadership, resource allocation, knowledge-sharing culture, top management engagement, training and development, and stakeholder participation.","[{'obj': [{'rel': ({'evidence_statement': 'The case reports implementation and underutilization of AI-based KM initiatives.', 'node_name': 'AI-based knowledge management initiatives', 'category': 'Technology-enable Practice', 'node_id': 'c014M01N21'}, 'depend_on', {'evidence_statement': 'Leadership support... articulating a clear vision', 'node_name': 'Clear strategic vision', 'category': 'Organizational Dependency', 'node_id': 'c014M02N45'}), 'dst_node': {'evidence_statement': 'Leadership support... articulating a clear vision', 'node_name': 'Clear strategic vision', 'category': 'Organizational Dependency', 'node_id': 'c014M02N45'}, 'src_node': {'evidence_statement': 'The case reports implementation and underutilization of AI-based KM initiatives.', 'node_name': 'AI-based knowledge management initiatives', 'category': 'Technology-enable Practice', 'node_id': 'c014M01N21'}}, {'rel': ({'evidence_statement': 'The case reports implementation and underutilization of AI-based KM initiatives.', 'node_name': 'AI-based knowledge management initiatives', 'category': 'Technology-enable Practice', 'node_id': 'c014M01N21'}, 'depend_on', {'evidence_statement': 'Leadership support is vital to successful AI-driven KM implementation.', 'node_name': 'leadership support', 'category': 'Organizational Dependency', 'node_id': 'c014M01N31'}), 'dst_node': {'evidence_statement': 'Leadership support is vital to successful AI-driven KM implementation.', 'node_name': 'leadership support', 'category': 'Organizational Dependency', 'node_id': 'c014M01N31'}, 'src_node': {'evidence_statement': 'The case reports implementation and underutilization of AI-based KM initiatives.', 'node_name': 'AI-based knowledge management initiatives', 'category': 'Technology-enable Practice', 'node_id': 'c014M01N21'}}, {'rel': ({'evidence_statement': 'The case reports implementation and underutilization of AI-based KM initiatives.', 'node_name': 'AI-based knowledge management initiatives', 'category': 'Technology-enable Practice', 'node_id': 'c014M01N21'}, 'depend_on', {'evidence_statement': 'Participative leadership facilitates AI use, knowledge sharing, and proactive planning.', 'node_name': 'participative leadership', 'category': 'Organizational Dependency', 'node_id': 'c014M01N32'}), 'dst_node': {'evidence_statement': 'Participative leadership facilitates AI use, knowledge sharing, and proactive planning.', 'node_name': 'participative leadership', 'category': 'Organizational Dependency', 'node_id': 'c014M01N32'}, 'src_node': {'evidence_statement': 'The case reports implementation and underutilization of AI-based KM initiatives.', 'node_name': 'AI-based knowledge management initiatives', 'category': 'Technology-enable Practice', 'node_id': 'c014M01N21'}}, {'rel': ({'evidence_statement': 'The case reports implementation and underutilization of AI-based KM initiatives.', 'node_name': 'AI-based knowledge management initiatives', 'category': 'Technology-enable Practice', 'node_id': 'c014M01N21'}, 'depend_on', {'evidence_statement': 'Top-management support is required to allocate implementation and training resources.', 'node_name': 'resource allocation', 'category': 'Organizational Dependency', 'node_id': 'c014M01N33'}), 'dst_node': {'evidence_statement': 'Top-management support is required to allocate implementation and training resources.', 'node_name': 'resource allocation', 'category': 'Organizational Dependency', 'node_id': 'c014M01N33'}, 'src_node': {'evidence_statement': 'The case reports implementation and underutilization of AI-based KM initiatives.', 'node_name': 'AI-based knowledge management initiatives', 'category': 'Technology-enable Practice', 'node_id': 'c014M01N21'}}, {'rel': ({'evidence_statement': 'The case reports implementation and underutilization of AI-based KM initiatives.', 'node_name': 'AI-based knowledge management initiatives', 'category': 'Technology-enable Practice', 'node_id': 'c014M01N21'}, 'depend_on', {'evidence_statement': 'Leadership creates a culture of knowledge sharing and innovation.', 'node_name': 'knowledge-sharing culture', 'category': 'Organizational Dependency', 'node_id': 'c014M01N34'}), 'dst_node': {'evidence_statement': 'Leadership creates a culture of knowledge sharing and innovation.', 'node_name': 'knowledge-sharing culture', 'category': 'Organizational Dependency', 'node_id': 'c014M01N34'}, 'src_node': {'evidence_statement': 'The case reports implementation and underutilization of AI-based KM initiatives.', 'node_name': 'AI-based knowledge management initiatives', 'category': 'Technology-enable Practice', 'node_id': 'c014M01N21'}}, {'rel': ({'evidence_statement': 'The case reports implementation and underutilization of AI-based KM initiatives.', 'node_name': 'AI-based knowledge management initiatives', 'category': 'Technology-enable Practice', 'node_id': 'c014M01N21'}, 'depend_on', {'evidence_statement': 'Lack of top management support disturbs the allocation of required resources', 'node_name': 'Top management engagement', 'category': 'Organizational Dependency', 'node_id': 'c014M02N43'}), 'dst_node': {'evidence_statement': 'Lack of top management support disturbs the allocation of required resources', 'node_name': 'Top management engagement', 'category': 'Organizational Dependency', 'node_id': 'c014M02N43'}, 'src_node': {'evidence_statement': 'The case reports implementation and underutilization of AI-based KM initiatives.', 'node_name': 'AI-based knowledge management initiatives', 'category': 'Technology-enable Practice', 'node_id': 'c014M01N21'}}, {'rel': ({'evidence_statement': 'The case reports implementation and underutilization of AI-based KM initiatives.', 'node_name': 'AI-based knowledge management initiatives', 'category': 'Technology-enable Practice', 'node_id': 'c014M01N21'}, 'depend_on', {'evidence_statement': 'Leadership support... allocates them in the training and development of the human resource', 'node_name': 'Training and development', 'category': 'Organizational Dependency', 'node_id': 'c014M02N47'}), 'dst_node': {'evidence_statement': 'Leadership support... allocates them in the training and development of the human resource', 'node_name': 'Training and development', 'category': 'Organizational Dependency', 'node_id': 'c014M02N47'}, 'src_node': {'evidence_statement': 'The case reports implementation and underutilization of AI-based KM initiatives.', 'node_name': 'AI-based knowledge management initiatives', 'category': 'Technology-enable Practice', 'node_id': 'c014M01N21'}}, {'rel': ({'evidence_statement': 'Collaborative platforms facilitate transfer, streamline recording, and improve communication.', 'node_name': 'AI-enabled collaborative platforms', 'category': 'Technology-enable Practice', 'node_id': 'c014M01N22'}, 'depend_on', {'evidence_statement': 'Leadership support is vital to successful AI-driven KM implementation.', 'node_name': 'leadership support', 'category': 'Organizational Dependency', 'node_id': 'c014M01N31'}), 'dst_node': {'evidence_statement': 'Leadership support is vital to successful AI-driven KM implementation.', 'node_name': 'leadership support', 'category': 'Organizational Dependency', 'node_id': 'c014M01N31'}, 'src_node': {'evidence_statement': 'Collaborative platforms facilitate transfer, streamline recording, and improve communication.', 'node_name': 'AI-enabled collaborative platforms', 'category': 'Technology-enable Practice', 'node_id': 'c014M01N22'}}, {'rel': ({'evidence_statement': 'Collaborative platforms facilitate transfer, streamline recording, and improve communication.', 'node_name': 'AI-enabled collaborative platforms', 'category': 'Technology-enable Practice', 'node_id': 'c014M01N22'}, 'depend_on', {'evidence_statement': 'Participative leadership facilitates AI use, knowledge sharing, and proactive planning.', 'node_name': 'participative leadership', 'category': 'Organizational Dependency', 'node_id': 'c014M01N32'}), 'dst_node': {'evidence_statement': 'Participative leadership facilitates AI use, knowledge sharing, and proactive planning.', 'node_name': 'participative leadership', 'category': 'Organizational Dependency', 'node_id': 'c014M01N32'}, 'src_node': {'evidence_statement': 'Collaborative platforms facilitate transfer, streamline recording, and improve communication.', 'node_name': 'AI-enabled collaborative platforms', 'category': 'Technology-enable Practice', 'node_id': 'c014M01N22'}}, {'rel': ({'evidence_statement': 'Collaborative platforms facilitate transfer, streamline recording, and improve communication.', 'node_name': 'AI-enabled collaborative platforms', 'category': 'Technology-enable Practice', 'node_id': 'c014M01N22'}, 'depend_on', {'evidence_statement': 'Leadership creates a culture of knowledge sharing and innovation.', 'node_name': 'knowledge-sharing culture', 'category': 'Organizational Dependency', 'node_id': 'c014M01N34'}), 'dst_node': {'evidence_statement': 'Leadership creates a culture of knowledge sharing and innovation.', 'node_name': 'knowledge-sharing culture', 'category': 'Organizational Dependency', 'node_id': 'c014M01N34'}, 'src_node': {'evidence_statement': 'Collaborative platforms facilitate transfer, streamline recording, and improve communication.', 'node_name': 'AI-enabled collaborative platforms', 'category': 'Technology-enable Practice', 'node_id': 'c014M01N22'}}, {'rel': ({'evidence_statement': 'Collaborative platforms facilitate transfer, streamline recording, and improve communication.', 'node_name': 'AI-enabled collaborative platforms', 'category': 'Technology-enable Practice', 'node_id': 'c014M01N22'}, 'depend_on', {'evidence_statement': 'Participative leadership encourages stakeholder participation and alignment.', 'node_name': 'stakeholder participation', 'category': 'Organizational Dependency', 'node_id': 'c014M01N35'}), 'dst_node': {'evidence_statement': 'Participative leadership encourages stakeholder participation and alignment.', 'node_name': 'stakeholder participation', 'category': 'Organizational Dependency', 'node_id': 'c014M01N35'}, 'src_node': {'evidence_statement': 'Collaborative platforms facilitate transfer, streamline recording, and improve communication.', 'node_name': 'AI-enabled collaborative platforms', 'category': 'Technology-enable Practice', 'node_id': 'c014M01N22'}}, {'rel': ({'evidence_statement': 'Some projects use a portal through which all project news is shared.', 'node_name': 'project news portal', 'category': 'Technology-enable Practice', 'node_id': 'c014M01N23'}, 'depend_on', {'evidence_statement': 'Leadership support is vital to successful AI-driven KM implementation.', 'node_name': 'leadership support', 'category': 'Organizational Dependency', 'node_id': 'c014M01N31'}), 'dst_node': {'evidence_statement': 'Leadership support is vital to successful AI-driven KM implementation.', 'node_name': 'leadership support', 'category': 'Organizational Dependency', 'node_id': 'c014M01N31'}, 'src_node': {'evidence_statement': 'Some projects use a portal through which all project news is shared.', 'node_name': 'project news portal', 'category': 'Technology-enable Practice', 'node_id': 'c014M01N23'}}, {'rel': ({'evidence_statement': 'Project leadership uses AI monitoring followed by knowledge sharing and intervention.', 'node_name': 'AI-enabled real-time monitoring', 'category': 'Technology-enable Practice', 'node_id': 'c014M01N24'}, 'depend_on', {'evidence_statement': 'Leadership support is vital to successful AI-driven KM implementation.', 'node_name': 'leadership support', 'category': 'Organizational Dependency', 'node_id': 'c014M01N31'}), 'dst_node': {'evidence_statement': 'Leadership support is vital to successful AI-driven KM implementation.', 'node_name': 'leadership support', 'category': 'Organizational Dependency', 'node_id': 'c014M01N31'}, 'src_node': {'evidence_statement': 'Project leadership uses AI monitoring followed by knowledge sharing and intervention.', 'node_name': 'AI-enabled real-time monitoring', 'category': 'Technology-enable Practice', 'node_id': 'c014M01N24'}}, {'rel': ({'evidence_statement': 'Project leadership uses AI monitoring followed by knowledge sharing and intervention.', 'node_name': 'AI-enabled real-time monitoring', 'category': 'Technology-enable Practice', 'node_id': 'c014M01N24'}, 'depend_on', {'evidence_statement': 'Participative leadership facilitates AI use, knowledge sharing, and proactive planning.', 'node_name': 'participative leadership', 'category': 'Organizational Dependency', 'node_id': 'c014M01N32'}), 'dst_node': {'evidence_statement': 'Participative leadership facilitates AI use, knowledge sharing, and proactive planning.', 'node_name': 'participative leadership', 'category': 'Organizational Dependency', 'node_id': 'c014M01N32'}, 'src_node': {'evidence_statement': 'Project leadership uses AI monitoring followed by knowledge sharing and intervention.', 'node_name': 'AI-enabled real-time monitoring', 'category': 'Technology-enable Practice', 'node_id': 'c014M01N24'}}, {'rel': ({'evidence_statement': 'Predictive analytics supports backup plans and predicts trends and outcomes.', 'node_name': 'AI-enabled predictive analytics', 'category': 'Technology-enable Practice', 'node_id': 'c014M01N25'}, 'depend_on', {'evidence_statement': 'Leadership support is vital to successful AI-driven KM implementation.', 'node_name': 'leadership support', 'category': 'Organizational Dependency', 'node_id': 'c014M01N31'}), 'dst_node': {'evidence_statement': 'Leadership support is vital to successful AI-driven KM implementation.', 'node_name': 'leadership support', 'category': 'Organizational Dependency', 'node_id': 'c014M01N31'}, 'src_node': {'evidence_statement': 'Predictive analytics supports backup plans and predicts trends and outcomes.', 'node_name': 'AI-enabled predictive analytics', 'category': 'Technology-enable Practice', 'node_id': 'c014M01N25'}}, {'rel': ({'evidence_statement': 'Some CPEC projects use Net Zero Cloud to read data and generate reports.', 'node_name': 'Net Zero Cloud', 'category': 'Technology-enable Practice', 'node_id': 'c014M01N27'}, 'depend_on', {'evidence_statement': 'Leadership support is vital to successful AI-driven KM implementation.', 'node_name': 'leadership support', 'category': 'Organizational Dependency', 'node_id': 'c014M01N31'}), 'dst_node': {'evidence_statement': 'Leadership support is vital to successful AI-driven KM implementation.', 'node_name': 'leadership support', 'category': 'Organizational Dependency', 'node_id': 'c014M01N31'}, 'src_node': {'evidence_statement': 'Some CPEC projects use Net Zero Cloud to read data and generate reports.', 'node_name': 'Net Zero Cloud', 'category': 'Technology-enable Practice', 'node_id': 'c014M01N27'}}]}]"
c014DS01Q14,evaluate,which tacit knowledge is evaluated by technology-enable practices?,2.0,"MATCH (tk:TacitKnowledge)-[r:evaluate]-(t:TechnologyenablePractice)
WITH COLLECT({src_node:tk, rel: r, dst_node: t}) AS obj
RETURN DISTINCT obj",Real-time hazard identification,"[{'obj': [{'rel': ({'evidence_statement': 'Real-time monitoring, and then knowledge is shared as this immediate intervention can prevent minor issues', 'node_name': 'Real-time monitoring systems', 'category': 'Technology-enable Practice', 'node_id': 'c014M02N34'}, 'evaluate', {'evidence_statement': 'Real-time monitoring... can prevent minor issues from developing into significant disruptions', 'node_name': 'Real-time hazard identification', 'category': 'Tacit Knowledge', 'node_id': 'c014M02N10'}), 'dst_node': {'evidence_statement': 'Real-time monitoring, and then knowledge is shared as this immediate intervention can prevent minor issues', 'node_name': 'Real-time monitoring systems', 'category': 'Technology-enable Practice', 'node_id': 'c014M02N34'}, 'src_node': {'evidence_statement': 'Real-time monitoring... can prevent minor issues from developing into significant disruptions', 'node_name': 'Real-time hazard identification', 'category': 'Tacit Knowledge', 'node_id': 'c014M02N10'}}]}]"
c014DS01Q15,adopt,Which digital technologies technology‑enable practices adopt?,2.0,"MATCH (p:TechnologyenablePractice)-[r:adopt]-(d:DigitalTechnology)
WITH COLLECT({src_node:p, rel: r, dst_node: d}) AS obj
RETURN DISTINCT obj","Collaborative knowledge-sharing platforms adopt collaborative platforms; AI-enabled predictive analytics adopts predictive analytics; Generative AI tools and Net Zero Cloud adopt generative AI; AI-based knowledge management initiatives, AI-enabled collaborative platforms, AI-enabled real-time monitoring, and AI environmental monitoring tools adopt artificial intelligence.","[{'obj': [{'rel': ({'evidence_statement': 'The use of collaborative platforms also fosters better communication... ensuring that everyone is aligned and informed', 'node_name': 'Collaborative knowledge-sharing platforms', 'category': 'Technology-enable Practice', 'node_id': 'c014M02N30'}, 'adopt', {'evidence_statement': 'Collaborative platforms also fosters better communication', 'node_name': 'Collaborative platforms', 'category': 'Digital Technology', 'node_id': 'c014M02N39'}), 'dst_node': {'evidence_statement': 'Collaborative platforms also fosters better communication', 'node_name': 'Collaborative platforms', 'category': 'Digital Technology', 'node_id': 'c014M02N39'}, 'src_node': {'evidence_statement': 'The use of collaborative platforms also fosters better communication... ensuring that everyone is aligned and informed', 'node_name': 'Collaborative knowledge-sharing platforms', 'category': 'Technology-enable Practice', 'node_id': 'c014M02N30'}}, {'rel': ({'evidence_statement': 'Predictive analytics supports backup plans and predicts trends and outcomes.', 'node_name': 'AI-enabled predictive analytics', 'category': 'Technology-enable Practice', 'node_id': 'c014M01N25'}, 'adopt', {'evidence_statement': 'Predictive analytics is used to make backup plans ahead of time.', 'node_name': 'predictive analytics', 'category': 'Digital Technology', 'node_id': 'c014M01N29'}), 'dst_node': {'evidence_statement': 'Predictive analytics is used to make backup plans ahead of time.', 'node_name': 'predictive analytics', 'category': 'Digital Technology', 'node_id': 'c014M01N29'}, 'src_node': {'evidence_statement': 'Predictive analytics supports backup plans and predicts trends and outcomes.', 'node_name': 'AI-enabled predictive analytics', 'category': 'Technology-enable Practice', 'node_id': 'c014M01N25'}}, {'rel': ({'evidence_statement': ""Generative AI tools, such as the 'net zero cloud,' was noted to be used"", 'node_name': 'Generative AI tools', 'category': 'Technology-enable Practice', 'node_id': 'c014M02N32'}, 'adopt', {'evidence_statement': 'The results identify generative AI tools such as Net Zero Cloud.', 'node_name': 'generative AI', 'category': 'Digital Technology', 'node_id': 'c014M01N30'}), 'dst_node': {'evidence_statement': 'The results identify generative AI tools such as Net Zero Cloud.', 'node_name': 'generative AI', 'category': 'Digital Technology', 'node_id': 'c014M01N30'}, 'src_node': {'evidence_statement': ""Generative AI tools, such as the 'net zero cloud,' was noted to be used"", 'node_name': 'Generative AI tools', 'category': 'Technology-enable Practice', 'node_id': 'c014M02N32'}}, {'rel': ({'evidence_statement': 'Some CPEC projects use Net Zero Cloud to read data and generate reports.', 'node_name': 'Net Zero Cloud', 'category': 'Technology-enable Practice', 'node_id': 'c014M01N27'}, 'adopt', {'evidence_statement': 'The results identify generative AI tools such as Net Zero Cloud.', 'node_name': 'generative AI', 'category': 'Digital Technology', 'node_id': 'c014M01N30'}), 'dst_node': {'evidence_statement': 'The results identify generative AI tools such as Net Zero Cloud.', 'node_name': 'generative AI', 'category': 'Digital Technology', 'node_id': 'c014M01N30'}, 'src_node': {'evidence_statement': 'Some CPEC projects use Net Zero Cloud to read data and generate reports.', 'node_name': 'Net Zero Cloud', 'category': 'Technology-enable Practice', 'node_id': 'c014M01N27'}}, {'rel': ({'evidence_statement': 'The case reports implementation and underutilization of AI-based KM initiatives.', 'node_name': 'AI-based knowledge management initiatives', 'category': 'Technology-enable Practice', 'node_id': 'c014M01N21'}, 'adopt', {'evidence_statement': 'Artificial intelligence is integrated into knowledge-management initiatives.', 'node_name': 'artificial intelligence', 'category': 'Digital Technology', 'node_id': 'c014M01N28'}), 'dst_node': {'evidence_statement': 'Artificial intelligence is integrated into knowledge-management initiatives.', 'node_name': 'artificial intelligence', 'category': 'Digital Technology', 'node_id': 'c014M01N28'}, 'src_node': {'evidence_statement': 'The case reports implementation and underutilization of AI-based KM initiatives.', 'node_name': 'AI-based knowledge management initiatives', 'category': 'Technology-enable Practice', 'node_id': 'c014M01N21'}}, {'rel': ({'evidence_statement': 'Collaborative platforms facilitate transfer, streamline recording, and improve communication.', 'node_name': 'AI-enabled collaborative platforms', 'category': 'Technology-enable Practice', 'node_id': 'c014M01N22'}, 'adopt', {'evidence_statement': 'Artificial intelligence is integrated into knowledge-management initiatives.', 'node_name': 'artificial intelligence', 'category': 'Digital Technology', 'node_id': 'c014M01N28'}), 'dst_node': {'evidence_statement': 'Artificial intelligence is integrated into knowledge-management initiatives.', 'node_name': 'artificial intelligence', 'category': 'Digital Technology', 'node_id': 'c014M01N28'}, 'src_node': {'evidence_statement': 'Collaborative platforms facilitate transfer, streamline recording, and improve communication.', 'node_name': 'AI-enabled collaborative platforms', 'category': 'Technology-enable Practice', 'node_id': 'c014M01N22'}}, {'rel': ({'evidence_statement': 'Project leadership uses AI monitoring followed by knowledge sharing and intervention.', 'node_name': 'AI-enabled real-time monitoring', 'category': 'Technology-enable Practice', 'node_id': 'c014M01N24'}, 'adopt', {'evidence_statement': 'Artificial intelligence is integrated into knowledge-management initiatives.', 'node_name': 'artificial intelligence', 'category': 'Digital Technology', 'node_id': 'c014M01N28'}), 'dst_node': {'evidence_statement': 'Artificial intelligence is integrated into knowledge-management initiatives.', 'node_name': 'artificial intelligence', 'category': 'Digital Technology', 'node_id': 'c014M01N28'}, 'src_node': {'evidence_statement': 'Project leadership uses AI monitoring followed by knowledge sharing and intervention.', 'node_name': 'AI-enabled real-time monitoring', 'category': 'Technology-enable Practice', 'node_id': 'c014M01N24'}}, {'rel': ({'evidence_statement': 'AI tools track carbon footprints and emissions in real time.', 'node_name': 'AI environmental monitoring tools', 'category': 'Technology-enable Practice', 'node_id': 'c014M01N26'}, 'adopt', {'evidence_statement': 'Artificial intelligence is integrated into knowledge-management initiatives.', 'node_name': 'artificial intelligence', 'category': 'Digital Technology', 'node_id': 'c014M01N28'}), 'dst_node': {'evidence_statement': 'Artificial intelligence is integrated into knowledge-management initiatives.', 'node_name': 'artificial intelligence', 'category': 'Digital Technology', 'node_id': 'c014M01N28'}, 'src_node': {'evidence_statement': 'AI tools track carbon footprints and emissions in real time.', 'node_name': 'AI environmental monitoring tools', 'category': 'Technology-enable Practice', 'node_id': 'c014M01N26'}}]}]"
c014DS01Q16,be_constrained_by,Which limitations technology-enable practices are constrained by?,2.0,"MATCH (p:TechnologyenablePractice)-[r:be_constrained_by]-(l:Limitation)
WITH COLLECT({src_node:p, rel: r, dst_node: l}) AS obj
RETURN DISTINCT obj","AI-based knowledge management initiatives are constrained by resistance to change, abusive leadership, underutilization of AI tools, inadequate knowledge transfer, lack of training and engagement, lack of technology infrastructure, authoritarian leadership, and lack of leadership support. AI-enabled collaborative platforms are constrained by abusive leadership, inadequate knowledge transfer, lack of training and engagement, and authoritarian leadership. Project news portal is constrained by authoritarian leadership. AI-enabled real-time monitoring is constrained by abusive leadership, underutilization of AI tools, lack of technology infrastructure, and authoritarian leadership. AI-enabled predictive analytics is constrained by underutilization of AI tools, lack of technology infrastructure, and authoritarian leadership. Net Zero Cloud is constrained by underutilization of AI tools and lack of training and engagement.","[{'obj': [{'rel': ({'evidence_statement': 'The case reports implementation and underutilization of AI-based KM initiatives.', 'node_name': 'AI-based knowledge management initiatives', 'category': 'Technology-enable Practice', 'node_id': 'c014M01N21'}, 'be_constrained_by', {'evidence_statement': 'Resistance to change is identified as an AI-implementation challenge.', 'node_name': 'resistance to change', 'category': 'Limitation', 'node_id': 'c014M01N37'}), 'dst_node': {'evidence_statement': 'Resistance to change is identified as an AI-implementation challenge.', 'node_name': 'resistance to change', 'category': 'Limitation', 'node_id': 'c014M01N37'}, 'src_node': {'evidence_statement': 'The case reports implementation and underutilization of AI-based KM initiatives.', 'node_name': 'AI-based knowledge management initiatives', 'category': 'Technology-enable Practice', 'node_id': 'c014M01N21'}}, {'rel': ({'evidence_statement': 'The case reports implementation and underutilization of AI-based KM initiatives.', 'node_name': 'AI-based knowledge management initiatives', 'category': 'Technology-enable Practice', 'node_id': 'c014M01N21'}, 'be_constrained_by', {'evidence_statement': 'Abusive leadership is associated with negligible adoption, poor sharing, and KM failure.', 'node_name': 'abusive leadership', 'category': 'Limitation', 'node_id': 'c014M01N39'}), 'dst_node': {'evidence_statement': 'Abusive leadership is associated with negligible adoption, poor sharing, and KM failure.', 'node_name': 'abusive leadership', 'category': 'Limitation', 'node_id': 'c014M01N39'}, 'src_node': {'evidence_statement': 'The case reports implementation and underutilization of AI-based KM initiatives.', 'node_name': 'AI-based knowledge management initiatives', 'category': 'Technology-enable Practice', 'node_id': 'c014M01N21'}}, {'rel': ({'evidence_statement': 'The case reports implementation and underutilization of AI-based KM initiatives.', 'node_name': 'AI-based knowledge management initiatives', 'category': 'Technology-enable Practice', 'node_id': 'c014M01N21'}, 'be_constrained_by', {'evidence_statement': 'Lack of leadership support is associated with underutilized AI tools.', 'node_name': 'underutilization of AI tools', 'category': 'Limitation', 'node_id': 'c014M01N40'}), 'dst_node': {'evidence_statement': 'Lack of leadership support is associated with underutilized AI tools.', 'node_name': 'underutilization of AI tools', 'category': 'Limitation', 'node_id': 'c014M01N40'}, 'src_node': {'evidence_statement': 'The case reports implementation and underutilization of AI-based KM initiatives.', 'node_name': 'AI-based knowledge management initiatives', 'category': 'Technology-enable Practice', 'node_id': 'c014M01N21'}}, {'rel': ({'evidence_statement': 'The case reports implementation and underutilization of AI-based KM initiatives.', 'node_name': 'AI-based knowledge management initiatives', 'category': 'Technology-enable Practice', 'node_id': 'c014M01N21'}, 'be_constrained_by', {'evidence_statement': 'The results identify a gap in technology use and knowledge transfer.', 'node_name': 'inadequate knowledge transfer', 'category': 'Limitation', 'node_id': 'c014M01N41'}), 'dst_node': {'evidence_statement': 'The results identify a gap in technology use and knowledge transfer.', 'node_name': 'inadequate knowledge transfer', 'category': 'Limitation', 'node_id': 'c014M01N41'}, 'src_node': {'evidence_statement': 'The case reports implementation and underutilization of AI-based KM initiatives.', 'node_name': 'AI-based knowledge management initiatives', 'category': 'Technology-enable Practice', 'node_id': 'c014M01N21'}}, {'rel': ({'evidence_statement': 'The case reports implementation and underutilization of AI-based KM initiatives.', 'node_name': 'AI-based knowledge management initiatives', 'category': 'Technology-enable Practice', 'node_id': 'c014M01N21'}, 'be_constrained_by', {'evidence_statement': 'Lack of leadership support includes lack of training and engagement.', 'node_name': 'lack of training and engagement', 'category': 'Limitation', 'node_id': 'c014M01N42'}), 'dst_node': {'evidence_statement': 'Lack of leadership support includes lack of training and engagement.', 'node_name': 'lack of training and engagement', 'category': 'Limitation', 'node_id': 'c014M01N42'}, 'src_node': {'evidence_statement': 'The case reports implementation and underutilization of AI-based KM initiatives.', 'node_name': 'AI-based knowledge management initiatives', 'category': 'Technology-enable Practice', 'node_id': 'c014M01N21'}}, {'rel': ({'evidence_statement': 'The case reports implementation and underutilization of AI-based KM initiatives.', 'node_name': 'AI-based knowledge management initiatives', 'category': 'Technology-enable Practice', 'node_id': 'c014M01N21'}, 'be_constrained_by', {'evidence_statement': 'Many organizations lack infrastructure needed to integrate AI into decisions.', 'node_name': 'lack of technology infrastructure', 'category': 'Limitation', 'node_id': 'c014M01N36'}), 'dst_node': {'evidence_statement': 'Many organizations lack infrastructure needed to integrate AI into decisions.', 'node_name': 'lack of technology infrastructure', 'category': 'Limitation', 'node_id': 'c014M01N36'}, 'src_node': {'evidence_statement': 'The case reports implementation and underutilization of AI-based KM initiatives.', 'node_name': 'AI-based knowledge management initiatives', 'category': 'Technology-enable Practice', 'node_id': 'c014M01N21'}}, {'rel': ({'evidence_statement': 'The case reports implementation and underutilization of AI-based KM initiatives.', 'node_name': 'AI-based knowledge management initiatives', 'category': 'Technology-enable Practice', 'node_id': 'c014M01N21'}, 'be_constrained_by', {'evidence_statement': 'Authoritarian leadership suppresses innovation, sharing, and AI utilization.', 'node_name': 'authoritarian leadership', 'category': 'Limitation', 'node_id': 'c014M01N38'}), 'dst_node': {'evidence_statement': 'Authoritarian leadership suppresses innovation, sharing, and AI utilization.', 'node_name': 'authoritarian leadership', 'category': 'Limitation', 'node_id': 'c014M01N38'}, 'src_node': {'evidence_statement': 'The case reports implementation and underutilization of AI-based KM initiatives.', 'node_name': 'AI-based knowledge management initiatives', 'category': 'Technology-enable Practice', 'node_id': 'c014M01N21'}}, {'rel': ({'evidence_statement': 'The case reports implementation and underutilization of AI-based KM initiatives.', 'node_name': 'AI-based knowledge management initiatives', 'category': 'Technology-enable Practice', 'node_id': 'c014M01N21'}, 'be_constrained_by', {'evidence_statement': 'A critical hurdle identified in the results is the lack of leadership support for utilizing AI-driven KM initiatives', 'node_name': 'Lack of leadership support', 'category': 'Limitation', 'node_id': 'c014M02N55'}), 'dst_node': {'evidence_statement': 'A critical hurdle identified in the results is the lack of leadership support for utilizing AI-driven KM initiatives', 'node_name': 'Lack of leadership support', 'category': 'Limitation', 'node_id': 'c014M02N55'}, 'src_node': {'evidence_statement': 'The case reports implementation and underutilization of AI-based KM initiatives.', 'node_name': 'AI-based knowledge management initiatives', 'category': 'Technology-enable Practice', 'node_id': 'c014M01N21'}}, {'rel': ({'evidence_statement': 'The case reports implementation and underutilization of AI-based KM initiatives.', 'node_name': 'AI-based knowledge management initiatives', 'category': 'Technology-enable Practice', 'node_id': 'c014M01N21'}, 'be_constrained_by', {'evidence_statement': 'Abusive leadership - Negligible or zero adoption', 'node_name': 'Abusive leadership causing zero adoption', 'category': 'Limitation', 'node_id': 'c014M02N57'}), 'dst_node': {'evidence_statement': 'Abusive leadership - Negligible or zero adoption', 'node_name': 'Abusive leadership causing zero adoption', 'category': 'Limitation', 'node_id': 'c014M02N57'}, 'src_node': {'evidence_statement': 'The case reports implementation and underutilization of AI-based KM initiatives.', 'node_name': 'AI-based knowledge management initiatives', 'category': 'Technology-enable Practice', 'node_id': 'c014M01N21'}}, {'rel': ({'evidence_statement': 'Collaborative platforms facilitate transfer, streamline recording, and improve communication.', 'node_name': 'AI-enabled collaborative platforms', 'category': 'Technology-enable Practice', 'node_id': 'c014M01N22'}, 'be_constrained_by', {'evidence_statement': 'Abusive leadership is associated with negligible adoption, poor sharing, and KM failure.', 'node_name': 'abusive leadership', 'category': 'Limitation', 'node_id': 'c014M01N39'}), 'dst_node': {'evidence_statement': 'Abusive leadership is associated with negligible adoption, poor sharing, and KM failure.', 'node_name': 'abusive leadership', 'category': 'Limitation', 'node_id': 'c014M01N39'}, 'src_node': {'evidence_statement': 'Collaborative platforms facilitate transfer, streamline recording, and improve communication.', 'node_name': 'AI-enabled collaborative platforms', 'category': 'Technology-enable Practice', 'node_id': 'c014M01N22'}}, {'rel': ({'evidence_statement': 'Collaborative platforms facilitate transfer, streamline recording, and improve communication.', 'node_name': 'AI-enabled collaborative platforms', 'category': 'Technology-enable Practice', 'node_id': 'c014M01N22'}, 'be_constrained_by', {'evidence_statement': 'The results identify a gap in technology use and knowledge transfer.', 'node_name': 'inadequate knowledge transfer', 'category': 'Limitation', 'node_id': 'c014M01N41'}), 'dst_node': {'evidence_statement': 'The results identify a gap in technology use and knowledge transfer.', 'node_name': 'inadequate knowledge transfer', 'category': 'Limitation', 'node_id': 'c014M01N41'}, 'src_node': {'evidence_statement': 'Collaborative platforms facilitate transfer, streamline recording, and improve communication.', 'node_name': 'AI-enabled collaborative platforms', 'category': 'Technology-enable Practice', 'node_id': 'c014M01N22'}}, {'rel': ({'evidence_statement': 'Collaborative platforms facilitate transfer, streamline recording, and improve communication.', 'node_name': 'AI-enabled collaborative platforms', 'category': 'Technology-enable Practice', 'node_id': 'c014M01N22'}, 'be_constrained_by', {'evidence_statement': 'Lack of leadership support includes lack of training and engagement.', 'node_name': 'lack of training and engagement', 'category': 'Limitation', 'node_id': 'c014M01N42'}), 'dst_node': {'evidence_statement': 'Lack of leadership support includes lack of training and engagement.', 'node_name': 'lack of training and engagement', 'category': 'Limitation', 'node_id': 'c014M01N42'}, 'src_node': {'evidence_statement': 'Collaborative platforms facilitate transfer, streamline recording, and improve communication.', 'node_name': 'AI-enabled collaborative platforms', 'category': 'Technology-enable Practice', 'node_id': 'c014M01N22'}}, {'rel': ({'evidence_statement': 'Collaborative platforms facilitate transfer, streamline recording, and improve communication.', 'node_name': 'AI-enabled collaborative platforms', 'category': 'Technology-enable Practice', 'node_id': 'c014M01N22'}, 'be_constrained_by', {'evidence_statement': 'Authoritarian leadership suppresses innovation, sharing, and AI utilization.', 'node_name': 'authoritarian leadership', 'category': 'Limitation', 'node_id': 'c014M01N38'}), 'dst_node': {'evidence_statement': 'Authoritarian leadership suppresses innovation, sharing, and AI utilization.', 'node_name': 'authoritarian leadership', 'category': 'Limitation', 'node_id': 'c014M01N38'}, 'src_node': {'evidence_statement': 'Collaborative platforms facilitate transfer, streamline recording, and improve communication.', 'node_name': 'AI-enabled collaborative platforms', 'category': 'Technology-enable Practice', 'node_id': 'c014M01N22'}}, {'rel': ({'evidence_statement': 'Some projects use a portal through which all project news is shared.', 'node_name': 'project news portal', 'category': 'Technology-enable Practice', 'node_id': 'c014M01N23'}, 'be_constrained_by', {'evidence_statement': 'Authoritarian leadership suppresses innovation, sharing, and AI utilization.', 'node_name': 'authoritarian leadership', 'category': 'Limitation', 'node_id': 'c014M01N38'}), 'dst_node': {'evidence_statement': 'Authoritarian leadership suppresses innovation, sharing, and AI utilization.', 'node_name': 'authoritarian leadership', 'category': 'Limitation', 'node_id': 'c014M01N38'}, 'src_node': {'evidence_statement': 'Some projects use a portal through which all project news is shared.', 'node_name': 'project news portal', 'category': 'Technology-enable Practice', 'node_id': 'c014M01N23'}}, {'rel': ({'evidence_statement': 'Project leadership uses AI monitoring followed by knowledge sharing and intervention.', 'node_name': 'AI-enabled real-time monitoring', 'category': 'Technology-enable Practice', 'node_id': 'c014M01N24'}, 'be_constrained_by', {'evidence_statement': 'Abusive leadership is associated with negligible adoption, poor sharing, and KM failure.', 'node_name': 'abusive leadership', 'category': 'Limitation', 'node_id': 'c014M01N39'}), 'dst_node': {'evidence_statement': 'Abusive leadership is associated with negligible adoption, poor sharing, and KM failure.', 'node_name': 'abusive leadership', 'category': 'Limitation', 'node_id': 'c014M01N39'}, 'src_node': {'evidence_statement': 'Project leadership uses AI monitoring followed by knowledge sharing and intervention.', 'node_name': 'AI-enabled real-time monitoring', 'category': 'Technology-enable Practice', 'node_id': 'c014M01N24'}}, {'rel': ({'evidence_statement': 'Project leadership uses AI monitoring followed by knowledge sharing and intervention.', 'node_name': 'AI-enabled real-time monitoring', 'category': 'Technology-enable Practice', 'node_id': 'c014M01N24'}, 'be_constrained_by', {'evidence_statement': 'Lack of leadership support is associated with underutilized AI tools.', 'node_name': 'underutilization of AI tools', 'category': 'Limitation', 'node_id': 'c014M01N40'}), 'dst_node': {'evidence_statement': 'Lack of leadership support is associated with underutilized AI tools.', 'node_name': 'underutilization of AI tools', 'category': 'Limitation', 'node_id': 'c014M01N40'}, 'src_node': {'evidence_statement': 'Project leadership uses AI monitoring followed by knowledge sharing and intervention.', 'node_name': 'AI-enabled real-time monitoring', 'category': 'Technology-enable Practice', 'node_id': 'c014M01N24'}}, {'rel': ({'evidence_statement': 'Project leadership uses AI monitoring followed by knowledge sharing and intervention.', 'node_name': 'AI-enabled real-time monitoring', 'category': 'Technology-enable Practice', 'node_id': 'c014M01N24'}, 'be_constrained_by', {'evidence_statement': 'Many organizations lack infrastructure needed to integrate AI into decisions.', 'node_name': 'lack of technology infrastructure', 'category': 'Limitation', 'node_id': 'c014M01N36'}), 'dst_node': {'evidence_statement': 'Many organizations lack infrastructure needed to integrate AI into decisions.', 'node_name': 'lack of technology infrastructure', 'category': 'Limitation', 'node_id': 'c014M01N36'}, 'src_node': {'evidence_statement': 'Project leadership uses AI monitoring followed by knowledge sharing and intervention.', 'node_name': 'AI-enabled real-time monitoring', 'category': 'Technology-enable Practice', 'node_id': 'c014M01N24'}}, {'rel': ({'evidence_statement': 'Project leadership uses AI monitoring followed by knowledge sharing and intervention.', 'node_name': 'AI-enabled real-time monitoring', 'category': 'Technology-enable Practice', 'node_id': 'c014M01N24'}, 'be_constrained_by', {'evidence_statement': 'Authoritarian leadership suppresses innovation, sharing, and AI utilization.', 'node_name': 'authoritarian leadership', 'category': 'Limitation', 'node_id': 'c014M01N38'}), 'dst_node': {'evidence_statement': 'Authoritarian leadership suppresses innovation, sharing, and AI utilization.', 'node_name': 'authoritarian leadership', 'category': 'Limitation', 'node_id': 'c014M01N38'}, 'src_node': {'evidence_statement': 'Project leadership uses AI monitoring followed by knowledge sharing and intervention.', 'node_name': 'AI-enabled real-time monitoring', 'category': 'Technology-enable Practice', 'node_id': 'c014M01N24'}}, {'rel': ({'evidence_statement': 'Predictive analytics supports backup plans and predicts trends and outcomes.', 'node_name': 'AI-enabled predictive analytics', 'category': 'Technology-enable Practice', 'node_id': 'c014M01N25'}, 'be_constrained_by', {'evidence_statement': 'Lack of leadership support is associated with underutilized AI tools.', 'node_name': 'underutilization of AI tools', 'category': 'Limitation', 'node_id': 'c014M01N40'}), 'dst_node': {'evidence_statement': 'Lack of leadership support is associated with underutilized AI tools.', 'node_name': 'underutilization of AI tools', 'category': 'Limitation', 'node_id': 'c014M01N40'}, 'src_node': {'evidence_statement': 'Predictive analytics supports backup plans and predicts trends and outcomes.', 'node_name': 'AI-enabled predictive analytics', 'category': 'Technology-enable Practice', 'node_id': 'c014M01N25'}}, {'rel': ({'evidence_statement': 'Predictive analytics supports backup plans and predicts trends and outcomes.', 'node_name': 'AI-enabled predictive analytics', 'category': 'Technology-enable Practice', 'node_id': 'c014M01N25'}, 'be_constrained_by', {'evidence_statement': 'Many organizations lack infrastructure needed to integrate AI into decisions.', 'node_name': 'lack of technology infrastructure', 'category': 'Limitation', 'node_id': 'c014M01N36'}), 'dst_node': {'evidence_statement': 'Many organizations lack infrastructure needed to integrate AI into decisions.', 'node_name': 'lack of technology infrastructure', 'category': 'Limitation', 'node_id': 'c014M01N36'}, 'src_node': {'evidence_statement': 'Predictive analytics supports backup plans and predicts trends and outcomes.', 'node_name': 'AI-enabled predictive analytics', 'category': 'Technology-enable Practice', 'node_id': 'c014M01N25'}}, {'rel': ({'evidence_statement': 'Predictive analytics supports backup plans and predicts trends and outcomes.', 'node_name': 'AI-enabled predictive analytics', 'category': 'Technology-enable Practice', 'node_id': 'c014M01N25'}, 'be_constrained_by', {'evidence_statement': 'Authoritarian leadership suppresses innovation, sharing, and AI utilization.', 'node_name': 'authoritarian leadership', 'category': 'Limitation', 'node_id': 'c014M01N38'}), 'dst_node': {'evidence_statement': 'Authoritarian leadership suppresses innovation, sharing, and AI utilization.', 'node_name': 'authoritarian leadership', 'category': 'Limitation', 'node_id': 'c014M01N38'}, 'src_node': {'evidence_statement': 'Predictive analytics supports backup plans and predicts trends and outcomes.', 'node_name': 'AI-enabled predictive analytics', 'category': 'Technology-enable Practice', 'node_id': 'c014M01N25'}}, {'rel': ({'evidence_statement': 'Some CPEC projects use Net Zero Cloud to read data and generate reports.', 'node_name': 'Net Zero Cloud', 'category': 'Technology-enable Practice', 'node_id': 'c014M01N27'}, 'be_constrained_by', {'evidence_statement': 'Lack of leadership support is associated with underutilized AI tools.', 'node_name': 'underutilization of AI tools', 'category': 'Limitation', 'node_id': 'c014M01N40'}), 'dst_node': {'evidence_statement': 'Lack of leadership support is associated with underutilized AI tools.', 'node_name': 'underutilization of AI tools', 'category': 'Limitation', 'node_id': 'c014M01N40'}, 'src_node': {'evidence_statement': 'Some CPEC projects use Net Zero Cloud to read data and generate reports.', 'node_name': 'Net Zero Cloud', 'category': 'Technology-enable Practice', 'node_id': 'c014M01N27'}}, {'rel': ({'evidence_statement': 'Some CPEC projects use Net Zero Cloud to read data and generate reports.', 'node_name': 'Net Zero Cloud', 'category': 'Technology-enable Practice', 'node_id': 'c014M01N27'}, 'be_constrained_by', {'evidence_statement': 'Lack of leadership support includes lack of training and engagement.', 'node_name': 'lack of training and engagement', 'category': 'Limitation', 'node_id': 'c014M01N42'}), 'dst_node': {'evidence_statement': 'Lack of leadership support includes lack of training and engagement.', 'node_name': 'lack of training and engagement', 'category': 'Limitation', 'node_id': 'c014M01N42'}, 'src_node': {'evidence_statement': 'Some CPEC projects use Net Zero Cloud to read data and generate reports.', 'node_name': 'Net Zero Cloud', 'category': 'Technology-enable Practice', 'node_id': 'c014M01N27'}}]}]"
c014DS01Q17,mitigate or at least resolve,Which limitations technology‑enable practices mitigate or at least resolve?,2.0,"MATCH (p:TechnologyenablePractice)-[r:mitigate|resolve]->(l:Limitation)
WITH COLLECT({src_node:p, rel: r, dst_node: l}) AS obj
RETURN DISTINCT obj","AI-based knowledge management initiatives mitigate resistance to change, lack of adaptive capability, and delays and disruptions; AI-enabled collaborative platforms, project news portal, and AI-enabled real-time monitoring mitigate inadequate knowledge transfer; AI-enabled predictive analytics mitigates operational inefficiencies.","[{'obj': [{'rel': ({'evidence_statement': 'The case reports implementation and underutilization of AI-based KM initiatives.', 'node_name': 'AI-based knowledge management initiatives', 'category': 'Technology-enable Practice', 'node_id': 'c014M01N21'}, 'mitigate', {'evidence_statement': 'Resistance to change is identified as an AI-implementation challenge.', 'node_name': 'resistance to change', 'category': 'Limitation', 'node_id': 'c014M01N37'}), 'dst_node': {'evidence_statement': 'Resistance to change is identified as an AI-implementation challenge.', 'node_name': 'resistance to change', 'category': 'Limitation', 'node_id': 'c014M01N37'}, 'src_node': {'evidence_statement': 'The case reports implementation and underutilization of AI-based KM initiatives.', 'node_name': 'AI-based knowledge management initiatives', 'category': 'Technology-enable Practice', 'node_id': 'c014M01N21'}}, {'rel': ({'evidence_statement': 'The case reports implementation and underutilization of AI-based KM initiatives.', 'node_name': 'AI-based knowledge management initiatives', 'category': 'Technology-enable Practice', 'node_id': 'c014M01N21'}, 'mitigate', {'evidence_statement': 'Some projects face delays and shutdowns as those projects lack the adaptive capability', 'node_name': 'Lack of adaptive capability', 'category': 'Limitation', 'node_id': 'c014M02N59'}), 'dst_node': {'evidence_statement': 'Some projects face delays and shutdowns as those projects lack the adaptive capability', 'node_name': 'Lack of adaptive capability', 'category': 'Limitation', 'node_id': 'c014M02N59'}, 'src_node': {'evidence_statement': 'The case reports implementation and underutilization of AI-based KM initiatives.', 'node_name': 'AI-based knowledge management initiatives', 'category': 'Technology-enable Practice', 'node_id': 'c014M01N21'}}, {'rel': ({'evidence_statement': 'The case reports implementation and underutilization of AI-based KM initiatives.', 'node_name': 'AI-based knowledge management initiatives', 'category': 'Technology-enable Practice', 'node_id': 'c014M01N21'}, 'mitigate', {'evidence_statement': 'Authoritarian leadership - Delays and disruptions', 'node_name': 'Delays and disruptions', 'category': 'Limitation', 'node_id': 'c014M02N62'}), 'dst_node': {'evidence_statement': 'Authoritarian leadership - Delays and disruptions', 'node_name': 'Delays and disruptions', 'category': 'Limitation', 'node_id': 'c014M02N62'}, 'src_node': {'evidence_statement': 'The case reports implementation and underutilization of AI-based KM initiatives.', 'node_name': 'AI-based knowledge management initiatives', 'category': 'Technology-enable Practice', 'node_id': 'c014M01N21'}}, {'rel': ({'evidence_statement': 'Collaborative platforms facilitate transfer, streamline recording, and improve communication.', 'node_name': 'AI-enabled collaborative platforms', 'category': 'Technology-enable Practice', 'node_id': 'c014M01N22'}, 'mitigate', {'evidence_statement': 'The results identify a gap in technology use and knowledge transfer.', 'node_name': 'inadequate knowledge transfer', 'category': 'Limitation', 'node_id': 'c014M01N41'}), 'dst_node': {'evidence_statement': 'The results identify a gap in technology use and knowledge transfer.', 'node_name': 'inadequate knowledge transfer', 'category': 'Limitation', 'node_id': 'c014M01N41'}, 'src_node': {'evidence_statement': 'Collaborative platforms facilitate transfer, streamline recording, and improve communication.', 'node_name': 'AI-enabled collaborative platforms', 'category': 'Technology-enable Practice', 'node_id': 'c014M01N22'}}, {'rel': ({'evidence_statement': 'Some projects use a portal through which all project news is shared.', 'node_name': 'project news portal', 'category': 'Technology-enable Practice', 'node_id': 'c014M01N23'}, 'mitigate', {'evidence_statement': 'The results identify a gap in technology use and knowledge transfer.', 'node_name': 'inadequate knowledge transfer', 'category': 'Limitation', 'node_id': 'c014M01N41'}), 'dst_node': {'evidence_statement': 'The results identify a gap in technology use and knowledge transfer.', 'node_name': 'inadequate knowledge transfer', 'category': 'Limitation', 'node_id': 'c014M01N41'}, 'src_node': {'evidence_statement': 'Some projects use a portal through which all project news is shared.', 'node_name': 'project news portal', 'category': 'Technology-enable Practice', 'node_id': 'c014M01N23'}}, {'rel': ({'evidence_statement': 'Project leadership uses AI monitoring followed by knowledge sharing and intervention.', 'node_name': 'AI-enabled real-time monitoring', 'category': 'Technology-enable Practice', 'node_id': 'c014M01N24'}, 'mitigate', {'evidence_statement': 'The results identify a gap in technology use and knowledge transfer.', 'node_name': 'inadequate knowledge transfer', 'category': 'Limitation', 'node_id': 'c014M01N41'}), 'dst_node': {'evidence_statement': 'The results identify a gap in technology use and knowledge transfer.', 'node_name': 'inadequate knowledge transfer', 'category': 'Limitation', 'node_id': 'c014M01N41'}, 'src_node': {'evidence_statement': 'Project leadership uses AI monitoring followed by knowledge sharing and intervention.', 'node_name': 'AI-enabled real-time monitoring', 'category': 'Technology-enable Practice', 'node_id': 'c014M01N24'}}, {'rel': ({'evidence_statement': 'Predictive analytics supports backup plans and predicts trends and outcomes.', 'node_name': 'AI-enabled predictive analytics', 'category': 'Technology-enable Practice', 'node_id': 'c014M01N25'}, 'mitigate', {'evidence_statement': 'Abusive leadership - Operational inefficiencies', 'node_name': 'Operational inefficiencies', 'category': 'Limitation', 'node_id': 'c014M02N63'}), 'dst_node': {'evidence_statement': 'Abusive leadership - Operational inefficiencies', 'node_name': 'Operational inefficiencies', 'category': 'Limitation', 'node_id': 'c014M02N63'}, 'src_node': {'evidence_statement': 'Predictive analytics supports backup plans and predicts trends and outcomes.', 'node_name': 'AI-enabled predictive analytics', 'category': 'Technology-enable Practice', 'node_id': 'c014M01N25'}}]}]"
c014DS01Q18,complement,Which traditional human-central practices  technology‑enable practices complement?,2.0,"MATCH (p:TechnologyenablePractice)-[r:complement]->(t:TraditionalHumancentralPractice)
WITH COLLECT({src_node:p, rel: r, dst_node: t}) AS obj
RETURN DISTINCT obj",Not Mentioned,[{'obj': []}]
c014DS01Q19,cannot_fully_replace,Which traditional human-central practice technology-enable practice cannot replace fully?,3.0,"MATCH (p:TechnologyenablePractice)-[r:cannot_fully_replace]->(t:TraditionalHumancentralPractice)
WITH COLLECT({src_node:p, rel: r, dst_node: t}) AS obj
RETURN DISTINCT obj",Not Mentioned,[{'obj': []}]
c014DS01Q20,be_difficult_to_capture_due_to,Which limitations make tacit knowledge difficult to capture?,3.0,"MATCH (tk:TacitKnowledge)-[r:be_difficult_to_capture_due_to]-(l:Limitation)
WITH COLLECT({src_node:tk, rel: r, dst_node: l}) AS obj
RETURN DISTINCT obj","Inadequate knowledge transfer, lack of leadership support, and authoritarian leadership hindering adoption.","[{'obj': [{'rel': ({'evidence_statement': 'Collaborative platforms... enable organizations to draw lessons from past practices', 'node_name': 'Lessons learned from past practices', 'category': 'Tacit Knowledge', 'node_id': 'c014M02N09'}, 'be_difficult_to_capture_due_to', {'evidence_statement': 'The results identify a gap in technology use and knowledge transfer.', 'node_name': 'inadequate knowledge transfer', 'category': 'Limitation', 'node_id': 'c014M01N41'}), 'dst_node': {'evidence_statement': 'The results identify a gap in technology use and knowledge transfer.', 'node_name': 'inadequate knowledge transfer', 'category': 'Limitation', 'node_id': 'c014M01N41'}, 'src_node': {'evidence_statement': 'Collaborative platforms... enable organizations to draw lessons from past practices', 'node_name': 'Lessons learned from past practices', 'category': 'Tacit Knowledge', 'node_id': 'c014M02N09'}}, {'rel': ({'evidence_statement': 'Collaborative platforms... enable organizations to draw lessons from past practices', 'node_name': 'Lessons learned from past practices', 'category': 'Tacit Knowledge', 'node_id': 'c014M02N09'}, 'be_difficult_to_capture_due_to', {'evidence_statement': 'A critical hurdle identified in the results is the lack of leadership support for utilizing AI-driven KM initiatives', 'node_name': 'Lack of leadership support', 'category': 'Limitation', 'node_id': 'c014M02N55'}), 'dst_node': {'evidence_statement': 'A critical hurdle identified in the results is the lack of leadership support for utilizing AI-driven KM initiatives', 'node_name': 'Lack of leadership support', 'category': 'Limitation', 'node_id': 'c014M02N55'}, 'src_node': {'evidence_statement': 'Collaborative platforms... enable organizations to draw lessons from past practices', 'node_name': 'Lessons learned from past practices', 'category': 'Tacit Knowledge', 'node_id': 'c014M02N09'}}, {'rel': ({'evidence_statement': 'Collaborative platforms... enable organizations to draw lessons from past practices', 'node_name': 'Lessons learned from past practices', 'category': 'Tacit Knowledge', 'node_id': 'c014M02N09'}, 'be_difficult_to_capture_due_to', {'evidence_statement': 'The authoritarian and abusive leadership style hinders its adoption', 'node_name': 'Authoritarian leadership hindering adoption', 'category': 'Limitation', 'node_id': 'c014M02N56'}), 'dst_node': {'evidence_statement': 'The authoritarian and abusive leadership style hinders its adoption', 'node_name': 'Authoritarian leadership hindering adoption', 'category': 'Limitation', 'node_id': 'c014M02N56'}, 'src_node': {'evidence_statement': 'Collaborative platforms... enable organizations to draw lessons from past practices', 'node_name': 'Lessons learned from past practices', 'category': 'Tacit Knowledge', 'node_id': 'c014M02N09'}}, {'rel': ({'evidence_statement': 'The integration of AI in the knowledge management initiatives offers crucial opportunities to enhance the success and the resilience', 'node_name': 'Problem-solving skills', 'category': 'Tacit Knowledge', 'node_id': 'c014M02N11'}, 'be_difficult_to_capture_due_to', {'evidence_statement': 'A critical hurdle identified in the results is the lack of leadership support for utilizing AI-driven KM initiatives', 'node_name': 'Lack of leadership support', 'category': 'Limitation', 'node_id': 'c014M02N55'}), 'dst_node': {'evidence_statement': 'A critical hurdle identified in the results is the lack of leadership support for utilizing AI-driven KM initiatives', 'node_name': 'Lack of leadership support', 'category': 'Limitation', 'node_id': 'c014M02N55'}, 'src_node': {'evidence_statement': 'The integration of AI in the knowledge management initiatives offers crucial opportunities to enhance the success and the resilience', 'node_name': 'Problem-solving skills', 'category': 'Tacit Knowledge', 'node_id': 'c014M02N11'}}, {'rel': ({'evidence_statement': 'The integration of AI in the knowledge management initiatives offers crucial opportunities to enhance the success and the resilience', 'node_name': 'Problem-solving skills', 'category': 'Tacit Knowledge', 'node_id': 'c014M02N11'}, 'be_difficult_to_capture_due_to', {'evidence_statement': 'The authoritarian and abusive leadership style hinders its adoption', 'node_name': 'Authoritarian leadership hindering adoption', 'category': 'Limitation', 'node_id': 'c014M02N56'}), 'dst_node': {'evidence_statement': 'The authoritarian and abusive leadership style hinders its adoption', 'node_name': 'Authoritarian leadership hindering adoption', 'category': 'Limitation', 'node_id': 'c014M02N56'}, 'src_node': {'evidence_statement': 'The integration of AI in the knowledge management initiatives offers crucial opportunities to enhance the success and the resilience', 'node_name': 'Problem-solving skills', 'category': 'Tacit Knowledge', 'node_id': 'c014M02N11'}}]}]"
c014DS02Q01,RQ1: What emerging technologies are adopted and how they support tacit knowledge capture and retention?,"What's the mechanism of each technology-enable practice?  introduce this from multiple perspectives: firstly, explain which digital technologies are adopted by these practice, then find which tacit knowledge were captured by these practices, subsquently dig out all potential  relations between these paractices with knowledge holders, knowledge learners, organizational dependency, environmental dependency, and limitation. Finally, you should summrize the mechanism based on the evidence mentioned above.",1.0,"MATCH (tep:TechnologyenablePractice)-[r:adopt]->(dt:DigitalTechnology)
WITH tep, COLLECT({src_node:tep, rel: r, dst_node: dt}) AS adoptions

// 1. 捕获 TacitKnowledge (be_captured_by) -> 生成 tk_list
OPTIONAL MATCH (tk:TacitKnowledge)-[r:be_captured_by|be_transferred_by|evaluate]-(tep)
WITH tep, adoptions, 
     COLLECT({src_node:tk, rel: r, dst_node: tep}) AS capturedBy,
     COLLECT(DISTINCT tk) AS tk_list

// 4. 捕获 OrganizationalDependency (depend_on) -> 生成 od_list
OPTIONAL MATCH (tep)-[r:depend_on]->(d:OrganizationalDependency|EnvironmentalDependency)
WITH tep, adoptions, capturedBy, 
     COLLECT({src_node:tep, rel: r, dst_node: d}) AS depends

// 5. 捕获 Limitation (be_constrained_by) -> 生成 lim_list
OPTIONAL MATCH (tep)-[r:be_constrained_by]->(lim:Limitation)
WITH tep, adoptions, capturedBy, depends,
     COLLECT({src_node:tep, rel: r, dst_node: lim}) AS constraints,
     COLLECT(DISTINCT lim) AS lim_list

// 8. 捕获 mitigates (tep -[:mitigate]-> lim)
//    限定 lim_mit 必须在 lim_list 中
OPTIONAL MATCH (tep)-[r:mitigate]->(lim_mit:Limitation)
WHERE lim_mit IN lim_list
WITH tep, adoptions, capturedBy, depends, constraints, 
     COLLECT({src_node:tep, rel: r, dst_node: lim_mit}) AS mitigates

RETURN adoptions,
       capturedBy,
       depends,
       constraints,
       mitigates","The knowledge graph describes technology-enabled practices (AI-based KM initiatives, AI-enabled collaborative platforms, AI-enabled real-time monitoring, AI environmental monitoring tools, AI-enabled predictive analytics, collaborative knowledge-sharing platforms, generative AI tools, Net Zero Cloud) that adopt digital technologies (artificial intelligence, predictive analytics, generative AI, collaborative platforms). Captured tacit knowledge is not explicitly detailed. These practices depend on organizational factors: leadership support, participative leadership, clear strategic vision, resource allocation, knowledge-sharing culture, top management engagement, training and development, and stakeholder participation. They are constrained by limitations: resistance to change, abusive/authoritarian leadership, lack of leadership support, inadequate knowledge transfer, lack of training/engagement, lack of technology infrastructure, and underutilization of AI tools. Some practices mitigate limitations (e.g., AI-based KM initiatives mitigate resistance to change; AI-enabled collaborative platforms mitigate inadequate knowledge transfer). The mechanism: AI-based practices rely on leadership and culture, adopt AI technologies to enhance knowledge sharing and monitoring, but face constraints from leadership styles and infrastructure, with some practices actively mitigating these barriers.","[{'adoptions': [{'rel': ({'evidence_statement': 'The use of collaborative platforms also fosters better communication... ensuring that everyone is aligned and informed', 'node_name': 'Collaborative knowledge-sharing platforms', 'category': 'Technology-enable Practice', 'node_id': 'c014M02N30'}, 'adopt', {'evidence_statement': 'Collaborative platforms also fosters better communication', 'node_name': 'Collaborative platforms', 'category': 'Digital Technology', 'node_id': 'c014M02N39'}), 'dst_node': {'evidence_statement': 'Collaborative platforms also fosters better communication', 'node_name': 'Collaborative platforms', 'category': 'Digital Technology', 'node_id': 'c014M02N39'}, 'src_node': {'evidence_statement': 'The use of collaborative platforms also fosters better communication... ensuring that everyone is aligned and informed', 'node_name': 'Collaborative knowledge-sharing platforms', 'category': 'Technology-enable Practice', 'node_id': 'c014M02N30'}}], 'capturedBy': [{'rel': None, 'dst_node': {'evidence_statement': 'The use of collaborative platforms also fosters better communication... ensuring that everyone is aligned and informed', 'node_name': 'Collaborative knowledge-sharing platforms', 'category': 'Technology-enable Practice', 'node_id': 'c014M02N30'}, 'src_node': None}], 'depends': [{'rel': None, 'dst_node': None, 'src_node': {'evidence_statement': 'The use of collaborative platforms also fosters better communication... ensuring that everyone is aligned and informed', 'node_name': 'Collaborative knowledge-sharing platforms', 'category': 'Technology-enable Practice', 'node_id': 'c014M02N30'}}], 'constraints': [{'rel': None, 'dst_node': None, 'src_node': {'evidence_statement': 'The use of collaborative platforms also fosters better communication... ensuring that everyone is aligned and informed', 'node_name': 'Collaborative knowledge-sharing platforms', 'category': 'Technology-enable Practice', 'node_id': 'c014M02N30'}}], 'mitigates': [{'rel': None, 'dst_node': None, 'src_node': {'evidence_statement': 'The use of collaborative platforms also fosters better communication... ensuring that everyone is aligned and informed', 'node_name': 'Collaborative knowledge-sharing platforms', 'category': 'Technology-enable Practice', 'node_id': 'c014M02N30'}}]}, {'adoptions': [{'rel': ({'evidence_statement': 'Predictive analytics supports backup plans and predicts trends and outcomes.', 'node_name': 'AI-enabled predictive analytics', 'category': 'Technology-enable Practice', 'node_id': 'c014M01N25'}, 'adopt', {'evidence_statement': 'Predictive analytics is used to make backup plans ahead of time.', 'node_name': 'predictive analytics', 'category': 'Digital Technology', 'node_id': 'c014M01N29'}), 'dst_node': {'evidence_statement': 'Predictive analytics is used to make backup plans ahead of time.', 'node_name': 'predictive analytics', 'category': 'Digital Technology', 'node_id': 'c014M01N29'}, 'src_node': {'evidence_statement': 'Predictive analytics supports backup plans and predicts trends and outcomes.', 'node_name': 'AI-enabled predictive analytics', 'category': 'Technology-enable Practice', 'node_id': 'c014M01N25'}}], 'capturedBy': [{'rel': None, 'dst_node': {'evidence_statement': 'Predictive analytics supports backup plans and predicts trends and outcomes.', 'node_name': 'AI-enabled predictive analytics', 'category': 'Technology-enable Practice', 'node_id': 'c014M01N25'}, 'src_node': None}], 'depends': [{'rel': ({'evidence_statement': 'Predictive analytics supports backup plans and predicts trends and outcomes.', 'node_name': 'AI-enabled predictive analytics', 'category': 'Technology-enable Practice', 'node_id': 'c014M01N25'}, 'depend_on', {'evidence_statement': 'Leadership support is vital to successful AI-driven KM implementation.', 'node_name': 'leadership support', 'category': 'Organizational Dependency', 'node_id': 'c014M01N31'}), 'dst_node': {'evidence_statement': 'Leadership support is vital to successful AI-driven KM implementation.', 'node_name': 'leadership support', 'category': 'Organizational Dependency', 'node_id': 'c014M01N31'}, 'src_node': {'evidence_statement': 'Predictive analytics supports backup plans and predicts trends and outcomes.', 'node_name': 'AI-enabled predictive analytics', 'category': 'Technology-enable Practice', 'node_id': 'c014M01N25'}}], 'constraints': [{'rel': ({'evidence_statement': 'Predictive analytics supports backup plans and predicts trends and outcomes.', 'node_name': 'AI-enabled predictive analytics', 'category': 'Technology-enable Practice', 'node_id': 'c014M01N25'}, 'be_constrained_by', {'evidence_statement': 'Lack of leadership support is associated with underutilized AI tools.', 'node_name': 'underutilization of AI tools', 'category': 'Limitation', 'node_id': 'c014M01N40'}), 'dst_node': {'evidence_statement': 'Lack of leadership support is associated with underutilized AI tools.', 'node_name': 'underutilization of AI tools', 'category': 'Limitation', 'node_id': 'c014M01N40'}, 'src_node': {'evidence_statement': 'Predictive analytics supports backup plans and predicts trends and outcomes.', 'node_name': 'AI-enabled predictive analytics', 'category': 'Technology-enable Practice', 'node_id': 'c014M01N25'}}, {'rel': ({'evidence_statement': 'Predictive analytics supports backup plans and predicts trends and outcomes.', 'node_name': 'AI-enabled predictive analytics', 'category': 'Technology-enable Practice', 'node_id': 'c014M01N25'}, 'be_constrained_by', {'evidence_statement': 'Many organizations lack infrastructure needed to integrate AI into decisions.', 'node_name': 'lack of technology infrastructure', 'category': 'Limitation', 'node_id': 'c014M01N36'}), 'dst_node': {'evidence_statement': 'Many organizations lack infrastructure needed to integrate AI into decisions.', 'node_name': 'lack of technology infrastructure', 'category': 'Limitation', 'node_id': 'c014M01N36'}, 'src_node': {'evidence_statement': 'Predictive analytics supports backup plans and predicts trends and outcomes.', 'node_name': 'AI-enabled predictive analytics', 'category': 'Technology-enable Practice', 'node_id': 'c014M01N25'}}, {'rel': ({'evidence_statement': 'Predictive analytics supports backup plans and predicts trends and outcomes.', 'node_name': 'AI-enabled predictive analytics', 'category': 'Technology-enable Practice', 'node_id': 'c014M01N25'}, 'be_constrained_by', {'evidence_statement': 'Authoritarian leadership suppresses innovation, sharing, and AI utilization.', 'node_name': 'authoritarian leadership', 'category': 'Limitation', 'node_id': 'c014M01N38'}), 'dst_node': {'evidence_statement': 'Authoritarian leadership suppresses innovation, sharing, and AI utilization.', 'node_name': 'authoritarian leadership', 'category': 'Limitation', 'node_id': 'c014M01N38'}, 'src_node': {'evidence_statement': 'Predictive analytics supports backup plans and predicts trends and outcomes.', 'node_name': 'AI-enabled predictive analytics', 'category': 'Technology-enable Practice', 'node_id': 'c014M01N25'}}], 'mitigates': [{'rel': None, 'dst_node': None, 'src_node': {'evidence_statement': 'Predictive analytics supports backup plans and predicts trends and outcomes.', 'node_name': 'AI-enabled predictive analytics', 'category': 'Technology-enable Practice', 'node_id': 'c014M01N25'}}]}, {'adoptions': [{'rel': ({'evidence_statement': ""Generative AI tools, such as the 'net zero cloud,' was noted to be used"", 'node_name': 'Generative AI tools', 'category': 'Technology-enable Practice', 'node_id': 'c014M02N32'}, 'adopt', {'evidence_statement': 'The results identify generative AI tools such as Net Zero Cloud.', 'node_name': 'generative AI', 'category': 'Digital Technology', 'node_id': 'c014M01N30'}), 'dst_node': {'evidence_statement': 'The results identify generative AI tools such as Net Zero Cloud.', 'node_name': 'generative AI', 'category': 'Digital Technology', 'node_id': 'c014M01N30'}, 'src_node': {'evidence_statement': ""Generative AI tools, such as the 'net zero cloud,' was noted to be used"", 'node_name': 'Generative AI tools', 'category': 'Technology-enable Practice', 'node_id': 'c014M02N32'}}], 'capturedBy': [{'rel': None, 'dst_node': {'evidence_statement': ""Generative AI tools, such as the 'net zero cloud,' was noted to be used"", 'node_name': 'Generative AI tools', 'category': 'Technology-enable Practice', 'node_id': 'c014M02N32'}, 'src_node': None}], 'depends': [{'rel': None, 'dst_node': None, 'src_node': {'evidence_statement': ""Generative AI tools, such as the 'net zero cloud,' was noted to be used"", 'node_name': 'Generative AI tools', 'category': 'Technology-enable Practice', 'node_id': 'c014M02N32'}}], 'constraints': [{'rel': None, 'dst_node': None, 'src_node': {'evidence_statement': ""Generative AI tools, such as the 'net zero cloud,' was noted to be used"", 'node_name': 'Generative AI tools', 'category': 'Technology-enable Practice', 'node_id': 'c014M02N32'}}], 'mitigates': [{'rel': None, 'dst_node': None, 'src_node': {'evidence_statement': ""Generative AI tools, such as the 'net zero cloud,' was noted to be used"", 'node_name': 'Generative AI tools', 'category': 'Technology-enable Practice', 'node_id': 'c014M02N32'}}]}, {'adoptions': [{'rel': ({'evidence_statement': 'Some CPEC projects use Net Zero Cloud to read data and generate reports.', 'node_name': 'Net Zero Cloud', 'category': 'Technology-enable Practice', 'node_id': 'c014M01N27'}, 'adopt', {'evidence_statement': 'The results identify generative AI tools such as Net Zero Cloud.', 'node_name': 'generative AI', 'category': 'Digital Technology', 'node_id': 'c014M01N30'}), 'dst_node': {'evidence_statement': 'The results identify generative AI tools such as Net Zero Cloud.', 'node_name': 'generative AI', 'category': 'Digital Technology', 'node_id': 'c014M01N30'}, 'src_node': {'evidence_statement': 'Some CPEC projects use Net Zero Cloud to read data and generate reports.', 'node_name': 'Net Zero Cloud', 'category': 'Technology-enable Practice', 'node_id': 'c014M01N27'}}], 'capturedBy': [{'rel': None, 'dst_node': {'evidence_statement': 'Some CPEC projects use Net Zero Cloud to read data and generate reports.', 'node_name': 'Net Zero Cloud', 'category': 'Technology-enable Practice', 'node_id': 'c014M01N27'}, 'src_node': None}], 'depends': [{'rel': ({'evidence_statement': 'Some CPEC projects use Net Zero Cloud to read data and generate reports.', 'node_name': 'Net Zero Cloud', 'category': 'Technology-enable Practice', 'node_id': 'c014M01N27'}, 'depend_on', {'evidence_statement': 'Leadership support is vital to successful AI-driven KM implementation.', 'node_name': 'leadership support', 'category': 'Organizational Dependency', 'node_id': 'c014M01N31'}), 'dst_node': {'evidence_statement': 'Leadership support is vital to successful AI-driven KM implementation.', 'node_name': 'leadership support', 'category': 'Organizational Dependency', 'node_id': 'c014M01N31'}, 'src_node': {'evidence_statement': 'Some CPEC projects use Net Zero Cloud to read data and generate reports.', 'node_name': 'Net Zero Cloud', 'category': 'Technology-enable Practice', 'node_id': 'c014M01N27'}}], 'constraints': [{'rel': ({'evidence_statement': 'Some CPEC projects use Net Zero Cloud to read data and generate reports.', 'node_name': 'Net Zero Cloud', 'category': 'Technology-enable Practice', 'node_id': 'c014M01N27'}, 'be_constrained_by', {'evidence_statement': 'Lack of leadership support is associated with underutilized AI tools.', 'node_name': 'underutilization of AI tools', 'category': 'Limitation', 'node_id': 'c014M01N40'}), 'dst_node': {'evidence_statement': 'Lack of leadership support is associated with underutilized AI tools.', 'node_name': 'underutilization of AI tools', 'category': 'Limitation', 'node_id': 'c014M01N40'}, 'src_node': {'evidence_statement': 'Some CPEC projects use Net Zero Cloud to read data and generate reports.', 'node_name': 'Net Zero Cloud', 'category': 'Technology-enable Practice', 'node_id': 'c014M01N27'}}, {'rel': ({'evidence_statement': 'Some CPEC projects use Net Zero Cloud to read data and generate reports.', 'node_name': 'Net Zero Cloud', 'category': 'Technology-enable Practice', 'node_id': 'c014M01N27'}, 'be_constrained_by', {'evidence_statement': 'Lack of leadership support includes lack of training and engagement.', 'node_name': 'lack of training and engagement', 'category': 'Limitation', 'node_id': 'c014M01N42'}), 'dst_node': {'evidence_statement': 'Lack of leadership support includes lack of training and engagement.', 'node_name': 'lack of training and engagement', 'category': 'Limitation', 'node_id': 'c014M01N42'}, 'src_node': {'evidence_statement': 'Some CPEC projects use Net Zero Cloud to read data and generate reports.', 'node_name': 'Net Zero Cloud', 'category': 'Technology-enable Practice', 'node_id': 'c014M01N27'}}], 'mitigates': [{'rel': None, 'dst_node': None, 'src_node': {'evidence_statement': 'Some CPEC projects use Net Zero Cloud to read data and generate reports.', 'node_name': 'Net Zero Cloud', 'category': 'Technology-enable Practice', 'node_id': 'c014M01N27'}}]}, {'adoptions': [{'rel': ({'evidence_statement': 'The case reports implementation and underutilization of AI-based KM initiatives.', 'node_name': 'AI-based knowledge management initiatives', 'category': 'Technology-enable Practice', 'node_id': 'c014M01N21'}, 'adopt', {'evidence_statement': 'Artificial intelligence is integrated into knowledge-management initiatives.', 'node_name': 'artificial intelligence', 'category': 'Digital Technology', 'node_id': 'c014M01N28'}), 'dst_node': {'evidence_statement': 'Artificial intelligence is integrated into knowledge-management initiatives.', 'node_name': 'artificial intelligence', 'category': 'Digital Technology', 'node_id': 'c014M01N28'}, 'src_node': {'evidence_statement': 'The case reports implementation and underutilization of AI-based KM initiatives.', 'node_name': 'AI-based knowledge management initiatives', 'category': 'Technology-enable Practice', 'node_id': 'c014M01N21'}}], 'capturedBy': [{'rel': None, 'dst_node': {'evidence_statement': 'The case reports implementation and underutilization of AI-based KM initiatives.', 'node_name': 'AI-based knowledge management initiatives', 'category': 'Technology-enable Practice', 'node_id': 'c014M01N21'}, 'src_node': None}], 'depends': [{'rel': ({'evidence_statement': 'The case reports implementation and underutilization of AI-based KM initiatives.', 'node_name': 'AI-based knowledge management initiatives', 'category': 'Technology-enable Practice', 'node_id': 'c014M01N21'}, 'depend_on', {'evidence_statement': 'Leadership support... articulating a clear vision', 'node_name': 'Clear strategic vision', 'category': 'Organizational Dependency', 'node_id': 'c014M02N45'}), 'dst_node': {'evidence_statement': 'Leadership support... articulating a clear vision', 'node_name': 'Clear strategic vision', 'category': 'Organizational Dependency', 'node_id': 'c014M02N45'}, 'src_node': {'evidence_statement': 'The case reports implementation and underutilization of AI-based KM initiatives.', 'node_name': 'AI-based knowledge management initiatives', 'category': 'Technology-enable Practice', 'node_id': 'c014M01N21'}}, {'rel': ({'evidence_statement': 'The case reports implementation and underutilization of AI-based KM initiatives.', 'node_name': 'AI-based knowledge management initiatives', 'category': 'Technology-enable Practice', 'node_id': 'c014M01N21'}, 'depend_on', {'evidence_statement': 'Leadership support is vital to successful AI-driven KM implementation.', 'node_name': 'leadership support', 'category': 'Organizational Dependency', 'node_id': 'c014M01N31'}), 'dst_node': {'evidence_statement': 'Leadership support is vital to successful AI-driven KM implementation.', 'node_name': 'leadership support', 'category': 'Organizational Dependency', 'node_id': 'c014M01N31'}, 'src_node': {'evidence_statement': 'The case reports implementation and underutilization of AI-based KM initiatives.', 'node_name': 'AI-based knowledge management initiatives', 'category': 'Technology-enable Practice', 'node_id': 'c014M01N21'}}, {'rel': ({'evidence_statement': 'The case reports implementation and underutilization of AI-based KM initiatives.', 'node_name': 'AI-based knowledge management initiatives', 'category': 'Technology-enable Practice', 'node_id': 'c014M01N21'}, 'depend_on', {'evidence_statement': 'Participative leadership facilitates AI use, knowledge sharing, and proactive planning.', 'node_name': 'participative leadership', 'category': 'Organizational Dependency', 'node_id': 'c014M01N32'}), 'dst_node': {'evidence_statement': 'Participative leadership facilitates AI use, knowledge sharing, and proactive planning.', 'node_name': 'participative leadership', 'category': 'Organizational Dependency', 'node_id': 'c014M01N32'}, 'src_node': {'evidence_statement': 'The case reports implementation and underutilization of AI-based KM initiatives.', 'node_name': 'AI-based knowledge management initiatives', 'category': 'Technology-enable Practice', 'node_id': 'c014M01N21'}}, {'rel': ({'evidence_statement': 'The case reports implementation and underutilization of AI-based KM initiatives.', 'node_name': 'AI-based knowledge management initiatives', 'category': 'Technology-enable Practice', 'node_id': 'c014M01N21'}, 'depend_on', {'evidence_statement': 'Top-management support is required to allocate implementation and training resources.', 'node_name': 'resource allocation', 'category': 'Organizational Dependency', 'node_id': 'c014M01N33'}), 'dst_node': {'evidence_statement': 'Top-management support is required to allocate implementation and training resources.', 'node_name': 'resource allocation', 'category': 'Organizational Dependency', 'node_id': 'c014M01N33'}, 'src_node': {'evidence_statement': 'The case reports implementation and underutilization of AI-based KM initiatives.', 'node_name': 'AI-based knowledge management initiatives', 'category': 'Technology-enable Practice', 'node_id': 'c014M01N21'}}, {'rel': ({'evidence_statement': 'The case reports implementation and underutilization of AI-based KM initiatives.', 'node_name': 'AI-based knowledge management initiatives', 'category': 'Technology-enable Practice', 'node_id': 'c014M01N21'}, 'depend_on', {'evidence_statement': 'Leadership creates a culture of knowledge sharing and innovation.', 'node_name': 'knowledge-sharing culture', 'category': 'Organizational Dependency', 'node_id': 'c014M01N34'}), 'dst_node': {'evidence_statement': 'Leadership creates a culture of knowledge sharing and innovation.', 'node_name': 'knowledge-sharing culture', 'category': 'Organizational Dependency', 'node_id': 'c014M01N34'}, 'src_node': {'evidence_statement': 'The case reports implementation and underutilization of AI-based KM initiatives.', 'node_name': 'AI-based knowledge management initiatives', 'category': 'Technology-enable Practice', 'node_id': 'c014M01N21'}}, {'rel': ({'evidence_statement': 'The case reports implementation and underutilization of AI-based KM initiatives.', 'node_name': 'AI-based knowledge management initiatives', 'category': 'Technology-enable Practice', 'node_id': 'c014M01N21'}, 'depend_on', {'evidence_statement': 'Lack of top management support disturbs the allocation of required resources', 'node_name': 'Top management engagement', 'category': 'Organizational Dependency', 'node_id': 'c014M02N43'}), 'dst_node': {'evidence_statement': 'Lack of top management support disturbs the allocation of required resources', 'node_name': 'Top management engagement', 'category': 'Organizational Dependency', 'node_id': 'c014M02N43'}, 'src_node': {'evidence_statement': 'The case reports implementation and underutilization of AI-based KM initiatives.', 'node_name': 'AI-based knowledge management initiatives', 'category': 'Technology-enable Practice', 'node_id': 'c014M01N21'}}, {'rel': ({'evidence_statement': 'The case reports implementation and underutilization of AI-based KM initiatives.', 'node_name': 'AI-based knowledge management initiatives', 'category': 'Technology-enable Practice', 'node_id': 'c014M01N21'}, 'depend_on', {'evidence_statement': 'Leadership support... allocates them in the training and development of the human resource', 'node_name': 'Training and development', 'category': 'Organizational Dependency', 'node_id': 'c014M02N47'}), 'dst_node': {'evidence_statement': 'Leadership support... allocates them in the training and development of the human resource', 'node_name': 'Training and development', 'category': 'Organizational Dependency', 'node_id': 'c014M02N47'}, 'src_node': {'evidence_statement': 'The case reports implementation and underutilization of AI-based KM initiatives.', 'node_name': 'AI-based knowledge management initiatives', 'category': 'Technology-enable Practice', 'node_id': 'c014M01N21'}}], 'constraints': [{'rel': ({'evidence_statement': 'The case reports implementation and underutilization of AI-based KM initiatives.', 'node_name': 'AI-based knowledge management initiatives', 'category': 'Technology-enable Practice', 'node_id': 'c014M01N21'}, 'be_constrained_by', {'evidence_statement': 'Resistance to change is identified as an AI-implementation challenge.', 'node_name': 'resistance to change', 'category': 'Limitation', 'node_id': 'c014M01N37'}), 'dst_node': {'evidence_statement': 'Resistance to change is identified as an AI-implementation challenge.', 'node_name': 'resistance to change', 'category': 'Limitation', 'node_id': 'c014M01N37'}, 'src_node': {'evidence_statement': 'The case reports implementation and underutilization of AI-based KM initiatives.', 'node_name': 'AI-based knowledge management initiatives', 'category': 'Technology-enable Practice', 'node_id': 'c014M01N21'}}, {'rel': ({'evidence_statement': 'The case reports implementation and underutilization of AI-based KM initiatives.', 'node_name': 'AI-based knowledge management initiatives', 'category': 'Technology-enable Practice', 'node_id': 'c014M01N21'}, 'be_constrained_by', {'evidence_statement': 'Abusive leadership is associated with negligible adoption, poor sharing, and KM failure.', 'node_name': 'abusive leadership', 'category': 'Limitation', 'node_id': 'c014M01N39'}), 'dst_node': {'evidence_statement': 'Abusive leadership is associated with negligible adoption, poor sharing, and KM failure.', 'node_name': 'abusive leadership', 'category': 'Limitation', 'node_id': 'c014M01N39'}, 'src_node': {'evidence_statement': 'The case reports implementation and underutilization of AI-based KM initiatives.', 'node_name': 'AI-based knowledge management initiatives', 'category': 'Technology-enable Practice', 'node_id': 'c014M01N21'}}, {'rel': ({'evidence_statement': 'The case reports implementation and underutilization of AI-based KM initiatives.', 'node_name': 'AI-based knowledge management initiatives', 'category': 'Technology-enable Practice', 'node_id': 'c014M01N21'}, 'be_constrained_by', {'evidence_statement': 'Lack of leadership support is associated with underutilized AI tools.', 'node_name': 'underutilization of AI tools', 'category': 'Limitation', 'node_id': 'c014M01N40'}), 'dst_node': {'evidence_statement': 'Lack of leadership support is associated with underutilized AI tools.', 'node_name': 'underutilization of AI tools', 'category': 'Limitation', 'node_id': 'c014M01N40'}, 'src_node': {'evidence_statement': 'The case reports implementation and underutilization of AI-based KM initiatives.', 'node_name': 'AI-based knowledge management initiatives', 'category': 'Technology-enable Practice', 'node_id': 'c014M01N21'}}, {'rel': ({'evidence_statement': 'The case reports implementation and underutilization of AI-based KM initiatives.', 'node_name': 'AI-based knowledge management initiatives', 'category': 'Technology-enable Practice', 'node_id': 'c014M01N21'}, 'be_constrained_by', {'evidence_statement': 'The results identify a gap in technology use and knowledge transfer.', 'node_name': 'inadequate knowledge transfer', 'category': 'Limitation', 'node_id': 'c014M01N41'}), 'dst_node': {'evidence_statement': 'The results identify a gap in technology use and knowledge transfer.', 'node_name': 'inadequate knowledge transfer', 'category': 'Limitation', 'node_id': 'c014M01N41'}, 'src_node': {'evidence_statement': 'The case reports implementation and underutilization of AI-based KM initiatives.', 'node_name': 'AI-based knowledge management initiatives', 'category': 'Technology-enable Practice', 'node_id': 'c014M01N21'}}, {'rel': ({'evidence_statement': 'The case reports implementation and underutilization of AI-based KM initiatives.', 'node_name': 'AI-based knowledge management initiatives', 'category': 'Technology-enable Practice', 'node_id': 'c014M01N21'}, 'be_constrained_by', {'evidence_statement': 'Lack of leadership support includes lack of training and engagement.', 'node_name': 'lack of training and engagement', 'category': 'Limitation', 'node_id': 'c014M01N42'}), 'dst_node': {'evidence_statement': 'Lack of leadership support includes lack of training and engagement.', 'node_name': 'lack of training and engagement', 'category': 'Limitation', 'node_id': 'c014M01N42'}, 'src_node': {'evidence_statement': 'The case reports implementation and underutilization of AI-based KM initiatives.', 'node_name': 'AI-based knowledge management initiatives', 'category': 'Technology-enable Practice', 'node_id': 'c014M01N21'}}, {'rel': ({'evidence_statement': 'The case reports implementation and underutilization of AI-based KM initiatives.', 'node_name': 'AI-based knowledge management initiatives', 'category': 'Technology-enable Practice', 'node_id': 'c014M01N21'}, 'be_constrained_by', {'evidence_statement': 'Many organizations lack infrastructure needed to integrate AI into decisions.', 'node_name': 'lack of technology infrastructure', 'category': 'Limitation', 'node_id': 'c014M01N36'}), 'dst_node': {'evidence_statement': 'Many organizations lack infrastructure needed to integrate AI into decisions.', 'node_name': 'lack of technology infrastructure', 'category': 'Limitation', 'node_id': 'c014M01N36'}, 'src_node': {'evidence_statement': 'The case reports implementation and underutilization of AI-based KM initiatives.', 'node_name': 'AI-based knowledge management initiatives', 'category': 'Technology-enable Practice', 'node_id': 'c014M01N21'}}, {'rel': ({'evidence_statement': 'The case reports implementation and underutilization of AI-based KM initiatives.', 'node_name': 'AI-based knowledge management initiatives', 'category': 'Technology-enable Practice', 'node_id': 'c014M01N21'}, 'be_constrained_by', {'evidence_statement': 'Authoritarian leadership suppresses innovation, sharing, and AI utilization.', 'node_name': 'authoritarian leadership', 'category': 'Limitation', 'node_id': 'c014M01N38'}), 'dst_node': {'evidence_statement': 'Authoritarian leadership suppresses innovation, sharing, and AI utilization.', 'node_name': 'authoritarian leadership', 'category': 'Limitation', 'node_id': 'c014M01N38'}, 'src_node': {'evidence_statement': 'The case reports implementation and underutilization of AI-based KM initiatives.', 'node_name': 'AI-based knowledge management initiatives', 'category': 'Technology-enable Practice', 'node_id': 'c014M01N21'}}, {'rel': ({'evidence_statement': 'The case reports implementation and underutilization of AI-based KM initiatives.', 'node_name': 'AI-based knowledge management initiatives', 'category': 'Technology-enable Practice', 'node_id': 'c014M01N21'}, 'be_constrained_by', {'evidence_statement': 'A critical hurdle identified in the results is the lack of leadership support for utilizing AI-driven KM initiatives', 'node_name': 'Lack of leadership support', 'category': 'Limitation', 'node_id': 'c014M02N55'}), 'dst_node': {'evidence_statement': 'A critical hurdle identified in the results is the lack of leadership support for utilizing AI-driven KM initiatives', 'node_name': 'Lack of leadership support', 'category': 'Limitation', 'node_id': 'c014M02N55'}, 'src_node': {'evidence_statement': 'The case reports implementation and underutilization of AI-based KM initiatives.', 'node_name': 'AI-based knowledge management initiatives', 'category': 'Technology-enable Practice', 'node_id': 'c014M01N21'}}, {'rel': ({'evidence_statement': 'The case reports implementation and underutilization of AI-based KM initiatives.', 'node_name': 'AI-based knowledge management initiatives', 'category': 'Technology-enable Practice', 'node_id': 'c014M01N21'}, 'be_constrained_by', {'evidence_statement': 'Abusive leadership - Negligible or zero adoption', 'node_name': 'Abusive leadership causing zero adoption', 'category': 'Limitation', 'node_id': 'c014M02N57'}), 'dst_node': {'evidence_statement': 'Abusive leadership - Negligible or zero adoption', 'node_name': 'Abusive leadership causing zero adoption', 'category': 'Limitation', 'node_id': 'c014M02N57'}, 'src_node': {'evidence_statement': 'The case reports implementation and underutilization of AI-based KM initiatives.', 'node_name': 'AI-based knowledge management initiatives', 'category': 'Technology-enable Practice', 'node_id': 'c014M01N21'}}], 'mitigates': [{'rel': ({'evidence_statement': 'The case reports implementation and underutilization of AI-based KM initiatives.', 'node_name': 'AI-based knowledge management initiatives', 'category': 'Technology-enable Practice', 'node_id': 'c014M01N21'}, 'mitigate', {'evidence_statement': 'Resistance to change is identified as an AI-implementation challenge.', 'node_name': 'resistance to change', 'category': 'Limitation', 'node_id': 'c014M01N37'}), 'dst_node': {'evidence_statement': 'Resistance to change is identified as an AI-implementation challenge.', 'node_name': 'resistance to change', 'category': 'Limitation', 'node_id': 'c014M01N37'}, 'src_node': {'evidence_statement': 'The case reports implementation and underutilization of AI-based KM initiatives.', 'node_name': 'AI-based knowledge management initiatives', 'category': 'Technology-enable Practice', 'node_id': 'c014M01N21'}}]}, {'adoptions': [{'rel': ({'evidence_statement': 'Collaborative platforms facilitate transfer, streamline recording, and improve communication.', 'node_name': 'AI-enabled collaborative platforms', 'category': 'Technology-enable Practice', 'node_id': 'c014M01N22'}, 'adopt', {'evidence_statement': 'Artificial intelligence is integrated into knowledge-management initiatives.', 'node_name': 'artificial intelligence', 'category': 'Digital Technology', 'node_id': 'c014M01N28'}), 'dst_node': {'evidence_statement': 'Artificial intelligence is integrated into knowledge-management initiatives.', 'node_name': 'artificial intelligence', 'category': 'Digital Technology', 'node_id': 'c014M01N28'}, 'src_node': {'evidence_statement': 'Collaborative platforms facilitate transfer, streamline recording, and improve communication.', 'node_name': 'AI-enabled collaborative platforms', 'category': 'Technology-enable Practice', 'node_id': 'c014M01N22'}}], 'capturedBy': [{'rel': None, 'dst_node': {'evidence_statement': 'Collaborative platforms facilitate transfer, streamline recording, and improve communication.', 'node_name': 'AI-enabled collaborative platforms', 'category': 'Technology-enable Practice', 'node_id': 'c014M01N22'}, 'src_node': None}], 'depends': [{'rel': ({'evidence_statement': 'Collaborative platforms facilitate transfer, streamline recording, and improve communication.', 'node_name': 'AI-enabled collaborative platforms', 'category': 'Technology-enable Practice', 'node_id': 'c014M01N22'}, 'depend_on', {'evidence_statement': 'Leadership support is vital to successful AI-driven KM implementation.', 'node_name': 'leadership support', 'category': 'Organizational Dependency', 'node_id': 'c014M01N31'}), 'dst_node': {'evidence_statement': 'Leadership support is vital to successful AI-driven KM implementation.', 'node_name': 'leadership support', 'category': 'Organizational Dependency', 'node_id': 'c014M01N31'}, 'src_node': {'evidence_statement': 'Collaborative platforms facilitate transfer, streamline recording, and improve communication.', 'node_name': 'AI-enabled collaborative platforms', 'category': 'Technology-enable Practice', 'node_id': 'c014M01N22'}}, {'rel': ({'evidence_statement': 'Collaborative platforms facilitate transfer, streamline recording, and improve communication.', 'node_name': 'AI-enabled collaborative platforms', 'category': 'Technology-enable Practice', 'node_id': 'c014M01N22'}, 'depend_on', {'evidence_statement': 'Participative leadership facilitates AI use, knowledge sharing, and proactive planning.', 'node_name': 'participative leadership', 'category': 'Organizational Dependency', 'node_id': 'c014M01N32'}), 'dst_node': {'evidence_statement': 'Participative leadership facilitates AI use, knowledge sharing, and proactive planning.', 'node_name': 'participative leadership', 'category': 'Organizational Dependency', 'node_id': 'c014M01N32'}, 'src_node': {'evidence_statement': 'Collaborative platforms facilitate transfer, streamline recording, and improve communication.', 'node_name': 'AI-enabled collaborative platforms', 'category': 'Technology-enable Practice', 'node_id': 'c014M01N22'}}, {'rel': ({'evidence_statement': 'Collaborative platforms facilitate transfer, streamline recording, and improve communication.', 'node_name': 'AI-enabled collaborative platforms', 'category': 'Technology-enable Practice', 'node_id': 'c014M01N22'}, 'depend_on', {'evidence_statement': 'Leadership creates a culture of knowledge sharing and innovation.', 'node_name': 'knowledge-sharing culture', 'category': 'Organizational Dependency', 'node_id': 'c014M01N34'}), 'dst_node': {'evidence_statement': 'Leadership creates a culture of knowledge sharing and innovation.', 'node_name': 'knowledge-sharing culture', 'category': 'Organizational Dependency', 'node_id': 'c014M01N34'}, 'src_node': {'evidence_statement': 'Collaborative platforms facilitate transfer, streamline recording, and improve communication.', 'node_name': 'AI-enabled collaborative platforms', 'category': 'Technology-enable Practice', 'node_id': 'c014M01N22'}}, {'rel': ({'evidence_statement': 'Collaborative platforms facilitate transfer, streamline recording, and improve communication.', 'node_name': 'AI-enabled collaborative platforms', 'category': 'Technology-enable Practice', 'node_id': 'c014M01N22'}, 'depend_on', {'evidence_statement': 'Participative leadership encourages stakeholder participation and alignment.', 'node_name': 'stakeholder participation', 'category': 'Organizational Dependency', 'node_id': 'c014M01N35'}), 'dst_node': {'evidence_statement': 'Participative leadership encourages stakeholder participation and alignment.', 'node_name': 'stakeholder participation', 'category': 'Organizational Dependency', 'node_id': 'c014M01N35'}, 'src_node': {'evidence_statement': 'Collaborative platforms facilitate transfer, streamline recording, and improve communication.', 'node_name': 'AI-enabled collaborative platforms', 'category': 'Technology-enable Practice', 'node_id': 'c014M01N22'}}], 'constraints': [{'rel': ({'evidence_statement': 'Collaborative platforms facilitate transfer, streamline recording, and improve communication.', 'node_name': 'AI-enabled collaborative platforms', 'category': 'Technology-enable Practice', 'node_id': 'c014M01N22'}, 'be_constrained_by', {'evidence_statement': 'Abusive leadership is associated with negligible adoption, poor sharing, and KM failure.', 'node_name': 'abusive leadership', 'category': 'Limitation', 'node_id': 'c014M01N39'}), 'dst_node': {'evidence_statement': 'Abusive leadership is associated with negligible adoption, poor sharing, and KM failure.', 'node_name': 'abusive leadership', 'category': 'Limitation', 'node_id': 'c014M01N39'}, 'src_node': {'evidence_statement': 'Collaborative platforms facilitate transfer, streamline recording, and improve communication.', 'node_name': 'AI-enabled collaborative platforms', 'category': 'Technology-enable Practice', 'node_id': 'c014M01N22'}}, {'rel': ({'evidence_statement': 'Collaborative platforms facilitate transfer, streamline recording, and improve communication.', 'node_name': 'AI-enabled collaborative platforms', 'category': 'Technology-enable Practice', 'node_id': 'c014M01N22'}, 'be_constrained_by', {'evidence_statement': 'The results identify a gap in technology use and knowledge transfer.', 'node_name': 'inadequate knowledge transfer', 'category': 'Limitation', 'node_id': 'c014M01N41'}), 'dst_node': {'evidence_statement': 'The results identify a gap in technology use and knowledge transfer.', 'node_name': 'inadequate knowledge transfer', 'category': 'Limitation', 'node_id': 'c014M01N41'}, 'src_node': {'evidence_statement': 'Collaborative platforms facilitate transfer, streamline recording, and improve communication.', 'node_name': 'AI-enabled collaborative platforms', 'category': 'Technology-enable Practice', 'node_id': 'c014M01N22'}}, {'rel': ({'evidence_statement': 'Collaborative platforms facilitate transfer, streamline recording, and improve communication.', 'node_name': 'AI-enabled collaborative platforms', 'category': 'Technology-enable Practice', 'node_id': 'c014M01N22'}, 'be_constrained_by', {'evidence_statement': 'Lack of leadership support includes lack of training and engagement.', 'node_name': 'lack of training and engagement', 'category': 'Limitation', 'node_id': 'c014M01N42'}), 'dst_node': {'evidence_statement': 'Lack of leadership support includes lack of training and engagement.', 'node_name': 'lack of training and engagement', 'category': 'Limitation', 'node_id': 'c014M01N42'}, 'src_node': {'evidence_statement': 'Collaborative platforms facilitate transfer, streamline recording, and improve communication.', 'node_name': 'AI-enabled collaborative platforms', 'category': 'Technology-enable Practice', 'node_id': 'c014M01N22'}}, {'rel': ({'evidence_statement': 'Collaborative platforms facilitate transfer, streamline recording, and improve communication.', 'node_name': 'AI-enabled collaborative platforms', 'category': 'Technology-enable Practice', 'node_id': 'c014M01N22'}, 'be_constrained_by', {'evidence_statement': 'Authoritarian leadership suppresses innovation, sharing, and AI utilization.', 'node_name': 'authoritarian leadership', 'category': 'Limitation', 'node_id': 'c014M01N38'}), 'dst_node': {'evidence_statement': 'Authoritarian leadership suppresses innovation, sharing, and AI utilization.', 'node_name': 'authoritarian leadership', 'category': 'Limitation', 'node_id': 'c014M01N38'}, 'src_node': {'evidence_statement': 'Collaborative platforms facilitate transfer, streamline recording, and improve communication.', 'node_name': 'AI-enabled collaborative platforms', 'category': 'Technology-enable Practice', 'node_id': 'c014M01N22'}}], 'mitigates': [{'rel': ({'evidence_statement': 'Collaborative platforms facilitate transfer, streamline recording, and improve communication.', 'node_name': 'AI-enabled collaborative platforms', 'category': 'Technology-enable Practice', 'node_id': 'c014M01N22'}, 'mitigate', {'evidence_statement': 'The results identify a gap in technology use and knowledge transfer.', 'node_name': 'inadequate knowledge transfer', 'category': 'Limitation', 'node_id': 'c014M01N41'}), 'dst_node': {'evidence_statement': 'The results identify a gap in technology use and knowledge transfer.', 'node_name': 'inadequate knowledge transfer', 'category': 'Limitation', 'node_id': 'c014M01N41'}, 'src_node': {'evidence_statement': 'Collaborative platforms facilitate transfer, streamline recording, and improve communication.', 'node_name': 'AI-enabled collaborative platforms', 'category': 'Technology-enable Practice', 'node_id': 'c014M01N22'}}]}, {'adoptions': [{'rel': ({'evidence_statement': 'Project leadership uses AI monitoring followed by knowledge sharing and intervention.', 'node_name': 'AI-enabled real-time monitoring', 'category': 'Technology-enable Practice', 'node_id': 'c014M01N24'}, 'adopt', {'evidence_statement': 'Artificial intelligence is integrated into knowledge-management initiatives.', 'node_name': 'artificial intelligence', 'category': 'Digital Technology', 'node_id': 'c014M01N28'}), 'dst_node': {'evidence_statement': 'Artificial intelligence is integrated into knowledge-management initiatives.', 'node_name': 'artificial intelligence', 'category': 'Digital Technology', 'node_id': 'c014M01N28'}, 'src_node': {'evidence_statement': 'Project leadership uses AI monitoring followed by knowledge sharing and intervention.', 'node_name': 'AI-enabled real-time monitoring', 'category': 'Technology-enable Practice', 'node_id': 'c014M01N24'}}], 'capturedBy': [{'rel': None, 'dst_node': {'evidence_statement': 'Project leadership uses AI monitoring followed by knowledge sharing and intervention.', 'node_name': 'AI-enabled real-time monitoring', 'category': 'Technology-enable Practice', 'node_id': 'c014M01N24'}, 'src_node': None}], 'depends': [{'rel': ({'evidence_statement': 'Project leadership uses AI monitoring followed by knowledge sharing and intervention.', 'node_name': 'AI-enabled real-time monitoring', 'category': 'Technology-enable Practice', 'node_id': 'c014M01N24'}, 'depend_on', {'evidence_statement': 'Leadership support is vital to successful AI-driven KM implementation.', 'node_name': 'leadership support', 'category': 'Organizational Dependency', 'node_id': 'c014M01N31'}), 'dst_node': {'evidence_statement': 'Leadership support is vital to successful AI-driven KM implementation.', 'node_name': 'leadership support', 'category': 'Organizational Dependency', 'node_id': 'c014M01N31'}, 'src_node': {'evidence_statement': 'Project leadership uses AI monitoring followed by knowledge sharing and intervention.', 'node_name': 'AI-enabled real-time monitoring', 'category': 'Technology-enable Practice', 'node_id': 'c014M01N24'}}, {'rel': ({'evidence_statement': 'Project leadership uses AI monitoring followed by knowledge sharing and intervention.', 'node_name': 'AI-enabled real-time monitoring', 'category': 'Technology-enable Practice', 'node_id': 'c014M01N24'}, 'depend_on', {'evidence_statement': 'Participative leadership facilitates AI use, knowledge sharing, and proactive planning.', 'node_name': 'participative leadership', 'category': 'Organizational Dependency', 'node_id': 'c014M01N32'}), 'dst_node': {'evidence_statement': 'Participative leadership facilitates AI use, knowledge sharing, and proactive planning.', 'node_name': 'participative leadership', 'category': 'Organizational Dependency', 'node_id': 'c014M01N32'}, 'src_node': {'evidence_statement': 'Project leadership uses AI monitoring followed by knowledge sharing and intervention.', 'node_name': 'AI-enabled real-time monitoring', 'category': 'Technology-enable Practice', 'node_id': 'c014M01N24'}}], 'constraints': [{'rel': ({'evidence_statement': 'Project leadership uses AI monitoring followed by knowledge sharing and intervention.', 'node_name': 'AI-enabled real-time monitoring', 'category': 'Technology-enable Practice', 'node_id': 'c014M01N24'}, 'be_constrained_by', {'evidence_statement': 'Abusive leadership is associated with negligible adoption, poor sharing, and KM failure.', 'node_name': 'abusive leadership', 'category': 'Limitation', 'node_id': 'c014M01N39'}), 'dst_node': {'evidence_statement': 'Abusive leadership is associated with negligible adoption, poor sharing, and KM failure.', 'node_name': 'abusive leadership', 'category': 'Limitation', 'node_id': 'c014M01N39'}, 'src_node': {'evidence_statement': 'Project leadership uses AI monitoring followed by knowledge sharing and intervention.', 'node_name': 'AI-enabled real-time monitoring', 'category': 'Technology-enable Practice', 'node_id': 'c014M01N24'}}, {'rel': ({'evidence_statement': 'Project leadership uses AI monitoring followed by knowledge sharing and intervention.', 'node_name': 'AI-enabled real-time monitoring', 'category': 'Technology-enable Practice', 'node_id': 'c014M01N24'}, 'be_constrained_by', {'evidence_statement': 'Lack of leadership support is associated with underutilized AI tools.', 'node_name': 'underutilization of AI tools', 'category': 'Limitation', 'node_id': 'c014M01N40'}), 'dst_node': {'evidence_statement': 'Lack of leadership support is associated with underutilized AI tools.', 'node_name': 'underutilization of AI tools', 'category': 'Limitation', 'node_id': 'c014M01N40'}, 'src_node': {'evidence_statement': 'Project leadership uses AI monitoring followed by knowledge sharing and intervention.', 'node_name': 'AI-enabled real-time monitoring', 'category': 'Technology-enable Practice', 'node_id': 'c014M01N24'}}, {'rel': ({'evidence_statement': 'Project leadership uses AI monitoring followed by knowledge sharing and intervention.', 'node_name': 'AI-enabled real-time monitoring', 'category': 'Technology-enable Practice', 'node_id': 'c014M01N24'}, 'be_constrained_by', {'evidence_statement': 'Many organizations lack infrastructure needed to integrate AI into decisions.', 'node_name': 'lack of technology infrastructure', 'category': 'Limitation', 'node_id': 'c014M01N36'}), 'dst_node': {'evidence_statement': 'Many organizations lack infrastructure needed to integrate AI into decisions.', 'node_name': 'lack of technology infrastructure', 'category': 'Limitation', 'node_id': 'c014M01N36'}, 'src_node': {'evidence_statement': 'Project leadership uses AI monitoring followed by knowledge sharing and intervention.', 'node_name': 'AI-enabled real-time monitoring', 'category': 'Technology-enable Practice', 'node_id': 'c014M01N24'}}, {'rel': ({'evidence_statement': 'Project leadership uses AI monitoring followed by knowledge sharing and intervention.', 'node_name': 'AI-enabled real-time monitoring', 'category': 'Technology-enable Practice', 'node_id': 'c014M01N24'}, 'be_constrained_by', {'evidence_statement': 'Authoritarian leadership suppresses innovation, sharing, and AI utilization.', 'node_name': 'authoritarian leadership', 'category': 'Limitation', 'node_id': 'c014M01N38'}), 'dst_node': {'evidence_statement': 'Authoritarian leadership suppresses innovation, sharing, and AI utilization.', 'node_name': 'authoritarian leadership', 'category': 'Limitation', 'node_id': 'c014M01N38'}, 'src_node': {'evidence_statement': 'Project leadership uses AI monitoring followed by knowledge sharing and intervention.', 'node_name': 'AI-enabled real-time monitoring', 'category': 'Technology-enable Practice', 'node_id': 'c014M01N24'}}], 'mitigates': [{'rel': None, 'dst_node': None, 'src_node': {'evidence_statement': 'Project leadership uses AI monitoring followed by knowledge sharing and intervention.', 'node_name': 'AI-enabled real-time monitoring', 'category': 'Technology-enable Practice', 'node_id': 'c014M01N24'}}]}, {'adoptions': [{'rel': ({'evidence_statement': 'AI tools track carbon footprints and emissions in real time.', 'node_name': 'AI environmental monitoring tools', 'category': 'Technology-enable Practice', 'node_id': 'c014M01N26'}, 'adopt', {'evidence_statement': 'Artificial intelligence is integrated into knowledge-management initiatives.', 'node_name': 'artificial intelligence', 'category': 'Digital Technology', 'node_id': 'c014M01N28'}), 'dst_node': {'evidence_statement': 'Artificial intelligence is integrated into knowledge-management initiatives.', 'node_name': 'artificial intelligence', 'category': 'Digital Technology', 'node_id': 'c014M01N28'}, 'src_node': {'evidence_statement': 'AI tools track carbon footprints and emissions in real time.', 'node_name': 'AI environmental monitoring tools', 'category': 'Technology-enable Practice', 'node_id': 'c014M01N26'}}], 'capturedBy': [{'rel': None, 'dst_node': {'evidence_statement': 'AI tools track carbon footprints and emissions in real time.', 'node_name': 'AI environmental monitoring tools', 'category': 'Technology-enable Practice', 'node_id': 'c014M01N26'}, 'src_node': None}], 'depends': [{'rel': None, 'dst_node': None, 'src_node': {'evidence_statement': 'AI tools track carbon footprints and emissions in real time.', 'node_name': 'AI environmental monitoring tools', 'category': 'Technology-enable Practice', 'node_id': 'c014M01N26'}}], 'constraints': [{'rel': None, 'dst_node': None, 'src_node': {'evidence_statement': 'AI tools track carbon footprints and emissions in real time.', 'node_name': 'AI environmental monitoring tools', 'category': 'Technology-enable Practice', 'node_id': 'c014M01N26'}}], 'mitigates': [{'rel': None, 'dst_node': None, 'src_node': {'evidence_statement': 'AI tools track carbon footprints and emissions in real time.', 'node_name': 'AI environmental monitoring tools', 'category': 'Technology-enable Practice', 'node_id': 'c014M01N26'}}]}]"
c014DS02Q02,RQ1: What emerging technologies are adopted and how they support tacit knowledge capture and retention?,"What's the mechanism of each traditional human-central practice?  introduce this from multiple perspectives: firstly, explain which knowledge holders participated in these practice, then find which tacit knowledge were captured by these practices, subsquently dig out all potential  relations between these paractices with knowledge learners, organizational dependency, environmental dependency, and limitation. Finally, you should summrize the mechanism based on the evidence mentioned above.",2.0,"MATCH (thp:TraditionalHumancentralPractice)-[r:participate_in]-(h:KnowledgeHolder|KnowledgeLearner)
WITH thp, COLLECT({src_node:thp, rel: r, dst_node: h}) AS participates

// 1. 捕获 TacitKnowledge (be_transferred_by) -> 生成 tk_list
OPTIONAL MATCH (tk:TacitKnowledge)-[r:be_transferred_by|evaluate]-(thp)
WITH thp, participates, 
     COLLECT({src_node:tk, rel: r, dst_node: thp}) AS transferredBy

// 4. 捕获 OrganizationalDependency (depend_on) -> 生成 od_list
OPTIONAL MATCH (thp)-[r:depend_on]->(d:OrganizationalDependency|EnvironmentalDependency)
WITH thp, participates, transferredBy, 
     COLLECT({src_node:thp, rel: r, dst_node: d}) AS depends

// 5. 捕获 Limitation (be_constrained_by) -> 生成 lim_list
OPTIONAL MATCH (thp)-[r:be_constrained_by]->(lim:Limitation)
WITH thp, participates, transferredBy, depends,
     COLLECT({src_node:thp, rel: r, dst_node: lim}) AS constraints,
     COLLECT(DISTINCT lim) AS lim_list

// 8. 捕获 mitigates (tep -[:mitigate]-> lim)
//    限定 lim_mit 必须在 lim_list 中
OPTIONAL MATCH (tep)-[r:mitigate]->(lim_mit:Limitation)
WHERE lim_mit IN lim_list
WITH thp, participates, transferredBy, depends, constraints, 
     COLLECT({src_node:tep, rel: r, dst_node: lim_mit}) AS mitigates

RETURN participates,
       transferredBy,
       depends,
       constraints,
       mitigates","The traditional human-central practices include regular training sessions, workshops, and semi-structured interviews. Knowledge holders participating in these practices include project managers, a Project In-charge, and a General Manager from CPEC energy projects. These practices capture tacit knowledge from these holders. Training sessions and workshops involve team members as knowledge learners and depend on leadership support. Semi-structured interviews involve the knowledge holders directly. No explicit relations to environmental dependency or limitations are mentioned. The mechanism is that leadership-supported training and workshops disseminate best practices and rules to team members, while semi-structured interviews elicit tacit knowledge from key project personnel.","[{'participates': [{'rel': ({'evidence_statement': 'Training sessions and workshops keep all team members knowledgeable.', 'node_name': 'team members', 'category': 'Knowledge Learner', 'node_id': 'c014M01N18'}, 'participate_in', {'evidence_statement': 'Leadership-supported training sessions communicate best practices and new rules.', 'node_name': 'regular training sessions', 'category': 'Traditional Human-central Practice', 'node_id': 'c014M01N19'}), 'dst_node': {'evidence_statement': 'Training sessions and workshops keep all team members knowledgeable.', 'node_name': 'team members', 'category': 'Knowledge Learner', 'node_id': 'c014M01N18'}, 'src_node': {'evidence_statement': 'Leadership-supported training sessions communicate best practices and new rules.', 'node_name': 'regular training sessions', 'category': 'Traditional Human-central Practice', 'node_id': 'c014M01N19'}}], 'transferredBy': [{'rel': None, 'dst_node': {'evidence_statement': 'Leadership-supported training sessions communicate best practices and new rules.', 'node_name': 'regular training sessions', 'category': 'Traditional Human-central Practice', 'node_id': 'c014M01N19'}, 'src_node': None}], 'depends': [{'rel': ({'evidence_statement': 'Leadership-supported training sessions communicate best practices and new rules.', 'node_name': 'regular training sessions', 'category': 'Traditional Human-central Practice', 'node_id': 'c014M01N19'}, 'depend_on', {'evidence_statement': 'Leadership support is vital to successful AI-driven KM implementation.', 'node_name': 'leadership support', 'category': 'Organizational Dependency', 'node_id': 'c014M01N31'}), 'dst_node': {'evidence_statement': 'Leadership support is vital to successful AI-driven KM implementation.', 'node_name': 'leadership support', 'category': 'Organizational Dependency', 'node_id': 'c014M01N31'}, 'src_node': {'evidence_statement': 'Leadership-supported training sessions communicate best practices and new rules.', 'node_name': 'regular training sessions', 'category': 'Traditional Human-central Practice', 'node_id': 'c014M01N19'}}], 'constraints': [{'rel': None, 'dst_node': None, 'src_node': {'evidence_statement': 'Leadership-supported training sessions communicate best practices and new rules.', 'node_name': 'regular training sessions', 'category': 'Traditional Human-central Practice', 'node_id': 'c014M01N19'}}], 'mitigates': [{'src_node': None, 'rel': None, 'dst_node': None}]}, {'participates': [{'rel': ({'evidence_statement': 'Training sessions and workshops keep all team members knowledgeable.', 'node_name': 'team members', 'category': 'Knowledge Learner', 'node_id': 'c014M01N18'}, 'participate_in', {'evidence_statement': 'Leadership-supported workshops communicate best practices and new rules.', 'node_name': 'workshops', 'category': 'Traditional Human-central Practice', 'node_id': 'c014M01N20'}), 'dst_node': {'evidence_statement': 'Training sessions and workshops keep all team members knowledgeable.', 'node_name': 'team members', 'category': 'Knowledge Learner', 'node_id': 'c014M01N18'}, 'src_node': {'evidence_statement': 'Leadership-supported workshops communicate best practices and new rules.', 'node_name': 'workshops', 'category': 'Traditional Human-central Practice', 'node_id': 'c014M01N20'}}], 'transferredBy': [{'rel': None, 'dst_node': {'evidence_statement': 'Leadership-supported workshops communicate best practices and new rules.', 'node_name': 'workshops', 'category': 'Traditional Human-central Practice', 'node_id': 'c014M01N20'}, 'src_node': None}], 'depends': [{'rel': ({'evidence_statement': 'Leadership-supported workshops communicate best practices and new rules.', 'node_name': 'workshops', 'category': 'Traditional Human-central Practice', 'node_id': 'c014M01N20'}, 'depend_on', {'evidence_statement': 'Leadership support is vital to successful AI-driven KM implementation.', 'node_name': 'leadership support', 'category': 'Organizational Dependency', 'node_id': 'c014M01N31'}), 'dst_node': {'evidence_statement': 'Leadership support is vital to successful AI-driven KM implementation.', 'node_name': 'leadership support', 'category': 'Organizational Dependency', 'node_id': 'c014M01N31'}, 'src_node': {'evidence_statement': 'Leadership-supported workshops communicate best practices and new rules.', 'node_name': 'workshops', 'category': 'Traditional Human-central Practice', 'node_id': 'c014M01N20'}}], 'constraints': [{'rel': None, 'dst_node': None, 'src_node': {'evidence_statement': 'Leadership-supported workshops communicate best practices and new rules.', 'node_name': 'workshops', 'category': 'Traditional Human-central Practice', 'node_id': 'c014M01N20'}}], 'mitigates': [{'src_node': None, 'rel': None, 'dst_node': None}]}, {'participates': [{'rel': ({'evidence_statement': 'Two project managers from CPEC energy projects participated in the pilot interviews.', 'node_name': 'project managers', 'category': 'Knowledge Holder', 'node_id': 'c014M01N11'}, 'participate_in', {'evidence_statement': 'The study conducts semi-structured interviews with six decision-influencing participants.', 'node_name': 'semi-structured interviews', 'category': 'Traditional Human-central Practice', 'node_id': 'c014M01N43'}), 'dst_node': {'evidence_statement': 'Two project managers from CPEC energy projects participated in the pilot interviews.', 'node_name': 'project managers', 'category': 'Knowledge Holder', 'node_id': 'c014M01N11'}, 'src_node': {'evidence_statement': 'The study conducts semi-structured interviews with six decision-influencing participants.', 'node_name': 'semi-structured interviews', 'category': 'Traditional Human-central Practice', 'node_id': 'c014M01N43'}}, {'rel': ({'evidence_statement': 'A Project In-charge from a CPEC energy project participated in the pilot study.', 'node_name': 'Project In-charge', 'category': 'Knowledge Holder', 'node_id': 'c014M01N12'}, 'participate_in', {'evidence_statement': 'The study conducts semi-structured interviews with six decision-influencing participants.', 'node_name': 'semi-structured interviews', 'category': 'Traditional Human-central Practice', 'node_id': 'c014M01N43'}), 'dst_node': {'evidence_statement': 'A Project In-charge from a CPEC energy project participated in the pilot study.', 'node_name': 'Project In-charge', 'category': 'Knowledge Holder', 'node_id': 'c014M01N12'}, 'src_node': {'evidence_statement': 'The study conducts semi-structured interviews with six decision-influencing participants.', 'node_name': 'semi-structured interviews', 'category': 'Traditional Human-central Practice', 'node_id': 'c014M01N43'}}, {'rel': ({'evidence_statement': 'A General Manager from a CPEC energy project participated.', 'node_name': 'General Manager', 'category': 'Knowledge Holder', 'node_id': 'c014M01N15'}, 'participate_in', {'evidence_statement': 'The study conducts semi-structured interviews with six decision-influencing participants.', 'node_name': 'semi-structured interviews', 'category': 'Traditional Human-central Practice', 'node_id': 'c014M01N43'}), 'dst_node': {'evidence_statement': 'A General Manager from a CPEC energy project participated.', 'node_name': 'General Manager', 'category': 'Knowledge Holder', 'node_id': 'c014M01N15'}, 'src_node': {'evidence_statement': 'The study conducts semi-structured interviews with six decision-influencing participants.', 'node_name': 'semi-structured interviews', 'category': 'Traditional Human-central Practice', 'node_id': 'c014M01N43'}}], 'transferredBy': [{'rel': None, 'dst_node': {'evidence_statement': 'The study conducts semi-structured interviews with six decision-influencing participants.', 'node_name': 'semi-structured interviews', 'category': 'Traditional Human-central Practice', 'node_id': 'c014M01N43'}, 'src_node': None}], 'depends': [{'rel': None, 'dst_node': None, 'src_node': {'evidence_statement': 'The study conducts semi-structured interviews with six decision-influencing participants.', 'node_name': 'semi-structured interviews', 'category': 'Traditional Human-central Practice', 'node_id': 'c014M01N43'}}], 'constraints': [{'rel': None, 'dst_node': None, 'src_node': {'evidence_statement': 'The study conducts semi-structured interviews with six decision-influencing participants.', 'node_name': 'semi-structured interviews', 'category': 'Traditional Human-central Practice', 'node_id': 'c014M01N43'}}], 'mitigates': [{'src_node': None, 'rel': None, 'dst_node': None}]}]"
c014DS03Q01,"RQ2: What resources and capabilities are required, such as data input, expert participation, technical infrastructure, and organizational resources?",Which external environment condition is required by the technology-enable practices?,2.0,"MATCH (p:TechnologyenablePractice)-[r:depend_on]->(e:EnvironmentalDependency)
WITH e, COLLECT({src_node:p, rel: r, dst_node: e}) AS depends
RETURN DISTINCT depends",Not Mentioned,[]
c014DS03Q02,"RQ2: What resources and capabilities are required, such as data input, expert participation, technical infrastructure, and organizational resources?",Which environmental conditions are required by the traditional human practices?,2.0,"MATCH (p:TraditionalHumancentralPractice)-[r:depend_on]->(e:EnvironmentalDependency)
WITH e, COLLECT({src_node:p, rel: r, dst_node: e}) AS depends
RETURN DISTINCT depends",Not Mentioned,[]
c014DS04Q01,"RQ3: How organizational culture influence effectiveness, such as culture, trust, leadership support, motivation, and expert participation?","which organizational resource (e.g., culture, trust, leadership support, motivation, and expert participation, etc) were needed in technology-enable Practices?",2.0,"MATCH (p:TechnologyenablePractice)-[r:depend_on]->(o:OrganizationalDependency)
WITH o, COLLECT({src_node:p, rel: r, dst_node: o}) AS depends
RETURN DISTINCT o,depends","Leadership support, clear strategic vision, participative leadership, resource allocation, knowledge-sharing culture, stakeholder participation, top management engagement, and training and development.","[{'o': {'evidence_statement': 'Leadership support... articulating a clear vision', 'node_name': 'Clear strategic vision', 'category': 'Organizational Dependency', 'node_id': 'c014M02N45'}, 'depends': [{'rel': ({'evidence_statement': 'The case reports implementation and underutilization of AI-based KM initiatives.', 'node_name': 'AI-based knowledge management initiatives', 'category': 'Technology-enable Practice', 'node_id': 'c014M01N21'}, 'depend_on', {'evidence_statement': 'Leadership support... articulating a clear vision', 'node_name': 'Clear strategic vision', 'category': 'Organizational Dependency', 'node_id': 'c014M02N45'}), 'dst_node': {'evidence_statement': 'Leadership support... articulating a clear vision', 'node_name': 'Clear strategic vision', 'category': 'Organizational Dependency', 'node_id': 'c014M02N45'}, 'src_node': {'evidence_statement': 'The case reports implementation and underutilization of AI-based KM initiatives.', 'node_name': 'AI-based knowledge management initiatives', 'category': 'Technology-enable Practice', 'node_id': 'c014M01N21'}}]}, {'o': {'evidence_statement': 'Leadership support is vital to successful AI-driven KM implementation.', 'node_name': 'leadership support', 'category': 'Organizational Dependency', 'node_id': 'c014M01N31'}, 'depends': [{'rel': ({'evidence_statement': 'The case reports implementation and underutilization of AI-based KM initiatives.', 'node_name': 'AI-based knowledge management initiatives', 'category': 'Technology-enable Practice', 'node_id': 'c014M01N21'}, 'depend_on', {'evidence_statement': 'Leadership support is vital to successful AI-driven KM implementation.', 'node_name': 'leadership support', 'category': 'Organizational Dependency', 'node_id': 'c014M01N31'}), 'dst_node': {'evidence_statement': 'Leadership support is vital to successful AI-driven KM implementation.', 'node_name': 'leadership support', 'category': 'Organizational Dependency', 'node_id': 'c014M01N31'}, 'src_node': {'evidence_statement': 'The case reports implementation and underutilization of AI-based KM initiatives.', 'node_name': 'AI-based knowledge management initiatives', 'category': 'Technology-enable Practice', 'node_id': 'c014M01N21'}}, {'rel': ({'evidence_statement': 'Collaborative platforms facilitate transfer, streamline recording, and improve communication.', 'node_name': 'AI-enabled collaborative platforms', 'category': 'Technology-enable Practice', 'node_id': 'c014M01N22'}, 'depend_on', {'evidence_statement': 'Leadership support is vital to successful AI-driven KM implementation.', 'node_name': 'leadership support', 'category': 'Organizational Dependency', 'node_id': 'c014M01N31'}), 'dst_node': {'evidence_statement': 'Leadership support is vital to successful AI-driven KM implementation.', 'node_name': 'leadership support', 'category': 'Organizational Dependency', 'node_id': 'c014M01N31'}, 'src_node': {'evidence_statement': 'Collaborative platforms facilitate transfer, streamline recording, and improve communication.', 'node_name': 'AI-enabled collaborative platforms', 'category': 'Technology-enable Practice', 'node_id': 'c014M01N22'}}, {'rel': ({'evidence_statement': 'Some projects use a portal through which all project news is shared.', 'node_name': 'project news portal', 'category': 'Technology-enable Practice', 'node_id': 'c014M01N23'}, 'depend_on', {'evidence_statement': 'Leadership support is vital to successful AI-driven KM implementation.', 'node_name': 'leadership support', 'category': 'Organizational Dependency', 'node_id': 'c014M01N31'}), 'dst_node': {'evidence_statement': 'Leadership support is vital to successful AI-driven KM implementation.', 'node_name': 'leadership support', 'category': 'Organizational Dependency', 'node_id': 'c014M01N31'}, 'src_node': {'evidence_statement': 'Some projects use a portal through which all project news is shared.', 'node_name': 'project news portal', 'category': 'Technology-enable Practice', 'node_id': 'c014M01N23'}}, {'rel': ({'evidence_statement': 'Project leadership uses AI monitoring followed by knowledge sharing and intervention.', 'node_name': 'AI-enabled real-time monitoring', 'category': 'Technology-enable Practice', 'node_id': 'c014M01N24'}, 'depend_on', {'evidence_statement': 'Leadership support is vital to successful AI-driven KM implementation.', 'node_name': 'leadership support', 'category': 'Organizational Dependency', 'node_id': 'c014M01N31'}), 'dst_node': {'evidence_statement': 'Leadership support is vital to successful AI-driven KM implementation.', 'node_name': 'leadership support', 'category': 'Organizational Dependency', 'node_id': 'c014M01N31'}, 'src_node': {'evidence_statement': 'Project leadership uses AI monitoring followed by knowledge sharing and intervention.', 'node_name': 'AI-enabled real-time monitoring', 'category': 'Technology-enable Practice', 'node_id': 'c014M01N24'}}, {'rel': ({'evidence_statement': 'Predictive analytics supports backup plans and predicts trends and outcomes.', 'node_name': 'AI-enabled predictive analytics', 'category': 'Technology-enable Practice', 'node_id': 'c014M01N25'}, 'depend_on', {'evidence_statement': 'Leadership support is vital to successful AI-driven KM implementation.', 'node_name': 'leadership support', 'category': 'Organizational Dependency', 'node_id': 'c014M01N31'}), 'dst_node': {'evidence_statement': 'Leadership support is vital to successful AI-driven KM implementation.', 'node_name': 'leadership support', 'category': 'Organizational Dependency', 'node_id': 'c014M01N31'}, 'src_node': {'evidence_statement': 'Predictive analytics supports backup plans and predicts trends and outcomes.', 'node_name': 'AI-enabled predictive analytics', 'category': 'Technology-enable Practice', 'node_id': 'c014M01N25'}}, {'rel': ({'evidence_statement': 'Some CPEC projects use Net Zero Cloud to read data and generate reports.', 'node_name': 'Net Zero Cloud', 'category': 'Technology-enable Practice', 'node_id': 'c014M01N27'}, 'depend_on', {'evidence_statement': 'Leadership support is vital to successful AI-driven KM implementation.', 'node_name': 'leadership support', 'category': 'Organizational Dependency', 'node_id': 'c014M01N31'}), 'dst_node': {'evidence_statement': 'Leadership support is vital to successful AI-driven KM implementation.', 'node_name': 'leadership support', 'category': 'Organizational Dependency', 'node_id': 'c014M01N31'}, 'src_node': {'evidence_statement': 'Some CPEC projects use Net Zero Cloud to read data and generate reports.', 'node_name': 'Net Zero Cloud', 'category': 'Technology-enable Practice', 'node_id': 'c014M01N27'}}]}, {'o': {'evidence_statement': 'Participative leadership facilitates AI use, knowledge sharing, and proactive planning.', 'node_name': 'participative leadership', 'category': 'Organizational Dependency', 'node_id': 'c014M01N32'}, 'depends': [{'rel': ({'evidence_statement': 'The case reports implementation and underutilization of AI-based KM initiatives.', 'node_name': 'AI-based knowledge management initiatives', 'category': 'Technology-enable Practice', 'node_id': 'c014M01N21'}, 'depend_on', {'evidence_statement': 'Participative leadership facilitates AI use, knowledge sharing, and proactive planning.', 'node_name': 'participative leadership', 'category': 'Organizational Dependency', 'node_id': 'c014M01N32'}), 'dst_node': {'evidence_statement': 'Participative leadership facilitates AI use, knowledge sharing, and proactive planning.', 'node_name': 'participative leadership', 'category': 'Organizational Dependency', 'node_id': 'c014M01N32'}, 'src_node': {'evidence_statement': 'The case reports implementation and underutilization of AI-based KM initiatives.', 'node_name': 'AI-based knowledge management initiatives', 'category': 'Technology-enable Practice', 'node_id': 'c014M01N21'}}, {'rel': ({'evidence_statement': 'Collaborative platforms facilitate transfer, streamline recording, and improve communication.', 'node_name': 'AI-enabled collaborative platforms', 'category': 'Technology-enable Practice', 'node_id': 'c014M01N22'}, 'depend_on', {'evidence_statement': 'Participative leadership facilitates AI use, knowledge sharing, and proactive planning.', 'node_name': 'participative leadership', 'category': 'Organizational Dependency', 'node_id': 'c014M01N32'}), 'dst_node': {'evidence_statement': 'Participative leadership facilitates AI use, knowledge sharing, and proactive planning.', 'node_name': 'participative leadership', 'category': 'Organizational Dependency', 'node_id': 'c014M01N32'}, 'src_node': {'evidence_statement': 'Collaborative platforms facilitate transfer, streamline recording, and improve communication.', 'node_name': 'AI-enabled collaborative platforms', 'category': 'Technology-enable Practice', 'node_id': 'c014M01N22'}}, {'rel': ({'evidence_statement': 'Project leadership uses AI monitoring followed by knowledge sharing and intervention.', 'node_name': 'AI-enabled real-time monitoring', 'category': 'Technology-enable Practice', 'node_id': 'c014M01N24'}, 'depend_on', {'evidence_statement': 'Participative leadership facilitates AI use, knowledge sharing, and proactive planning.', 'node_name': 'participative leadership', 'category': 'Organizational Dependency', 'node_id': 'c014M01N32'}), 'dst_node': {'evidence_statement': 'Participative leadership facilitates AI use, knowledge sharing, and proactive planning.', 'node_name': 'participative leadership', 'category': 'Organizational Dependency', 'node_id': 'c014M01N32'}, 'src_node': {'evidence_statement': 'Project leadership uses AI monitoring followed by knowledge sharing and intervention.', 'node_name': 'AI-enabled real-time monitoring', 'category': 'Technology-enable Practice', 'node_id': 'c014M01N24'}}]}, {'o': {'evidence_statement': 'Top-management support is required to allocate implementation and training resources.', 'node_name': 'resource allocation', 'category': 'Organizational Dependency', 'node_id': 'c014M01N33'}, 'depends': [{'rel': ({'evidence_statement': 'The case reports implementation and underutilization of AI-based KM initiatives.', 'node_name': 'AI-based knowledge management initiatives', 'category': 'Technology-enable Practice', 'node_id': 'c014M01N21'}, 'depend_on', {'evidence_statement': 'Top-management support is required to allocate implementation and training resources.', 'node_name': 'resource allocation', 'category': 'Organizational Dependency', 'node_id': 'c014M01N33'}), 'dst_node': {'evidence_statement': 'Top-management support is required to allocate implementation and training resources.', 'node_name': 'resource allocation', 'category': 'Organizational Dependency', 'node_id': 'c014M01N33'}, 'src_node': {'evidence_statement': 'The case reports implementation and underutilization of AI-based KM initiatives.', 'node_name': 'AI-based knowledge management initiatives', 'category': 'Technology-enable Practice', 'node_id': 'c014M01N21'}}]}, {'o': {'evidence_statement': 'Leadership creates a culture of knowledge sharing and innovation.', 'node_name': 'knowledge-sharing culture', 'category': 'Organizational Dependency', 'node_id': 'c014M01N34'}, 'depends': [{'rel': ({'evidence_statement': 'The case reports implementation and underutilization of AI-based KM initiatives.', 'node_name': 'AI-based knowledge management initiatives', 'category': 'Technology-enable Practice', 'node_id': 'c014M01N21'}, 'depend_on', {'evidence_statement': 'Leadership creates a culture of knowledge sharing and innovation.', 'node_name': 'knowledge-sharing culture', 'category': 'Organizational Dependency', 'node_id': 'c014M01N34'}), 'dst_node': {'evidence_statement': 'Leadership creates a culture of knowledge sharing and innovation.', 'node_name': 'knowledge-sharing culture', 'category': 'Organizational Dependency', 'node_id': 'c014M01N34'}, 'src_node': {'evidence_statement': 'The case reports implementation and underutilization of AI-based KM initiatives.', 'node_name': 'AI-based knowledge management initiatives', 'category': 'Technology-enable Practice', 'node_id': 'c014M01N21'}}, {'rel': ({'evidence_statement': 'Collaborative platforms facilitate transfer, streamline recording, and improve communication.', 'node_name': 'AI-enabled collaborative platforms', 'category': 'Technology-enable Practice', 'node_id': 'c014M01N22'}, 'depend_on', {'evidence_statement': 'Leadership creates a culture of knowledge sharing and innovation.', 'node_name': 'knowledge-sharing culture', 'category': 'Organizational Dependency', 'node_id': 'c014M01N34'}), 'dst_node': {'evidence_statement': 'Leadership creates a culture of knowledge sharing and innovation.', 'node_name': 'knowledge-sharing culture', 'category': 'Organizational Dependency', 'node_id': 'c014M01N34'}, 'src_node': {'evidence_statement': 'Collaborative platforms facilitate transfer, streamline recording, and improve communication.', 'node_name': 'AI-enabled collaborative platforms', 'category': 'Technology-enable Practice', 'node_id': 'c014M01N22'}}]}, {'o': {'evidence_statement': 'Participative leadership encourages stakeholder participation and alignment.', 'node_name': 'stakeholder participation', 'category': 'Organizational Dependency', 'node_id': 'c014M01N35'}, 'depends': [{'rel': ({'evidence_statement': 'Collaborative platforms facilitate transfer, streamline recording, and improve communication.', 'node_name': 'AI-enabled collaborative platforms', 'category': 'Technology-enable Practice', 'node_id': 'c014M01N22'}, 'depend_on', {'evidence_statement': 'Participative leadership encourages stakeholder participation and alignment.', 'node_name': 'stakeholder participation', 'category': 'Organizational Dependency', 'node_id': 'c014M01N35'}), 'dst_node': {'evidence_statement': 'Participative leadership encourages stakeholder participation and alignment.', 'node_name': 'stakeholder participation', 'category': 'Organizational Dependency', 'node_id': 'c014M01N35'}, 'src_node': {'evidence_statement': 'Collaborative platforms facilitate transfer, streamline recording, and improve communication.', 'node_name': 'AI-enabled collaborative platforms', 'category': 'Technology-enable Practice', 'node_id': 'c014M01N22'}}]}, {'o': {'evidence_statement': 'Lack of top management support disturbs the allocation of required resources', 'node_name': 'Top management engagement', 'category': 'Organizational Dependency', 'node_id': 'c014M02N43'}, 'depends': [{'rel': ({'evidence_statement': 'The case reports implementation and underutilization of AI-based KM initiatives.', 'node_name': 'AI-based knowledge management initiatives', 'category': 'Technology-enable Practice', 'node_id': 'c014M01N21'}, 'depend_on', {'evidence_statement': 'Lack of top management support disturbs the allocation of required resources', 'node_name': 'Top management engagement', 'category': 'Organizational Dependency', 'node_id': 'c014M02N43'}), 'dst_node': {'evidence_statement': 'Lack of top management support disturbs the allocation of required resources', 'node_name': 'Top management engagement', 'category': 'Organizational Dependency', 'node_id': 'c014M02N43'}, 'src_node': {'evidence_statement': 'The case reports implementation and underutilization of AI-based KM initiatives.', 'node_name': 'AI-based knowledge management initiatives', 'category': 'Technology-enable Practice', 'node_id': 'c014M01N21'}}]}, {'o': {'evidence_statement': 'Leadership support... allocates them in the training and development of the human resource', 'node_name': 'Training and development', 'category': 'Organizational Dependency', 'node_id': 'c014M02N47'}, 'depends': [{'rel': ({'evidence_statement': 'The case reports implementation and underutilization of AI-based KM initiatives.', 'node_name': 'AI-based knowledge management initiatives', 'category': 'Technology-enable Practice', 'node_id': 'c014M01N21'}, 'depend_on', {'evidence_statement': 'Leadership support... allocates them in the training and development of the human resource', 'node_name': 'Training and development', 'category': 'Organizational Dependency', 'node_id': 'c014M02N47'}), 'dst_node': {'evidence_statement': 'Leadership support... allocates them in the training and development of the human resource', 'node_name': 'Training and development', 'category': 'Organizational Dependency', 'node_id': 'c014M02N47'}, 'src_node': {'evidence_statement': 'The case reports implementation and underutilization of AI-based KM initiatives.', 'node_name': 'AI-based knowledge management initiatives', 'category': 'Technology-enable Practice', 'node_id': 'c014M01N21'}}]}]"
c014DS04Q02,"RQ3: How organizational culture influence effectiveness, such as culture, trust, leadership support, motivation, and expert participation?","which organizational resource (e.g., culture, trust, leadership support, motivation, and expert participation, etc) were needed in traditional Human Practices?",,"MATCH (p:TraditionalHumancentralPractice)-[r:depend_on]->(o:OrganizationalDependency)
WITH o, COLLECT({src_node:p, rel: r, dst_node: o}) AS depends
RETURN DISTINCT o,depends",leadership support,"[{'o': {'evidence_statement': 'Leadership support is vital to successful AI-driven KM implementation.', 'node_name': 'leadership support', 'category': 'Organizational Dependency', 'node_id': 'c014M01N31'}, 'depends': [{'rel': ({'evidence_statement': 'Leadership-supported training sessions communicate best practices and new rules.', 'node_name': 'regular training sessions', 'category': 'Traditional Human-central Practice', 'node_id': 'c014M01N19'}, 'depend_on', {'evidence_statement': 'Leadership support is vital to successful AI-driven KM implementation.', 'node_name': 'leadership support', 'category': 'Organizational Dependency', 'node_id': 'c014M01N31'}), 'dst_node': {'evidence_statement': 'Leadership support is vital to successful AI-driven KM implementation.', 'node_name': 'leadership support', 'category': 'Organizational Dependency', 'node_id': 'c014M01N31'}, 'src_node': {'evidence_statement': 'Leadership-supported training sessions communicate best practices and new rules.', 'node_name': 'regular training sessions', 'category': 'Traditional Human-central Practice', 'node_id': 'c014M01N19'}}, {'rel': ({'evidence_statement': 'Leadership-supported workshops communicate best practices and new rules.', 'node_name': 'workshops', 'category': 'Traditional Human-central Practice', 'node_id': 'c014M01N20'}, 'depend_on', {'evidence_statement': 'Leadership support is vital to successful AI-driven KM implementation.', 'node_name': 'leadership support', 'category': 'Organizational Dependency', 'node_id': 'c014M01N31'}), 'dst_node': {'evidence_statement': 'Leadership support is vital to successful AI-driven KM implementation.', 'node_name': 'leadership support', 'category': 'Organizational Dependency', 'node_id': 'c014M01N31'}, 'src_node': {'evidence_statement': 'Leadership-supported workshops communicate best practices and new rules.', 'node_name': 'workshops', 'category': 'Traditional Human-central Practice', 'node_id': 'c014M01N20'}}]}]"
c014DS05Q01,"What inherent vulnerability, shortcoming, or failure points the knowledge retention practices face?","What inherent vulnerability, shortcoming, or failure point of  the technology-enable practices?",2.0,"MATCH (p:TechnologyenablePractice)-[r:be_constrained_by]->(l:Limitation)
WITH l, COLLECT({src_node:p, rel: r, dst_node: l}) AS constrainedBy
RETURN DISTINCT l,constrainedBy","The technology-enable practices are constrained by limitations including resistance to change, abusive leadership, underutilization of AI tools, inadequate knowledge transfer, lack of training and engagement, lack of technology infrastructure, authoritarian leadership, and lack of leadership support.","[{'l': {'evidence_statement': 'Resistance to change is identified as an AI-implementation challenge.', 'node_name': 'resistance to change', 'category': 'Limitation', 'node_id': 'c014M01N37'}, 'constrainedBy': [{'rel': ({'evidence_statement': 'The case reports implementation and underutilization of AI-based KM initiatives.', 'node_name': 'AI-based knowledge management initiatives', 'category': 'Technology-enable Practice', 'node_id': 'c014M01N21'}, 'be_constrained_by', {'evidence_statement': 'Resistance to change is identified as an AI-implementation challenge.', 'node_name': 'resistance to change', 'category': 'Limitation', 'node_id': 'c014M01N37'}), 'dst_node': {'evidence_statement': 'Resistance to change is identified as an AI-implementation challenge.', 'node_name': 'resistance to change', 'category': 'Limitation', 'node_id': 'c014M01N37'}, 'src_node': {'evidence_statement': 'The case reports implementation and underutilization of AI-based KM initiatives.', 'node_name': 'AI-based knowledge management initiatives', 'category': 'Technology-enable Practice', 'node_id': 'c014M01N21'}}]}, {'l': {'evidence_statement': 'Abusive leadership is associated with negligible adoption, poor sharing, and KM failure.', 'node_name': 'abusive leadership', 'category': 'Limitation', 'node_id': 'c014M01N39'}, 'constrainedBy': [{'rel': ({'evidence_statement': 'The case reports implementation and underutilization of AI-based KM initiatives.', 'node_name': 'AI-based knowledge management initiatives', 'category': 'Technology-enable Practice', 'node_id': 'c014M01N21'}, 'be_constrained_by', {'evidence_statement': 'Abusive leadership is associated with negligible adoption, poor sharing, and KM failure.', 'node_name': 'abusive leadership', 'category': 'Limitation', 'node_id': 'c014M01N39'}), 'dst_node': {'evidence_statement': 'Abusive leadership is associated with negligible adoption, poor sharing, and KM failure.', 'node_name': 'abusive leadership', 'category': 'Limitation', 'node_id': 'c014M01N39'}, 'src_node': {'evidence_statement': 'The case reports implementation and underutilization of AI-based KM initiatives.', 'node_name': 'AI-based knowledge management initiatives', 'category': 'Technology-enable Practice', 'node_id': 'c014M01N21'}}, {'rel': ({'evidence_statement': 'Collaborative platforms facilitate transfer, streamline recording, and improve communication.', 'node_name': 'AI-enabled collaborative platforms', 'category': 'Technology-enable Practice', 'node_id': 'c014M01N22'}, 'be_constrained_by', {'evidence_statement': 'Abusive leadership is associated with negligible adoption, poor sharing, and KM failure.', 'node_name': 'abusive leadership', 'category': 'Limitation', 'node_id': 'c014M01N39'}), 'dst_node': {'evidence_statement': 'Abusive leadership is associated with negligible adoption, poor sharing, and KM failure.', 'node_name': 'abusive leadership', 'category': 'Limitation', 'node_id': 'c014M01N39'}, 'src_node': {'evidence_statement': 'Collaborative platforms facilitate transfer, streamline recording, and improve communication.', 'node_name': 'AI-enabled collaborative platforms', 'category': 'Technology-enable Practice', 'node_id': 'c014M01N22'}}, {'rel': ({'evidence_statement': 'Project leadership uses AI monitoring followed by knowledge sharing and intervention.', 'node_name': 'AI-enabled real-time monitoring', 'category': 'Technology-enable Practice', 'node_id': 'c014M01N24'}, 'be_constrained_by', {'evidence_statement': 'Abusive leadership is associated with negligible adoption, poor sharing, and KM failure.', 'node_name': 'abusive leadership', 'category': 'Limitation', 'node_id': 'c014M01N39'}), 'dst_node': {'evidence_statement': 'Abusive leadership is associated with negligible adoption, poor sharing, and KM failure.', 'node_name': 'abusive leadership', 'category': 'Limitation', 'node_id': 'c014M01N39'}, 'src_node': {'evidence_statement': 'Project leadership uses AI monitoring followed by knowledge sharing and intervention.', 'node_name': 'AI-enabled real-time monitoring', 'category': 'Technology-enable Practice', 'node_id': 'c014M01N24'}}]}, {'l': {'evidence_statement': 'Lack of leadership support is associated with underutilized AI tools.', 'node_name': 'underutilization of AI tools', 'category': 'Limitation', 'node_id': 'c014M01N40'}, 'constrainedBy': [{'rel': ({'evidence_statement': 'The case reports implementation and underutilization of AI-based KM initiatives.', 'node_name': 'AI-based knowledge management initiatives', 'category': 'Technology-enable Practice', 'node_id': 'c014M01N21'}, 'be_constrained_by', {'evidence_statement': 'Lack of leadership support is associated with underutilized AI tools.', 'node_name': 'underutilization of AI tools', 'category': 'Limitation', 'node_id': 'c014M01N40'}), 'dst_node': {'evidence_statement': 'Lack of leadership support is associated with underutilized AI tools.', 'node_name': 'underutilization of AI tools', 'category': 'Limitation', 'node_id': 'c014M01N40'}, 'src_node': {'evidence_statement': 'The case reports implementation and underutilization of AI-based KM initiatives.', 'node_name': 'AI-based knowledge management initiatives', 'category': 'Technology-enable Practice', 'node_id': 'c014M01N21'}}, {'rel': ({'evidence_statement': 'Project leadership uses AI monitoring followed by knowledge sharing and intervention.', 'node_name': 'AI-enabled real-time monitoring', 'category': 'Technology-enable Practice', 'node_id': 'c014M01N24'}, 'be_constrained_by', {'evidence_statement': 'Lack of leadership support is associated with underutilized AI tools.', 'node_name': 'underutilization of AI tools', 'category': 'Limitation', 'node_id': 'c014M01N40'}), 'dst_node': {'evidence_statement': 'Lack of leadership support is associated with underutilized AI tools.', 'node_name': 'underutilization of AI tools', 'category': 'Limitation', 'node_id': 'c014M01N40'}, 'src_node': {'evidence_statement': 'Project leadership uses AI monitoring followed by knowledge sharing and intervention.', 'node_name': 'AI-enabled real-time monitoring', 'category': 'Technology-enable Practice', 'node_id': 'c014M01N24'}}, {'rel': ({'evidence_statement': 'Predictive analytics supports backup plans and predicts trends and outcomes.', 'node_name': 'AI-enabled predictive analytics', 'category': 'Technology-enable Practice', 'node_id': 'c014M01N25'}, 'be_constrained_by', {'evidence_statement': 'Lack of leadership support is associated with underutilized AI tools.', 'node_name': 'underutilization of AI tools', 'category': 'Limitation', 'node_id': 'c014M01N40'}), 'dst_node': {'evidence_statement': 'Lack of leadership support is associated with underutilized AI tools.', 'node_name': 'underutilization of AI tools', 'category': 'Limitation', 'node_id': 'c014M01N40'}, 'src_node': {'evidence_statement': 'Predictive analytics supports backup plans and predicts trends and outcomes.', 'node_name': 'AI-enabled predictive analytics', 'category': 'Technology-enable Practice', 'node_id': 'c014M01N25'}}, {'rel': ({'evidence_statement': 'Some CPEC projects use Net Zero Cloud to read data and generate reports.', 'node_name': 'Net Zero Cloud', 'category': 'Technology-enable Practice', 'node_id': 'c014M01N27'}, 'be_constrained_by', {'evidence_statement': 'Lack of leadership support is associated with underutilized AI tools.', 'node_name': 'underutilization of AI tools', 'category': 'Limitation', 'node_id': 'c014M01N40'}), 'dst_node': {'evidence_statement': 'Lack of leadership support is associated with underutilized AI tools.', 'node_name': 'underutilization of AI tools', 'category': 'Limitation', 'node_id': 'c014M01N40'}, 'src_node': {'evidence_statement': 'Some CPEC projects use Net Zero Cloud to read data and generate reports.', 'node_name': 'Net Zero Cloud', 'category': 'Technology-enable Practice', 'node_id': 'c014M01N27'}}]}, {'l': {'evidence_statement': 'The results identify a gap in technology use and knowledge transfer.', 'node_name': 'inadequate knowledge transfer', 'category': 'Limitation', 'node_id': 'c014M01N41'}, 'constrainedBy': [{'rel': ({'evidence_statement': 'The case reports implementation and underutilization of AI-based KM initiatives.', 'node_name': 'AI-based knowledge management initiatives', 'category': 'Technology-enable Practice', 'node_id': 'c014M01N21'}, 'be_constrained_by', {'evidence_statement': 'The results identify a gap in technology use and knowledge transfer.', 'node_name': 'inadequate knowledge transfer', 'category': 'Limitation', 'node_id': 'c014M01N41'}), 'dst_node': {'evidence_statement': 'The results identify a gap in technology use and knowledge transfer.', 'node_name': 'inadequate knowledge transfer', 'category': 'Limitation', 'node_id': 'c014M01N41'}, 'src_node': {'evidence_statement': 'The case reports implementation and underutilization of AI-based KM initiatives.', 'node_name': 'AI-based knowledge management initiatives', 'category': 'Technology-enable Practice', 'node_id': 'c014M01N21'}}, {'rel': ({'evidence_statement': 'Collaborative platforms facilitate transfer, streamline recording, and improve communication.', 'node_name': 'AI-enabled collaborative platforms', 'category': 'Technology-enable Practice', 'node_id': 'c014M01N22'}, 'be_constrained_by', {'evidence_statement': 'The results identify a gap in technology use and knowledge transfer.', 'node_name': 'inadequate knowledge transfer', 'category': 'Limitation', 'node_id': 'c014M01N41'}), 'dst_node': {'evidence_statement': 'The results identify a gap in technology use and knowledge transfer.', 'node_name': 'inadequate knowledge transfer', 'category': 'Limitation', 'node_id': 'c014M01N41'}, 'src_node': {'evidence_statement': 'Collaborative platforms facilitate transfer, streamline recording, and improve communication.', 'node_name': 'AI-enabled collaborative platforms', 'category': 'Technology-enable Practice', 'node_id': 'c014M01N22'}}]}, {'l': {'evidence_statement': 'Lack of leadership support includes lack of training and engagement.', 'node_name': 'lack of training and engagement', 'category': 'Limitation', 'node_id': 'c014M01N42'}, 'constrainedBy': [{'rel': ({'evidence_statement': 'The case reports implementation and underutilization of AI-based KM initiatives.', 'node_name': 'AI-based knowledge management initiatives', 'category': 'Technology-enable Practice', 'node_id': 'c014M01N21'}, 'be_constrained_by', {'evidence_statement': 'Lack of leadership support includes lack of training and engagement.', 'node_name': 'lack of training and engagement', 'category': 'Limitation', 'node_id': 'c014M01N42'}), 'dst_node': {'evidence_statement': 'Lack of leadership support includes lack of training and engagement.', 'node_name': 'lack of training and engagement', 'category': 'Limitation', 'node_id': 'c014M01N42'}, 'src_node': {'evidence_statement': 'The case reports implementation and underutilization of AI-based KM initiatives.', 'node_name': 'AI-based knowledge management initiatives', 'category': 'Technology-enable Practice', 'node_id': 'c014M01N21'}}, {'rel': ({'evidence_statement': 'Collaborative platforms facilitate transfer, streamline recording, and improve communication.', 'node_name': 'AI-enabled collaborative platforms', 'category': 'Technology-enable Practice', 'node_id': 'c014M01N22'}, 'be_constrained_by', {'evidence_statement': 'Lack of leadership support includes lack of training and engagement.', 'node_name': 'lack of training and engagement', 'category': 'Limitation', 'node_id': 'c014M01N42'}), 'dst_node': {'evidence_statement': 'Lack of leadership support includes lack of training and engagement.', 'node_name': 'lack of training and engagement', 'category': 'Limitation', 'node_id': 'c014M01N42'}, 'src_node': {'evidence_statement': 'Collaborative platforms facilitate transfer, streamline recording, and improve communication.', 'node_name': 'AI-enabled collaborative platforms', 'category': 'Technology-enable Practice', 'node_id': 'c014M01N22'}}, {'rel': ({'evidence_statement': 'Some CPEC projects use Net Zero Cloud to read data and generate reports.', 'node_name': 'Net Zero Cloud', 'category': 'Technology-enable Practice', 'node_id': 'c014M01N27'}, 'be_constrained_by', {'evidence_statement': 'Lack of leadership support includes lack of training and engagement.', 'node_name': 'lack of training and engagement', 'category': 'Limitation', 'node_id': 'c014M01N42'}), 'dst_node': {'evidence_statement': 'Lack of leadership support includes lack of training and engagement.', 'node_name': 'lack of training and engagement', 'category': 'Limitation', 'node_id': 'c014M01N42'}, 'src_node': {'evidence_statement': 'Some CPEC projects use Net Zero Cloud to read data and generate reports.', 'node_name': 'Net Zero Cloud', 'category': 'Technology-enable Practice', 'node_id': 'c014M01N27'}}]}, {'l': {'evidence_statement': 'Many organizations lack infrastructure needed to integrate AI into decisions.', 'node_name': 'lack of technology infrastructure', 'category': 'Limitation', 'node_id': 'c014M01N36'}, 'constrainedBy': [{'rel': ({'evidence_statement': 'The case reports implementation and underutilization of AI-based KM initiatives.', 'node_name': 'AI-based knowledge management initiatives', 'category': 'Technology-enable Practice', 'node_id': 'c014M01N21'}, 'be_constrained_by', {'evidence_statement': 'Many organizations lack infrastructure needed to integrate AI into decisions.', 'node_name': 'lack of technology infrastructure', 'category': 'Limitation', 'node_id': 'c014M01N36'}), 'dst_node': {'evidence_statement': 'Many organizations lack infrastructure needed to integrate AI into decisions.', 'node_name': 'lack of technology infrastructure', 'category': 'Limitation', 'node_id': 'c014M01N36'}, 'src_node': {'evidence_statement': 'The case reports implementation and underutilization of AI-based KM initiatives.', 'node_name': 'AI-based knowledge management initiatives', 'category': 'Technology-enable Practice', 'node_id': 'c014M01N21'}}, {'rel': ({'evidence_statement': 'Project leadership uses AI monitoring followed by knowledge sharing and intervention.', 'node_name': 'AI-enabled real-time monitoring', 'category': 'Technology-enable Practice', 'node_id': 'c014M01N24'}, 'be_constrained_by', {'evidence_statement': 'Many organizations lack infrastructure needed to integrate AI into decisions.', 'node_name': 'lack of technology infrastructure', 'category': 'Limitation', 'node_id': 'c014M01N36'}), 'dst_node': {'evidence_statement': 'Many organizations lack infrastructure needed to integrate AI into decisions.', 'node_name': 'lack of technology infrastructure', 'category': 'Limitation', 'node_id': 'c014M01N36'}, 'src_node': {'evidence_statement': 'Project leadership uses AI monitoring followed by knowledge sharing and intervention.', 'node_name': 'AI-enabled real-time monitoring', 'category': 'Technology-enable Practice', 'node_id': 'c014M01N24'}}, {'rel': ({'evidence_statement': 'Predictive analytics supports backup plans and predicts trends and outcomes.', 'node_name': 'AI-enabled predictive analytics', 'category': 'Technology-enable Practice', 'node_id': 'c014M01N25'}, 'be_constrained_by', {'evidence_statement': 'Many organizations lack infrastructure needed to integrate AI into decisions.', 'node_name': 'lack of technology infrastructure', 'category': 'Limitation', 'node_id': 'c014M01N36'}), 'dst_node': {'evidence_statement': 'Many organizations lack infrastructure needed to integrate AI into decisions.', 'node_name': 'lack of technology infrastructure', 'category': 'Limitation', 'node_id': 'c014M01N36'}, 'src_node': {'evidence_statement': 'Predictive analytics supports backup plans and predicts trends and outcomes.', 'node_name': 'AI-enabled predictive analytics', 'category': 'Technology-enable Practice', 'node_id': 'c014M01N25'}}]}, {'l': {'evidence_statement': 'Authoritarian leadership suppresses innovation, sharing, and AI utilization.', 'node_name': 'authoritarian leadership', 'category': 'Limitation', 'node_id': 'c014M01N38'}, 'constrainedBy': [{'rel': ({'evidence_statement': 'The case reports implementation and underutilization of AI-based KM initiatives.', 'node_name': 'AI-based knowledge management initiatives', 'category': 'Technology-enable Practice', 'node_id': 'c014M01N21'}, 'be_constrained_by', {'evidence_statement': 'Authoritarian leadership suppresses innovation, sharing, and AI utilization.', 'node_name': 'authoritarian leadership', 'category': 'Limitation', 'node_id': 'c014M01N38'}), 'dst_node': {'evidence_statement': 'Authoritarian leadership suppresses innovation, sharing, and AI utilization.', 'node_name': 'authoritarian leadership', 'category': 'Limitation', 'node_id': 'c014M01N38'}, 'src_node': {'evidence_statement': 'The case reports implementation and underutilization of AI-based KM initiatives.', 'node_name': 'AI-based knowledge management initiatives', 'category': 'Technology-enable Practice', 'node_id': 'c014M01N21'}}, {'rel': ({'evidence_statement': 'Collaborative platforms facilitate transfer, streamline recording, and improve communication.', 'node_name': 'AI-enabled collaborative platforms', 'category': 'Technology-enable Practice', 'node_id': 'c014M01N22'}, 'be_constrained_by', {'evidence_statement': 'Authoritarian leadership suppresses innovation, sharing, and AI utilization.', 'node_name': 'authoritarian leadership', 'category': 'Limitation', 'node_id': 'c014M01N38'}), 'dst_node': {'evidence_statement': 'Authoritarian leadership suppresses innovation, sharing, and AI utilization.', 'node_name': 'authoritarian leadership', 'category': 'Limitation', 'node_id': 'c014M01N38'}, 'src_node': {'evidence_statement': 'Collaborative platforms facilitate transfer, streamline recording, and improve communication.', 'node_name': 'AI-enabled collaborative platforms', 'category': 'Technology-enable Practice', 'node_id': 'c014M01N22'}}, {'rel': ({'evidence_statement': 'Some projects use a portal through which all project news is shared.', 'node_name': 'project news portal', 'category': 'Technology-enable Practice', 'node_id': 'c014M01N23'}, 'be_constrained_by', {'evidence_statement': 'Authoritarian leadership suppresses innovation, sharing, and AI utilization.', 'node_name': 'authoritarian leadership', 'category': 'Limitation', 'node_id': 'c014M01N38'}), 'dst_node': {'evidence_statement': 'Authoritarian leadership suppresses innovation, sharing, and AI utilization.', 'node_name': 'authoritarian leadership', 'category': 'Limitation', 'node_id': 'c014M01N38'}, 'src_node': {'evidence_statement': 'Some projects use a portal through which all project news is shared.', 'node_name': 'project news portal', 'category': 'Technology-enable Practice', 'node_id': 'c014M01N23'}}, {'rel': ({'evidence_statement': 'Project leadership uses AI monitoring followed by knowledge sharing and intervention.', 'node_name': 'AI-enabled real-time monitoring', 'category': 'Technology-enable Practice', 'node_id': 'c014M01N24'}, 'be_constrained_by', {'evidence_statement': 'Authoritarian leadership suppresses innovation, sharing, and AI utilization.', 'node_name': 'authoritarian leadership', 'category': 'Limitation', 'node_id': 'c014M01N38'}), 'dst_node': {'evidence_statement': 'Authoritarian leadership suppresses innovation, sharing, and AI utilization.', 'node_name': 'authoritarian leadership', 'category': 'Limitation', 'node_id': 'c014M01N38'}, 'src_node': {'evidence_statement': 'Project leadership uses AI monitoring followed by knowledge sharing and intervention.', 'node_name': 'AI-enabled real-time monitoring', 'category': 'Technology-enable Practice', 'node_id': 'c014M01N24'}}, {'rel': ({'evidence_statement': 'Predictive analytics supports backup plans and predicts trends and outcomes.', 'node_name': 'AI-enabled predictive analytics', 'category': 'Technology-enable Practice', 'node_id': 'c014M01N25'}, 'be_constrained_by', {'evidence_statement': 'Authoritarian leadership suppresses innovation, sharing, and AI utilization.', 'node_name': 'authoritarian leadership', 'category': 'Limitation', 'node_id': 'c014M01N38'}), 'dst_node': {'evidence_statement': 'Authoritarian leadership suppresses innovation, sharing, and AI utilization.', 'node_name': 'authoritarian leadership', 'category': 'Limitation', 'node_id': 'c014M01N38'}, 'src_node': {'evidence_statement': 'Predictive analytics supports backup plans and predicts trends and outcomes.', 'node_name': 'AI-enabled predictive analytics', 'category': 'Technology-enable Practice', 'node_id': 'c014M01N25'}}]}, {'l': {'evidence_statement': 'A critical hurdle identified in the results is the lack of leadership support for utilizing AI-driven KM initiatives', 'node_name': 'Lack of leadership support', 'category': 'Limitation', 'node_id': 'c014M02N55'}, 'constrainedBy': [{'rel': ({'evidence_statement': 'The case reports implementation and underutilization of AI-based KM initiatives.', 'node_name': 'AI-based knowledge management initiatives', 'category': 'Technology-enable Practice', 'node_id': 'c014M01N21'}, 'be_constrained_by', {'evidence_statement': 'A critical hurdle identified in the results is the lack of leadership support for utilizing AI-driven KM initiatives', 'node_name': 'Lack of leadership support', 'category': 'Limitation', 'node_id': 'c014M02N55'}), 'dst_node': {'evidence_statement': 'A critical hurdle identified in the results is the lack of leadership support for utilizing AI-driven KM initiatives', 'node_name': 'Lack of leadership support', 'category': 'Limitation', 'node_id': 'c014M02N55'}, 'src_node': {'evidence_statement': 'The case reports implementation and underutilization of AI-based KM initiatives.', 'node_name': 'AI-based knowledge management initiatives', 'category': 'Technology-enable Practice', 'node_id': 'c014M01N21'}}]}, {'l': {'evidence_statement': 'Abusive leadership - Negligible or zero adoption', 'node_name': 'Abusive leadership causing zero adoption', 'category': 'Limitation', 'node_id': 'c014M02N57'}, 'constrainedBy': [{'rel': ({'evidence_statement': 'The case reports implementation and underutilization of AI-based KM initiatives.', 'node_name': 'AI-based knowledge management initiatives', 'category': 'Technology-enable Practice', 'node_id': 'c014M01N21'}, 'be_constrained_by', {'evidence_statement': 'Abusive leadership - Negligible or zero adoption', 'node_name': 'Abusive leadership causing zero adoption', 'category': 'Limitation', 'node_id': 'c014M02N57'}), 'dst_node': {'evidence_statement': 'Abusive leadership - Negligible or zero adoption', 'node_name': 'Abusive leadership causing zero adoption', 'category': 'Limitation', 'node_id': 'c014M02N57'}, 'src_node': {'evidence_statement': 'The case reports implementation and underutilization of AI-based KM initiatives.', 'node_name': 'AI-based knowledge management initiatives', 'category': 'Technology-enable Practice', 'node_id': 'c014M01N21'}}]}]"
c014DS05Q02,"What inherent vulnerability, shortcoming, or failure points the knowledge retention practices face?","What inherent vulnerability, shortcoming, or failure point of  the traditional human-central practices?",2.0,"MATCH (p:TraditionalHumancentralPractice)-[r:be_constrained_by]->(l:Limitation)
WITH l, COLLECT({src_node:p, rel: r, dst_node: l}) AS constrainedBy
RETURN DISTINCT l,constrainedBy","Traditional decision-making process and unstructured knowledge sharing are constrained by lack of leadership support, authoritarian leadership hindering adoption, and abusive leadership causing zero adoption.","[{'l': {'evidence_statement': 'A critical hurdle identified in the results is the lack of leadership support for utilizing AI-driven KM initiatives', 'node_name': 'Lack of leadership support', 'category': 'Limitation', 'node_id': 'c014M02N55'}, 'constrainedBy': [{'rel': ({'evidence_statement': 'We are not asked for any opinion, we are told to perform any task', 'node_name': 'Traditional decision-making process', 'category': 'Traditional Human-central Practice', 'node_id': 'c014M02N26'}, 'be_constrained_by', {'evidence_statement': 'A critical hurdle identified in the results is the lack of leadership support for utilizing AI-driven KM initiatives', 'node_name': 'Lack of leadership support', 'category': 'Limitation', 'node_id': 'c014M02N55'}), 'dst_node': {'evidence_statement': 'A critical hurdle identified in the results is the lack of leadership support for utilizing AI-driven KM initiatives', 'node_name': 'Lack of leadership support', 'category': 'Limitation', 'node_id': 'c014M02N55'}, 'src_node': {'evidence_statement': 'We are not asked for any opinion, we are told to perform any task', 'node_name': 'Traditional decision-making process', 'category': 'Traditional Human-central Practice', 'node_id': 'c014M02N26'}}, {'rel': ({'evidence_statement': 'Minimal stakeholder involvement... reduces knowledge sharing', 'node_name': 'Unstructured knowledge sharing', 'category': 'Traditional Human-central Practice', 'node_id': 'c014M02N27'}, 'be_constrained_by', {'evidence_statement': 'A critical hurdle identified in the results is the lack of leadership support for utilizing AI-driven KM initiatives', 'node_name': 'Lack of leadership support', 'category': 'Limitation', 'node_id': 'c014M02N55'}), 'dst_node': {'evidence_statement': 'A critical hurdle identified in the results is the lack of leadership support for utilizing AI-driven KM initiatives', 'node_name': 'Lack of leadership support', 'category': 'Limitation', 'node_id': 'c014M02N55'}, 'src_node': {'evidence_statement': 'Minimal stakeholder involvement... reduces knowledge sharing', 'node_name': 'Unstructured knowledge sharing', 'category': 'Traditional Human-central Practice', 'node_id': 'c014M02N27'}}]}, {'l': {'evidence_statement': 'The authoritarian and abusive leadership style hinders its adoption', 'node_name': 'Authoritarian leadership hindering adoption', 'category': 'Limitation', 'node_id': 'c014M02N56'}, 'constrainedBy': [{'rel': ({'evidence_statement': 'We are not asked for any opinion, we are told to perform any task', 'node_name': 'Traditional decision-making process', 'category': 'Traditional Human-central Practice', 'node_id': 'c014M02N26'}, 'be_constrained_by', {'evidence_statement': 'The authoritarian and abusive leadership style hinders its adoption', 'node_name': 'Authoritarian leadership hindering adoption', 'category': 'Limitation', 'node_id': 'c014M02N56'}), 'dst_node': {'evidence_statement': 'The authoritarian and abusive leadership style hinders its adoption', 'node_name': 'Authoritarian leadership hindering adoption', 'category': 'Limitation', 'node_id': 'c014M02N56'}, 'src_node': {'evidence_statement': 'We are not asked for any opinion, we are told to perform any task', 'node_name': 'Traditional decision-making process', 'category': 'Traditional Human-central Practice', 'node_id': 'c014M02N26'}}, {'rel': ({'evidence_statement': 'Minimal stakeholder involvement... reduces knowledge sharing', 'node_name': 'Unstructured knowledge sharing', 'category': 'Traditional Human-central Practice', 'node_id': 'c014M02N27'}, 'be_constrained_by', {'evidence_statement': 'The authoritarian and abusive leadership style hinders its adoption', 'node_name': 'Authoritarian leadership hindering adoption', 'category': 'Limitation', 'node_id': 'c014M02N56'}), 'dst_node': {'evidence_statement': 'The authoritarian and abusive leadership style hinders its adoption', 'node_name': 'Authoritarian leadership hindering adoption', 'category': 'Limitation', 'node_id': 'c014M02N56'}, 'src_node': {'evidence_statement': 'Minimal stakeholder involvement... reduces knowledge sharing', 'node_name': 'Unstructured knowledge sharing', 'category': 'Traditional Human-central Practice', 'node_id': 'c014M02N27'}}]}, {'l': {'evidence_statement': 'Abusive leadership - Negligible or zero adoption', 'node_name': 'Abusive leadership causing zero adoption', 'category': 'Limitation', 'node_id': 'c014M02N57'}, 'constrainedBy': [{'rel': ({'evidence_statement': 'Minimal stakeholder involvement... reduces knowledge sharing', 'node_name': 'Unstructured knowledge sharing', 'category': 'Traditional Human-central Practice', 'node_id': 'c014M02N27'}, 'be_constrained_by', {'evidence_statement': 'Abusive leadership - Negligible or zero adoption', 'node_name': 'Abusive leadership causing zero adoption', 'category': 'Limitation', 'node_id': 'c014M02N57'}), 'dst_node': {'evidence_statement': 'Abusive leadership - Negligible or zero adoption', 'node_name': 'Abusive leadership causing zero adoption', 'category': 'Limitation', 'node_id': 'c014M02N57'}, 'src_node': {'evidence_statement': 'Minimal stakeholder involvement... reduces knowledge sharing', 'node_name': 'Unstructured knowledge sharing', 'category': 'Traditional Human-central Practice', 'node_id': 'c014M02N27'}}]}]"
c014DS05Q03,"What inherent vulnerability, shortcoming, or failure points the knowledge retention practices face?",Which limitations the technology-enable practices resolve or at least mitigate the traditional human-central practices have faced?,2.0,"MATCH (p:TechnologyenablePractice)-[r:mitigate]->(l:Limitation)
WITH l, COLLECT({src_node:p, rel: r, dst_node: l}) AS mitigates
OPTIONAL MATCH (l)-[r:be_constrained_by]-(t:TraditionalHumancentralPractice)
WITH l, mitigates, COLLECT({src_node:l, rel: r, dst_node: t}) AS constrainedBy
RETURN DISTINCT l,mitigates,constrainedBy","AI-based knowledge management initiatives mitigate resistance to change, lack of adaptive capability, and delays and disruptions. AI-enabled collaborative platforms, project news portal, and AI-enabled real-time monitoring mitigate inadequate knowledge transfer. AI-enabled predictive analytics mitigates operational inefficiencies.","[{'l': {'evidence_statement': 'Resistance to change is identified as an AI-implementation challenge.', 'node_name': 'resistance to change', 'category': 'Limitation', 'node_id': 'c014M01N37'}, 'mitigates': [{'rel': ({'evidence_statement': 'The case reports implementation and underutilization of AI-based KM initiatives.', 'node_name': 'AI-based knowledge management initiatives', 'category': 'Technology-enable Practice', 'node_id': 'c014M01N21'}, 'mitigate', {'evidence_statement': 'Resistance to change is identified as an AI-implementation challenge.', 'node_name': 'resistance to change', 'category': 'Limitation', 'node_id': 'c014M01N37'}), 'dst_node': {'evidence_statement': 'Resistance to change is identified as an AI-implementation challenge.', 'node_name': 'resistance to change', 'category': 'Limitation', 'node_id': 'c014M01N37'}, 'src_node': {'evidence_statement': 'The case reports implementation and underutilization of AI-based KM initiatives.', 'node_name': 'AI-based knowledge management initiatives', 'category': 'Technology-enable Practice', 'node_id': 'c014M01N21'}}], 'constrainedBy': [{'rel': None, 'dst_node': None, 'src_node': {'evidence_statement': 'Resistance to change is identified as an AI-implementation challenge.', 'node_name': 'resistance to change', 'category': 'Limitation', 'node_id': 'c014M01N37'}}]}, {'l': {'evidence_statement': 'Some projects face delays and shutdowns as those projects lack the adaptive capability', 'node_name': 'Lack of adaptive capability', 'category': 'Limitation', 'node_id': 'c014M02N59'}, 'mitigates': [{'rel': ({'evidence_statement': 'The case reports implementation and underutilization of AI-based KM initiatives.', 'node_name': 'AI-based knowledge management initiatives', 'category': 'Technology-enable Practice', 'node_id': 'c014M01N21'}, 'mitigate', {'evidence_statement': 'Some projects face delays and shutdowns as those projects lack the adaptive capability', 'node_name': 'Lack of adaptive capability', 'category': 'Limitation', 'node_id': 'c014M02N59'}), 'dst_node': {'evidence_statement': 'Some projects face delays and shutdowns as those projects lack the adaptive capability', 'node_name': 'Lack of adaptive capability', 'category': 'Limitation', 'node_id': 'c014M02N59'}, 'src_node': {'evidence_statement': 'The case reports implementation and underutilization of AI-based KM initiatives.', 'node_name': 'AI-based knowledge management initiatives', 'category': 'Technology-enable Practice', 'node_id': 'c014M01N21'}}], 'constrainedBy': [{'rel': None, 'dst_node': None, 'src_node': {'evidence_statement': 'Some projects face delays and shutdowns as those projects lack the adaptive capability', 'node_name': 'Lack of adaptive capability', 'category': 'Limitation', 'node_id': 'c014M02N59'}}]}, {'l': {'evidence_statement': 'Authoritarian leadership - Delays and disruptions', 'node_name': 'Delays and disruptions', 'category': 'Limitation', 'node_id': 'c014M02N62'}, 'mitigates': [{'rel': ({'evidence_statement': 'The case reports implementation and underutilization of AI-based KM initiatives.', 'node_name': 'AI-based knowledge management initiatives', 'category': 'Technology-enable Practice', 'node_id': 'c014M01N21'}, 'mitigate', {'evidence_statement': 'Authoritarian leadership - Delays and disruptions', 'node_name': 'Delays and disruptions', 'category': 'Limitation', 'node_id': 'c014M02N62'}), 'dst_node': {'evidence_statement': 'Authoritarian leadership - Delays and disruptions', 'node_name': 'Delays and disruptions', 'category': 'Limitation', 'node_id': 'c014M02N62'}, 'src_node': {'evidence_statement': 'The case reports implementation and underutilization of AI-based KM initiatives.', 'node_name': 'AI-based knowledge management initiatives', 'category': 'Technology-enable Practice', 'node_id': 'c014M01N21'}}], 'constrainedBy': [{'rel': None, 'dst_node': None, 'src_node': {'evidence_statement': 'Authoritarian leadership - Delays and disruptions', 'node_name': 'Delays and disruptions', 'category': 'Limitation', 'node_id': 'c014M02N62'}}]}, {'l': {'evidence_statement': 'The results identify a gap in technology use and knowledge transfer.', 'node_name': 'inadequate knowledge transfer', 'category': 'Limitation', 'node_id': 'c014M01N41'}, 'mitigates': [{'rel': ({'evidence_statement': 'Collaborative platforms facilitate transfer, streamline recording, and improve communication.', 'node_name': 'AI-enabled collaborative platforms', 'category': 'Technology-enable Practice', 'node_id': 'c014M01N22'}, 'mitigate', {'evidence_statement': 'The results identify a gap in technology use and knowledge transfer.', 'node_name': 'inadequate knowledge transfer', 'category': 'Limitation', 'node_id': 'c014M01N41'}), 'dst_node': {'evidence_statement': 'The results identify a gap in technology use and knowledge transfer.', 'node_name': 'inadequate knowledge transfer', 'category': 'Limitation', 'node_id': 'c014M01N41'}, 'src_node': {'evidence_statement': 'Collaborative platforms facilitate transfer, streamline recording, and improve communication.', 'node_name': 'AI-enabled collaborative platforms', 'category': 'Technology-enable Practice', 'node_id': 'c014M01N22'}}, {'rel': ({'evidence_statement': 'Some projects use a portal through which all project news is shared.', 'node_name': 'project news portal', 'category': 'Technology-enable Practice', 'node_id': 'c014M01N23'}, 'mitigate', {'evidence_statement': 'The results identify a gap in technology use and knowledge transfer.', 'node_name': 'inadequate knowledge transfer', 'category': 'Limitation', 'node_id': 'c014M01N41'}), 'dst_node': {'evidence_statement': 'The results identify a gap in technology use and knowledge transfer.', 'node_name': 'inadequate knowledge transfer', 'category': 'Limitation', 'node_id': 'c014M01N41'}, 'src_node': {'evidence_statement': 'Some projects use a portal through which all project news is shared.', 'node_name': 'project news portal', 'category': 'Technology-enable Practice', 'node_id': 'c014M01N23'}}, {'rel': ({'evidence_statement': 'Project leadership uses AI monitoring followed by knowledge sharing and intervention.', 'node_name': 'AI-enabled real-time monitoring', 'category': 'Technology-enable Practice', 'node_id': 'c014M01N24'}, 'mitigate', {'evidence_statement': 'The results identify a gap in technology use and knowledge transfer.', 'node_name': 'inadequate knowledge transfer', 'category': 'Limitation', 'node_id': 'c014M01N41'}), 'dst_node': {'evidence_statement': 'The results identify a gap in technology use and knowledge transfer.', 'node_name': 'inadequate knowledge transfer', 'category': 'Limitation', 'node_id': 'c014M01N41'}, 'src_node': {'evidence_statement': 'Project leadership uses AI monitoring followed by knowledge sharing and intervention.', 'node_name': 'AI-enabled real-time monitoring', 'category': 'Technology-enable Practice', 'node_id': 'c014M01N24'}}], 'constrainedBy': [{'rel': None, 'dst_node': None, 'src_node': {'evidence_statement': 'The results identify a gap in technology use and knowledge transfer.', 'node_name': 'inadequate knowledge transfer', 'category': 'Limitation', 'node_id': 'c014M01N41'}}]}, {'l': {'evidence_statement': 'Abusive leadership - Operational inefficiencies', 'node_name': 'Operational inefficiencies', 'category': 'Limitation', 'node_id': 'c014M02N63'}, 'mitigates': [{'rel': ({'evidence_statement': 'Predictive analytics supports backup plans and predicts trends and outcomes.', 'node_name': 'AI-enabled predictive analytics', 'category': 'Technology-enable Practice', 'node_id': 'c014M01N25'}, 'mitigate', {'evidence_statement': 'Abusive leadership - Operational inefficiencies', 'node_name': 'Operational inefficiencies', 'category': 'Limitation', 'node_id': 'c014M02N63'}), 'dst_node': {'evidence_statement': 'Abusive leadership - Operational inefficiencies', 'node_name': 'Operational inefficiencies', 'category': 'Limitation', 'node_id': 'c014M02N63'}, 'src_node': {'evidence_statement': 'Predictive analytics supports backup plans and predicts trends and outcomes.', 'node_name': 'AI-enabled predictive analytics', 'category': 'Technology-enable Practice', 'node_id': 'c014M01N25'}}], 'constrainedBy': [{'rel': None, 'dst_node': None, 'src_node': {'evidence_statement': 'Abusive leadership - Operational inefficiencies', 'node_name': 'Operational inefficiencies', 'category': 'Limitation', 'node_id': 'c014M02N63'}}]}]"
