ID,Object,Question,Weight,Cypher,Answer,Evidence
c109DS01Q01,Tacit knowledge,which tacit knowledge elements are described?,1,"MATCH (tk:TacitKnowledge)
RETURN DISTINCT tk","Tacit knowledge awareness, tacit knowledge sharing, tacit knowledge rooted in individual experience, skills and expertise, energy-efficient activities, Green Human Capital, and Green Relational Capital.","[{'tk': {'evidence_statement': '""Tacit knowledge awareness refers to the recognition of new insights or ideas, often emerging as implicit information held by the knowledge owner""', 'node_name': 'Tacit knowledge awareness (TA)', 'category': 'Tacit Knowledge', 'node_id': 'c109M02N02'}}, {'tk': {'evidence_statement': 'The paper describes tacit knowledge as rooted in individual experience, skills, expertise, action, and practical context and examines its sharing in manufacturing SMEs.', 'node_name': 'tacit knowledge', 'category': 'Tacit Knowledge', 'node_id': 'c109M01N01'}}, {'tk': {'evidence_statement': 'Tacit knowledge is described as deeply rooted in individual experience and as including personal experiences shared among organizational members.', 'node_name': 'individual experience', 'category': 'Tacit Knowledge', 'node_id': 'c109M01N02'}}, {'tk': {'evidence_statement': 'The paper states that tacit knowledge is deeply rooted in individual experience, skills, and expertise.', 'node_name': 'skills and expertise', 'category': 'Tacit Knowledge', 'node_id': 'c109M01N03'}}, {'tk': {'evidence_statement': 'The paper states that AI technology makes it easier to capture tacit knowledge concerning energy-efficient activities.', 'node_name': 'energy-efficient activities', 'category': 'Tacit Knowledge', 'node_id': 'c109M01N04'}}, {'tk': {'evidence_statement': '""Tacit information sharing occurs in the place of knowledge making via the interactions of people, groups, and units, enhancing the knowledge of workers who hold implicit knowledge""', 'node_name': 'Tacit knowledge sharing (TS)', 'category': 'Tacit Knowledge', 'node_id': 'c109M02N03'}}, {'tk': {'evidence_statement': '""Green human capital (GHC) encompasses an organization\'s personnel and their attributes, such as expertise, experience, dedication, and drive""', 'node_name': 'Green Human Capital (GHC)', 'category': 'Tacit Knowledge', 'node_id': 'c109M02N04'}}, {'tk': {'evidence_statement': '""Green relational capital (GRC) reflects the value derived from external relationships with customers, suppliers, and institutions""', 'node_name': 'Green Relational Capital (GRC)', 'category': 'Tacit Knowledge', 'node_id': 'c109M02N06'}}]"
c109DS01Q02,Knowledge Holder,Which knowledge holders are described?,2,"MATCH (kh:KnowledgeHolder)
RETURN DISTINCT kh","employees, Senior-level managers, Top management, Individuals, Team members, External stakeholders","[{'kh': {'evidence_statement': 'Tacit knowledge is generated and used by employees in routine work and is described as experience-based insight held by employees.', 'node_name': 'employees', 'category': 'Knowledge Holder', 'node_id': 'c109M01N05'}}, {'kh': {'evidence_statement': '""Senior-level managers in manufacturing SMEs were initially briefed on the research goals and significance to gauge their willingness to participate""', 'node_name': 'Senior-level managers', 'category': 'Knowledge Holder', 'node_id': 'c109M02N07'}}, {'kh': {'evidence_statement': '""focusing on top management of small and medium-sized firms in the manufacturing industry""', 'node_name': 'Top management', 'category': 'Knowledge Holder', 'node_id': 'c109M02N08'}}, {'kh': {'evidence_statement': '""this knowledge, deeply rooted in individual experience, skills, and expertise, is challenging to express or replicate""', 'node_name': 'Individuals', 'category': 'Knowledge Holder', 'node_id': 'c109M02N10'}}, {'kh': {'evidence_statement': '""Sharing tacit information enables team members to acquire practical skills, unique experiences, and specialized techniques, enhancing performance through cognitive innovation""', 'node_name': 'Team members', 'category': 'Knowledge Holder', 'node_id': 'c109M02N11'}}, {'kh': {'evidence_statement': '""GRC reflects the value derived from external relationships with customers, suppliers, and institutions""', 'node_name': 'External stakeholders', 'category': 'Knowledge Holder', 'node_id': 'c109M02N12'}}]"
c109DS01Q03,Traditional Human-centred Practices,Which traditional human-centred practice elements are described?,2,"MATCH (t:TraditionalHumancentralPractice)
RETURN DISTINCT t","Social interaction, communication, observation, training, conferences, task groups, mentoring/shadowing programs, observational learning, focus groups, narrative storytelling, training workshops, and person-to-person contacts.","[{'t': {'evidence_statement': 'The paper states that tacit knowledge is primarily acquired through social interaction, communication, and observation and is also shared informally through social interactions.', 'node_name': 'social interaction', 'category': 'Traditional Human-central Practice', 'node_id': 'c109M01N07'}}, {'t': {'evidence_statement': 'Communication is identified as one of the principal means through which tacit knowledge is acquired.', 'node_name': 'communication', 'category': 'Traditional Human-central Practice', 'node_id': 'c109M01N08'}}, {'t': {'evidence_statement': 'Observation is identified as one of the principal means through which tacit knowledge is acquired.', 'node_name': 'observation', 'category': 'Traditional Human-central Practice', 'node_id': 'c109M01N09'}}, {'t': {'evidence_statement': 'The paper states that tacit knowledge sharing occurs formally through training or conferences.', 'node_name': 'training', 'category': 'Traditional Human-central Practice', 'node_id': 'c109M01N10'}}, {'t': {'evidence_statement': 'The paper states that tacit knowledge sharing occurs formally through training or conferences.', 'node_name': 'conferences', 'category': 'Traditional Human-central Practice', 'node_id': 'c109M01N11'}}, {'t': {'evidence_statement': 'The paper states that tacit knowledge sharing occurs informally through task groups and social interactions.', 'node_name': 'task groups', 'category': 'Traditional Human-central Practice', 'node_id': 'c109M01N12'}}, {'t': {'evidence_statement': '""Methods like job shadowing, mentor programs, and observational learning also aid in knowledge transfer from tacit employees""', 'node_name': 'Mentoring/shadowing programs', 'category': 'Traditional Human-central Practice', 'node_id': 'c109M02N14'}}, {'t': {'evidence_statement': '""Methods like job shadowing, mentor programs, and observational learning also aid in knowledge transfer""', 'node_name': 'Observational learning', 'category': 'Traditional Human-central Practice', 'node_id': 'c109M02N16'}}, {'t': {'evidence_statement': '""Canadian SMEs which are orientated more individualistically in their culture, may employ some of the more structured methods such as interviewing, focus groups or narrative storytelling in order to systematically capture tacit knowledge""', 'node_name': 'Focus groups', 'category': 'Traditional Human-central Practice', 'node_id': 'c109M02N17'}}, {'t': {'evidence_statement': '""Canadian SMEs which are orientated more individualistically in their culture, may employ some of the more structured methods such as interviewing, focus groups or narrative storytelling in order to systematically capture tacit knowledge""', 'node_name': 'Narrative storytelling', 'category': 'Traditional Human-central Practice', 'node_id': 'c109M02N18'}}, {'t': {'evidence_statement': '""Canadian workers are likely to value more structured knowledge resources, such as training workshops or centralized knowledge repositories""', 'node_name': 'Training workshops', 'category': 'Traditional Human-central Practice', 'node_id': 'c109M02N19'}}, {'t': {'evidence_statement': '""hybrid systems that integrate digital tools and person-to-person contacts can facilitate an effective transfer of tacit knowledge for innovation and organizational development""', 'node_name': 'Person-to-person contacts', 'category': 'Traditional Human-central Practice', 'node_id': 'c109M02N20'}}]"
c109DS01Q04,technology-enable Practice,Which technology‑enable practices have been described?,1,"MATCH (p:TechnologyenablePractice)
RETURN DISTINCT p","AI-powered collaboration tools, AI-based informal knowledge sharing systems, AI-based knowledge management solutions, SAP sustainability management, AI-based Enterprise Resource Planning (ERPs), Adaptive AI-based learning platforms, Coursera for Business, Google Workspace AI, AI-enhanced Slack channels, Predictive analytics tools, Microsoft Azure Sustainability Insights, Talent LMS","[{'p': {'evidence_statement': 'The paper states that Canadian SMEs leverage AI-powered collaboration tools to formalize and codify tacit knowledge.', 'node_name': 'AI-powered collaboration tools', 'category': 'Technology-enable Practice', 'node_id': 'c109M01N13'}}, {'p': {'evidence_statement': 'The paper states that UAE SMEs exploit AI-based informal knowledge sharing systems in their high-context, collectivist setting.', 'node_name': 'AI-based informal knowledge sharing systems', 'category': 'Technology-enable Practice', 'node_id': 'c109M01N14'}}, {'p': {'evidence_statement': 'The paper describes AI-based knowledge management solutions in UAE manufacturing SMEs as storing and retrieving practices and supporting capture of tacit knowledge concerning energy-efficient activities.', 'node_name': 'AI-based knowledge management solutions', 'category': 'Technology-enable Practice', 'node_id': 'c109M01N15'}}, {'p': {'evidence_statement': '""SMEs can adopt SAP sustainability management to manage different eco-friendly actions, including reducing the use of resources and cutting their carbon emissions""', 'node_name': 'SAP sustainability management', 'category': 'Technology-enable Practice', 'node_id': 'c109M02N23'}}, {'p': {'evidence_statement': '""UAE SMEs also employ AI based enterprise resource planning (ERPs) to standardize and spread the sustainable manufacturing practices""', 'node_name': 'AI-based Enterprise Resource Planning (ERPs)', 'category': 'Technology-enable Practice', 'node_id': 'c109M02N24'}}, {'p': {'evidence_statement': '""Adaptive AI-based learning platforms help employees to find relevant information about how to perform sustainable manufacturing activities""', 'node_name': 'Adaptive AI-based learning platforms', 'category': 'Technology-enable Practice', 'node_id': 'c109M02N25'}}, {'p': {'evidence_statement': '""Canadian SMEs make use of platforms like Coursera for Business to motivate their workforce to learn eco-friendly practices""', 'node_name': 'Coursera for Business', 'category': 'Technology-enable Practice', 'node_id': 'c109M02N26'}}, {'p': {'evidence_statement': '""incorporating AI-enhanced collaboration hubs such as Google Workspace AI, the way teams work together can be transformed as they gain predictive insights inside and outside the organization""', 'node_name': 'Google Workspace AI', 'category': 'Technology-enable Practice', 'node_id': 'c109M02N27'}}, {'p': {'evidence_statement': '""tools such as AI-enhanced Slack channels further facilitate interactive learning between internal teams and external partners, enabling efficient sharing of sustainability-focused insights""', 'node_name': 'AI-enhanced Slack channels', 'category': 'Technology-enable Practice', 'node_id': 'c109M02N28'}}, {'p': {'evidence_statement': '""AI can be used to arrange virtual eco-innovation workshops where external collaborators are involved in idea generation and problem-solving""', 'node_name': 'Predictive analytics tools', 'category': 'Technology-enable Practice', 'node_id': 'c109M02N30'}}, {'p': {'evidence_statement': '""investing on predictive analytics tools based on AI, e.g. Microsoft Azure Sustainability Insights, enables SMEs to manage GSC by maximizing supply chain efficiency and reducing environmental impacts""', 'node_name': 'Microsoft Azure Sustainability Insights', 'category': 'Technology-enable Practice', 'node_id': 'c109M02N31'}}, {'p': {'evidence_statement': '""AI-based platforms, like Talent LMS, facilitate this process by developing tailored learning paths for employees, providing instant access to eco-innovation materials, and incorporating green skills throughout business operations""', 'node_name': 'Talent LMS', 'category': 'Technology-enable Practice', 'node_id': 'c109M02N32'}}]"
c109DS01Q05,Digital Technology,Which digital technology elements have been described?,1,"MATCH (dt:DigitalTechnology)
RETURN DISTINCT dt","artificial intelligence, AI applications, predictive analytics","[{'dt': {'evidence_statement': 'Artificial intelligence was measured as a five-item construct, and its interaction with tacit knowledge sharing significantly predicted green structural, human, and relational capital in both samples.', 'node_name': 'artificial intelligence', 'category': 'Digital Technology', 'node_id': 'c109M01N16'}}, {'dt': {'evidence_statement': '""AI applications can record and interpret conversations, documents or designs, exposing that tacit knowledge to others in the organization""', 'node_name': 'AI applications', 'category': 'Digital Technology', 'node_id': 'c109M02N34'}}, {'dt': {'evidence_statement': '""AI\'s predictability can help businesses uncover nascent green market opportunities both within and outside of existing partnerships""', 'node_name': 'Predictive analytics', 'category': 'Digital Technology', 'node_id': 'c109M02N35'}}]"
c109DS01Q06,Organizational Dependency,Which organizational dependencies are stated as necessary for technology-enable practices?,2,"MATCH (od:OrganizationalDependency)
RETURN DISTINCT od","Resource commitment, supportive environment/culture, trust, open communication, and management support.","[{'od': {'evidence_statement': 'The paper states that successful AI use requires allocated resources including funding for change management, infrastructure, and training.', 'node_name': 'resource commitment', 'category': 'Organizational Dependency', 'node_id': 'c109M01N17'}}, {'od': {'evidence_statement': '""To encourage \'tacit knowledge awareness and sharing,\' enterprises must understand the process and develop working environments that facilitate it""', 'node_name': 'Supportive environment/culture', 'category': 'Organizational Dependency', 'node_id': 'c109M02N36'}}, {'od': {'evidence_statement': '""In SMEs, such as the UAE and Canada, the acquisition of tacit knowledge usually starts within trust building and open communication""', 'node_name': 'Trust', 'category': 'Organizational Dependency', 'node_id': 'c109M02N38'}}, {'od': {'evidence_statement': '""the acquisition of tacit knowledge usually starts within trust building and open communication""', 'node_name': 'Open communication', 'category': 'Organizational Dependency', 'node_id': 'c109M02N39'}}, {'od': {'evidence_statement': '""the primary goal of management should be to cultivate and sustain a creative internal culture""', 'node_name': 'Management support', 'category': 'Organizational Dependency', 'node_id': 'c109M02N40'}}, {'od': {'evidence_statement': '""RC refers to the allocation of an organization\'s current and future resources""', 'node_name': 'Resource Commitment (RC)', 'category': 'Organizational Dependency', 'node_id': 'c109M02N52'}}]"
c109DS01Q07,Environment Dependency,Which external factors affect the implementation of technology-enable practices?,2,"MATCH (d:EnvironmentalDependency)
RETURN DISTINCT d","Environmental dependencies such as cultural context (low-context individualistic culture in Canada, high-context collectivist society in UAE), regulatory environment, and cultural variation influence the implementation of technology-enabled practices.","[{'d': {'evidence_statement': ""Canadian SMEs' use of AI-powered collaboration tools is described as aligning with their low-context, individualistic-communication culture."", 'node_name': 'low-context, individualistic-communication culture', 'category': 'Environmental Dependency', 'node_id': 'c109M01N18'}}, {'d': {'evidence_statement': ""UAE SMEs' use of AI-based informal knowledge sharing systems is attributed to their high-context, collectivist society."", 'node_name': 'high-context, collectivist society', 'category': 'Environmental Dependency', 'node_id': 'c109M01N19'}}, {'d': {'evidence_statement': '""Cultural variation among UAE and Canadian SMEs influences the approaches, and the willingness to transfer knowledge""', 'node_name': 'Cultural context', 'category': 'Environmental Dependency', 'node_id': 'c109M02N41'}}, {'d': {'evidence_statement': '""In Canada where sustainable regulation is highly regulated and the labor market is skilled""', 'node_name': 'Regulatory environment', 'category': 'Environmental Dependency', 'node_id': 'c109M02N42'}}, {'d': {'evidence_statement': '""Canadian SMEs which are orientated more individualistically in their culture, may employ some of the more structured methods""', 'node_name': 'Individualistic culture (Canada)', 'category': 'Environmental Dependency', 'node_id': 'c109M02N44'}}]"
c109DS01Q08,Limitation,Which limitations are been described,1,"MATCH (l:Limitation)
RETURN DISTINCT l","The limitations described include knowledge embedded in individuals' minds, difficulty expressing or replicating tacit knowledge, difficulty formalizing, recognizing, accessing, and communicating tacit knowledge, knowledge hoarding, communication lapses, complexity of tacit knowledge, resource constraints, and skill shortages.","[{'l': {'evidence_statement': 'The paper states that much valuable knowledge remains elusive because it is embedded in the minds of individuals.', 'node_name': 'knowledge embedded in individuals’ minds', 'category': 'Limitation', 'node_id': 'c109M01N20'}}, {'l': {'evidence_statement': 'Tacit knowledge rooted in experience, skills, and expertise is described as challenging to express or replicate.', 'node_name': 'difficulty expressing or replicating tacit knowledge', 'category': 'Limitation', 'node_id': 'c109M01N21'}}, {'l': {'evidence_statement': 'Because tacit knowledge is inherent in action, situated in practical experience, and influenced by individual judgment, the paper says it is difficult to formalize, recognize, access, and communicate.', 'node_name': 'difficulty formalizing, recognizing, accessing, and communicating tacit knowledge', 'category': 'Limitation', 'node_id': 'c109M01N22'}}, {'l': {'evidence_statement': '""Addressing obstacles such as knowledge hoarding and communication lapses can only be achieved by the creation of a culture of knowledge-sharing""', 'node_name': 'Knowledge hoarding', 'category': 'Limitation', 'node_id': 'c109M02N45'}}, {'l': {'evidence_statement': '""Addressing obstacles such as knowledge hoarding and communication lapses""', 'node_name': 'Communication lapses', 'category': 'Limitation', 'node_id': 'c109M02N46'}}, {'l': {'evidence_statement': '""SMEs encounter difficulties in this process due to the lack of resources and the complexity of tacit knowledge that is built on personal experiences and contextual situations""', 'node_name': 'Complexity of tacit knowledge', 'category': 'Limitation', 'node_id': 'c109M02N47'}}, {'l': {'evidence_statement': '""SMEs operating in the industry experience peculiar challenges common to their line of business, including limited resources, skill shortages, and regulatory pressures""', 'node_name': 'Resource constraints', 'category': 'Limitation', 'node_id': 'c109M02N49'}}, {'l': {'evidence_statement': '""SMEs operating in the industry experience peculiar challenges common to their line of business, including limited resources, skill shortages, and regulatory pressures""', 'node_name': 'Skill shortages', 'category': 'Limitation', 'node_id': 'c109M02N50'}}]"
c109DS01Q09,be_shared_by,Which tacit knowledge  is shared by knowledge holders?,2,"MATCH (tk:TacitKnowledge)-[r:be_shared_by]->(kh:KnowledgeHolder)
WITH COLLECT({src_node:tk, rel: r, dst_node: kh}) AS obj
RETURN DISTINCT obj","Tacit knowledge awareness, tacit knowledge sharing, individual experience, skills and expertise, tacit knowledge, Green Human Capital, and Green Relational Capital are shared by knowledge holders such as employees, individuals, senior-level managers, top management, team members, and external stakeholders.","[{'obj': [{'rel': ({'evidence_statement': '""Tacit knowledge awareness refers to the recognition of new insights or ideas, often emerging as implicit information held by the knowledge owner""', 'node_name': 'Tacit knowledge awareness (TA)', 'category': 'Tacit Knowledge', 'node_id': 'c109M02N02'}, 'be_shared_by', {'evidence_statement': 'Tacit knowledge is generated and used by employees in routine work and is described as experience-based insight held by employees.', 'node_name': 'employees', 'category': 'Knowledge Holder', 'node_id': 'c109M01N05'}), 'dst_node': {'evidence_statement': 'Tacit knowledge is generated and used by employees in routine work and is described as experience-based insight held by employees.', 'node_name': 'employees', 'category': 'Knowledge Holder', 'node_id': 'c109M01N05'}, 'src_node': {'evidence_statement': '""Tacit knowledge awareness refers to the recognition of new insights or ideas, often emerging as implicit information held by the knowledge owner""', 'node_name': 'Tacit knowledge awareness (TA)', 'category': 'Tacit Knowledge', 'node_id': 'c109M02N02'}}, {'rel': ({'evidence_statement': '""Tacit knowledge awareness refers to the recognition of new insights or ideas, often emerging as implicit information held by the knowledge owner""', 'node_name': 'Tacit knowledge awareness (TA)', 'category': 'Tacit Knowledge', 'node_id': 'c109M02N02'}, 'be_shared_by', {'evidence_statement': '""this knowledge, deeply rooted in individual experience, skills, and expertise, is challenging to express or replicate""', 'node_name': 'Individuals', 'category': 'Knowledge Holder', 'node_id': 'c109M02N10'}), 'dst_node': {'evidence_statement': '""this knowledge, deeply rooted in individual experience, skills, and expertise, is challenging to express or replicate""', 'node_name': 'Individuals', 'category': 'Knowledge Holder', 'node_id': 'c109M02N10'}, 'src_node': {'evidence_statement': '""Tacit knowledge awareness refers to the recognition of new insights or ideas, often emerging as implicit information held by the knowledge owner""', 'node_name': 'Tacit knowledge awareness (TA)', 'category': 'Tacit Knowledge', 'node_id': 'c109M02N02'}}, {'rel': ({'evidence_statement': 'The paper describes tacit knowledge as rooted in individual experience, skills, expertise, action, and practical context and examines its sharing in manufacturing SMEs.', 'node_name': 'tacit knowledge', 'category': 'Tacit Knowledge', 'node_id': 'c109M01N01'}, 'be_shared_by', {'evidence_statement': 'Tacit knowledge is generated and used by employees in routine work and is described as experience-based insight held by employees.', 'node_name': 'employees', 'category': 'Knowledge Holder', 'node_id': 'c109M01N05'}), 'dst_node': {'evidence_statement': 'Tacit knowledge is generated and used by employees in routine work and is described as experience-based insight held by employees.', 'node_name': 'employees', 'category': 'Knowledge Holder', 'node_id': 'c109M01N05'}, 'src_node': {'evidence_statement': 'The paper describes tacit knowledge as rooted in individual experience, skills, expertise, action, and practical context and examines its sharing in manufacturing SMEs.', 'node_name': 'tacit knowledge', 'category': 'Tacit Knowledge', 'node_id': 'c109M01N01'}}, {'rel': ({'evidence_statement': 'The paper describes tacit knowledge as rooted in individual experience, skills, expertise, action, and practical context and examines its sharing in manufacturing SMEs.', 'node_name': 'tacit knowledge', 'category': 'Tacit Knowledge', 'node_id': 'c109M01N01'}, 'be_shared_by', {'evidence_statement': '""Senior-level managers in manufacturing SMEs were initially briefed on the research goals and significance to gauge their willingness to participate""', 'node_name': 'Senior-level managers', 'category': 'Knowledge Holder', 'node_id': 'c109M02N07'}), 'dst_node': {'evidence_statement': '""Senior-level managers in manufacturing SMEs were initially briefed on the research goals and significance to gauge their willingness to participate""', 'node_name': 'Senior-level managers', 'category': 'Knowledge Holder', 'node_id': 'c109M02N07'}, 'src_node': {'evidence_statement': 'The paper describes tacit knowledge as rooted in individual experience, skills, expertise, action, and practical context and examines its sharing in manufacturing SMEs.', 'node_name': 'tacit knowledge', 'category': 'Tacit Knowledge', 'node_id': 'c109M01N01'}}, {'rel': ({'evidence_statement': 'The paper describes tacit knowledge as rooted in individual experience, skills, expertise, action, and practical context and examines its sharing in manufacturing SMEs.', 'node_name': 'tacit knowledge', 'category': 'Tacit Knowledge', 'node_id': 'c109M01N01'}, 'be_shared_by', {'evidence_statement': '""focusing on top management of small and medium-sized firms in the manufacturing industry""', 'node_name': 'Top management', 'category': 'Knowledge Holder', 'node_id': 'c109M02N08'}), 'dst_node': {'evidence_statement': '""focusing on top management of small and medium-sized firms in the manufacturing industry""', 'node_name': 'Top management', 'category': 'Knowledge Holder', 'node_id': 'c109M02N08'}, 'src_node': {'evidence_statement': 'The paper describes tacit knowledge as rooted in individual experience, skills, expertise, action, and practical context and examines its sharing in manufacturing SMEs.', 'node_name': 'tacit knowledge', 'category': 'Tacit Knowledge', 'node_id': 'c109M01N01'}}, {'rel': ({'evidence_statement': 'The paper describes tacit knowledge as rooted in individual experience, skills, expertise, action, and practical context and examines its sharing in manufacturing SMEs.', 'node_name': 'tacit knowledge', 'category': 'Tacit Knowledge', 'node_id': 'c109M01N01'}, 'be_shared_by', {'evidence_statement': '""Sharing tacit information enables team members to acquire practical skills, unique experiences, and specialized techniques, enhancing performance through cognitive innovation""', 'node_name': 'Team members', 'category': 'Knowledge Holder', 'node_id': 'c109M02N11'}), 'dst_node': {'evidence_statement': '""Sharing tacit information enables team members to acquire practical skills, unique experiences, and specialized techniques, enhancing performance through cognitive innovation""', 'node_name': 'Team members', 'category': 'Knowledge Holder', 'node_id': 'c109M02N11'}, 'src_node': {'evidence_statement': 'The paper describes tacit knowledge as rooted in individual experience, skills, expertise, action, and practical context and examines its sharing in manufacturing SMEs.', 'node_name': 'tacit knowledge', 'category': 'Tacit Knowledge', 'node_id': 'c109M01N01'}}, {'rel': ({'evidence_statement': 'The paper describes tacit knowledge as rooted in individual experience, skills, expertise, action, and practical context and examines its sharing in manufacturing SMEs.', 'node_name': 'tacit knowledge', 'category': 'Tacit Knowledge', 'node_id': 'c109M01N01'}, 'be_shared_by', {'evidence_statement': '""GRC reflects the value derived from external relationships with customers, suppliers, and institutions""', 'node_name': 'External stakeholders', 'category': 'Knowledge Holder', 'node_id': 'c109M02N12'}), 'dst_node': {'evidence_statement': '""GRC reflects the value derived from external relationships with customers, suppliers, and institutions""', 'node_name': 'External stakeholders', 'category': 'Knowledge Holder', 'node_id': 'c109M02N12'}, 'src_node': {'evidence_statement': 'The paper describes tacit knowledge as rooted in individual experience, skills, expertise, action, and practical context and examines its sharing in manufacturing SMEs.', 'node_name': 'tacit knowledge', 'category': 'Tacit Knowledge', 'node_id': 'c109M01N01'}}, {'rel': ({'evidence_statement': 'Tacit knowledge is described as deeply rooted in individual experience and as including personal experiences shared among organizational members.', 'node_name': 'individual experience', 'category': 'Tacit Knowledge', 'node_id': 'c109M01N02'}, 'be_shared_by', {'evidence_statement': 'Tacit knowledge is generated and used by employees in routine work and is described as experience-based insight held by employees.', 'node_name': 'employees', 'category': 'Knowledge Holder', 'node_id': 'c109M01N05'}), 'dst_node': {'evidence_statement': 'Tacit knowledge is generated and used by employees in routine work and is described as experience-based insight held by employees.', 'node_name': 'employees', 'category': 'Knowledge Holder', 'node_id': 'c109M01N05'}, 'src_node': {'evidence_statement': 'Tacit knowledge is described as deeply rooted in individual experience and as including personal experiences shared among organizational members.', 'node_name': 'individual experience', 'category': 'Tacit Knowledge', 'node_id': 'c109M01N02'}}, {'rel': ({'evidence_statement': 'The paper states that tacit knowledge is deeply rooted in individual experience, skills, and expertise.', 'node_name': 'skills and expertise', 'category': 'Tacit Knowledge', 'node_id': 'c109M01N03'}, 'be_shared_by', {'evidence_statement': 'Tacit knowledge is generated and used by employees in routine work and is described as experience-based insight held by employees.', 'node_name': 'employees', 'category': 'Knowledge Holder', 'node_id': 'c109M01N05'}), 'dst_node': {'evidence_statement': 'Tacit knowledge is generated and used by employees in routine work and is described as experience-based insight held by employees.', 'node_name': 'employees', 'category': 'Knowledge Holder', 'node_id': 'c109M01N05'}, 'src_node': {'evidence_statement': 'The paper states that tacit knowledge is deeply rooted in individual experience, skills, and expertise.', 'node_name': 'skills and expertise', 'category': 'Tacit Knowledge', 'node_id': 'c109M01N03'}}, {'rel': ({'evidence_statement': '""Tacit information sharing occurs in the place of knowledge making via the interactions of people, groups, and units, enhancing the knowledge of workers who hold implicit knowledge""', 'node_name': 'Tacit knowledge sharing (TS)', 'category': 'Tacit Knowledge', 'node_id': 'c109M02N03'}, 'be_shared_by', {'evidence_statement': 'Tacit knowledge is generated and used by employees in routine work and is described as experience-based insight held by employees.', 'node_name': 'employees', 'category': 'Knowledge Holder', 'node_id': 'c109M01N05'}), 'dst_node': {'evidence_statement': 'Tacit knowledge is generated and used by employees in routine work and is described as experience-based insight held by employees.', 'node_name': 'employees', 'category': 'Knowledge Holder', 'node_id': 'c109M01N05'}, 'src_node': {'evidence_statement': '""Tacit information sharing occurs in the place of knowledge making via the interactions of people, groups, and units, enhancing the knowledge of workers who hold implicit knowledge""', 'node_name': 'Tacit knowledge sharing (TS)', 'category': 'Tacit Knowledge', 'node_id': 'c109M02N03'}}, {'rel': ({'evidence_statement': '""Tacit information sharing occurs in the place of knowledge making via the interactions of people, groups, and units, enhancing the knowledge of workers who hold implicit knowledge""', 'node_name': 'Tacit knowledge sharing (TS)', 'category': 'Tacit Knowledge', 'node_id': 'c109M02N03'}, 'be_shared_by', {'evidence_statement': '""Senior-level managers in manufacturing SMEs were initially briefed on the research goals and significance to gauge their willingness to participate""', 'node_name': 'Senior-level managers', 'category': 'Knowledge Holder', 'node_id': 'c109M02N07'}), 'dst_node': {'evidence_statement': '""Senior-level managers in manufacturing SMEs were initially briefed on the research goals and significance to gauge their willingness to participate""', 'node_name': 'Senior-level managers', 'category': 'Knowledge Holder', 'node_id': 'c109M02N07'}, 'src_node': {'evidence_statement': '""Tacit information sharing occurs in the place of knowledge making via the interactions of people, groups, and units, enhancing the knowledge of workers who hold implicit knowledge""', 'node_name': 'Tacit knowledge sharing (TS)', 'category': 'Tacit Knowledge', 'node_id': 'c109M02N03'}}, {'rel': ({'evidence_statement': '""Tacit information sharing occurs in the place of knowledge making via the interactions of people, groups, and units, enhancing the knowledge of workers who hold implicit knowledge""', 'node_name': 'Tacit knowledge sharing (TS)', 'category': 'Tacit Knowledge', 'node_id': 'c109M02N03'}, 'be_shared_by', {'evidence_statement': '""focusing on top management of small and medium-sized firms in the manufacturing industry""', 'node_name': 'Top management', 'category': 'Knowledge Holder', 'node_id': 'c109M02N08'}), 'dst_node': {'evidence_statement': '""focusing on top management of small and medium-sized firms in the manufacturing industry""', 'node_name': 'Top management', 'category': 'Knowledge Holder', 'node_id': 'c109M02N08'}, 'src_node': {'evidence_statement': '""Tacit information sharing occurs in the place of knowledge making via the interactions of people, groups, and units, enhancing the knowledge of workers who hold implicit knowledge""', 'node_name': 'Tacit knowledge sharing (TS)', 'category': 'Tacit Knowledge', 'node_id': 'c109M02N03'}}, {'rel': ({'evidence_statement': '""Tacit information sharing occurs in the place of knowledge making via the interactions of people, groups, and units, enhancing the knowledge of workers who hold implicit knowledge""', 'node_name': 'Tacit knowledge sharing (TS)', 'category': 'Tacit Knowledge', 'node_id': 'c109M02N03'}, 'be_shared_by', {'evidence_statement': '""this knowledge, deeply rooted in individual experience, skills, and expertise, is challenging to express or replicate""', 'node_name': 'Individuals', 'category': 'Knowledge Holder', 'node_id': 'c109M02N10'}), 'dst_node': {'evidence_statement': '""this knowledge, deeply rooted in individual experience, skills, and expertise, is challenging to express or replicate""', 'node_name': 'Individuals', 'category': 'Knowledge Holder', 'node_id': 'c109M02N10'}, 'src_node': {'evidence_statement': '""Tacit information sharing occurs in the place of knowledge making via the interactions of people, groups, and units, enhancing the knowledge of workers who hold implicit knowledge""', 'node_name': 'Tacit knowledge sharing (TS)', 'category': 'Tacit Knowledge', 'node_id': 'c109M02N03'}}, {'rel': ({'evidence_statement': '""Tacit information sharing occurs in the place of knowledge making via the interactions of people, groups, and units, enhancing the knowledge of workers who hold implicit knowledge""', 'node_name': 'Tacit knowledge sharing (TS)', 'category': 'Tacit Knowledge', 'node_id': 'c109M02N03'}, 'be_shared_by', {'evidence_statement': '""Sharing tacit information enables team members to acquire practical skills, unique experiences, and specialized techniques, enhancing performance through cognitive innovation""', 'node_name': 'Team members', 'category': 'Knowledge Holder', 'node_id': 'c109M02N11'}), 'dst_node': {'evidence_statement': '""Sharing tacit information enables team members to acquire practical skills, unique experiences, and specialized techniques, enhancing performance through cognitive innovation""', 'node_name': 'Team members', 'category': 'Knowledge Holder', 'node_id': 'c109M02N11'}, 'src_node': {'evidence_statement': '""Tacit information sharing occurs in the place of knowledge making via the interactions of people, groups, and units, enhancing the knowledge of workers who hold implicit knowledge""', 'node_name': 'Tacit knowledge sharing (TS)', 'category': 'Tacit Knowledge', 'node_id': 'c109M02N03'}}, {'rel': ({'evidence_statement': '""Green human capital (GHC) encompasses an organization\'s personnel and their attributes, such as expertise, experience, dedication, and drive""', 'node_name': 'Green Human Capital (GHC)', 'category': 'Tacit Knowledge', 'node_id': 'c109M02N04'}, 'be_shared_by', {'evidence_statement': 'Tacit knowledge is generated and used by employees in routine work and is described as experience-based insight held by employees.', 'node_name': 'employees', 'category': 'Knowledge Holder', 'node_id': 'c109M01N05'}), 'dst_node': {'evidence_statement': 'Tacit knowledge is generated and used by employees in routine work and is described as experience-based insight held by employees.', 'node_name': 'employees', 'category': 'Knowledge Holder', 'node_id': 'c109M01N05'}, 'src_node': {'evidence_statement': '""Green human capital (GHC) encompasses an organization\'s personnel and their attributes, such as expertise, experience, dedication, and drive""', 'node_name': 'Green Human Capital (GHC)', 'category': 'Tacit Knowledge', 'node_id': 'c109M02N04'}}, {'rel': ({'evidence_statement': '""Green relational capital (GRC) reflects the value derived from external relationships with customers, suppliers, and institutions""', 'node_name': 'Green Relational Capital (GRC)', 'category': 'Tacit Knowledge', 'node_id': 'c109M02N06'}, 'be_shared_by', {'evidence_statement': '""GRC reflects the value derived from external relationships with customers, suppliers, and institutions""', 'node_name': 'External stakeholders', 'category': 'Knowledge Holder', 'node_id': 'c109M02N12'}), 'dst_node': {'evidence_statement': '""GRC reflects the value derived from external relationships with customers, suppliers, and institutions""', 'node_name': 'External stakeholders', 'category': 'Knowledge Holder', 'node_id': 'c109M02N12'}, 'src_node': {'evidence_statement': '""Green relational capital (GRC) reflects the value derived from external relationships with customers, suppliers, and institutions""', 'node_name': 'Green Relational Capital (GRC)', 'category': 'Tacit Knowledge', 'node_id': 'c109M02N06'}}]}]"
c109DS01Q10,be_absorbed_by,which tacit knowledge is absorbed by knowledge learners?,2,"MATCH (tk:TacitKnowledge)-[r:be_absorbed_by]-(kl:KnowledgeLearner)
WITH COLLECT({src_node:tk, rel: r, dst_node: kl}) AS obj
RETURN DISTINCT obj","Tacit knowledge awareness, tacit knowledge, individual experience, skills and expertise, tacit knowledge sharing, and green human capital are absorbed by knowledge learners such as team members and workforce.","[{'obj': [{'rel': ({'evidence_statement': '""Tacit knowledge awareness refers to the recognition of new insights or ideas, often emerging as implicit information held by the knowledge owner""', 'node_name': 'Tacit knowledge awareness (TA)', 'category': 'Tacit Knowledge', 'node_id': 'c109M02N02'}, 'be_absorbed_by', {'evidence_statement': '""businesses could foster a workforce that is inclined to innovate by investing in green human capital development programs that enable the sharing and understanding of tacit knowledge""', 'node_name': 'Workforce', 'category': 'Knowledge Learner', 'node_id': 'c109M02N13'}), 'dst_node': {'evidence_statement': '""businesses could foster a workforce that is inclined to innovate by investing in green human capital development programs that enable the sharing and understanding of tacit knowledge""', 'node_name': 'Workforce', 'category': 'Knowledge Learner', 'node_id': 'c109M02N13'}, 'src_node': {'evidence_statement': '""Tacit knowledge awareness refers to the recognition of new insights or ideas, often emerging as implicit information held by the knowledge owner""', 'node_name': 'Tacit knowledge awareness (TA)', 'category': 'Tacit Knowledge', 'node_id': 'c109M02N02'}}, {'rel': ({'evidence_statement': 'The paper describes tacit knowledge as rooted in individual experience, skills, expertise, action, and practical context and examines its sharing in manufacturing SMEs.', 'node_name': 'tacit knowledge', 'category': 'Tacit Knowledge', 'node_id': 'c109M01N01'}, 'be_absorbed_by', {'evidence_statement': 'The paper states that implicit-information sharing allows team members to learn and apply unique experiences, practical skills, and creative methods.', 'node_name': 'team members', 'category': 'Knowledge Learner', 'node_id': 'c109M01N06'}), 'dst_node': {'evidence_statement': 'The paper states that implicit-information sharing allows team members to learn and apply unique experiences, practical skills, and creative methods.', 'node_name': 'team members', 'category': 'Knowledge Learner', 'node_id': 'c109M01N06'}, 'src_node': {'evidence_statement': 'The paper describes tacit knowledge as rooted in individual experience, skills, expertise, action, and practical context and examines its sharing in manufacturing SMEs.', 'node_name': 'tacit knowledge', 'category': 'Tacit Knowledge', 'node_id': 'c109M01N01'}}, {'rel': ({'evidence_statement': 'The paper describes tacit knowledge as rooted in individual experience, skills, expertise, action, and practical context and examines its sharing in manufacturing SMEs.', 'node_name': 'tacit knowledge', 'category': 'Tacit Knowledge', 'node_id': 'c109M01N01'}, 'be_absorbed_by', {'evidence_statement': '""businesses could foster a workforce that is inclined to innovate by investing in green human capital development programs that enable the sharing and understanding of tacit knowledge""', 'node_name': 'Workforce', 'category': 'Knowledge Learner', 'node_id': 'c109M02N13'}), 'dst_node': {'evidence_statement': '""businesses could foster a workforce that is inclined to innovate by investing in green human capital development programs that enable the sharing and understanding of tacit knowledge""', 'node_name': 'Workforce', 'category': 'Knowledge Learner', 'node_id': 'c109M02N13'}, 'src_node': {'evidence_statement': 'The paper describes tacit knowledge as rooted in individual experience, skills, expertise, action, and practical context and examines its sharing in manufacturing SMEs.', 'node_name': 'tacit knowledge', 'category': 'Tacit Knowledge', 'node_id': 'c109M01N01'}}, {'rel': ({'evidence_statement': 'Tacit knowledge is described as deeply rooted in individual experience and as including personal experiences shared among organizational members.', 'node_name': 'individual experience', 'category': 'Tacit Knowledge', 'node_id': 'c109M01N02'}, 'be_absorbed_by', {'evidence_statement': 'The paper states that implicit-information sharing allows team members to learn and apply unique experiences, practical skills, and creative methods.', 'node_name': 'team members', 'category': 'Knowledge Learner', 'node_id': 'c109M01N06'}), 'dst_node': {'evidence_statement': 'The paper states that implicit-information sharing allows team members to learn and apply unique experiences, practical skills, and creative methods.', 'node_name': 'team members', 'category': 'Knowledge Learner', 'node_id': 'c109M01N06'}, 'src_node': {'evidence_statement': 'Tacit knowledge is described as deeply rooted in individual experience and as including personal experiences shared among organizational members.', 'node_name': 'individual experience', 'category': 'Tacit Knowledge', 'node_id': 'c109M01N02'}}, {'rel': ({'evidence_statement': 'The paper states that tacit knowledge is deeply rooted in individual experience, skills, and expertise.', 'node_name': 'skills and expertise', 'category': 'Tacit Knowledge', 'node_id': 'c109M01N03'}, 'be_absorbed_by', {'evidence_statement': 'The paper states that implicit-information sharing allows team members to learn and apply unique experiences, practical skills, and creative methods.', 'node_name': 'team members', 'category': 'Knowledge Learner', 'node_id': 'c109M01N06'}), 'dst_node': {'evidence_statement': 'The paper states that implicit-information sharing allows team members to learn and apply unique experiences, practical skills, and creative methods.', 'node_name': 'team members', 'category': 'Knowledge Learner', 'node_id': 'c109M01N06'}, 'src_node': {'evidence_statement': 'The paper states that tacit knowledge is deeply rooted in individual experience, skills, and expertise.', 'node_name': 'skills and expertise', 'category': 'Tacit Knowledge', 'node_id': 'c109M01N03'}}, {'rel': ({'evidence_statement': '""Tacit information sharing occurs in the place of knowledge making via the interactions of people, groups, and units, enhancing the knowledge of workers who hold implicit knowledge""', 'node_name': 'Tacit knowledge sharing (TS)', 'category': 'Tacit Knowledge', 'node_id': 'c109M02N03'}, 'be_absorbed_by', {'evidence_statement': '""businesses could foster a workforce that is inclined to innovate by investing in green human capital development programs that enable the sharing and understanding of tacit knowledge""', 'node_name': 'Workforce', 'category': 'Knowledge Learner', 'node_id': 'c109M02N13'}), 'dst_node': {'evidence_statement': '""businesses could foster a workforce that is inclined to innovate by investing in green human capital development programs that enable the sharing and understanding of tacit knowledge""', 'node_name': 'Workforce', 'category': 'Knowledge Learner', 'node_id': 'c109M02N13'}, 'src_node': {'evidence_statement': '""Tacit information sharing occurs in the place of knowledge making via the interactions of people, groups, and units, enhancing the knowledge of workers who hold implicit knowledge""', 'node_name': 'Tacit knowledge sharing (TS)', 'category': 'Tacit Knowledge', 'node_id': 'c109M02N03'}}, {'rel': ({'evidence_statement': '""Green human capital (GHC) encompasses an organization\'s personnel and their attributes, such as expertise, experience, dedication, and drive""', 'node_name': 'Green Human Capital (GHC)', 'category': 'Tacit Knowledge', 'node_id': 'c109M02N04'}, 'be_absorbed_by', {'evidence_statement': '""businesses could foster a workforce that is inclined to innovate by investing in green human capital development programs that enable the sharing and understanding of tacit knowledge""', 'node_name': 'Workforce', 'category': 'Knowledge Learner', 'node_id': 'c109M02N13'}), 'dst_node': {'evidence_statement': '""businesses could foster a workforce that is inclined to innovate by investing in green human capital development programs that enable the sharing and understanding of tacit knowledge""', 'node_name': 'Workforce', 'category': 'Knowledge Learner', 'node_id': 'c109M02N13'}, 'src_node': {'evidence_statement': '""Green human capital (GHC) encompasses an organization\'s personnel and their attributes, such as expertise, experience, dedication, and drive""', 'node_name': 'Green Human Capital (GHC)', 'category': 'Tacit Knowledge', 'node_id': 'c109M02N04'}}]}]"
c109DS01Q11,be_captured_by,which tacit knowledge is captured by technology-enable practices?,2,"MATCH (tk:TacitKnowledge)-[r:be_captured_by]-(tep:TechnologyenablePractice)
WITH COLLECT({src_node:tk, rel: r, dst_node: tep}) AS obj
RETURN DISTINCT obj",tacit knowledge and energy-efficient activities,"[{'obj': [{'rel': ({'evidence_statement': 'The paper describes tacit knowledge as rooted in individual experience, skills, expertise, action, and practical context and examines its sharing in manufacturing SMEs.', 'node_name': 'tacit knowledge', 'category': 'Tacit Knowledge', 'node_id': 'c109M01N01'}, 'be_captured_by', {'evidence_statement': 'The paper states that Canadian SMEs leverage AI-powered collaboration tools to formalize and codify tacit knowledge.', 'node_name': 'AI-powered collaboration tools', 'category': 'Technology-enable Practice', 'node_id': 'c109M01N13'}), 'dst_node': {'evidence_statement': 'The paper states that Canadian SMEs leverage AI-powered collaboration tools to formalize and codify tacit knowledge.', 'node_name': 'AI-powered collaboration tools', 'category': 'Technology-enable Practice', 'node_id': 'c109M01N13'}, 'src_node': {'evidence_statement': 'The paper describes tacit knowledge as rooted in individual experience, skills, expertise, action, and practical context and examines its sharing in manufacturing SMEs.', 'node_name': 'tacit knowledge', 'category': 'Tacit Knowledge', 'node_id': 'c109M01N01'}}, {'rel': ({'evidence_statement': 'The paper describes tacit knowledge as rooted in individual experience, skills, expertise, action, and practical context and examines its sharing in manufacturing SMEs.', 'node_name': 'tacit knowledge', 'category': 'Tacit Knowledge', 'node_id': 'c109M01N01'}, 'be_captured_by', {'evidence_statement': 'The paper describes AI-based knowledge management solutions in UAE manufacturing SMEs as storing and retrieving practices and supporting capture of tacit knowledge concerning energy-efficient activities.', 'node_name': 'AI-based knowledge management solutions', 'category': 'Technology-enable Practice', 'node_id': 'c109M01N15'}), 'dst_node': {'evidence_statement': 'The paper describes AI-based knowledge management solutions in UAE manufacturing SMEs as storing and retrieving practices and supporting capture of tacit knowledge concerning energy-efficient activities.', 'node_name': 'AI-based knowledge management solutions', 'category': 'Technology-enable Practice', 'node_id': 'c109M01N15'}, 'src_node': {'evidence_statement': 'The paper describes tacit knowledge as rooted in individual experience, skills, expertise, action, and practical context and examines its sharing in manufacturing SMEs.', 'node_name': 'tacit knowledge', 'category': 'Tacit Knowledge', 'node_id': 'c109M01N01'}}, {'rel': ({'evidence_statement': 'The paper states that AI technology makes it easier to capture tacit knowledge concerning energy-efficient activities.', 'node_name': 'energy-efficient activities', 'category': 'Tacit Knowledge', 'node_id': 'c109M01N04'}, 'be_captured_by', {'evidence_statement': 'The paper describes AI-based knowledge management solutions in UAE manufacturing SMEs as storing and retrieving practices and supporting capture of tacit knowledge concerning energy-efficient activities.', 'node_name': 'AI-based knowledge management solutions', 'category': 'Technology-enable Practice', 'node_id': 'c109M01N15'}), 'dst_node': {'evidence_statement': 'The paper describes AI-based knowledge management solutions in UAE manufacturing SMEs as storing and retrieving practices and supporting capture of tacit knowledge concerning energy-efficient activities.', 'node_name': 'AI-based knowledge management solutions', 'category': 'Technology-enable Practice', 'node_id': 'c109M01N15'}, 'src_node': {'evidence_statement': 'The paper states that AI technology makes it easier to capture tacit knowledge concerning energy-efficient activities.', 'node_name': 'energy-efficient activities', 'category': 'Tacit Knowledge', 'node_id': 'c109M01N04'}}]}]"
c109DS01Q12,participate_in,Which knowledge holders or knowledge learners take part in knowledge retention practices?,2,"MATCH (k:KnowledgeHolder|KnowledgeLearner)-[r:participate_in]->(p:TechnologyenablePractice)
WITH COLLECT({src_node:k, rel: r, dst_node: p}) AS obj
RETURN DISTINCT obj",employees and Workforce,"[{'obj': [{'rel': ({'evidence_statement': 'Tacit knowledge is generated and used by employees in routine work and is described as experience-based insight held by employees.', 'node_name': 'employees', 'category': 'Knowledge Holder', 'node_id': 'c109M01N05'}, 'participate_in', {'evidence_statement': 'The paper states that Canadian SMEs leverage AI-powered collaboration tools to formalize and codify tacit knowledge.', 'node_name': 'AI-powered collaboration tools', 'category': 'Technology-enable Practice', 'node_id': 'c109M01N13'}), 'dst_node': {'evidence_statement': 'The paper states that Canadian SMEs leverage AI-powered collaboration tools to formalize and codify tacit knowledge.', 'node_name': 'AI-powered collaboration tools', 'category': 'Technology-enable Practice', 'node_id': 'c109M01N13'}, 'src_node': {'evidence_statement': 'Tacit knowledge is generated and used by employees in routine work and is described as experience-based insight held by employees.', 'node_name': 'employees', 'category': 'Knowledge Holder', 'node_id': 'c109M01N05'}}, {'rel': ({'evidence_statement': '""businesses could foster a workforce that is inclined to innovate by investing in green human capital development programs that enable the sharing and understanding of tacit knowledge""', 'node_name': 'Workforce', 'category': 'Knowledge Learner', 'node_id': 'c109M02N13'}, 'participate_in', {'evidence_statement': 'The paper states that Canadian SMEs leverage AI-powered collaboration tools to formalize and codify tacit knowledge.', 'node_name': 'AI-powered collaboration tools', 'category': 'Technology-enable Practice', 'node_id': 'c109M01N13'}), 'dst_node': {'evidence_statement': 'The paper states that Canadian SMEs leverage AI-powered collaboration tools to formalize and codify tacit knowledge.', 'node_name': 'AI-powered collaboration tools', 'category': 'Technology-enable Practice', 'node_id': 'c109M01N13'}, 'src_node': {'evidence_statement': '""businesses could foster a workforce that is inclined to innovate by investing in green human capital development programs that enable the sharing and understanding of tacit knowledge""', 'node_name': 'Workforce', 'category': 'Knowledge Learner', 'node_id': 'c109M02N13'}}, {'rel': ({'evidence_statement': 'Tacit knowledge is generated and used by employees in routine work and is described as experience-based insight held by employees.', 'node_name': 'employees', 'category': 'Knowledge Holder', 'node_id': 'c109M01N05'}, 'participate_in', {'evidence_statement': 'The paper describes AI-based knowledge management solutions in UAE manufacturing SMEs as storing and retrieving practices and supporting capture of tacit knowledge concerning energy-efficient activities.', 'node_name': 'AI-based knowledge management solutions', 'category': 'Technology-enable Practice', 'node_id': 'c109M01N15'}), 'dst_node': {'evidence_statement': 'The paper describes AI-based knowledge management solutions in UAE manufacturing SMEs as storing and retrieving practices and supporting capture of tacit knowledge concerning energy-efficient activities.', 'node_name': 'AI-based knowledge management solutions', 'category': 'Technology-enable Practice', 'node_id': 'c109M01N15'}, 'src_node': {'evidence_statement': 'Tacit knowledge is generated and used by employees in routine work and is described as experience-based insight held by employees.', 'node_name': 'employees', 'category': 'Knowledge Holder', 'node_id': 'c109M01N05'}}, {'rel': ({'evidence_statement': '""businesses could foster a workforce that is inclined to innovate by investing in green human capital development programs that enable the sharing and understanding of tacit knowledge""', 'node_name': 'Workforce', 'category': 'Knowledge Learner', 'node_id': 'c109M02N13'}, 'participate_in', {'evidence_statement': 'The paper describes AI-based knowledge management solutions in UAE manufacturing SMEs as storing and retrieving practices and supporting capture of tacit knowledge concerning energy-efficient activities.', 'node_name': 'AI-based knowledge management solutions', 'category': 'Technology-enable Practice', 'node_id': 'c109M01N15'}), 'dst_node': {'evidence_statement': 'The paper describes AI-based knowledge management solutions in UAE manufacturing SMEs as storing and retrieving practices and supporting capture of tacit knowledge concerning energy-efficient activities.', 'node_name': 'AI-based knowledge management solutions', 'category': 'Technology-enable Practice', 'node_id': 'c109M01N15'}, 'src_node': {'evidence_statement': '""businesses could foster a workforce that is inclined to innovate by investing in green human capital development programs that enable the sharing and understanding of tacit knowledge""', 'node_name': 'Workforce', 'category': 'Knowledge Learner', 'node_id': 'c109M02N13'}}, {'rel': ({'evidence_statement': 'Tacit knowledge is generated and used by employees in routine work and is described as experience-based insight held by employees.', 'node_name': 'employees', 'category': 'Knowledge Holder', 'node_id': 'c109M01N05'}, 'participate_in', {'evidence_statement': '""UAE SMEs also employ AI based enterprise resource planning (ERPs) to standardize and spread the sustainable manufacturing practices""', 'node_name': 'AI-based Enterprise Resource Planning (ERPs)', 'category': 'Technology-enable Practice', 'node_id': 'c109M02N24'}), 'dst_node': {'evidence_statement': '""UAE SMEs also employ AI based enterprise resource planning (ERPs) to standardize and spread the sustainable manufacturing practices""', 'node_name': 'AI-based Enterprise Resource Planning (ERPs)', 'category': 'Technology-enable Practice', 'node_id': 'c109M02N24'}, 'src_node': {'evidence_statement': 'Tacit knowledge is generated and used by employees in routine work and is described as experience-based insight held by employees.', 'node_name': 'employees', 'category': 'Knowledge Holder', 'node_id': 'c109M01N05'}}, {'rel': ({'evidence_statement': '""businesses could foster a workforce that is inclined to innovate by investing in green human capital development programs that enable the sharing and understanding of tacit knowledge""', 'node_name': 'Workforce', 'category': 'Knowledge Learner', 'node_id': 'c109M02N13'}, 'participate_in', {'evidence_statement': '""UAE SMEs also employ AI based enterprise resource planning (ERPs) to standardize and spread the sustainable manufacturing practices""', 'node_name': 'AI-based Enterprise Resource Planning (ERPs)', 'category': 'Technology-enable Practice', 'node_id': 'c109M02N24'}), 'dst_node': {'evidence_statement': '""UAE SMEs also employ AI based enterprise resource planning (ERPs) to standardize and spread the sustainable manufacturing practices""', 'node_name': 'AI-based Enterprise Resource Planning (ERPs)', 'category': 'Technology-enable Practice', 'node_id': 'c109M02N24'}, 'src_node': {'evidence_statement': '""businesses could foster a workforce that is inclined to innovate by investing in green human capital development programs that enable the sharing and understanding of tacit knowledge""', 'node_name': 'Workforce', 'category': 'Knowledge Learner', 'node_id': 'c109M02N13'}}, {'rel': ({'evidence_statement': '""businesses could foster a workforce that is inclined to innovate by investing in green human capital development programs that enable the sharing and understanding of tacit knowledge""', 'node_name': 'Workforce', 'category': 'Knowledge Learner', 'node_id': 'c109M02N13'}, 'participate_in', {'evidence_statement': '""Adaptive AI-based learning platforms help employees to find relevant information about how to perform sustainable manufacturing activities""', 'node_name': 'Adaptive AI-based learning platforms', 'category': 'Technology-enable Practice', 'node_id': 'c109M02N25'}), 'dst_node': {'evidence_statement': '""Adaptive AI-based learning platforms help employees to find relevant information about how to perform sustainable manufacturing activities""', 'node_name': 'Adaptive AI-based learning platforms', 'category': 'Technology-enable Practice', 'node_id': 'c109M02N25'}, 'src_node': {'evidence_statement': '""businesses could foster a workforce that is inclined to innovate by investing in green human capital development programs that enable the sharing and understanding of tacit knowledge""', 'node_name': 'Workforce', 'category': 'Knowledge Learner', 'node_id': 'c109M02N13'}}, {'rel': ({'evidence_statement': 'Tacit knowledge is generated and used by employees in routine work and is described as experience-based insight held by employees.', 'node_name': 'employees', 'category': 'Knowledge Holder', 'node_id': 'c109M01N05'}, 'participate_in', {'evidence_statement': '""incorporating AI-enhanced collaboration hubs such as Google Workspace AI, the way teams work together can be transformed as they gain predictive insights inside and outside the organization""', 'node_name': 'Google Workspace AI', 'category': 'Technology-enable Practice', 'node_id': 'c109M02N27'}), 'dst_node': {'evidence_statement': '""incorporating AI-enhanced collaboration hubs such as Google Workspace AI, the way teams work together can be transformed as they gain predictive insights inside and outside the organization""', 'node_name': 'Google Workspace AI', 'category': 'Technology-enable Practice', 'node_id': 'c109M02N27'}, 'src_node': {'evidence_statement': 'Tacit knowledge is generated and used by employees in routine work and is described as experience-based insight held by employees.', 'node_name': 'employees', 'category': 'Knowledge Holder', 'node_id': 'c109M01N05'}}, {'rel': ({'evidence_statement': '""businesses could foster a workforce that is inclined to innovate by investing in green human capital development programs that enable the sharing and understanding of tacit knowledge""', 'node_name': 'Workforce', 'category': 'Knowledge Learner', 'node_id': 'c109M02N13'}, 'participate_in', {'evidence_statement': '""incorporating AI-enhanced collaboration hubs such as Google Workspace AI, the way teams work together can be transformed as they gain predictive insights inside and outside the organization""', 'node_name': 'Google Workspace AI', 'category': 'Technology-enable Practice', 'node_id': 'c109M02N27'}), 'dst_node': {'evidence_statement': '""incorporating AI-enhanced collaboration hubs such as Google Workspace AI, the way teams work together can be transformed as they gain predictive insights inside and outside the organization""', 'node_name': 'Google Workspace AI', 'category': 'Technology-enable Practice', 'node_id': 'c109M02N27'}, 'src_node': {'evidence_statement': '""businesses could foster a workforce that is inclined to innovate by investing in green human capital development programs that enable the sharing and understanding of tacit knowledge""', 'node_name': 'Workforce', 'category': 'Knowledge Learner', 'node_id': 'c109M02N13'}}, {'rel': ({'evidence_statement': 'Tacit knowledge is generated and used by employees in routine work and is described as experience-based insight held by employees.', 'node_name': 'employees', 'category': 'Knowledge Holder', 'node_id': 'c109M01N05'}, 'participate_in', {'evidence_statement': '""tools such as AI-enhanced Slack channels further facilitate interactive learning between internal teams and external partners, enabling efficient sharing of sustainability-focused insights""', 'node_name': 'AI-enhanced Slack channels', 'category': 'Technology-enable Practice', 'node_id': 'c109M02N28'}), 'dst_node': {'evidence_statement': '""tools such as AI-enhanced Slack channels further facilitate interactive learning between internal teams and external partners, enabling efficient sharing of sustainability-focused insights""', 'node_name': 'AI-enhanced Slack channels', 'category': 'Technology-enable Practice', 'node_id': 'c109M02N28'}, 'src_node': {'evidence_statement': 'Tacit knowledge is generated and used by employees in routine work and is described as experience-based insight held by employees.', 'node_name': 'employees', 'category': 'Knowledge Holder', 'node_id': 'c109M01N05'}}, {'rel': ({'evidence_statement': '""businesses could foster a workforce that is inclined to innovate by investing in green human capital development programs that enable the sharing and understanding of tacit knowledge""', 'node_name': 'Workforce', 'category': 'Knowledge Learner', 'node_id': 'c109M02N13'}, 'participate_in', {'evidence_statement': '""tools such as AI-enhanced Slack channels further facilitate interactive learning between internal teams and external partners, enabling efficient sharing of sustainability-focused insights""', 'node_name': 'AI-enhanced Slack channels', 'category': 'Technology-enable Practice', 'node_id': 'c109M02N28'}), 'dst_node': {'evidence_statement': '""tools such as AI-enhanced Slack channels further facilitate interactive learning between internal teams and external partners, enabling efficient sharing of sustainability-focused insights""', 'node_name': 'AI-enhanced Slack channels', 'category': 'Technology-enable Practice', 'node_id': 'c109M02N28'}, 'src_node': {'evidence_statement': '""businesses could foster a workforce that is inclined to innovate by investing in green human capital development programs that enable the sharing and understanding of tacit knowledge""', 'node_name': 'Workforce', 'category': 'Knowledge Learner', 'node_id': 'c109M02N13'}}, {'rel': ({'evidence_statement': 'Tacit knowledge is generated and used by employees in routine work and is described as experience-based insight held by employees.', 'node_name': 'employees', 'category': 'Knowledge Holder', 'node_id': 'c109M01N05'}, 'participate_in', {'evidence_statement': '""AI-based platforms, like Talent LMS, facilitate this process by developing tailored learning paths for employees, providing instant access to eco-innovation materials, and incorporating green skills throughout business operations""', 'node_name': 'Talent LMS', 'category': 'Technology-enable Practice', 'node_id': 'c109M02N32'}), 'dst_node': {'evidence_statement': '""AI-based platforms, like Talent LMS, facilitate this process by developing tailored learning paths for employees, providing instant access to eco-innovation materials, and incorporating green skills throughout business operations""', 'node_name': 'Talent LMS', 'category': 'Technology-enable Practice', 'node_id': 'c109M02N32'}, 'src_node': {'evidence_statement': 'Tacit knowledge is generated and used by employees in routine work and is described as experience-based insight held by employees.', 'node_name': 'employees', 'category': 'Knowledge Holder', 'node_id': 'c109M01N05'}}, {'rel': ({'evidence_statement': '""businesses could foster a workforce that is inclined to innovate by investing in green human capital development programs that enable the sharing and understanding of tacit knowledge""', 'node_name': 'Workforce', 'category': 'Knowledge Learner', 'node_id': 'c109M02N13'}, 'participate_in', {'evidence_statement': '""AI-based platforms, like Talent LMS, facilitate this process by developing tailored learning paths for employees, providing instant access to eco-innovation materials, and incorporating green skills throughout business operations""', 'node_name': 'Talent LMS', 'category': 'Technology-enable Practice', 'node_id': 'c109M02N32'}), 'dst_node': {'evidence_statement': '""AI-based platforms, like Talent LMS, facilitate this process by developing tailored learning paths for employees, providing instant access to eco-innovation materials, and incorporating green skills throughout business operations""', 'node_name': 'Talent LMS', 'category': 'Technology-enable Practice', 'node_id': 'c109M02N32'}, 'src_node': {'evidence_statement': '""businesses could foster a workforce that is inclined to innovate by investing in green human capital development programs that enable the sharing and understanding of tacit knowledge""', 'node_name': 'Workforce', 'category': 'Knowledge Learner', 'node_id': 'c109M02N13'}}]}]"
c109DS01Q13,depend_on,which organization or environment conditions technology-enable practices depend on?,2,"MATCH (p:TechnologyenablePractice)-[r:depend_on]->(d:OrganizationalDependency|EnvironmentalDependency)
WITH COLLECT({src_node:p, rel: r, dst_node: d}) AS obj
RETURN DISTINCT obj","Technology-enable practices depend on organizational dependencies (resource commitment, supportive environment/culture, trust, open communication, management support, resource commitment) and environmental dependencies (low-context individualistic culture, high-context collectivist society, cultural context, regulatory environment).","[{'obj': [{'rel': ({'evidence_statement': 'The paper states that Canadian SMEs leverage AI-powered collaboration tools to formalize and codify tacit knowledge.', 'node_name': 'AI-powered collaboration tools', 'category': 'Technology-enable Practice', 'node_id': 'c109M01N13'}, 'depend_on', {'evidence_statement': 'The paper states that successful AI use requires allocated resources including funding for change management, infrastructure, and training.', 'node_name': 'resource commitment', 'category': 'Organizational Dependency', 'node_id': 'c109M01N17'}), 'dst_node': {'evidence_statement': 'The paper states that successful AI use requires allocated resources including funding for change management, infrastructure, and training.', 'node_name': 'resource commitment', 'category': 'Organizational Dependency', 'node_id': 'c109M01N17'}, 'src_node': {'evidence_statement': 'The paper states that Canadian SMEs leverage AI-powered collaboration tools to formalize and codify tacit knowledge.', 'node_name': 'AI-powered collaboration tools', 'category': 'Technology-enable Practice', 'node_id': 'c109M01N13'}}, {'rel': ({'evidence_statement': 'The paper states that Canadian SMEs leverage AI-powered collaboration tools to formalize and codify tacit knowledge.', 'node_name': 'AI-powered collaboration tools', 'category': 'Technology-enable Practice', 'node_id': 'c109M01N13'}, 'depend_on', {'evidence_statement': ""Canadian SMEs' use of AI-powered collaboration tools is described as aligning with their low-context, individualistic-communication culture."", 'node_name': 'low-context, individualistic-communication culture', 'category': 'Environmental Dependency', 'node_id': 'c109M01N18'}), 'dst_node': {'evidence_statement': ""Canadian SMEs' use of AI-powered collaboration tools is described as aligning with their low-context, individualistic-communication culture."", 'node_name': 'low-context, individualistic-communication culture', 'category': 'Environmental Dependency', 'node_id': 'c109M01N18'}, 'src_node': {'evidence_statement': 'The paper states that Canadian SMEs leverage AI-powered collaboration tools to formalize and codify tacit knowledge.', 'node_name': 'AI-powered collaboration tools', 'category': 'Technology-enable Practice', 'node_id': 'c109M01N13'}}, {'rel': ({'evidence_statement': 'The paper states that UAE SMEs exploit AI-based informal knowledge sharing systems in their high-context, collectivist setting.', 'node_name': 'AI-based informal knowledge sharing systems', 'category': 'Technology-enable Practice', 'node_id': 'c109M01N14'}, 'depend_on', {'evidence_statement': 'The paper states that successful AI use requires allocated resources including funding for change management, infrastructure, and training.', 'node_name': 'resource commitment', 'category': 'Organizational Dependency', 'node_id': 'c109M01N17'}), 'dst_node': {'evidence_statement': 'The paper states that successful AI use requires allocated resources including funding for change management, infrastructure, and training.', 'node_name': 'resource commitment', 'category': 'Organizational Dependency', 'node_id': 'c109M01N17'}, 'src_node': {'evidence_statement': 'The paper states that UAE SMEs exploit AI-based informal knowledge sharing systems in their high-context, collectivist setting.', 'node_name': 'AI-based informal knowledge sharing systems', 'category': 'Technology-enable Practice', 'node_id': 'c109M01N14'}}, {'rel': ({'evidence_statement': 'The paper states that UAE SMEs exploit AI-based informal knowledge sharing systems in their high-context, collectivist setting.', 'node_name': 'AI-based informal knowledge sharing systems', 'category': 'Technology-enable Practice', 'node_id': 'c109M01N14'}, 'depend_on', {'evidence_statement': ""UAE SMEs' use of AI-based informal knowledge sharing systems is attributed to their high-context, collectivist society."", 'node_name': 'high-context, collectivist society', 'category': 'Environmental Dependency', 'node_id': 'c109M01N19'}), 'dst_node': {'evidence_statement': ""UAE SMEs' use of AI-based informal knowledge sharing systems is attributed to their high-context, collectivist society."", 'node_name': 'high-context, collectivist society', 'category': 'Environmental Dependency', 'node_id': 'c109M01N19'}, 'src_node': {'evidence_statement': 'The paper states that UAE SMEs exploit AI-based informal knowledge sharing systems in their high-context, collectivist setting.', 'node_name': 'AI-based informal knowledge sharing systems', 'category': 'Technology-enable Practice', 'node_id': 'c109M01N14'}}, {'rel': ({'evidence_statement': 'The paper describes AI-based knowledge management solutions in UAE manufacturing SMEs as storing and retrieving practices and supporting capture of tacit knowledge concerning energy-efficient activities.', 'node_name': 'AI-based knowledge management solutions', 'category': 'Technology-enable Practice', 'node_id': 'c109M01N15'}, 'depend_on', {'evidence_statement': 'The paper states that successful AI use requires allocated resources including funding for change management, infrastructure, and training.', 'node_name': 'resource commitment', 'category': 'Organizational Dependency', 'node_id': 'c109M01N17'}), 'dst_node': {'evidence_statement': 'The paper states that successful AI use requires allocated resources including funding for change management, infrastructure, and training.', 'node_name': 'resource commitment', 'category': 'Organizational Dependency', 'node_id': 'c109M01N17'}, 'src_node': {'evidence_statement': 'The paper describes AI-based knowledge management solutions in UAE manufacturing SMEs as storing and retrieving practices and supporting capture of tacit knowledge concerning energy-efficient activities.', 'node_name': 'AI-based knowledge management solutions', 'category': 'Technology-enable Practice', 'node_id': 'c109M01N15'}}, {'rel': ({'evidence_statement': 'The paper describes AI-based knowledge management solutions in UAE manufacturing SMEs as storing and retrieving practices and supporting capture of tacit knowledge concerning energy-efficient activities.', 'node_name': 'AI-based knowledge management solutions', 'category': 'Technology-enable Practice', 'node_id': 'c109M01N15'}, 'depend_on', {'evidence_statement': '""To encourage \'tacit knowledge awareness and sharing,\' enterprises must understand the process and develop working environments that facilitate it""', 'node_name': 'Supportive environment/culture', 'category': 'Organizational Dependency', 'node_id': 'c109M02N36'}), 'dst_node': {'evidence_statement': '""To encourage \'tacit knowledge awareness and sharing,\' enterprises must understand the process and develop working environments that facilitate it""', 'node_name': 'Supportive environment/culture', 'category': 'Organizational Dependency', 'node_id': 'c109M02N36'}, 'src_node': {'evidence_statement': 'The paper describes AI-based knowledge management solutions in UAE manufacturing SMEs as storing and retrieving practices and supporting capture of tacit knowledge concerning energy-efficient activities.', 'node_name': 'AI-based knowledge management solutions', 'category': 'Technology-enable Practice', 'node_id': 'c109M01N15'}}, {'rel': ({'evidence_statement': 'The paper describes AI-based knowledge management solutions in UAE manufacturing SMEs as storing and retrieving practices and supporting capture of tacit knowledge concerning energy-efficient activities.', 'node_name': 'AI-based knowledge management solutions', 'category': 'Technology-enable Practice', 'node_id': 'c109M01N15'}, 'depend_on', {'evidence_statement': '""In SMEs, such as the UAE and Canada, the acquisition of tacit knowledge usually starts within trust building and open communication""', 'node_name': 'Trust', 'category': 'Organizational Dependency', 'node_id': 'c109M02N38'}), 'dst_node': {'evidence_statement': '""In SMEs, such as the UAE and Canada, the acquisition of tacit knowledge usually starts within trust building and open communication""', 'node_name': 'Trust', 'category': 'Organizational Dependency', 'node_id': 'c109M02N38'}, 'src_node': {'evidence_statement': 'The paper describes AI-based knowledge management solutions in UAE manufacturing SMEs as storing and retrieving practices and supporting capture of tacit knowledge concerning energy-efficient activities.', 'node_name': 'AI-based knowledge management solutions', 'category': 'Technology-enable Practice', 'node_id': 'c109M01N15'}}, {'rel': ({'evidence_statement': 'The paper describes AI-based knowledge management solutions in UAE manufacturing SMEs as storing and retrieving practices and supporting capture of tacit knowledge concerning energy-efficient activities.', 'node_name': 'AI-based knowledge management solutions', 'category': 'Technology-enable Practice', 'node_id': 'c109M01N15'}, 'depend_on', {'evidence_statement': '""the acquisition of tacit knowledge usually starts within trust building and open communication""', 'node_name': 'Open communication', 'category': 'Organizational Dependency', 'node_id': 'c109M02N39'}), 'dst_node': {'evidence_statement': '""the acquisition of tacit knowledge usually starts within trust building and open communication""', 'node_name': 'Open communication', 'category': 'Organizational Dependency', 'node_id': 'c109M02N39'}, 'src_node': {'evidence_statement': 'The paper describes AI-based knowledge management solutions in UAE manufacturing SMEs as storing and retrieving practices and supporting capture of tacit knowledge concerning energy-efficient activities.', 'node_name': 'AI-based knowledge management solutions', 'category': 'Technology-enable Practice', 'node_id': 'c109M01N15'}}, {'rel': ({'evidence_statement': 'The paper describes AI-based knowledge management solutions in UAE manufacturing SMEs as storing and retrieving practices and supporting capture of tacit knowledge concerning energy-efficient activities.', 'node_name': 'AI-based knowledge management solutions', 'category': 'Technology-enable Practice', 'node_id': 'c109M01N15'}, 'depend_on', {'evidence_statement': '""the primary goal of management should be to cultivate and sustain a creative internal culture""', 'node_name': 'Management support', 'category': 'Organizational Dependency', 'node_id': 'c109M02N40'}), 'dst_node': {'evidence_statement': '""the primary goal of management should be to cultivate and sustain a creative internal culture""', 'node_name': 'Management support', 'category': 'Organizational Dependency', 'node_id': 'c109M02N40'}, 'src_node': {'evidence_statement': 'The paper describes AI-based knowledge management solutions in UAE manufacturing SMEs as storing and retrieving practices and supporting capture of tacit knowledge concerning energy-efficient activities.', 'node_name': 'AI-based knowledge management solutions', 'category': 'Technology-enable Practice', 'node_id': 'c109M01N15'}}, {'rel': ({'evidence_statement': 'The paper describes AI-based knowledge management solutions in UAE manufacturing SMEs as storing and retrieving practices and supporting capture of tacit knowledge concerning energy-efficient activities.', 'node_name': 'AI-based knowledge management solutions', 'category': 'Technology-enable Practice', 'node_id': 'c109M01N15'}, 'depend_on', {'evidence_statement': '""Cultural variation among UAE and Canadian SMEs influences the approaches, and the willingness to transfer knowledge""', 'node_name': 'Cultural context', 'category': 'Environmental Dependency', 'node_id': 'c109M02N41'}), 'dst_node': {'evidence_statement': '""Cultural variation among UAE and Canadian SMEs influences the approaches, and the willingness to transfer knowledge""', 'node_name': 'Cultural context', 'category': 'Environmental Dependency', 'node_id': 'c109M02N41'}, 'src_node': {'evidence_statement': 'The paper describes AI-based knowledge management solutions in UAE manufacturing SMEs as storing and retrieving practices and supporting capture of tacit knowledge concerning energy-efficient activities.', 'node_name': 'AI-based knowledge management solutions', 'category': 'Technology-enable Practice', 'node_id': 'c109M01N15'}}, {'rel': ({'evidence_statement': 'The paper describes AI-based knowledge management solutions in UAE manufacturing SMEs as storing and retrieving practices and supporting capture of tacit knowledge concerning energy-efficient activities.', 'node_name': 'AI-based knowledge management solutions', 'category': 'Technology-enable Practice', 'node_id': 'c109M01N15'}, 'depend_on', {'evidence_statement': '""In Canada where sustainable regulation is highly regulated and the labor market is skilled""', 'node_name': 'Regulatory environment', 'category': 'Environmental Dependency', 'node_id': 'c109M02N42'}), 'dst_node': {'evidence_statement': '""In Canada where sustainable regulation is highly regulated and the labor market is skilled""', 'node_name': 'Regulatory environment', 'category': 'Environmental Dependency', 'node_id': 'c109M02N42'}, 'src_node': {'evidence_statement': 'The paper describes AI-based knowledge management solutions in UAE manufacturing SMEs as storing and retrieving practices and supporting capture of tacit knowledge concerning energy-efficient activities.', 'node_name': 'AI-based knowledge management solutions', 'category': 'Technology-enable Practice', 'node_id': 'c109M01N15'}}, {'rel': ({'evidence_statement': 'The paper describes AI-based knowledge management solutions in UAE manufacturing SMEs as storing and retrieving practices and supporting capture of tacit knowledge concerning energy-efficient activities.', 'node_name': 'AI-based knowledge management solutions', 'category': 'Technology-enable Practice', 'node_id': 'c109M01N15'}, 'depend_on', {'evidence_statement': '""RC refers to the allocation of an organization\'s current and future resources""', 'node_name': 'Resource Commitment (RC)', 'category': 'Organizational Dependency', 'node_id': 'c109M02N52'}), 'dst_node': {'evidence_statement': '""RC refers to the allocation of an organization\'s current and future resources""', 'node_name': 'Resource Commitment (RC)', 'category': 'Organizational Dependency', 'node_id': 'c109M02N52'}, 'src_node': {'evidence_statement': 'The paper describes AI-based knowledge management solutions in UAE manufacturing SMEs as storing and retrieving practices and supporting capture of tacit knowledge concerning energy-efficient activities.', 'node_name': 'AI-based knowledge management solutions', 'category': 'Technology-enable Practice', 'node_id': 'c109M01N15'}}, {'rel': ({'evidence_statement': '""Adaptive AI-based learning platforms help employees to find relevant information about how to perform sustainable manufacturing activities""', 'node_name': 'Adaptive AI-based learning platforms', 'category': 'Technology-enable Practice', 'node_id': 'c109M02N25'}, 'depend_on', {'evidence_statement': '""To encourage \'tacit knowledge awareness and sharing,\' enterprises must understand the process and develop working environments that facilitate it""', 'node_name': 'Supportive environment/culture', 'category': 'Organizational Dependency', 'node_id': 'c109M02N36'}), 'dst_node': {'evidence_statement': '""To encourage \'tacit knowledge awareness and sharing,\' enterprises must understand the process and develop working environments that facilitate it""', 'node_name': 'Supportive environment/culture', 'category': 'Organizational Dependency', 'node_id': 'c109M02N36'}, 'src_node': {'evidence_statement': '""Adaptive AI-based learning platforms help employees to find relevant information about how to perform sustainable manufacturing activities""', 'node_name': 'Adaptive AI-based learning platforms', 'category': 'Technology-enable Practice', 'node_id': 'c109M02N25'}}, {'rel': ({'evidence_statement': '""Adaptive AI-based learning platforms help employees to find relevant information about how to perform sustainable manufacturing activities""', 'node_name': 'Adaptive AI-based learning platforms', 'category': 'Technology-enable Practice', 'node_id': 'c109M02N25'}, 'depend_on', {'evidence_statement': '""the primary goal of management should be to cultivate and sustain a creative internal culture""', 'node_name': 'Management support', 'category': 'Organizational Dependency', 'node_id': 'c109M02N40'}), 'dst_node': {'evidence_statement': '""the primary goal of management should be to cultivate and sustain a creative internal culture""', 'node_name': 'Management support', 'category': 'Organizational Dependency', 'node_id': 'c109M02N40'}, 'src_node': {'evidence_statement': '""Adaptive AI-based learning platforms help employees to find relevant information about how to perform sustainable manufacturing activities""', 'node_name': 'Adaptive AI-based learning platforms', 'category': 'Technology-enable Practice', 'node_id': 'c109M02N25'}}, {'rel': ({'evidence_statement': '""AI can be used to arrange virtual eco-innovation workshops where external collaborators are involved in idea generation and problem-solving""', 'node_name': 'Predictive analytics tools', 'category': 'Technology-enable Practice', 'node_id': 'c109M02N30'}, 'depend_on', {'evidence_statement': '""the primary goal of management should be to cultivate and sustain a creative internal culture""', 'node_name': 'Management support', 'category': 'Organizational Dependency', 'node_id': 'c109M02N40'}), 'dst_node': {'evidence_statement': '""the primary goal of management should be to cultivate and sustain a creative internal culture""', 'node_name': 'Management support', 'category': 'Organizational Dependency', 'node_id': 'c109M02N40'}, 'src_node': {'evidence_statement': '""AI can be used to arrange virtual eco-innovation workshops where external collaborators are involved in idea generation and problem-solving""', 'node_name': 'Predictive analytics tools', 'category': 'Technology-enable Practice', 'node_id': 'c109M02N30'}}, {'rel': ({'evidence_statement': '""AI can be used to arrange virtual eco-innovation workshops where external collaborators are involved in idea generation and problem-solving""', 'node_name': 'Predictive analytics tools', 'category': 'Technology-enable Practice', 'node_id': 'c109M02N30'}, 'depend_on', {'evidence_statement': '""In Canada where sustainable regulation is highly regulated and the labor market is skilled""', 'node_name': 'Regulatory environment', 'category': 'Environmental Dependency', 'node_id': 'c109M02N42'}), 'dst_node': {'evidence_statement': '""In Canada where sustainable regulation is highly regulated and the labor market is skilled""', 'node_name': 'Regulatory environment', 'category': 'Environmental Dependency', 'node_id': 'c109M02N42'}, 'src_node': {'evidence_statement': '""AI can be used to arrange virtual eco-innovation workshops where external collaborators are involved in idea generation and problem-solving""', 'node_name': 'Predictive analytics tools', 'category': 'Technology-enable Practice', 'node_id': 'c109M02N30'}}]}]"
c109DS01Q14,evaluate,which tacit knowledge is evaluated by technology-enable practices?,2,"MATCH (tk:TacitKnowledge)-[r:evaluate]-(t:TechnologyenablePractice)
WITH COLLECT({src_node:tk, rel: r, dst_node: t}) AS obj
RETURN DISTINCT obj",Not Mentioned,[{'obj': []}]
c109DS01Q15,adopt,Which digital technologies technology‑enable practices adopt?,2,"MATCH (p:TechnologyenablePractice)-[r:adopt]-(d:DigitalTechnology)
WITH COLLECT({src_node:p, rel: r, dst_node: d}) AS obj
RETURN DISTINCT obj","AI-powered collaboration tools, AI-based informal knowledge sharing systems, AI-based knowledge management solutions, AI-based Enterprise Resource Planning (ERPs), Adaptive AI-based learning platforms, Google Workspace AI, AI-enhanced Slack channels, and Predictive analytics tools adopt artificial intelligence and AI applications and Predictive analytics.","[{'obj': [{'rel': ({'evidence_statement': 'The paper states that Canadian SMEs leverage AI-powered collaboration tools to formalize and codify tacit knowledge.', 'node_name': 'AI-powered collaboration tools', 'category': 'Technology-enable Practice', 'node_id': 'c109M01N13'}, 'adopt', {'evidence_statement': 'Artificial intelligence was measured as a five-item construct, and its interaction with tacit knowledge sharing significantly predicted green structural, human, and relational capital in both samples.', 'node_name': 'artificial intelligence', 'category': 'Digital Technology', 'node_id': 'c109M01N16'}), 'dst_node': {'evidence_statement': 'Artificial intelligence was measured as a five-item construct, and its interaction with tacit knowledge sharing significantly predicted green structural, human, and relational capital in both samples.', 'node_name': 'artificial intelligence', 'category': 'Digital Technology', 'node_id': 'c109M01N16'}, 'src_node': {'evidence_statement': 'The paper states that Canadian SMEs leverage AI-powered collaboration tools to formalize and codify tacit knowledge.', 'node_name': 'AI-powered collaboration tools', 'category': 'Technology-enable Practice', 'node_id': 'c109M01N13'}}, {'rel': ({'evidence_statement': 'The paper states that UAE SMEs exploit AI-based informal knowledge sharing systems in their high-context, collectivist setting.', 'node_name': 'AI-based informal knowledge sharing systems', 'category': 'Technology-enable Practice', 'node_id': 'c109M01N14'}, 'adopt', {'evidence_statement': 'Artificial intelligence was measured as a five-item construct, and its interaction with tacit knowledge sharing significantly predicted green structural, human, and relational capital in both samples.', 'node_name': 'artificial intelligence', 'category': 'Digital Technology', 'node_id': 'c109M01N16'}), 'dst_node': {'evidence_statement': 'Artificial intelligence was measured as a five-item construct, and its interaction with tacit knowledge sharing significantly predicted green structural, human, and relational capital in both samples.', 'node_name': 'artificial intelligence', 'category': 'Digital Technology', 'node_id': 'c109M01N16'}, 'src_node': {'evidence_statement': 'The paper states that UAE SMEs exploit AI-based informal knowledge sharing systems in their high-context, collectivist setting.', 'node_name': 'AI-based informal knowledge sharing systems', 'category': 'Technology-enable Practice', 'node_id': 'c109M01N14'}}, {'rel': ({'evidence_statement': 'The paper describes AI-based knowledge management solutions in UAE manufacturing SMEs as storing and retrieving practices and supporting capture of tacit knowledge concerning energy-efficient activities.', 'node_name': 'AI-based knowledge management solutions', 'category': 'Technology-enable Practice', 'node_id': 'c109M01N15'}, 'adopt', {'evidence_statement': 'Artificial intelligence was measured as a five-item construct, and its interaction with tacit knowledge sharing significantly predicted green structural, human, and relational capital in both samples.', 'node_name': 'artificial intelligence', 'category': 'Digital Technology', 'node_id': 'c109M01N16'}), 'dst_node': {'evidence_statement': 'Artificial intelligence was measured as a five-item construct, and its interaction with tacit knowledge sharing significantly predicted green structural, human, and relational capital in both samples.', 'node_name': 'artificial intelligence', 'category': 'Digital Technology', 'node_id': 'c109M01N16'}, 'src_node': {'evidence_statement': 'The paper describes AI-based knowledge management solutions in UAE manufacturing SMEs as storing and retrieving practices and supporting capture of tacit knowledge concerning energy-efficient activities.', 'node_name': 'AI-based knowledge management solutions', 'category': 'Technology-enable Practice', 'node_id': 'c109M01N15'}}, {'rel': ({'evidence_statement': 'The paper describes AI-based knowledge management solutions in UAE manufacturing SMEs as storing and retrieving practices and supporting capture of tacit knowledge concerning energy-efficient activities.', 'node_name': 'AI-based knowledge management solutions', 'category': 'Technology-enable Practice', 'node_id': 'c109M01N15'}, 'adopt', {'evidence_statement': '""AI applications can record and interpret conversations, documents or designs, exposing that tacit knowledge to others in the organization""', 'node_name': 'AI applications', 'category': 'Digital Technology', 'node_id': 'c109M02N34'}), 'dst_node': {'evidence_statement': '""AI applications can record and interpret conversations, documents or designs, exposing that tacit knowledge to others in the organization""', 'node_name': 'AI applications', 'category': 'Digital Technology', 'node_id': 'c109M02N34'}, 'src_node': {'evidence_statement': 'The paper describes AI-based knowledge management solutions in UAE manufacturing SMEs as storing and retrieving practices and supporting capture of tacit knowledge concerning energy-efficient activities.', 'node_name': 'AI-based knowledge management solutions', 'category': 'Technology-enable Practice', 'node_id': 'c109M01N15'}}, {'rel': ({'evidence_statement': '""UAE SMEs also employ AI based enterprise resource planning (ERPs) to standardize and spread the sustainable manufacturing practices""', 'node_name': 'AI-based Enterprise Resource Planning (ERPs)', 'category': 'Technology-enable Practice', 'node_id': 'c109M02N24'}, 'adopt', {'evidence_statement': 'Artificial intelligence was measured as a five-item construct, and its interaction with tacit knowledge sharing significantly predicted green structural, human, and relational capital in both samples.', 'node_name': 'artificial intelligence', 'category': 'Digital Technology', 'node_id': 'c109M01N16'}), 'dst_node': {'evidence_statement': 'Artificial intelligence was measured as a five-item construct, and its interaction with tacit knowledge sharing significantly predicted green structural, human, and relational capital in both samples.', 'node_name': 'artificial intelligence', 'category': 'Digital Technology', 'node_id': 'c109M01N16'}, 'src_node': {'evidence_statement': '""UAE SMEs also employ AI based enterprise resource planning (ERPs) to standardize and spread the sustainable manufacturing practices""', 'node_name': 'AI-based Enterprise Resource Planning (ERPs)', 'category': 'Technology-enable Practice', 'node_id': 'c109M02N24'}}, {'rel': ({'evidence_statement': '""Adaptive AI-based learning platforms help employees to find relevant information about how to perform sustainable manufacturing activities""', 'node_name': 'Adaptive AI-based learning platforms', 'category': 'Technology-enable Practice', 'node_id': 'c109M02N25'}, 'adopt', {'evidence_statement': 'Artificial intelligence was measured as a five-item construct, and its interaction with tacit knowledge sharing significantly predicted green structural, human, and relational capital in both samples.', 'node_name': 'artificial intelligence', 'category': 'Digital Technology', 'node_id': 'c109M01N16'}), 'dst_node': {'evidence_statement': 'Artificial intelligence was measured as a five-item construct, and its interaction with tacit knowledge sharing significantly predicted green structural, human, and relational capital in both samples.', 'node_name': 'artificial intelligence', 'category': 'Digital Technology', 'node_id': 'c109M01N16'}, 'src_node': {'evidence_statement': '""Adaptive AI-based learning platforms help employees to find relevant information about how to perform sustainable manufacturing activities""', 'node_name': 'Adaptive AI-based learning platforms', 'category': 'Technology-enable Practice', 'node_id': 'c109M02N25'}}, {'rel': ({'evidence_statement': '""incorporating AI-enhanced collaboration hubs such as Google Workspace AI, the way teams work together can be transformed as they gain predictive insights inside and outside the organization""', 'node_name': 'Google Workspace AI', 'category': 'Technology-enable Practice', 'node_id': 'c109M02N27'}, 'adopt', {'evidence_statement': 'Artificial intelligence was measured as a five-item construct, and its interaction with tacit knowledge sharing significantly predicted green structural, human, and relational capital in both samples.', 'node_name': 'artificial intelligence', 'category': 'Digital Technology', 'node_id': 'c109M01N16'}), 'dst_node': {'evidence_statement': 'Artificial intelligence was measured as a five-item construct, and its interaction with tacit knowledge sharing significantly predicted green structural, human, and relational capital in both samples.', 'node_name': 'artificial intelligence', 'category': 'Digital Technology', 'node_id': 'c109M01N16'}, 'src_node': {'evidence_statement': '""incorporating AI-enhanced collaboration hubs such as Google Workspace AI, the way teams work together can be transformed as they gain predictive insights inside and outside the organization""', 'node_name': 'Google Workspace AI', 'category': 'Technology-enable Practice', 'node_id': 'c109M02N27'}}, {'rel': ({'evidence_statement': '""tools such as AI-enhanced Slack channels further facilitate interactive learning between internal teams and external partners, enabling efficient sharing of sustainability-focused insights""', 'node_name': 'AI-enhanced Slack channels', 'category': 'Technology-enable Practice', 'node_id': 'c109M02N28'}, 'adopt', {'evidence_statement': 'Artificial intelligence was measured as a five-item construct, and its interaction with tacit knowledge sharing significantly predicted green structural, human, and relational capital in both samples.', 'node_name': 'artificial intelligence', 'category': 'Digital Technology', 'node_id': 'c109M01N16'}), 'dst_node': {'evidence_statement': 'Artificial intelligence was measured as a five-item construct, and its interaction with tacit knowledge sharing significantly predicted green structural, human, and relational capital in both samples.', 'node_name': 'artificial intelligence', 'category': 'Digital Technology', 'node_id': 'c109M01N16'}, 'src_node': {'evidence_statement': '""tools such as AI-enhanced Slack channels further facilitate interactive learning between internal teams and external partners, enabling efficient sharing of sustainability-focused insights""', 'node_name': 'AI-enhanced Slack channels', 'category': 'Technology-enable Practice', 'node_id': 'c109M02N28'}}, {'rel': ({'evidence_statement': '""AI can be used to arrange virtual eco-innovation workshops where external collaborators are involved in idea generation and problem-solving""', 'node_name': 'Predictive analytics tools', 'category': 'Technology-enable Practice', 'node_id': 'c109M02N30'}, 'adopt', {'evidence_statement': 'Artificial intelligence was measured as a five-item construct, and its interaction with tacit knowledge sharing significantly predicted green structural, human, and relational capital in both samples.', 'node_name': 'artificial intelligence', 'category': 'Digital Technology', 'node_id': 'c109M01N16'}), 'dst_node': {'evidence_statement': 'Artificial intelligence was measured as a five-item construct, and its interaction with tacit knowledge sharing significantly predicted green structural, human, and relational capital in both samples.', 'node_name': 'artificial intelligence', 'category': 'Digital Technology', 'node_id': 'c109M01N16'}, 'src_node': {'evidence_statement': '""AI can be used to arrange virtual eco-innovation workshops where external collaborators are involved in idea generation and problem-solving""', 'node_name': 'Predictive analytics tools', 'category': 'Technology-enable Practice', 'node_id': 'c109M02N30'}}, {'rel': ({'evidence_statement': '""AI can be used to arrange virtual eco-innovation workshops where external collaborators are involved in idea generation and problem-solving""', 'node_name': 'Predictive analytics tools', 'category': 'Technology-enable Practice', 'node_id': 'c109M02N30'}, 'adopt', {'evidence_statement': '""AI\'s predictability can help businesses uncover nascent green market opportunities both within and outside of existing partnerships""', 'node_name': 'Predictive analytics', 'category': 'Digital Technology', 'node_id': 'c109M02N35'}), 'dst_node': {'evidence_statement': '""AI\'s predictability can help businesses uncover nascent green market opportunities both within and outside of existing partnerships""', 'node_name': 'Predictive analytics', 'category': 'Digital Technology', 'node_id': 'c109M02N35'}, 'src_node': {'evidence_statement': '""AI can be used to arrange virtual eco-innovation workshops where external collaborators are involved in idea generation and problem-solving""', 'node_name': 'Predictive analytics tools', 'category': 'Technology-enable Practice', 'node_id': 'c109M02N30'}}]}]"
c109DS01Q16,be_constrained_by,Which limitations technology-enable practices are constrained by?,2,"MATCH (p:TechnologyenablePractice)-[r:be_constrained_by]-(l:Limitation)
WITH COLLECT({src_node:p, rel: r, dst_node: l}) AS obj
RETURN DISTINCT obj",Resource constraints and skill shortages,"[{'obj': [{'rel': ({'evidence_statement': 'The paper describes AI-based knowledge management solutions in UAE manufacturing SMEs as storing and retrieving practices and supporting capture of tacit knowledge concerning energy-efficient activities.', 'node_name': 'AI-based knowledge management solutions', 'category': 'Technology-enable Practice', 'node_id': 'c109M01N15'}, 'be_constrained_by', {'evidence_statement': '""SMEs operating in the industry experience peculiar challenges common to their line of business, including limited resources, skill shortages, and regulatory pressures""', 'node_name': 'Resource constraints', 'category': 'Limitation', 'node_id': 'c109M02N49'}), 'dst_node': {'evidence_statement': '""SMEs operating in the industry experience peculiar challenges common to their line of business, including limited resources, skill shortages, and regulatory pressures""', 'node_name': 'Resource constraints', 'category': 'Limitation', 'node_id': 'c109M02N49'}, 'src_node': {'evidence_statement': 'The paper describes AI-based knowledge management solutions in UAE manufacturing SMEs as storing and retrieving practices and supporting capture of tacit knowledge concerning energy-efficient activities.', 'node_name': 'AI-based knowledge management solutions', 'category': 'Technology-enable Practice', 'node_id': 'c109M01N15'}}, {'rel': ({'evidence_statement': 'The paper describes AI-based knowledge management solutions in UAE manufacturing SMEs as storing and retrieving practices and supporting capture of tacit knowledge concerning energy-efficient activities.', 'node_name': 'AI-based knowledge management solutions', 'category': 'Technology-enable Practice', 'node_id': 'c109M01N15'}, 'be_constrained_by', {'evidence_statement': '""SMEs operating in the industry experience peculiar challenges common to their line of business, including limited resources, skill shortages, and regulatory pressures""', 'node_name': 'Skill shortages', 'category': 'Limitation', 'node_id': 'c109M02N50'}), 'dst_node': {'evidence_statement': '""SMEs operating in the industry experience peculiar challenges common to their line of business, including limited resources, skill shortages, and regulatory pressures""', 'node_name': 'Skill shortages', 'category': 'Limitation', 'node_id': 'c109M02N50'}, 'src_node': {'evidence_statement': 'The paper describes AI-based knowledge management solutions in UAE manufacturing SMEs as storing and retrieving practices and supporting capture of tacit knowledge concerning energy-efficient activities.', 'node_name': 'AI-based knowledge management solutions', 'category': 'Technology-enable Practice', 'node_id': 'c109M01N15'}}]}]"
c109DS01Q17,mitigate or at least resolve,Which limitations technology‑enable practices mitigate or at least resolve?,2,"MATCH (p:TechnologyenablePractice)-[r:mitigate|resolve]->(l:Limitation)
WITH COLLECT({src_node:p, rel: r, dst_node: l}) AS obj
RETURN DISTINCT obj","AI-powered collaboration tools mitigate knowledge embedded in individuals' minds, difficulty expressing or replicating tacit knowledge, and difficulty formalizing, recognizing, accessing, and communicating tacit knowledge. AI-based informal knowledge sharing systems mitigate knowledge embedded in individuals' minds. AI-based knowledge management solutions mitigate knowledge embedded in individuals' minds, difficulty expressing or replicating tacit knowledge, difficulty formalizing, recognizing, accessing, and communicating tacit knowledge, knowledge hoarding, and complexity of tacit knowledge.","[{'obj': [{'rel': ({'evidence_statement': 'The paper states that Canadian SMEs leverage AI-powered collaboration tools to formalize and codify tacit knowledge.', 'node_name': 'AI-powered collaboration tools', 'category': 'Technology-enable Practice', 'node_id': 'c109M01N13'}, 'mitigate', {'evidence_statement': 'The paper states that much valuable knowledge remains elusive because it is embedded in the minds of individuals.', 'node_name': 'knowledge embedded in individuals’ minds', 'category': 'Limitation', 'node_id': 'c109M01N20'}), 'dst_node': {'evidence_statement': 'The paper states that much valuable knowledge remains elusive because it is embedded in the minds of individuals.', 'node_name': 'knowledge embedded in individuals’ minds', 'category': 'Limitation', 'node_id': 'c109M01N20'}, 'src_node': {'evidence_statement': 'The paper states that Canadian SMEs leverage AI-powered collaboration tools to formalize and codify tacit knowledge.', 'node_name': 'AI-powered collaboration tools', 'category': 'Technology-enable Practice', 'node_id': 'c109M01N13'}}, {'rel': ({'evidence_statement': 'The paper states that Canadian SMEs leverage AI-powered collaboration tools to formalize and codify tacit knowledge.', 'node_name': 'AI-powered collaboration tools', 'category': 'Technology-enable Practice', 'node_id': 'c109M01N13'}, 'mitigate', {'evidence_statement': 'Tacit knowledge rooted in experience, skills, and expertise is described as challenging to express or replicate.', 'node_name': 'difficulty expressing or replicating tacit knowledge', 'category': 'Limitation', 'node_id': 'c109M01N21'}), 'dst_node': {'evidence_statement': 'Tacit knowledge rooted in experience, skills, and expertise is described as challenging to express or replicate.', 'node_name': 'difficulty expressing or replicating tacit knowledge', 'category': 'Limitation', 'node_id': 'c109M01N21'}, 'src_node': {'evidence_statement': 'The paper states that Canadian SMEs leverage AI-powered collaboration tools to formalize and codify tacit knowledge.', 'node_name': 'AI-powered collaboration tools', 'category': 'Technology-enable Practice', 'node_id': 'c109M01N13'}}, {'rel': ({'evidence_statement': 'The paper states that Canadian SMEs leverage AI-powered collaboration tools to formalize and codify tacit knowledge.', 'node_name': 'AI-powered collaboration tools', 'category': 'Technology-enable Practice', 'node_id': 'c109M01N13'}, 'mitigate', {'evidence_statement': 'Because tacit knowledge is inherent in action, situated in practical experience, and influenced by individual judgment, the paper says it is difficult to formalize, recognize, access, and communicate.', 'node_name': 'difficulty formalizing, recognizing, accessing, and communicating tacit knowledge', 'category': 'Limitation', 'node_id': 'c109M01N22'}), 'dst_node': {'evidence_statement': 'Because tacit knowledge is inherent in action, situated in practical experience, and influenced by individual judgment, the paper says it is difficult to formalize, recognize, access, and communicate.', 'node_name': 'difficulty formalizing, recognizing, accessing, and communicating tacit knowledge', 'category': 'Limitation', 'node_id': 'c109M01N22'}, 'src_node': {'evidence_statement': 'The paper states that Canadian SMEs leverage AI-powered collaboration tools to formalize and codify tacit knowledge.', 'node_name': 'AI-powered collaboration tools', 'category': 'Technology-enable Practice', 'node_id': 'c109M01N13'}}, {'rel': ({'evidence_statement': 'The paper states that UAE SMEs exploit AI-based informal knowledge sharing systems in their high-context, collectivist setting.', 'node_name': 'AI-based informal knowledge sharing systems', 'category': 'Technology-enable Practice', 'node_id': 'c109M01N14'}, 'mitigate', {'evidence_statement': 'The paper states that much valuable knowledge remains elusive because it is embedded in the minds of individuals.', 'node_name': 'knowledge embedded in individuals’ minds', 'category': 'Limitation', 'node_id': 'c109M01N20'}), 'dst_node': {'evidence_statement': 'The paper states that much valuable knowledge remains elusive because it is embedded in the minds of individuals.', 'node_name': 'knowledge embedded in individuals’ minds', 'category': 'Limitation', 'node_id': 'c109M01N20'}, 'src_node': {'evidence_statement': 'The paper states that UAE SMEs exploit AI-based informal knowledge sharing systems in their high-context, collectivist setting.', 'node_name': 'AI-based informal knowledge sharing systems', 'category': 'Technology-enable Practice', 'node_id': 'c109M01N14'}}, {'rel': ({'evidence_statement': 'The paper describes AI-based knowledge management solutions in UAE manufacturing SMEs as storing and retrieving practices and supporting capture of tacit knowledge concerning energy-efficient activities.', 'node_name': 'AI-based knowledge management solutions', 'category': 'Technology-enable Practice', 'node_id': 'c109M01N15'}, 'mitigate', {'evidence_statement': 'The paper states that much valuable knowledge remains elusive because it is embedded in the minds of individuals.', 'node_name': 'knowledge embedded in individuals’ minds', 'category': 'Limitation', 'node_id': 'c109M01N20'}), 'dst_node': {'evidence_statement': 'The paper states that much valuable knowledge remains elusive because it is embedded in the minds of individuals.', 'node_name': 'knowledge embedded in individuals’ minds', 'category': 'Limitation', 'node_id': 'c109M01N20'}, 'src_node': {'evidence_statement': 'The paper describes AI-based knowledge management solutions in UAE manufacturing SMEs as storing and retrieving practices and supporting capture of tacit knowledge concerning energy-efficient activities.', 'node_name': 'AI-based knowledge management solutions', 'category': 'Technology-enable Practice', 'node_id': 'c109M01N15'}}, {'rel': ({'evidence_statement': 'The paper describes AI-based knowledge management solutions in UAE manufacturing SMEs as storing and retrieving practices and supporting capture of tacit knowledge concerning energy-efficient activities.', 'node_name': 'AI-based knowledge management solutions', 'category': 'Technology-enable Practice', 'node_id': 'c109M01N15'}, 'mitigate', {'evidence_statement': 'Tacit knowledge rooted in experience, skills, and expertise is described as challenging to express or replicate.', 'node_name': 'difficulty expressing or replicating tacit knowledge', 'category': 'Limitation', 'node_id': 'c109M01N21'}), 'dst_node': {'evidence_statement': 'Tacit knowledge rooted in experience, skills, and expertise is described as challenging to express or replicate.', 'node_name': 'difficulty expressing or replicating tacit knowledge', 'category': 'Limitation', 'node_id': 'c109M01N21'}, 'src_node': {'evidence_statement': 'The paper describes AI-based knowledge management solutions in UAE manufacturing SMEs as storing and retrieving practices and supporting capture of tacit knowledge concerning energy-efficient activities.', 'node_name': 'AI-based knowledge management solutions', 'category': 'Technology-enable Practice', 'node_id': 'c109M01N15'}}, {'rel': ({'evidence_statement': 'The paper describes AI-based knowledge management solutions in UAE manufacturing SMEs as storing and retrieving practices and supporting capture of tacit knowledge concerning energy-efficient activities.', 'node_name': 'AI-based knowledge management solutions', 'category': 'Technology-enable Practice', 'node_id': 'c109M01N15'}, 'mitigate', {'evidence_statement': 'Because tacit knowledge is inherent in action, situated in practical experience, and influenced by individual judgment, the paper says it is difficult to formalize, recognize, access, and communicate.', 'node_name': 'difficulty formalizing, recognizing, accessing, and communicating tacit knowledge', 'category': 'Limitation', 'node_id': 'c109M01N22'}), 'dst_node': {'evidence_statement': 'Because tacit knowledge is inherent in action, situated in practical experience, and influenced by individual judgment, the paper says it is difficult to formalize, recognize, access, and communicate.', 'node_name': 'difficulty formalizing, recognizing, accessing, and communicating tacit knowledge', 'category': 'Limitation', 'node_id': 'c109M01N22'}, 'src_node': {'evidence_statement': 'The paper describes AI-based knowledge management solutions in UAE manufacturing SMEs as storing and retrieving practices and supporting capture of tacit knowledge concerning energy-efficient activities.', 'node_name': 'AI-based knowledge management solutions', 'category': 'Technology-enable Practice', 'node_id': 'c109M01N15'}}, {'rel': ({'evidence_statement': 'The paper describes AI-based knowledge management solutions in UAE manufacturing SMEs as storing and retrieving practices and supporting capture of tacit knowledge concerning energy-efficient activities.', 'node_name': 'AI-based knowledge management solutions', 'category': 'Technology-enable Practice', 'node_id': 'c109M01N15'}, 'mitigate', {'evidence_statement': '""Addressing obstacles such as knowledge hoarding and communication lapses can only be achieved by the creation of a culture of knowledge-sharing""', 'node_name': 'Knowledge hoarding', 'category': 'Limitation', 'node_id': 'c109M02N45'}), 'dst_node': {'evidence_statement': '""Addressing obstacles such as knowledge hoarding and communication lapses can only be achieved by the creation of a culture of knowledge-sharing""', 'node_name': 'Knowledge hoarding', 'category': 'Limitation', 'node_id': 'c109M02N45'}, 'src_node': {'evidence_statement': 'The paper describes AI-based knowledge management solutions in UAE manufacturing SMEs as storing and retrieving practices and supporting capture of tacit knowledge concerning energy-efficient activities.', 'node_name': 'AI-based knowledge management solutions', 'category': 'Technology-enable Practice', 'node_id': 'c109M01N15'}}, {'rel': ({'evidence_statement': 'The paper describes AI-based knowledge management solutions in UAE manufacturing SMEs as storing and retrieving practices and supporting capture of tacit knowledge concerning energy-efficient activities.', 'node_name': 'AI-based knowledge management solutions', 'category': 'Technology-enable Practice', 'node_id': 'c109M01N15'}, 'mitigate', {'evidence_statement': '""SMEs encounter difficulties in this process due to the lack of resources and the complexity of tacit knowledge that is built on personal experiences and contextual situations""', 'node_name': 'Complexity of tacit knowledge', 'category': 'Limitation', 'node_id': 'c109M02N47'}), 'dst_node': {'evidence_statement': '""SMEs encounter difficulties in this process due to the lack of resources and the complexity of tacit knowledge that is built on personal experiences and contextual situations""', 'node_name': 'Complexity of tacit knowledge', 'category': 'Limitation', 'node_id': 'c109M02N47'}, 'src_node': {'evidence_statement': 'The paper describes AI-based knowledge management solutions in UAE manufacturing SMEs as storing and retrieving practices and supporting capture of tacit knowledge concerning energy-efficient activities.', 'node_name': 'AI-based knowledge management solutions', 'category': 'Technology-enable Practice', 'node_id': 'c109M01N15'}}]}]"
c109DS01Q18,complement,Which traditional human-central practices  technology‑enable practices complement?,2,"MATCH (p:TechnologyenablePractice)-[r:complement]->(t:TraditionalHumancentralPractice)
WITH COLLECT({src_node:p, rel: r, dst_node: t}) AS obj
RETURN DISTINCT obj",AI-based knowledge management solutions complement conferences and mentoring/shadowing programs.,"[{'obj': [{'rel': ({'evidence_statement': 'The paper describes AI-based knowledge management solutions in UAE manufacturing SMEs as storing and retrieving practices and supporting capture of tacit knowledge concerning energy-efficient activities.', 'node_name': 'AI-based knowledge management solutions', 'category': 'Technology-enable Practice', 'node_id': 'c109M01N15'}, 'complement', {'evidence_statement': 'The paper states that tacit knowledge sharing occurs formally through training or conferences.', 'node_name': 'conferences', 'category': 'Traditional Human-central Practice', 'node_id': 'c109M01N11'}), 'dst_node': {'evidence_statement': 'The paper states that tacit knowledge sharing occurs formally through training or conferences.', 'node_name': 'conferences', 'category': 'Traditional Human-central Practice', 'node_id': 'c109M01N11'}, 'src_node': {'evidence_statement': 'The paper describes AI-based knowledge management solutions in UAE manufacturing SMEs as storing and retrieving practices and supporting capture of tacit knowledge concerning energy-efficient activities.', 'node_name': 'AI-based knowledge management solutions', 'category': 'Technology-enable Practice', 'node_id': 'c109M01N15'}}, {'rel': ({'evidence_statement': 'The paper describes AI-based knowledge management solutions in UAE manufacturing SMEs as storing and retrieving practices and supporting capture of tacit knowledge concerning energy-efficient activities.', 'node_name': 'AI-based knowledge management solutions', 'category': 'Technology-enable Practice', 'node_id': 'c109M01N15'}, 'complement', {'evidence_statement': '""Methods like job shadowing, mentor programs, and observational learning also aid in knowledge transfer from tacit employees""', 'node_name': 'Mentoring/shadowing programs', 'category': 'Traditional Human-central Practice', 'node_id': 'c109M02N14'}), 'dst_node': {'evidence_statement': '""Methods like job shadowing, mentor programs, and observational learning also aid in knowledge transfer from tacit employees""', 'node_name': 'Mentoring/shadowing programs', 'category': 'Traditional Human-central Practice', 'node_id': 'c109M02N14'}, 'src_node': {'evidence_statement': 'The paper describes AI-based knowledge management solutions in UAE manufacturing SMEs as storing and retrieving practices and supporting capture of tacit knowledge concerning energy-efficient activities.', 'node_name': 'AI-based knowledge management solutions', 'category': 'Technology-enable Practice', 'node_id': 'c109M01N15'}}]}]"
c109DS01Q19,cannot_fully_replace,Which traditional human-central practice technology-enable practice cannot replace fully?,3,"MATCH (p:TechnologyenablePractice)-[r:cannot_fully_replace]->(t:TraditionalHumancentralPractice)
WITH COLLECT({src_node:p, rel: r, dst_node: t}) AS obj
RETURN DISTINCT obj",Mentoring/shadowing programs,"[{'obj': [{'rel': ({'evidence_statement': 'The paper describes AI-based knowledge management solutions in UAE manufacturing SMEs as storing and retrieving practices and supporting capture of tacit knowledge concerning energy-efficient activities.', 'node_name': 'AI-based knowledge management solutions', 'category': 'Technology-enable Practice', 'node_id': 'c109M01N15'}, 'cannot_fully_replace', {'evidence_statement': '""Methods like job shadowing, mentor programs, and observational learning also aid in knowledge transfer from tacit employees""', 'node_name': 'Mentoring/shadowing programs', 'category': 'Traditional Human-central Practice', 'node_id': 'c109M02N14'}), 'dst_node': {'evidence_statement': '""Methods like job shadowing, mentor programs, and observational learning also aid in knowledge transfer from tacit employees""', 'node_name': 'Mentoring/shadowing programs', 'category': 'Traditional Human-central Practice', 'node_id': 'c109M02N14'}, 'src_node': {'evidence_statement': 'The paper describes AI-based knowledge management solutions in UAE manufacturing SMEs as storing and retrieving practices and supporting capture of tacit knowledge concerning energy-efficient activities.', 'node_name': 'AI-based knowledge management solutions', 'category': 'Technology-enable Practice', 'node_id': 'c109M01N15'}}]}]"
c109DS01Q20,be_difficult_to_capture_due_to,Which limitations make tacit knowledge difficult to capture?,3,"MATCH (tk:TacitKnowledge)-[r:be_difficult_to_capture_due_to]-(l:Limitation)
WITH COLLECT({src_node:tk, rel: r, dst_node: l}) AS obj
RETURN DISTINCT obj","Tacit knowledge is difficult to capture because it is embedded in individuals' minds, challenging to express or replicate, difficult to formalize, recognize, access, and communicate, and complex due to personal experiences and contextual situations.","[{'obj': [{'rel': ({'evidence_statement': 'The paper describes tacit knowledge as rooted in individual experience, skills, expertise, action, and practical context and examines its sharing in manufacturing SMEs.', 'node_name': 'tacit knowledge', 'category': 'Tacit Knowledge', 'node_id': 'c109M01N01'}, 'be_difficult_to_capture_due_to', {'evidence_statement': 'The paper states that much valuable knowledge remains elusive because it is embedded in the minds of individuals.', 'node_name': 'knowledge embedded in individuals’ minds', 'category': 'Limitation', 'node_id': 'c109M01N20'}), 'dst_node': {'evidence_statement': 'The paper states that much valuable knowledge remains elusive because it is embedded in the minds of individuals.', 'node_name': 'knowledge embedded in individuals’ minds', 'category': 'Limitation', 'node_id': 'c109M01N20'}, 'src_node': {'evidence_statement': 'The paper describes tacit knowledge as rooted in individual experience, skills, expertise, action, and practical context and examines its sharing in manufacturing SMEs.', 'node_name': 'tacit knowledge', 'category': 'Tacit Knowledge', 'node_id': 'c109M01N01'}}, {'rel': ({'evidence_statement': 'The paper describes tacit knowledge as rooted in individual experience, skills, expertise, action, and practical context and examines its sharing in manufacturing SMEs.', 'node_name': 'tacit knowledge', 'category': 'Tacit Knowledge', 'node_id': 'c109M01N01'}, 'be_difficult_to_capture_due_to', {'evidence_statement': 'Tacit knowledge rooted in experience, skills, and expertise is described as challenging to express or replicate.', 'node_name': 'difficulty expressing or replicating tacit knowledge', 'category': 'Limitation', 'node_id': 'c109M01N21'}), 'dst_node': {'evidence_statement': 'Tacit knowledge rooted in experience, skills, and expertise is described as challenging to express or replicate.', 'node_name': 'difficulty expressing or replicating tacit knowledge', 'category': 'Limitation', 'node_id': 'c109M01N21'}, 'src_node': {'evidence_statement': 'The paper describes tacit knowledge as rooted in individual experience, skills, expertise, action, and practical context and examines its sharing in manufacturing SMEs.', 'node_name': 'tacit knowledge', 'category': 'Tacit Knowledge', 'node_id': 'c109M01N01'}}, {'rel': ({'evidence_statement': 'The paper describes tacit knowledge as rooted in individual experience, skills, expertise, action, and practical context and examines its sharing in manufacturing SMEs.', 'node_name': 'tacit knowledge', 'category': 'Tacit Knowledge', 'node_id': 'c109M01N01'}, 'be_difficult_to_capture_due_to', {'evidence_statement': 'Because tacit knowledge is inherent in action, situated in practical experience, and influenced by individual judgment, the paper says it is difficult to formalize, recognize, access, and communicate.', 'node_name': 'difficulty formalizing, recognizing, accessing, and communicating tacit knowledge', 'category': 'Limitation', 'node_id': 'c109M01N22'}), 'dst_node': {'evidence_statement': 'Because tacit knowledge is inherent in action, situated in practical experience, and influenced by individual judgment, the paper says it is difficult to formalize, recognize, access, and communicate.', 'node_name': 'difficulty formalizing, recognizing, accessing, and communicating tacit knowledge', 'category': 'Limitation', 'node_id': 'c109M01N22'}, 'src_node': {'evidence_statement': 'The paper describes tacit knowledge as rooted in individual experience, skills, expertise, action, and practical context and examines its sharing in manufacturing SMEs.', 'node_name': 'tacit knowledge', 'category': 'Tacit Knowledge', 'node_id': 'c109M01N01'}}, {'rel': ({'evidence_statement': 'The paper describes tacit knowledge as rooted in individual experience, skills, expertise, action, and practical context and examines its sharing in manufacturing SMEs.', 'node_name': 'tacit knowledge', 'category': 'Tacit Knowledge', 'node_id': 'c109M01N01'}, 'be_difficult_to_capture_due_to', {'evidence_statement': '""SMEs encounter difficulties in this process due to the lack of resources and the complexity of tacit knowledge that is built on personal experiences and contextual situations""', 'node_name': 'Complexity of tacit knowledge', 'category': 'Limitation', 'node_id': 'c109M02N47'}), 'dst_node': {'evidence_statement': '""SMEs encounter difficulties in this process due to the lack of resources and the complexity of tacit knowledge that is built on personal experiences and contextual situations""', 'node_name': 'Complexity of tacit knowledge', 'category': 'Limitation', 'node_id': 'c109M02N47'}, 'src_node': {'evidence_statement': 'The paper describes tacit knowledge as rooted in individual experience, skills, expertise, action, and practical context and examines its sharing in manufacturing SMEs.', 'node_name': 'tacit knowledge', 'category': 'Tacit Knowledge', 'node_id': 'c109M01N01'}}]}]"
c109DS02Q01,RQ1: What emerging technologies are adopted and how they support tacit knowledge capture and retention?,"What's the mechanism of each technology-enable practice?  introduce this from multiple perspectives: firstly, explain which digital technologies are adopted by these practice, then find which tacit knowledge were captured by these practices, subsquently dig out all potential  relations between these paractices with knowledge holders, knowledge learners, organizational dependency, environmental dependency, and limitation. Finally, you should summrize the mechanism based on the evidence mentioned above.",1,"MATCH (tep:TechnologyenablePractice)-[r:adopt]->(dt:DigitalTechnology)
WITH tep, COLLECT({src_node:tep, rel: r, dst_node: dt}) AS adoptions

// 1. 捕获 TacitKnowledge (be_captured_by) -> 生成 tk_list
OPTIONAL MATCH (tk:TacitKnowledge)-[r:be_captured_by|be_transferred_by|evaluate]-(tep)
WITH tep, adoptions, 
     COLLECT({src_node:tk, rel: r, dst_node: tep}) AS capturedBy,
     COLLECT(DISTINCT tk) AS tk_list

// 4. 捕获 OrganizationalDependency (depend_on) -> 生成 od_list
OPTIONAL MATCH (tep)-[r:depend_on]->(d:OrganizationalDependency|EnvironmentalDependency)
WITH tep, adoptions, capturedBy, 
     COLLECT({src_node:tep, rel: r, dst_node: d}) AS depends

// 5. 捕获 Limitation (be_constrained_by) -> 生成 lim_list
OPTIONAL MATCH (tep)-[r:be_constrained_by]->(lim:Limitation)
WITH tep, adoptions, capturedBy, depends,
     COLLECT({src_node:tep, rel: r, dst_node: lim}) AS constraints,
     COLLECT(DISTINCT lim) AS lim_list

// 8. 捕获 mitigates (tep -[:mitigate]-> lim)
//    限定 lim_mit 必须在 lim_list 中
OPTIONAL MATCH (tep)-[r:mitigate]->(lim_mit:Limitation)
WHERE lim_mit IN lim_list
WITH tep, adoptions, capturedBy, depends, constraints, 
     COLLECT({src_node:tep, rel: r, dst_node: lim_mit}) AS mitigates

RETURN adoptions,
       capturedBy,
       depends,
       constraints,
       mitigates","The technology-enable practices (AI-powered collaboration tools, AI-based informal knowledge sharing systems, AI-based knowledge management solutions, AI-based ERPs, adaptive AI-based learning platforms, Google Workspace AI, AI-enhanced Slack channels, predictive analytics tools) adopt digital technologies such as artificial intelligence, AI applications, and predictive analytics. They capture tacit knowledge (e.g., tacit knowledge, energy-efficient activities). They depend on organizational dependencies (resource commitment, supportive environment/culture, trust, open communication, management support, resource commitment) and environmental dependencies (low-context/individualistic culture, high-context/collectivist society, cultural context, regulatory environment). They are constrained by limitations (resource constraints, skill shortages). The mechanism: these practices leverage AI to formalize, codify, store, retrieve, and share tacit knowledge, influenced by cultural and organizational contexts, requiring resource and management support, and facing SME-specific constraints.","[{'adoptions': [{'rel': ({'evidence_statement': 'The paper states that Canadian SMEs leverage AI-powered collaboration tools to formalize and codify tacit knowledge.', 'node_name': 'AI-powered collaboration tools', 'category': 'Technology-enable Practice', 'node_id': 'c109M01N13'}, 'adopt', {'evidence_statement': 'Artificial intelligence was measured as a five-item construct, and its interaction with tacit knowledge sharing significantly predicted green structural, human, and relational capital in both samples.', 'node_name': 'artificial intelligence', 'category': 'Digital Technology', 'node_id': 'c109M01N16'}), 'dst_node': {'evidence_statement': 'Artificial intelligence was measured as a five-item construct, and its interaction with tacit knowledge sharing significantly predicted green structural, human, and relational capital in both samples.', 'node_name': 'artificial intelligence', 'category': 'Digital Technology', 'node_id': 'c109M01N16'}, 'src_node': {'evidence_statement': 'The paper states that Canadian SMEs leverage AI-powered collaboration tools to formalize and codify tacit knowledge.', 'node_name': 'AI-powered collaboration tools', 'category': 'Technology-enable Practice', 'node_id': 'c109M01N13'}}], 'capturedBy': [{'rel': ({'evidence_statement': 'The paper describes tacit knowledge as rooted in individual experience, skills, expertise, action, and practical context and examines its sharing in manufacturing SMEs.', 'node_name': 'tacit knowledge', 'category': 'Tacit Knowledge', 'node_id': 'c109M01N01'}, 'be_captured_by', {'evidence_statement': 'The paper states that Canadian SMEs leverage AI-powered collaboration tools to formalize and codify tacit knowledge.', 'node_name': 'AI-powered collaboration tools', 'category': 'Technology-enable Practice', 'node_id': 'c109M01N13'}), 'dst_node': {'evidence_statement': 'The paper states that Canadian SMEs leverage AI-powered collaboration tools to formalize and codify tacit knowledge.', 'node_name': 'AI-powered collaboration tools', 'category': 'Technology-enable Practice', 'node_id': 'c109M01N13'}, 'src_node': {'evidence_statement': 'The paper describes tacit knowledge as rooted in individual experience, skills, expertise, action, and practical context and examines its sharing in manufacturing SMEs.', 'node_name': 'tacit knowledge', 'category': 'Tacit Knowledge', 'node_id': 'c109M01N01'}}], 'depends': [{'rel': ({'evidence_statement': 'The paper states that Canadian SMEs leverage AI-powered collaboration tools to formalize and codify tacit knowledge.', 'node_name': 'AI-powered collaboration tools', 'category': 'Technology-enable Practice', 'node_id': 'c109M01N13'}, 'depend_on', {'evidence_statement': 'The paper states that successful AI use requires allocated resources including funding for change management, infrastructure, and training.', 'node_name': 'resource commitment', 'category': 'Organizational Dependency', 'node_id': 'c109M01N17'}), 'dst_node': {'evidence_statement': 'The paper states that successful AI use requires allocated resources including funding for change management, infrastructure, and training.', 'node_name': 'resource commitment', 'category': 'Organizational Dependency', 'node_id': 'c109M01N17'}, 'src_node': {'evidence_statement': 'The paper states that Canadian SMEs leverage AI-powered collaboration tools to formalize and codify tacit knowledge.', 'node_name': 'AI-powered collaboration tools', 'category': 'Technology-enable Practice', 'node_id': 'c109M01N13'}}, {'rel': ({'evidence_statement': 'The paper states that Canadian SMEs leverage AI-powered collaboration tools to formalize and codify tacit knowledge.', 'node_name': 'AI-powered collaboration tools', 'category': 'Technology-enable Practice', 'node_id': 'c109M01N13'}, 'depend_on', {'evidence_statement': ""Canadian SMEs' use of AI-powered collaboration tools is described as aligning with their low-context, individualistic-communication culture."", 'node_name': 'low-context, individualistic-communication culture', 'category': 'Environmental Dependency', 'node_id': 'c109M01N18'}), 'dst_node': {'evidence_statement': ""Canadian SMEs' use of AI-powered collaboration tools is described as aligning with their low-context, individualistic-communication culture."", 'node_name': 'low-context, individualistic-communication culture', 'category': 'Environmental Dependency', 'node_id': 'c109M01N18'}, 'src_node': {'evidence_statement': 'The paper states that Canadian SMEs leverage AI-powered collaboration tools to formalize and codify tacit knowledge.', 'node_name': 'AI-powered collaboration tools', 'category': 'Technology-enable Practice', 'node_id': 'c109M01N13'}}], 'constraints': [{'rel': None, 'dst_node': None, 'src_node': {'evidence_statement': 'The paper states that Canadian SMEs leverage AI-powered collaboration tools to formalize and codify tacit knowledge.', 'node_name': 'AI-powered collaboration tools', 'category': 'Technology-enable Practice', 'node_id': 'c109M01N13'}}], 'mitigates': [{'rel': None, 'dst_node': None, 'src_node': {'evidence_statement': 'The paper states that Canadian SMEs leverage AI-powered collaboration tools to formalize and codify tacit knowledge.', 'node_name': 'AI-powered collaboration tools', 'category': 'Technology-enable Practice', 'node_id': 'c109M01N13'}}]}, {'adoptions': [{'rel': ({'evidence_statement': 'The paper states that UAE SMEs exploit AI-based informal knowledge sharing systems in their high-context, collectivist setting.', 'node_name': 'AI-based informal knowledge sharing systems', 'category': 'Technology-enable Practice', 'node_id': 'c109M01N14'}, 'adopt', {'evidence_statement': 'Artificial intelligence was measured as a five-item construct, and its interaction with tacit knowledge sharing significantly predicted green structural, human, and relational capital in both samples.', 'node_name': 'artificial intelligence', 'category': 'Digital Technology', 'node_id': 'c109M01N16'}), 'dst_node': {'evidence_statement': 'Artificial intelligence was measured as a five-item construct, and its interaction with tacit knowledge sharing significantly predicted green structural, human, and relational capital in both samples.', 'node_name': 'artificial intelligence', 'category': 'Digital Technology', 'node_id': 'c109M01N16'}, 'src_node': {'evidence_statement': 'The paper states that UAE SMEs exploit AI-based informal knowledge sharing systems in their high-context, collectivist setting.', 'node_name': 'AI-based informal knowledge sharing systems', 'category': 'Technology-enable Practice', 'node_id': 'c109M01N14'}}], 'capturedBy': [{'rel': None, 'dst_node': {'evidence_statement': 'The paper states that UAE SMEs exploit AI-based informal knowledge sharing systems in their high-context, collectivist setting.', 'node_name': 'AI-based informal knowledge sharing systems', 'category': 'Technology-enable Practice', 'node_id': 'c109M01N14'}, 'src_node': None}], 'depends': [{'rel': ({'evidence_statement': 'The paper states that UAE SMEs exploit AI-based informal knowledge sharing systems in their high-context, collectivist setting.', 'node_name': 'AI-based informal knowledge sharing systems', 'category': 'Technology-enable Practice', 'node_id': 'c109M01N14'}, 'depend_on', {'evidence_statement': 'The paper states that successful AI use requires allocated resources including funding for change management, infrastructure, and training.', 'node_name': 'resource commitment', 'category': 'Organizational Dependency', 'node_id': 'c109M01N17'}), 'dst_node': {'evidence_statement': 'The paper states that successful AI use requires allocated resources including funding for change management, infrastructure, and training.', 'node_name': 'resource commitment', 'category': 'Organizational Dependency', 'node_id': 'c109M01N17'}, 'src_node': {'evidence_statement': 'The paper states that UAE SMEs exploit AI-based informal knowledge sharing systems in their high-context, collectivist setting.', 'node_name': 'AI-based informal knowledge sharing systems', 'category': 'Technology-enable Practice', 'node_id': 'c109M01N14'}}, {'rel': ({'evidence_statement': 'The paper states that UAE SMEs exploit AI-based informal knowledge sharing systems in their high-context, collectivist setting.', 'node_name': 'AI-based informal knowledge sharing systems', 'category': 'Technology-enable Practice', 'node_id': 'c109M01N14'}, 'depend_on', {'evidence_statement': ""UAE SMEs' use of AI-based informal knowledge sharing systems is attributed to their high-context, collectivist society."", 'node_name': 'high-context, collectivist society', 'category': 'Environmental Dependency', 'node_id': 'c109M01N19'}), 'dst_node': {'evidence_statement': ""UAE SMEs' use of AI-based informal knowledge sharing systems is attributed to their high-context, collectivist society."", 'node_name': 'high-context, collectivist society', 'category': 'Environmental Dependency', 'node_id': 'c109M01N19'}, 'src_node': {'evidence_statement': 'The paper states that UAE SMEs exploit AI-based informal knowledge sharing systems in their high-context, collectivist setting.', 'node_name': 'AI-based informal knowledge sharing systems', 'category': 'Technology-enable Practice', 'node_id': 'c109M01N14'}}], 'constraints': [{'rel': None, 'dst_node': None, 'src_node': {'evidence_statement': 'The paper states that UAE SMEs exploit AI-based informal knowledge sharing systems in their high-context, collectivist setting.', 'node_name': 'AI-based informal knowledge sharing systems', 'category': 'Technology-enable Practice', 'node_id': 'c109M01N14'}}], 'mitigates': [{'rel': None, 'dst_node': None, 'src_node': {'evidence_statement': 'The paper states that UAE SMEs exploit AI-based informal knowledge sharing systems in their high-context, collectivist setting.', 'node_name': 'AI-based informal knowledge sharing systems', 'category': 'Technology-enable Practice', 'node_id': 'c109M01N14'}}]}, {'adoptions': [{'rel': ({'evidence_statement': 'The paper describes AI-based knowledge management solutions in UAE manufacturing SMEs as storing and retrieving practices and supporting capture of tacit knowledge concerning energy-efficient activities.', 'node_name': 'AI-based knowledge management solutions', 'category': 'Technology-enable Practice', 'node_id': 'c109M01N15'}, 'adopt', {'evidence_statement': 'Artificial intelligence was measured as a five-item construct, and its interaction with tacit knowledge sharing significantly predicted green structural, human, and relational capital in both samples.', 'node_name': 'artificial intelligence', 'category': 'Digital Technology', 'node_id': 'c109M01N16'}), 'dst_node': {'evidence_statement': 'Artificial intelligence was measured as a five-item construct, and its interaction with tacit knowledge sharing significantly predicted green structural, human, and relational capital in both samples.', 'node_name': 'artificial intelligence', 'category': 'Digital Technology', 'node_id': 'c109M01N16'}, 'src_node': {'evidence_statement': 'The paper describes AI-based knowledge management solutions in UAE manufacturing SMEs as storing and retrieving practices and supporting capture of tacit knowledge concerning energy-efficient activities.', 'node_name': 'AI-based knowledge management solutions', 'category': 'Technology-enable Practice', 'node_id': 'c109M01N15'}}, {'rel': ({'evidence_statement': 'The paper describes AI-based knowledge management solutions in UAE manufacturing SMEs as storing and retrieving practices and supporting capture of tacit knowledge concerning energy-efficient activities.', 'node_name': 'AI-based knowledge management solutions', 'category': 'Technology-enable Practice', 'node_id': 'c109M01N15'}, 'adopt', {'evidence_statement': '""AI applications can record and interpret conversations, documents or designs, exposing that tacit knowledge to others in the organization""', 'node_name': 'AI applications', 'category': 'Digital Technology', 'node_id': 'c109M02N34'}), 'dst_node': {'evidence_statement': '""AI applications can record and interpret conversations, documents or designs, exposing that tacit knowledge to others in the organization""', 'node_name': 'AI applications', 'category': 'Digital Technology', 'node_id': 'c109M02N34'}, 'src_node': {'evidence_statement': 'The paper describes AI-based knowledge management solutions in UAE manufacturing SMEs as storing and retrieving practices and supporting capture of tacit knowledge concerning energy-efficient activities.', 'node_name': 'AI-based knowledge management solutions', 'category': 'Technology-enable Practice', 'node_id': 'c109M01N15'}}], 'capturedBy': [{'rel': ({'evidence_statement': 'The paper describes tacit knowledge as rooted in individual experience, skills, expertise, action, and practical context and examines its sharing in manufacturing SMEs.', 'node_name': 'tacit knowledge', 'category': 'Tacit Knowledge', 'node_id': 'c109M01N01'}, 'be_captured_by', {'evidence_statement': 'The paper describes AI-based knowledge management solutions in UAE manufacturing SMEs as storing and retrieving practices and supporting capture of tacit knowledge concerning energy-efficient activities.', 'node_name': 'AI-based knowledge management solutions', 'category': 'Technology-enable Practice', 'node_id': 'c109M01N15'}), 'dst_node': {'evidence_statement': 'The paper describes AI-based knowledge management solutions in UAE manufacturing SMEs as storing and retrieving practices and supporting capture of tacit knowledge concerning energy-efficient activities.', 'node_name': 'AI-based knowledge management solutions', 'category': 'Technology-enable Practice', 'node_id': 'c109M01N15'}, 'src_node': {'evidence_statement': 'The paper describes tacit knowledge as rooted in individual experience, skills, expertise, action, and practical context and examines its sharing in manufacturing SMEs.', 'node_name': 'tacit knowledge', 'category': 'Tacit Knowledge', 'node_id': 'c109M01N01'}}, {'rel': ({'evidence_statement': 'The paper states that AI technology makes it easier to capture tacit knowledge concerning energy-efficient activities.', 'node_name': 'energy-efficient activities', 'category': 'Tacit Knowledge', 'node_id': 'c109M01N04'}, 'be_captured_by', {'evidence_statement': 'The paper describes AI-based knowledge management solutions in UAE manufacturing SMEs as storing and retrieving practices and supporting capture of tacit knowledge concerning energy-efficient activities.', 'node_name': 'AI-based knowledge management solutions', 'category': 'Technology-enable Practice', 'node_id': 'c109M01N15'}), 'dst_node': {'evidence_statement': 'The paper describes AI-based knowledge management solutions in UAE manufacturing SMEs as storing and retrieving practices and supporting capture of tacit knowledge concerning energy-efficient activities.', 'node_name': 'AI-based knowledge management solutions', 'category': 'Technology-enable Practice', 'node_id': 'c109M01N15'}, 'src_node': {'evidence_statement': 'The paper states that AI technology makes it easier to capture tacit knowledge concerning energy-efficient activities.', 'node_name': 'energy-efficient activities', 'category': 'Tacit Knowledge', 'node_id': 'c109M01N04'}}], 'depends': [{'rel': ({'evidence_statement': 'The paper describes AI-based knowledge management solutions in UAE manufacturing SMEs as storing and retrieving practices and supporting capture of tacit knowledge concerning energy-efficient activities.', 'node_name': 'AI-based knowledge management solutions', 'category': 'Technology-enable Practice', 'node_id': 'c109M01N15'}, 'depend_on', {'evidence_statement': 'The paper states that successful AI use requires allocated resources including funding for change management, infrastructure, and training.', 'node_name': 'resource commitment', 'category': 'Organizational Dependency', 'node_id': 'c109M01N17'}), 'dst_node': {'evidence_statement': 'The paper states that successful AI use requires allocated resources including funding for change management, infrastructure, and training.', 'node_name': 'resource commitment', 'category': 'Organizational Dependency', 'node_id': 'c109M01N17'}, 'src_node': {'evidence_statement': 'The paper describes AI-based knowledge management solutions in UAE manufacturing SMEs as storing and retrieving practices and supporting capture of tacit knowledge concerning energy-efficient activities.', 'node_name': 'AI-based knowledge management solutions', 'category': 'Technology-enable Practice', 'node_id': 'c109M01N15'}}, {'rel': ({'evidence_statement': 'The paper describes AI-based knowledge management solutions in UAE manufacturing SMEs as storing and retrieving practices and supporting capture of tacit knowledge concerning energy-efficient activities.', 'node_name': 'AI-based knowledge management solutions', 'category': 'Technology-enable Practice', 'node_id': 'c109M01N15'}, 'depend_on', {'evidence_statement': '""To encourage \'tacit knowledge awareness and sharing,\' enterprises must understand the process and develop working environments that facilitate it""', 'node_name': 'Supportive environment/culture', 'category': 'Organizational Dependency', 'node_id': 'c109M02N36'}), 'dst_node': {'evidence_statement': '""To encourage \'tacit knowledge awareness and sharing,\' enterprises must understand the process and develop working environments that facilitate it""', 'node_name': 'Supportive environment/culture', 'category': 'Organizational Dependency', 'node_id': 'c109M02N36'}, 'src_node': {'evidence_statement': 'The paper describes AI-based knowledge management solutions in UAE manufacturing SMEs as storing and retrieving practices and supporting capture of tacit knowledge concerning energy-efficient activities.', 'node_name': 'AI-based knowledge management solutions', 'category': 'Technology-enable Practice', 'node_id': 'c109M01N15'}}, {'rel': ({'evidence_statement': 'The paper describes AI-based knowledge management solutions in UAE manufacturing SMEs as storing and retrieving practices and supporting capture of tacit knowledge concerning energy-efficient activities.', 'node_name': 'AI-based knowledge management solutions', 'category': 'Technology-enable Practice', 'node_id': 'c109M01N15'}, 'depend_on', {'evidence_statement': '""In SMEs, such as the UAE and Canada, the acquisition of tacit knowledge usually starts within trust building and open communication""', 'node_name': 'Trust', 'category': 'Organizational Dependency', 'node_id': 'c109M02N38'}), 'dst_node': {'evidence_statement': '""In SMEs, such as the UAE and Canada, the acquisition of tacit knowledge usually starts within trust building and open communication""', 'node_name': 'Trust', 'category': 'Organizational Dependency', 'node_id': 'c109M02N38'}, 'src_node': {'evidence_statement': 'The paper describes AI-based knowledge management solutions in UAE manufacturing SMEs as storing and retrieving practices and supporting capture of tacit knowledge concerning energy-efficient activities.', 'node_name': 'AI-based knowledge management solutions', 'category': 'Technology-enable Practice', 'node_id': 'c109M01N15'}}, {'rel': ({'evidence_statement': 'The paper describes AI-based knowledge management solutions in UAE manufacturing SMEs as storing and retrieving practices and supporting capture of tacit knowledge concerning energy-efficient activities.', 'node_name': 'AI-based knowledge management solutions', 'category': 'Technology-enable Practice', 'node_id': 'c109M01N15'}, 'depend_on', {'evidence_statement': '""the acquisition of tacit knowledge usually starts within trust building and open communication""', 'node_name': 'Open communication', 'category': 'Organizational Dependency', 'node_id': 'c109M02N39'}), 'dst_node': {'evidence_statement': '""the acquisition of tacit knowledge usually starts within trust building and open communication""', 'node_name': 'Open communication', 'category': 'Organizational Dependency', 'node_id': 'c109M02N39'}, 'src_node': {'evidence_statement': 'The paper describes AI-based knowledge management solutions in UAE manufacturing SMEs as storing and retrieving practices and supporting capture of tacit knowledge concerning energy-efficient activities.', 'node_name': 'AI-based knowledge management solutions', 'category': 'Technology-enable Practice', 'node_id': 'c109M01N15'}}, {'rel': ({'evidence_statement': 'The paper describes AI-based knowledge management solutions in UAE manufacturing SMEs as storing and retrieving practices and supporting capture of tacit knowledge concerning energy-efficient activities.', 'node_name': 'AI-based knowledge management solutions', 'category': 'Technology-enable Practice', 'node_id': 'c109M01N15'}, 'depend_on', {'evidence_statement': '""the primary goal of management should be to cultivate and sustain a creative internal culture""', 'node_name': 'Management support', 'category': 'Organizational Dependency', 'node_id': 'c109M02N40'}), 'dst_node': {'evidence_statement': '""the primary goal of management should be to cultivate and sustain a creative internal culture""', 'node_name': 'Management support', 'category': 'Organizational Dependency', 'node_id': 'c109M02N40'}, 'src_node': {'evidence_statement': 'The paper describes AI-based knowledge management solutions in UAE manufacturing SMEs as storing and retrieving practices and supporting capture of tacit knowledge concerning energy-efficient activities.', 'node_name': 'AI-based knowledge management solutions', 'category': 'Technology-enable Practice', 'node_id': 'c109M01N15'}}, {'rel': ({'evidence_statement': 'The paper describes AI-based knowledge management solutions in UAE manufacturing SMEs as storing and retrieving practices and supporting capture of tacit knowledge concerning energy-efficient activities.', 'node_name': 'AI-based knowledge management solutions', 'category': 'Technology-enable Practice', 'node_id': 'c109M01N15'}, 'depend_on', {'evidence_statement': '""Cultural variation among UAE and Canadian SMEs influences the approaches, and the willingness to transfer knowledge""', 'node_name': 'Cultural context', 'category': 'Environmental Dependency', 'node_id': 'c109M02N41'}), 'dst_node': {'evidence_statement': '""Cultural variation among UAE and Canadian SMEs influences the approaches, and the willingness to transfer knowledge""', 'node_name': 'Cultural context', 'category': 'Environmental Dependency', 'node_id': 'c109M02N41'}, 'src_node': {'evidence_statement': 'The paper describes AI-based knowledge management solutions in UAE manufacturing SMEs as storing and retrieving practices and supporting capture of tacit knowledge concerning energy-efficient activities.', 'node_name': 'AI-based knowledge management solutions', 'category': 'Technology-enable Practice', 'node_id': 'c109M01N15'}}, {'rel': ({'evidence_statement': 'The paper describes AI-based knowledge management solutions in UAE manufacturing SMEs as storing and retrieving practices and supporting capture of tacit knowledge concerning energy-efficient activities.', 'node_name': 'AI-based knowledge management solutions', 'category': 'Technology-enable Practice', 'node_id': 'c109M01N15'}, 'depend_on', {'evidence_statement': '""In Canada where sustainable regulation is highly regulated and the labor market is skilled""', 'node_name': 'Regulatory environment', 'category': 'Environmental Dependency', 'node_id': 'c109M02N42'}), 'dst_node': {'evidence_statement': '""In Canada where sustainable regulation is highly regulated and the labor market is skilled""', 'node_name': 'Regulatory environment', 'category': 'Environmental Dependency', 'node_id': 'c109M02N42'}, 'src_node': {'evidence_statement': 'The paper describes AI-based knowledge management solutions in UAE manufacturing SMEs as storing and retrieving practices and supporting capture of tacit knowledge concerning energy-efficient activities.', 'node_name': 'AI-based knowledge management solutions', 'category': 'Technology-enable Practice', 'node_id': 'c109M01N15'}}, {'rel': ({'evidence_statement': 'The paper describes AI-based knowledge management solutions in UAE manufacturing SMEs as storing and retrieving practices and supporting capture of tacit knowledge concerning energy-efficient activities.', 'node_name': 'AI-based knowledge management solutions', 'category': 'Technology-enable Practice', 'node_id': 'c109M01N15'}, 'depend_on', {'evidence_statement': '""RC refers to the allocation of an organization\'s current and future resources""', 'node_name': 'Resource Commitment (RC)', 'category': 'Organizational Dependency', 'node_id': 'c109M02N52'}), 'dst_node': {'evidence_statement': '""RC refers to the allocation of an organization\'s current and future resources""', 'node_name': 'Resource Commitment (RC)', 'category': 'Organizational Dependency', 'node_id': 'c109M02N52'}, 'src_node': {'evidence_statement': 'The paper describes AI-based knowledge management solutions in UAE manufacturing SMEs as storing and retrieving practices and supporting capture of tacit knowledge concerning energy-efficient activities.', 'node_name': 'AI-based knowledge management solutions', 'category': 'Technology-enable Practice', 'node_id': 'c109M01N15'}}], 'constraints': [{'rel': ({'evidence_statement': 'The paper describes AI-based knowledge management solutions in UAE manufacturing SMEs as storing and retrieving practices and supporting capture of tacit knowledge concerning energy-efficient activities.', 'node_name': 'AI-based knowledge management solutions', 'category': 'Technology-enable Practice', 'node_id': 'c109M01N15'}, 'be_constrained_by', {'evidence_statement': '""SMEs operating in the industry experience peculiar challenges common to their line of business, including limited resources, skill shortages, and regulatory pressures""', 'node_name': 'Resource constraints', 'category': 'Limitation', 'node_id': 'c109M02N49'}), 'dst_node': {'evidence_statement': '""SMEs operating in the industry experience peculiar challenges common to their line of business, including limited resources, skill shortages, and regulatory pressures""', 'node_name': 'Resource constraints', 'category': 'Limitation', 'node_id': 'c109M02N49'}, 'src_node': {'evidence_statement': 'The paper describes AI-based knowledge management solutions in UAE manufacturing SMEs as storing and retrieving practices and supporting capture of tacit knowledge concerning energy-efficient activities.', 'node_name': 'AI-based knowledge management solutions', 'category': 'Technology-enable Practice', 'node_id': 'c109M01N15'}}, {'rel': ({'evidence_statement': 'The paper describes AI-based knowledge management solutions in UAE manufacturing SMEs as storing and retrieving practices and supporting capture of tacit knowledge concerning energy-efficient activities.', 'node_name': 'AI-based knowledge management solutions', 'category': 'Technology-enable Practice', 'node_id': 'c109M01N15'}, 'be_constrained_by', {'evidence_statement': '""SMEs operating in the industry experience peculiar challenges common to their line of business, including limited resources, skill shortages, and regulatory pressures""', 'node_name': 'Skill shortages', 'category': 'Limitation', 'node_id': 'c109M02N50'}), 'dst_node': {'evidence_statement': '""SMEs operating in the industry experience peculiar challenges common to their line of business, including limited resources, skill shortages, and regulatory pressures""', 'node_name': 'Skill shortages', 'category': 'Limitation', 'node_id': 'c109M02N50'}, 'src_node': {'evidence_statement': 'The paper describes AI-based knowledge management solutions in UAE manufacturing SMEs as storing and retrieving practices and supporting capture of tacit knowledge concerning energy-efficient activities.', 'node_name': 'AI-based knowledge management solutions', 'category': 'Technology-enable Practice', 'node_id': 'c109M01N15'}}], 'mitigates': [{'rel': None, 'dst_node': None, 'src_node': {'evidence_statement': 'The paper describes AI-based knowledge management solutions in UAE manufacturing SMEs as storing and retrieving practices and supporting capture of tacit knowledge concerning energy-efficient activities.', 'node_name': 'AI-based knowledge management solutions', 'category': 'Technology-enable Practice', 'node_id': 'c109M01N15'}}]}, {'adoptions': [{'rel': ({'evidence_statement': '""UAE SMEs also employ AI based enterprise resource planning (ERPs) to standardize and spread the sustainable manufacturing practices""', 'node_name': 'AI-based Enterprise Resource Planning (ERPs)', 'category': 'Technology-enable Practice', 'node_id': 'c109M02N24'}, 'adopt', {'evidence_statement': 'Artificial intelligence was measured as a five-item construct, and its interaction with tacit knowledge sharing significantly predicted green structural, human, and relational capital in both samples.', 'node_name': 'artificial intelligence', 'category': 'Digital Technology', 'node_id': 'c109M01N16'}), 'dst_node': {'evidence_statement': 'Artificial intelligence was measured as a five-item construct, and its interaction with tacit knowledge sharing significantly predicted green structural, human, and relational capital in both samples.', 'node_name': 'artificial intelligence', 'category': 'Digital Technology', 'node_id': 'c109M01N16'}, 'src_node': {'evidence_statement': '""UAE SMEs also employ AI based enterprise resource planning (ERPs) to standardize and spread the sustainable manufacturing practices""', 'node_name': 'AI-based Enterprise Resource Planning (ERPs)', 'category': 'Technology-enable Practice', 'node_id': 'c109M02N24'}}], 'capturedBy': [{'rel': None, 'dst_node': {'evidence_statement': '""UAE SMEs also employ AI based enterprise resource planning (ERPs) to standardize and spread the sustainable manufacturing practices""', 'node_name': 'AI-based Enterprise Resource Planning (ERPs)', 'category': 'Technology-enable Practice', 'node_id': 'c109M02N24'}, 'src_node': None}], 'depends': [{'rel': None, 'dst_node': None, 'src_node': {'evidence_statement': '""UAE SMEs also employ AI based enterprise resource planning (ERPs) to standardize and spread the sustainable manufacturing practices""', 'node_name': 'AI-based Enterprise Resource Planning (ERPs)', 'category': 'Technology-enable Practice', 'node_id': 'c109M02N24'}}], 'constraints': [{'rel': None, 'dst_node': None, 'src_node': {'evidence_statement': '""UAE SMEs also employ AI based enterprise resource planning (ERPs) to standardize and spread the sustainable manufacturing practices""', 'node_name': 'AI-based Enterprise Resource Planning (ERPs)', 'category': 'Technology-enable Practice', 'node_id': 'c109M02N24'}}], 'mitigates': [{'rel': None, 'dst_node': None, 'src_node': {'evidence_statement': '""UAE SMEs also employ AI based enterprise resource planning (ERPs) to standardize and spread the sustainable manufacturing practices""', 'node_name': 'AI-based Enterprise Resource Planning (ERPs)', 'category': 'Technology-enable Practice', 'node_id': 'c109M02N24'}}]}, {'adoptions': [{'rel': ({'evidence_statement': '""Adaptive AI-based learning platforms help employees to find relevant information about how to perform sustainable manufacturing activities""', 'node_name': 'Adaptive AI-based learning platforms', 'category': 'Technology-enable Practice', 'node_id': 'c109M02N25'}, 'adopt', {'evidence_statement': 'Artificial intelligence was measured as a five-item construct, and its interaction with tacit knowledge sharing significantly predicted green structural, human, and relational capital in both samples.', 'node_name': 'artificial intelligence', 'category': 'Digital Technology', 'node_id': 'c109M01N16'}), 'dst_node': {'evidence_statement': 'Artificial intelligence was measured as a five-item construct, and its interaction with tacit knowledge sharing significantly predicted green structural, human, and relational capital in both samples.', 'node_name': 'artificial intelligence', 'category': 'Digital Technology', 'node_id': 'c109M01N16'}, 'src_node': {'evidence_statement': '""Adaptive AI-based learning platforms help employees to find relevant information about how to perform sustainable manufacturing activities""', 'node_name': 'Adaptive AI-based learning platforms', 'category': 'Technology-enable Practice', 'node_id': 'c109M02N25'}}], 'capturedBy': [{'rel': None, 'dst_node': {'evidence_statement': '""Adaptive AI-based learning platforms help employees to find relevant information about how to perform sustainable manufacturing activities""', 'node_name': 'Adaptive AI-based learning platforms', 'category': 'Technology-enable Practice', 'node_id': 'c109M02N25'}, 'src_node': None}], 'depends': [{'rel': ({'evidence_statement': '""Adaptive AI-based learning platforms help employees to find relevant information about how to perform sustainable manufacturing activities""', 'node_name': 'Adaptive AI-based learning platforms', 'category': 'Technology-enable Practice', 'node_id': 'c109M02N25'}, 'depend_on', {'evidence_statement': '""To encourage \'tacit knowledge awareness and sharing,\' enterprises must understand the process and develop working environments that facilitate it""', 'node_name': 'Supportive environment/culture', 'category': 'Organizational Dependency', 'node_id': 'c109M02N36'}), 'dst_node': {'evidence_statement': '""To encourage \'tacit knowledge awareness and sharing,\' enterprises must understand the process and develop working environments that facilitate it""', 'node_name': 'Supportive environment/culture', 'category': 'Organizational Dependency', 'node_id': 'c109M02N36'}, 'src_node': {'evidence_statement': '""Adaptive AI-based learning platforms help employees to find relevant information about how to perform sustainable manufacturing activities""', 'node_name': 'Adaptive AI-based learning platforms', 'category': 'Technology-enable Practice', 'node_id': 'c109M02N25'}}, {'rel': ({'evidence_statement': '""Adaptive AI-based learning platforms help employees to find relevant information about how to perform sustainable manufacturing activities""', 'node_name': 'Adaptive AI-based learning platforms', 'category': 'Technology-enable Practice', 'node_id': 'c109M02N25'}, 'depend_on', {'evidence_statement': '""the primary goal of management should be to cultivate and sustain a creative internal culture""', 'node_name': 'Management support', 'category': 'Organizational Dependency', 'node_id': 'c109M02N40'}), 'dst_node': {'evidence_statement': '""the primary goal of management should be to cultivate and sustain a creative internal culture""', 'node_name': 'Management support', 'category': 'Organizational Dependency', 'node_id': 'c109M02N40'}, 'src_node': {'evidence_statement': '""Adaptive AI-based learning platforms help employees to find relevant information about how to perform sustainable manufacturing activities""', 'node_name': 'Adaptive AI-based learning platforms', 'category': 'Technology-enable Practice', 'node_id': 'c109M02N25'}}], 'constraints': [{'rel': None, 'dst_node': None, 'src_node': {'evidence_statement': '""Adaptive AI-based learning platforms help employees to find relevant information about how to perform sustainable manufacturing activities""', 'node_name': 'Adaptive AI-based learning platforms', 'category': 'Technology-enable Practice', 'node_id': 'c109M02N25'}}], 'mitigates': [{'rel': None, 'dst_node': None, 'src_node': {'evidence_statement': '""Adaptive AI-based learning platforms help employees to find relevant information about how to perform sustainable manufacturing activities""', 'node_name': 'Adaptive AI-based learning platforms', 'category': 'Technology-enable Practice', 'node_id': 'c109M02N25'}}]}, {'adoptions': [{'rel': ({'evidence_statement': '""incorporating AI-enhanced collaboration hubs such as Google Workspace AI, the way teams work together can be transformed as they gain predictive insights inside and outside the organization""', 'node_name': 'Google Workspace AI', 'category': 'Technology-enable Practice', 'node_id': 'c109M02N27'}, 'adopt', {'evidence_statement': 'Artificial intelligence was measured as a five-item construct, and its interaction with tacit knowledge sharing significantly predicted green structural, human, and relational capital in both samples.', 'node_name': 'artificial intelligence', 'category': 'Digital Technology', 'node_id': 'c109M01N16'}), 'dst_node': {'evidence_statement': 'Artificial intelligence was measured as a five-item construct, and its interaction with tacit knowledge sharing significantly predicted green structural, human, and relational capital in both samples.', 'node_name': 'artificial intelligence', 'category': 'Digital Technology', 'node_id': 'c109M01N16'}, 'src_node': {'evidence_statement': '""incorporating AI-enhanced collaboration hubs such as Google Workspace AI, the way teams work together can be transformed as they gain predictive insights inside and outside the organization""', 'node_name': 'Google Workspace AI', 'category': 'Technology-enable Practice', 'node_id': 'c109M02N27'}}], 'capturedBy': [{'rel': None, 'dst_node': {'evidence_statement': '""incorporating AI-enhanced collaboration hubs such as Google Workspace AI, the way teams work together can be transformed as they gain predictive insights inside and outside the organization""', 'node_name': 'Google Workspace AI', 'category': 'Technology-enable Practice', 'node_id': 'c109M02N27'}, 'src_node': None}], 'depends': [{'rel': None, 'dst_node': None, 'src_node': {'evidence_statement': '""incorporating AI-enhanced collaboration hubs such as Google Workspace AI, the way teams work together can be transformed as they gain predictive insights inside and outside the organization""', 'node_name': 'Google Workspace AI', 'category': 'Technology-enable Practice', 'node_id': 'c109M02N27'}}], 'constraints': [{'rel': None, 'dst_node': None, 'src_node': {'evidence_statement': '""incorporating AI-enhanced collaboration hubs such as Google Workspace AI, the way teams work together can be transformed as they gain predictive insights inside and outside the organization""', 'node_name': 'Google Workspace AI', 'category': 'Technology-enable Practice', 'node_id': 'c109M02N27'}}], 'mitigates': [{'rel': None, 'dst_node': None, 'src_node': {'evidence_statement': '""incorporating AI-enhanced collaboration hubs such as Google Workspace AI, the way teams work together can be transformed as they gain predictive insights inside and outside the organization""', 'node_name': 'Google Workspace AI', 'category': 'Technology-enable Practice', 'node_id': 'c109M02N27'}}]}, {'adoptions': [{'rel': ({'evidence_statement': '""tools such as AI-enhanced Slack channels further facilitate interactive learning between internal teams and external partners, enabling efficient sharing of sustainability-focused insights""', 'node_name': 'AI-enhanced Slack channels', 'category': 'Technology-enable Practice', 'node_id': 'c109M02N28'}, 'adopt', {'evidence_statement': 'Artificial intelligence was measured as a five-item construct, and its interaction with tacit knowledge sharing significantly predicted green structural, human, and relational capital in both samples.', 'node_name': 'artificial intelligence', 'category': 'Digital Technology', 'node_id': 'c109M01N16'}), 'dst_node': {'evidence_statement': 'Artificial intelligence was measured as a five-item construct, and its interaction with tacit knowledge sharing significantly predicted green structural, human, and relational capital in both samples.', 'node_name': 'artificial intelligence', 'category': 'Digital Technology', 'node_id': 'c109M01N16'}, 'src_node': {'evidence_statement': '""tools such as AI-enhanced Slack channels further facilitate interactive learning between internal teams and external partners, enabling efficient sharing of sustainability-focused insights""', 'node_name': 'AI-enhanced Slack channels', 'category': 'Technology-enable Practice', 'node_id': 'c109M02N28'}}], 'capturedBy': [{'rel': None, 'dst_node': {'evidence_statement': '""tools such as AI-enhanced Slack channels further facilitate interactive learning between internal teams and external partners, enabling efficient sharing of sustainability-focused insights""', 'node_name': 'AI-enhanced Slack channels', 'category': 'Technology-enable Practice', 'node_id': 'c109M02N28'}, 'src_node': None}], 'depends': [{'rel': None, 'dst_node': None, 'src_node': {'evidence_statement': '""tools such as AI-enhanced Slack channels further facilitate interactive learning between internal teams and external partners, enabling efficient sharing of sustainability-focused insights""', 'node_name': 'AI-enhanced Slack channels', 'category': 'Technology-enable Practice', 'node_id': 'c109M02N28'}}], 'constraints': [{'rel': None, 'dst_node': None, 'src_node': {'evidence_statement': '""tools such as AI-enhanced Slack channels further facilitate interactive learning between internal teams and external partners, enabling efficient sharing of sustainability-focused insights""', 'node_name': 'AI-enhanced Slack channels', 'category': 'Technology-enable Practice', 'node_id': 'c109M02N28'}}], 'mitigates': [{'rel': None, 'dst_node': None, 'src_node': {'evidence_statement': '""tools such as AI-enhanced Slack channels further facilitate interactive learning between internal teams and external partners, enabling efficient sharing of sustainability-focused insights""', 'node_name': 'AI-enhanced Slack channels', 'category': 'Technology-enable Practice', 'node_id': 'c109M02N28'}}]}, {'adoptions': [{'rel': ({'evidence_statement': '""AI can be used to arrange virtual eco-innovation workshops where external collaborators are involved in idea generation and problem-solving""', 'node_name': 'Predictive analytics tools', 'category': 'Technology-enable Practice', 'node_id': 'c109M02N30'}, 'adopt', {'evidence_statement': 'Artificial intelligence was measured as a five-item construct, and its interaction with tacit knowledge sharing significantly predicted green structural, human, and relational capital in both samples.', 'node_name': 'artificial intelligence', 'category': 'Digital Technology', 'node_id': 'c109M01N16'}), 'dst_node': {'evidence_statement': 'Artificial intelligence was measured as a five-item construct, and its interaction with tacit knowledge sharing significantly predicted green structural, human, and relational capital in both samples.', 'node_name': 'artificial intelligence', 'category': 'Digital Technology', 'node_id': 'c109M01N16'}, 'src_node': {'evidence_statement': '""AI can be used to arrange virtual eco-innovation workshops where external collaborators are involved in idea generation and problem-solving""', 'node_name': 'Predictive analytics tools', 'category': 'Technology-enable Practice', 'node_id': 'c109M02N30'}}, {'rel': ({'evidence_statement': '""AI can be used to arrange virtual eco-innovation workshops where external collaborators are involved in idea generation and problem-solving""', 'node_name': 'Predictive analytics tools', 'category': 'Technology-enable Practice', 'node_id': 'c109M02N30'}, 'adopt', {'evidence_statement': '""AI\'s predictability can help businesses uncover nascent green market opportunities both within and outside of existing partnerships""', 'node_name': 'Predictive analytics', 'category': 'Digital Technology', 'node_id': 'c109M02N35'}), 'dst_node': {'evidence_statement': '""AI\'s predictability can help businesses uncover nascent green market opportunities both within and outside of existing partnerships""', 'node_name': 'Predictive analytics', 'category': 'Digital Technology', 'node_id': 'c109M02N35'}, 'src_node': {'evidence_statement': '""AI can be used to arrange virtual eco-innovation workshops where external collaborators are involved in idea generation and problem-solving""', 'node_name': 'Predictive analytics tools', 'category': 'Technology-enable Practice', 'node_id': 'c109M02N30'}}], 'capturedBy': [{'rel': None, 'dst_node': {'evidence_statement': '""AI can be used to arrange virtual eco-innovation workshops where external collaborators are involved in idea generation and problem-solving""', 'node_name': 'Predictive analytics tools', 'category': 'Technology-enable Practice', 'node_id': 'c109M02N30'}, 'src_node': None}], 'depends': [{'rel': ({'evidence_statement': '""AI can be used to arrange virtual eco-innovation workshops where external collaborators are involved in idea generation and problem-solving""', 'node_name': 'Predictive analytics tools', 'category': 'Technology-enable Practice', 'node_id': 'c109M02N30'}, 'depend_on', {'evidence_statement': '""the primary goal of management should be to cultivate and sustain a creative internal culture""', 'node_name': 'Management support', 'category': 'Organizational Dependency', 'node_id': 'c109M02N40'}), 'dst_node': {'evidence_statement': '""the primary goal of management should be to cultivate and sustain a creative internal culture""', 'node_name': 'Management support', 'category': 'Organizational Dependency', 'node_id': 'c109M02N40'}, 'src_node': {'evidence_statement': '""AI can be used to arrange virtual eco-innovation workshops where external collaborators are involved in idea generation and problem-solving""', 'node_name': 'Predictive analytics tools', 'category': 'Technology-enable Practice', 'node_id': 'c109M02N30'}}, {'rel': ({'evidence_statement': '""AI can be used to arrange virtual eco-innovation workshops where external collaborators are involved in idea generation and problem-solving""', 'node_name': 'Predictive analytics tools', 'category': 'Technology-enable Practice', 'node_id': 'c109M02N30'}, 'depend_on', {'evidence_statement': '""In Canada where sustainable regulation is highly regulated and the labor market is skilled""', 'node_name': 'Regulatory environment', 'category': 'Environmental Dependency', 'node_id': 'c109M02N42'}), 'dst_node': {'evidence_statement': '""In Canada where sustainable regulation is highly regulated and the labor market is skilled""', 'node_name': 'Regulatory environment', 'category': 'Environmental Dependency', 'node_id': 'c109M02N42'}, 'src_node': {'evidence_statement': '""AI can be used to arrange virtual eco-innovation workshops where external collaborators are involved in idea generation and problem-solving""', 'node_name': 'Predictive analytics tools', 'category': 'Technology-enable Practice', 'node_id': 'c109M02N30'}}], 'constraints': [{'rel': None, 'dst_node': None, 'src_node': {'evidence_statement': '""AI can be used to arrange virtual eco-innovation workshops where external collaborators are involved in idea generation and problem-solving""', 'node_name': 'Predictive analytics tools', 'category': 'Technology-enable Practice', 'node_id': 'c109M02N30'}}], 'mitigates': [{'rel': None, 'dst_node': None, 'src_node': {'evidence_statement': '""AI can be used to arrange virtual eco-innovation workshops where external collaborators are involved in idea generation and problem-solving""', 'node_name': 'Predictive analytics tools', 'category': 'Technology-enable Practice', 'node_id': 'c109M02N30'}}]}]"
c109DS02Q02,RQ1: What emerging technologies are adopted and how they support tacit knowledge capture and retention?,"What's the mechanism of each traditional human-central practice?  introduce this from multiple perspectives: firstly, explain which knowledge holders participated in these practice, then find which tacit knowledge were captured by these practices, subsquently dig out all potential  relations between these paractices with knowledge learners, organizational dependency, environmental dependency, and limitation. Finally, you should summrize the mechanism based on the evidence mentioned above.",2,"MATCH (thp:TraditionalHumancentralPractice)-[r:participate_in]-(h:KnowledgeHolder|KnowledgeLearner)
WITH thp, COLLECT({src_node:thp, rel: r, dst_node: h}) AS participates

// 1. 捕获 TacitKnowledge (be_transferred_by) -> 生成 tk_list
OPTIONAL MATCH (tk:TacitKnowledge)-[r:be_transferred_by|evaluate]-(thp)
WITH thp, participates, 
     COLLECT({src_node:tk, rel: r, dst_node: thp}) AS transferredBy

// 4. 捕获 OrganizationalDependency (depend_on) -> 生成 od_list
OPTIONAL MATCH (thp)-[r:depend_on]->(d:OrganizationalDependency|EnvironmentalDependency)
WITH thp, participates, transferredBy, 
     COLLECT({src_node:thp, rel: r, dst_node: d}) AS depends

// 5. 捕获 Limitation (be_constrained_by) -> 生成 lim_list
OPTIONAL MATCH (thp)-[r:be_constrained_by]->(lim:Limitation)
WITH thp, participates, transferredBy, depends,
     COLLECT({src_node:thp, rel: r, dst_node: lim}) AS constraints,
     COLLECT(DISTINCT lim) AS lim_list

// 8. 捕获 mitigates (tep -[:mitigate]-> lim)
//    限定 lim_mit 必须在 lim_list 中
OPTIONAL MATCH (tep)-[r:mitigate]->(lim_mit:Limitation)
WHERE lim_mit IN lim_list
WITH thp, participates, transferredBy, depends, constraints, 
     COLLECT({src_node:tep, rel: r, dst_node: lim_mit}) AS mitigates

RETURN participates,
       transferredBy,
       depends,
       constraints,
       mitigates","Traditional human-centric practices for tacit knowledge sharing include social interaction, conferences, mentoring/shadowing, observational learning, narrative storytelling, training workshops, and person-to-person contacts. Knowledge holders (employees, team members, workforce) participate in these practices. These practices capture tacit knowledge (experience-based insights, practical skills, unique experiences, specialized techniques). They depend on organizational factors (supportive environment/culture, trust, open communication, management support, resource commitment) and environmental factors (cultural context, high-context/collectivist society, individualistic culture). They are constrained by limitations (difficulty formalizing/expressing tacit knowledge, communication lapses, complexity of tacit knowledge, resource constraints, skill shortages). Technology (AI-powered tools, AI-based KM solutions) mitigates these limitations. The mechanism: these practices facilitate tacit knowledge transfer through direct interaction and structured methods, relying on supportive organizational and cultural contexts, while facing inherent challenges that technology can help overcome.","[{'participates': [{'rel': ({'evidence_statement': 'Tacit knowledge is generated and used by employees in routine work and is described as experience-based insight held by employees.', 'node_name': 'employees', 'category': 'Knowledge Holder', 'node_id': 'c109M01N05'}, 'participate_in', {'evidence_statement': 'The paper states that tacit knowledge is primarily acquired through social interaction, communication, and observation and is also shared informally through social interactions.', 'node_name': 'social interaction', 'category': 'Traditional Human-central Practice', 'node_id': 'c109M01N07'}), 'dst_node': {'evidence_statement': 'Tacit knowledge is generated and used by employees in routine work and is described as experience-based insight held by employees.', 'node_name': 'employees', 'category': 'Knowledge Holder', 'node_id': 'c109M01N05'}, 'src_node': {'evidence_statement': 'The paper states that tacit knowledge is primarily acquired through social interaction, communication, and observation and is also shared informally through social interactions.', 'node_name': 'social interaction', 'category': 'Traditional Human-central Practice', 'node_id': 'c109M01N07'}}, {'rel': ({'evidence_statement': 'The paper states that implicit-information sharing allows team members to learn and apply unique experiences, practical skills, and creative methods.', 'node_name': 'team members', 'category': 'Knowledge Learner', 'node_id': 'c109M01N06'}, 'participate_in', {'evidence_statement': 'The paper states that tacit knowledge is primarily acquired through social interaction, communication, and observation and is also shared informally through social interactions.', 'node_name': 'social interaction', 'category': 'Traditional Human-central Practice', 'node_id': 'c109M01N07'}), 'dst_node': {'evidence_statement': 'The paper states that implicit-information sharing allows team members to learn and apply unique experiences, practical skills, and creative methods.', 'node_name': 'team members', 'category': 'Knowledge Learner', 'node_id': 'c109M01N06'}, 'src_node': {'evidence_statement': 'The paper states that tacit knowledge is primarily acquired through social interaction, communication, and observation and is also shared informally through social interactions.', 'node_name': 'social interaction', 'category': 'Traditional Human-central Practice', 'node_id': 'c109M01N07'}}, {'rel': ({'evidence_statement': '""businesses could foster a workforce that is inclined to innovate by investing in green human capital development programs that enable the sharing and understanding of tacit knowledge""', 'node_name': 'Workforce', 'category': 'Knowledge Learner', 'node_id': 'c109M02N13'}, 'participate_in', {'evidence_statement': 'The paper states that tacit knowledge is primarily acquired through social interaction, communication, and observation and is also shared informally through social interactions.', 'node_name': 'social interaction', 'category': 'Traditional Human-central Practice', 'node_id': 'c109M01N07'}), 'dst_node': {'evidence_statement': '""businesses could foster a workforce that is inclined to innovate by investing in green human capital development programs that enable the sharing and understanding of tacit knowledge""', 'node_name': 'Workforce', 'category': 'Knowledge Learner', 'node_id': 'c109M02N13'}, 'src_node': {'evidence_statement': 'The paper states that tacit knowledge is primarily acquired through social interaction, communication, and observation and is also shared informally through social interactions.', 'node_name': 'social interaction', 'category': 'Traditional Human-central Practice', 'node_id': 'c109M01N07'}}], 'transferredBy': [{'rel': None, 'dst_node': {'evidence_statement': 'The paper states that tacit knowledge is primarily acquired through social interaction, communication, and observation and is also shared informally through social interactions.', 'node_name': 'social interaction', 'category': 'Traditional Human-central Practice', 'node_id': 'c109M01N07'}, 'src_node': None}], 'depends': [{'rel': ({'evidence_statement': 'The paper states that tacit knowledge is primarily acquired through social interaction, communication, and observation and is also shared informally through social interactions.', 'node_name': 'social interaction', 'category': 'Traditional Human-central Practice', 'node_id': 'c109M01N07'}, 'depend_on', {'evidence_statement': ""UAE SMEs' use of AI-based informal knowledge sharing systems is attributed to their high-context, collectivist society."", 'node_name': 'high-context, collectivist society', 'category': 'Environmental Dependency', 'node_id': 'c109M01N19'}), 'dst_node': {'evidence_statement': ""UAE SMEs' use of AI-based informal knowledge sharing systems is attributed to their high-context, collectivist society."", 'node_name': 'high-context, collectivist society', 'category': 'Environmental Dependency', 'node_id': 'c109M01N19'}, 'src_node': {'evidence_statement': 'The paper states that tacit knowledge is primarily acquired through social interaction, communication, and observation and is also shared informally through social interactions.', 'node_name': 'social interaction', 'category': 'Traditional Human-central Practice', 'node_id': 'c109M01N07'}}, {'rel': ({'evidence_statement': 'The paper states that tacit knowledge is primarily acquired through social interaction, communication, and observation and is also shared informally through social interactions.', 'node_name': 'social interaction', 'category': 'Traditional Human-central Practice', 'node_id': 'c109M01N07'}, 'depend_on', {'evidence_statement': '""To encourage \'tacit knowledge awareness and sharing,\' enterprises must understand the process and develop working environments that facilitate it""', 'node_name': 'Supportive environment/culture', 'category': 'Organizational Dependency', 'node_id': 'c109M02N36'}), 'dst_node': {'evidence_statement': '""To encourage \'tacit knowledge awareness and sharing,\' enterprises must understand the process and develop working environments that facilitate it""', 'node_name': 'Supportive environment/culture', 'category': 'Organizational Dependency', 'node_id': 'c109M02N36'}, 'src_node': {'evidence_statement': 'The paper states that tacit knowledge is primarily acquired through social interaction, communication, and observation and is also shared informally through social interactions.', 'node_name': 'social interaction', 'category': 'Traditional Human-central Practice', 'node_id': 'c109M01N07'}}, {'rel': ({'evidence_statement': 'The paper states that tacit knowledge is primarily acquired through social interaction, communication, and observation and is also shared informally through social interactions.', 'node_name': 'social interaction', 'category': 'Traditional Human-central Practice', 'node_id': 'c109M01N07'}, 'depend_on', {'evidence_statement': '""RC refers to the allocation of an organization\'s current and future resources""', 'node_name': 'Resource Commitment (RC)', 'category': 'Organizational Dependency', 'node_id': 'c109M02N52'}), 'dst_node': {'evidence_statement': '""RC refers to the allocation of an organization\'s current and future resources""', 'node_name': 'Resource Commitment (RC)', 'category': 'Organizational Dependency', 'node_id': 'c109M02N52'}, 'src_node': {'evidence_statement': 'The paper states that tacit knowledge is primarily acquired through social interaction, communication, and observation and is also shared informally through social interactions.', 'node_name': 'social interaction', 'category': 'Traditional Human-central Practice', 'node_id': 'c109M01N07'}}], 'constraints': [{'rel': ({'evidence_statement': 'The paper states that tacit knowledge is primarily acquired through social interaction, communication, and observation and is also shared informally through social interactions.', 'node_name': 'social interaction', 'category': 'Traditional Human-central Practice', 'node_id': 'c109M01N07'}, 'be_constrained_by', {'evidence_statement': 'Because tacit knowledge is inherent in action, situated in practical experience, and influenced by individual judgment, the paper says it is difficult to formalize, recognize, access, and communicate.', 'node_name': 'difficulty formalizing, recognizing, accessing, and communicating tacit knowledge', 'category': 'Limitation', 'node_id': 'c109M01N22'}), 'dst_node': {'evidence_statement': 'Because tacit knowledge is inherent in action, situated in practical experience, and influenced by individual judgment, the paper says it is difficult to formalize, recognize, access, and communicate.', 'node_name': 'difficulty formalizing, recognizing, accessing, and communicating tacit knowledge', 'category': 'Limitation', 'node_id': 'c109M01N22'}, 'src_node': {'evidence_statement': 'The paper states that tacit knowledge is primarily acquired through social interaction, communication, and observation and is also shared informally through social interactions.', 'node_name': 'social interaction', 'category': 'Traditional Human-central Practice', 'node_id': 'c109M01N07'}}], 'mitigates': [{'rel': ({'evidence_statement': 'The paper states that Canadian SMEs leverage AI-powered collaboration tools to formalize and codify tacit knowledge.', 'node_name': 'AI-powered collaboration tools', 'category': 'Technology-enable Practice', 'node_id': 'c109M01N13'}, 'mitigate', {'evidence_statement': 'Because tacit knowledge is inherent in action, situated in practical experience, and influenced by individual judgment, the paper says it is difficult to formalize, recognize, access, and communicate.', 'node_name': 'difficulty formalizing, recognizing, accessing, and communicating tacit knowledge', 'category': 'Limitation', 'node_id': 'c109M01N22'}), 'dst_node': {'evidence_statement': 'Because tacit knowledge is inherent in action, situated in practical experience, and influenced by individual judgment, the paper says it is difficult to formalize, recognize, access, and communicate.', 'node_name': 'difficulty formalizing, recognizing, accessing, and communicating tacit knowledge', 'category': 'Limitation', 'node_id': 'c109M01N22'}, 'src_node': {'evidence_statement': 'The paper states that Canadian SMEs leverage AI-powered collaboration tools to formalize and codify tacit knowledge.', 'node_name': 'AI-powered collaboration tools', 'category': 'Technology-enable Practice', 'node_id': 'c109M01N13'}}, {'rel': ({'evidence_statement': 'The paper describes AI-based knowledge management solutions in UAE manufacturing SMEs as storing and retrieving practices and supporting capture of tacit knowledge concerning energy-efficient activities.', 'node_name': 'AI-based knowledge management solutions', 'category': 'Technology-enable Practice', 'node_id': 'c109M01N15'}, 'mitigate', {'evidence_statement': 'Because tacit knowledge is inherent in action, situated in practical experience, and influenced by individual judgment, the paper says it is difficult to formalize, recognize, access, and communicate.', 'node_name': 'difficulty formalizing, recognizing, accessing, and communicating tacit knowledge', 'category': 'Limitation', 'node_id': 'c109M01N22'}), 'dst_node': {'evidence_statement': 'Because tacit knowledge is inherent in action, situated in practical experience, and influenced by individual judgment, the paper says it is difficult to formalize, recognize, access, and communicate.', 'node_name': 'difficulty formalizing, recognizing, accessing, and communicating tacit knowledge', 'category': 'Limitation', 'node_id': 'c109M01N22'}, 'src_node': {'evidence_statement': 'The paper describes AI-based knowledge management solutions in UAE manufacturing SMEs as storing and retrieving practices and supporting capture of tacit knowledge concerning energy-efficient activities.', 'node_name': 'AI-based knowledge management solutions', 'category': 'Technology-enable Practice', 'node_id': 'c109M01N15'}}]}, {'participates': [{'rel': ({'evidence_statement': 'Tacit knowledge is generated and used by employees in routine work and is described as experience-based insight held by employees.', 'node_name': 'employees', 'category': 'Knowledge Holder', 'node_id': 'c109M01N05'}, 'participate_in', {'evidence_statement': 'The paper states that tacit knowledge sharing occurs formally through training or conferences.', 'node_name': 'conferences', 'category': 'Traditional Human-central Practice', 'node_id': 'c109M01N11'}), 'dst_node': {'evidence_statement': 'Tacit knowledge is generated and used by employees in routine work and is described as experience-based insight held by employees.', 'node_name': 'employees', 'category': 'Knowledge Holder', 'node_id': 'c109M01N05'}, 'src_node': {'evidence_statement': 'The paper states that tacit knowledge sharing occurs formally through training or conferences.', 'node_name': 'conferences', 'category': 'Traditional Human-central Practice', 'node_id': 'c109M01N11'}}, {'rel': ({'evidence_statement': '""Sharing tacit information enables team members to acquire practical skills, unique experiences, and specialized techniques, enhancing performance through cognitive innovation""', 'node_name': 'Team members', 'category': 'Knowledge Holder', 'node_id': 'c109M02N11'}, 'participate_in', {'evidence_statement': 'The paper states that tacit knowledge sharing occurs formally through training or conferences.', 'node_name': 'conferences', 'category': 'Traditional Human-central Practice', 'node_id': 'c109M01N11'}), 'dst_node': {'evidence_statement': '""Sharing tacit information enables team members to acquire practical skills, unique experiences, and specialized techniques, enhancing performance through cognitive innovation""', 'node_name': 'Team members', 'category': 'Knowledge Holder', 'node_id': 'c109M02N11'}, 'src_node': {'evidence_statement': 'The paper states that tacit knowledge sharing occurs formally through training or conferences.', 'node_name': 'conferences', 'category': 'Traditional Human-central Practice', 'node_id': 'c109M01N11'}}], 'transferredBy': [{'rel': None, 'dst_node': {'evidence_statement': 'The paper states that tacit knowledge sharing occurs formally through training or conferences.', 'node_name': 'conferences', 'category': 'Traditional Human-central Practice', 'node_id': 'c109M01N11'}, 'src_node': None}], 'depends': [{'rel': ({'evidence_statement': 'The paper states that tacit knowledge sharing occurs formally through training or conferences.', 'node_name': 'conferences', 'category': 'Traditional Human-central Practice', 'node_id': 'c109M01N11'}, 'depend_on', {'evidence_statement': '""To encourage \'tacit knowledge awareness and sharing,\' enterprises must understand the process and develop working environments that facilitate it""', 'node_name': 'Supportive environment/culture', 'category': 'Organizational Dependency', 'node_id': 'c109M02N36'}), 'dst_node': {'evidence_statement': '""To encourage \'tacit knowledge awareness and sharing,\' enterprises must understand the process and develop working environments that facilitate it""', 'node_name': 'Supportive environment/culture', 'category': 'Organizational Dependency', 'node_id': 'c109M02N36'}, 'src_node': {'evidence_statement': 'The paper states that tacit knowledge sharing occurs formally through training or conferences.', 'node_name': 'conferences', 'category': 'Traditional Human-central Practice', 'node_id': 'c109M01N11'}}, {'rel': ({'evidence_statement': 'The paper states that tacit knowledge sharing occurs formally through training or conferences.', 'node_name': 'conferences', 'category': 'Traditional Human-central Practice', 'node_id': 'c109M01N11'}, 'depend_on', {'evidence_statement': '""the acquisition of tacit knowledge usually starts within trust building and open communication""', 'node_name': 'Open communication', 'category': 'Organizational Dependency', 'node_id': 'c109M02N39'}), 'dst_node': {'evidence_statement': '""the acquisition of tacit knowledge usually starts within trust building and open communication""', 'node_name': 'Open communication', 'category': 'Organizational Dependency', 'node_id': 'c109M02N39'}, 'src_node': {'evidence_statement': 'The paper states that tacit knowledge sharing occurs formally through training or conferences.', 'node_name': 'conferences', 'category': 'Traditional Human-central Practice', 'node_id': 'c109M01N11'}}, {'rel': ({'evidence_statement': 'The paper states that tacit knowledge sharing occurs formally through training or conferences.', 'node_name': 'conferences', 'category': 'Traditional Human-central Practice', 'node_id': 'c109M01N11'}, 'depend_on', {'evidence_statement': '""the primary goal of management should be to cultivate and sustain a creative internal culture""', 'node_name': 'Management support', 'category': 'Organizational Dependency', 'node_id': 'c109M02N40'}), 'dst_node': {'evidence_statement': '""the primary goal of management should be to cultivate and sustain a creative internal culture""', 'node_name': 'Management support', 'category': 'Organizational Dependency', 'node_id': 'c109M02N40'}, 'src_node': {'evidence_statement': 'The paper states that tacit knowledge sharing occurs formally through training or conferences.', 'node_name': 'conferences', 'category': 'Traditional Human-central Practice', 'node_id': 'c109M01N11'}}, {'rel': ({'evidence_statement': 'The paper states that tacit knowledge sharing occurs formally through training or conferences.', 'node_name': 'conferences', 'category': 'Traditional Human-central Practice', 'node_id': 'c109M01N11'}, 'depend_on', {'evidence_statement': '""Cultural variation among UAE and Canadian SMEs influences the approaches, and the willingness to transfer knowledge""', 'node_name': 'Cultural context', 'category': 'Environmental Dependency', 'node_id': 'c109M02N41'}), 'dst_node': {'evidence_statement': '""Cultural variation among UAE and Canadian SMEs influences the approaches, and the willingness to transfer knowledge""', 'node_name': 'Cultural context', 'category': 'Environmental Dependency', 'node_id': 'c109M02N41'}, 'src_node': {'evidence_statement': 'The paper states that tacit knowledge sharing occurs formally through training or conferences.', 'node_name': 'conferences', 'category': 'Traditional Human-central Practice', 'node_id': 'c109M01N11'}}, {'rel': ({'evidence_statement': 'The paper states that tacit knowledge sharing occurs formally through training or conferences.', 'node_name': 'conferences', 'category': 'Traditional Human-central Practice', 'node_id': 'c109M01N11'}, 'depend_on', {'evidence_statement': '""Canadian SMEs which are orientated more individualistically in their culture, may employ some of the more structured methods""', 'node_name': 'Individualistic culture (Canada)', 'category': 'Environmental Dependency', 'node_id': 'c109M02N44'}), 'dst_node': {'evidence_statement': '""Canadian SMEs which are orientated more individualistically in their culture, may employ some of the more structured methods""', 'node_name': 'Individualistic culture (Canada)', 'category': 'Environmental Dependency', 'node_id': 'c109M02N44'}, 'src_node': {'evidence_statement': 'The paper states that tacit knowledge sharing occurs formally through training or conferences.', 'node_name': 'conferences', 'category': 'Traditional Human-central Practice', 'node_id': 'c109M01N11'}}, {'rel': ({'evidence_statement': 'The paper states that tacit knowledge sharing occurs formally through training or conferences.', 'node_name': 'conferences', 'category': 'Traditional Human-central Practice', 'node_id': 'c109M01N11'}, 'depend_on', {'evidence_statement': '""RC refers to the allocation of an organization\'s current and future resources""', 'node_name': 'Resource Commitment (RC)', 'category': 'Organizational Dependency', 'node_id': 'c109M02N52'}), 'dst_node': {'evidence_statement': '""RC refers to the allocation of an organization\'s current and future resources""', 'node_name': 'Resource Commitment (RC)', 'category': 'Organizational Dependency', 'node_id': 'c109M02N52'}, 'src_node': {'evidence_statement': 'The paper states that tacit knowledge sharing occurs formally through training or conferences.', 'node_name': 'conferences', 'category': 'Traditional Human-central Practice', 'node_id': 'c109M01N11'}}], 'constraints': [{'rel': ({'evidence_statement': 'The paper states that tacit knowledge sharing occurs formally through training or conferences.', 'node_name': 'conferences', 'category': 'Traditional Human-central Practice', 'node_id': 'c109M01N11'}, 'be_constrained_by', {'evidence_statement': 'Tacit knowledge rooted in experience, skills, and expertise is described as challenging to express or replicate.', 'node_name': 'difficulty expressing or replicating tacit knowledge', 'category': 'Limitation', 'node_id': 'c109M01N21'}), 'dst_node': {'evidence_statement': 'Tacit knowledge rooted in experience, skills, and expertise is described as challenging to express or replicate.', 'node_name': 'difficulty expressing or replicating tacit knowledge', 'category': 'Limitation', 'node_id': 'c109M01N21'}, 'src_node': {'evidence_statement': 'The paper states that tacit knowledge sharing occurs formally through training or conferences.', 'node_name': 'conferences', 'category': 'Traditional Human-central Practice', 'node_id': 'c109M01N11'}}], 'mitigates': [{'rel': ({'evidence_statement': 'The paper states that Canadian SMEs leverage AI-powered collaboration tools to formalize and codify tacit knowledge.', 'node_name': 'AI-powered collaboration tools', 'category': 'Technology-enable Practice', 'node_id': 'c109M01N13'}, 'mitigate', {'evidence_statement': 'Tacit knowledge rooted in experience, skills, and expertise is described as challenging to express or replicate.', 'node_name': 'difficulty expressing or replicating tacit knowledge', 'category': 'Limitation', 'node_id': 'c109M01N21'}), 'dst_node': {'evidence_statement': 'Tacit knowledge rooted in experience, skills, and expertise is described as challenging to express or replicate.', 'node_name': 'difficulty expressing or replicating tacit knowledge', 'category': 'Limitation', 'node_id': 'c109M01N21'}, 'src_node': {'evidence_statement': 'The paper states that Canadian SMEs leverage AI-powered collaboration tools to formalize and codify tacit knowledge.', 'node_name': 'AI-powered collaboration tools', 'category': 'Technology-enable Practice', 'node_id': 'c109M01N13'}}, {'rel': ({'evidence_statement': 'The paper describes AI-based knowledge management solutions in UAE manufacturing SMEs as storing and retrieving practices and supporting capture of tacit knowledge concerning energy-efficient activities.', 'node_name': 'AI-based knowledge management solutions', 'category': 'Technology-enable Practice', 'node_id': 'c109M01N15'}, 'mitigate', {'evidence_statement': 'Tacit knowledge rooted in experience, skills, and expertise is described as challenging to express or replicate.', 'node_name': 'difficulty expressing or replicating tacit knowledge', 'category': 'Limitation', 'node_id': 'c109M01N21'}), 'dst_node': {'evidence_statement': 'Tacit knowledge rooted in experience, skills, and expertise is described as challenging to express or replicate.', 'node_name': 'difficulty expressing or replicating tacit knowledge', 'category': 'Limitation', 'node_id': 'c109M01N21'}, 'src_node': {'evidence_statement': 'The paper describes AI-based knowledge management solutions in UAE manufacturing SMEs as storing and retrieving practices and supporting capture of tacit knowledge concerning energy-efficient activities.', 'node_name': 'AI-based knowledge management solutions', 'category': 'Technology-enable Practice', 'node_id': 'c109M01N15'}}]}, {'participates': [{'rel': ({'evidence_statement': 'Tacit knowledge is generated and used by employees in routine work and is described as experience-based insight held by employees.', 'node_name': 'employees', 'category': 'Knowledge Holder', 'node_id': 'c109M01N05'}, 'participate_in', {'evidence_statement': '""Methods like job shadowing, mentor programs, and observational learning also aid in knowledge transfer from tacit employees""', 'node_name': 'Mentoring/shadowing programs', 'category': 'Traditional Human-central Practice', 'node_id': 'c109M02N14'}), 'dst_node': {'evidence_statement': 'Tacit knowledge is generated and used by employees in routine work and is described as experience-based insight held by employees.', 'node_name': 'employees', 'category': 'Knowledge Holder', 'node_id': 'c109M01N05'}, 'src_node': {'evidence_statement': '""Methods like job shadowing, mentor programs, and observational learning also aid in knowledge transfer from tacit employees""', 'node_name': 'Mentoring/shadowing programs', 'category': 'Traditional Human-central Practice', 'node_id': 'c109M02N14'}}, {'rel': ({'evidence_statement': '""Sharing tacit information enables team members to acquire practical skills, unique experiences, and specialized techniques, enhancing performance through cognitive innovation""', 'node_name': 'Team members', 'category': 'Knowledge Holder', 'node_id': 'c109M02N11'}, 'participate_in', {'evidence_statement': '""Methods like job shadowing, mentor programs, and observational learning also aid in knowledge transfer from tacit employees""', 'node_name': 'Mentoring/shadowing programs', 'category': 'Traditional Human-central Practice', 'node_id': 'c109M02N14'}), 'dst_node': {'evidence_statement': '""Sharing tacit information enables team members to acquire practical skills, unique experiences, and specialized techniques, enhancing performance through cognitive innovation""', 'node_name': 'Team members', 'category': 'Knowledge Holder', 'node_id': 'c109M02N11'}, 'src_node': {'evidence_statement': '""Methods like job shadowing, mentor programs, and observational learning also aid in knowledge transfer from tacit employees""', 'node_name': 'Mentoring/shadowing programs', 'category': 'Traditional Human-central Practice', 'node_id': 'c109M02N14'}}], 'transferredBy': [{'rel': None, 'dst_node': {'evidence_statement': '""Methods like job shadowing, mentor programs, and observational learning also aid in knowledge transfer from tacit employees""', 'node_name': 'Mentoring/shadowing programs', 'category': 'Traditional Human-central Practice', 'node_id': 'c109M02N14'}, 'src_node': None}], 'depends': [{'rel': ({'evidence_statement': '""Methods like job shadowing, mentor programs, and observational learning also aid in knowledge transfer from tacit employees""', 'node_name': 'Mentoring/shadowing programs', 'category': 'Traditional Human-central Practice', 'node_id': 'c109M02N14'}, 'depend_on', {'evidence_statement': '""To encourage \'tacit knowledge awareness and sharing,\' enterprises must understand the process and develop working environments that facilitate it""', 'node_name': 'Supportive environment/culture', 'category': 'Organizational Dependency', 'node_id': 'c109M02N36'}), 'dst_node': {'evidence_statement': '""To encourage \'tacit knowledge awareness and sharing,\' enterprises must understand the process and develop working environments that facilitate it""', 'node_name': 'Supportive environment/culture', 'category': 'Organizational Dependency', 'node_id': 'c109M02N36'}, 'src_node': {'evidence_statement': '""Methods like job shadowing, mentor programs, and observational learning also aid in knowledge transfer from tacit employees""', 'node_name': 'Mentoring/shadowing programs', 'category': 'Traditional Human-central Practice', 'node_id': 'c109M02N14'}}, {'rel': ({'evidence_statement': '""Methods like job shadowing, mentor programs, and observational learning also aid in knowledge transfer from tacit employees""', 'node_name': 'Mentoring/shadowing programs', 'category': 'Traditional Human-central Practice', 'node_id': 'c109M02N14'}, 'depend_on', {'evidence_statement': '""In SMEs, such as the UAE and Canada, the acquisition of tacit knowledge usually starts within trust building and open communication""', 'node_name': 'Trust', 'category': 'Organizational Dependency', 'node_id': 'c109M02N38'}), 'dst_node': {'evidence_statement': '""In SMEs, such as the UAE and Canada, the acquisition of tacit knowledge usually starts within trust building and open communication""', 'node_name': 'Trust', 'category': 'Organizational Dependency', 'node_id': 'c109M02N38'}, 'src_node': {'evidence_statement': '""Methods like job shadowing, mentor programs, and observational learning also aid in knowledge transfer from tacit employees""', 'node_name': 'Mentoring/shadowing programs', 'category': 'Traditional Human-central Practice', 'node_id': 'c109M02N14'}}, {'rel': ({'evidence_statement': '""Methods like job shadowing, mentor programs, and observational learning also aid in knowledge transfer from tacit employees""', 'node_name': 'Mentoring/shadowing programs', 'category': 'Traditional Human-central Practice', 'node_id': 'c109M02N14'}, 'depend_on', {'evidence_statement': '""the primary goal of management should be to cultivate and sustain a creative internal culture""', 'node_name': 'Management support', 'category': 'Organizational Dependency', 'node_id': 'c109M02N40'}), 'dst_node': {'evidence_statement': '""the primary goal of management should be to cultivate and sustain a creative internal culture""', 'node_name': 'Management support', 'category': 'Organizational Dependency', 'node_id': 'c109M02N40'}, 'src_node': {'evidence_statement': '""Methods like job shadowing, mentor programs, and observational learning also aid in knowledge transfer from tacit employees""', 'node_name': 'Mentoring/shadowing programs', 'category': 'Traditional Human-central Practice', 'node_id': 'c109M02N14'}}, {'rel': ({'evidence_statement': '""Methods like job shadowing, mentor programs, and observational learning also aid in knowledge transfer from tacit employees""', 'node_name': 'Mentoring/shadowing programs', 'category': 'Traditional Human-central Practice', 'node_id': 'c109M02N14'}, 'depend_on', {'evidence_statement': '""Cultural variation among UAE and Canadian SMEs influences the approaches, and the willingness to transfer knowledge""', 'node_name': 'Cultural context', 'category': 'Environmental Dependency', 'node_id': 'c109M02N41'}), 'dst_node': {'evidence_statement': '""Cultural variation among UAE and Canadian SMEs influences the approaches, and the willingness to transfer knowledge""', 'node_name': 'Cultural context', 'category': 'Environmental Dependency', 'node_id': 'c109M02N41'}, 'src_node': {'evidence_statement': '""Methods like job shadowing, mentor programs, and observational learning also aid in knowledge transfer from tacit employees""', 'node_name': 'Mentoring/shadowing programs', 'category': 'Traditional Human-central Practice', 'node_id': 'c109M02N14'}}, {'rel': ({'evidence_statement': '""Methods like job shadowing, mentor programs, and observational learning also aid in knowledge transfer from tacit employees""', 'node_name': 'Mentoring/shadowing programs', 'category': 'Traditional Human-central Practice', 'node_id': 'c109M02N14'}, 'depend_on', {'evidence_statement': '""RC refers to the allocation of an organization\'s current and future resources""', 'node_name': 'Resource Commitment (RC)', 'category': 'Organizational Dependency', 'node_id': 'c109M02N52'}), 'dst_node': {'evidence_statement': '""RC refers to the allocation of an organization\'s current and future resources""', 'node_name': 'Resource Commitment (RC)', 'category': 'Organizational Dependency', 'node_id': 'c109M02N52'}, 'src_node': {'evidence_statement': '""Methods like job shadowing, mentor programs, and observational learning also aid in knowledge transfer from tacit employees""', 'node_name': 'Mentoring/shadowing programs', 'category': 'Traditional Human-central Practice', 'node_id': 'c109M02N14'}}], 'constraints': [{'rel': ({'evidence_statement': '""Methods like job shadowing, mentor programs, and observational learning also aid in knowledge transfer from tacit employees""', 'node_name': 'Mentoring/shadowing programs', 'category': 'Traditional Human-central Practice', 'node_id': 'c109M02N14'}, 'be_constrained_by', {'evidence_statement': '""Addressing obstacles such as knowledge hoarding and communication lapses""', 'node_name': 'Communication lapses', 'category': 'Limitation', 'node_id': 'c109M02N46'}), 'dst_node': {'evidence_statement': '""Addressing obstacles such as knowledge hoarding and communication lapses""', 'node_name': 'Communication lapses', 'category': 'Limitation', 'node_id': 'c109M02N46'}, 'src_node': {'evidence_statement': '""Methods like job shadowing, mentor programs, and observational learning also aid in knowledge transfer from tacit employees""', 'node_name': 'Mentoring/shadowing programs', 'category': 'Traditional Human-central Practice', 'node_id': 'c109M02N14'}}, {'rel': ({'evidence_statement': '""Methods like job shadowing, mentor programs, and observational learning also aid in knowledge transfer from tacit employees""', 'node_name': 'Mentoring/shadowing programs', 'category': 'Traditional Human-central Practice', 'node_id': 'c109M02N14'}, 'be_constrained_by', {'evidence_statement': '""SMEs encounter difficulties in this process due to the lack of resources and the complexity of tacit knowledge that is built on personal experiences and contextual situations""', 'node_name': 'Complexity of tacit knowledge', 'category': 'Limitation', 'node_id': 'c109M02N47'}), 'dst_node': {'evidence_statement': '""SMEs encounter difficulties in this process due to the lack of resources and the complexity of tacit knowledge that is built on personal experiences and contextual situations""', 'node_name': 'Complexity of tacit knowledge', 'category': 'Limitation', 'node_id': 'c109M02N47'}, 'src_node': {'evidence_statement': '""Methods like job shadowing, mentor programs, and observational learning also aid in knowledge transfer from tacit employees""', 'node_name': 'Mentoring/shadowing programs', 'category': 'Traditional Human-central Practice', 'node_id': 'c109M02N14'}}, {'rel': ({'evidence_statement': '""Methods like job shadowing, mentor programs, and observational learning also aid in knowledge transfer from tacit employees""', 'node_name': 'Mentoring/shadowing programs', 'category': 'Traditional Human-central Practice', 'node_id': 'c109M02N14'}, 'be_constrained_by', {'evidence_statement': '""SMEs operating in the industry experience peculiar challenges common to their line of business, including limited resources, skill shortages, and regulatory pressures""', 'node_name': 'Resource constraints', 'category': 'Limitation', 'node_id': 'c109M02N49'}), 'dst_node': {'evidence_statement': '""SMEs operating in the industry experience peculiar challenges common to their line of business, including limited resources, skill shortages, and regulatory pressures""', 'node_name': 'Resource constraints', 'category': 'Limitation', 'node_id': 'c109M02N49'}, 'src_node': {'evidence_statement': '""Methods like job shadowing, mentor programs, and observational learning also aid in knowledge transfer from tacit employees""', 'node_name': 'Mentoring/shadowing programs', 'category': 'Traditional Human-central Practice', 'node_id': 'c109M02N14'}}, {'rel': ({'evidence_statement': '""Methods like job shadowing, mentor programs, and observational learning also aid in knowledge transfer from tacit employees""', 'node_name': 'Mentoring/shadowing programs', 'category': 'Traditional Human-central Practice', 'node_id': 'c109M02N14'}, 'be_constrained_by', {'evidence_statement': '""SMEs operating in the industry experience peculiar challenges common to their line of business, including limited resources, skill shortages, and regulatory pressures""', 'node_name': 'Skill shortages', 'category': 'Limitation', 'node_id': 'c109M02N50'}), 'dst_node': {'evidence_statement': '""SMEs operating in the industry experience peculiar challenges common to their line of business, including limited resources, skill shortages, and regulatory pressures""', 'node_name': 'Skill shortages', 'category': 'Limitation', 'node_id': 'c109M02N50'}, 'src_node': {'evidence_statement': '""Methods like job shadowing, mentor programs, and observational learning also aid in knowledge transfer from tacit employees""', 'node_name': 'Mentoring/shadowing programs', 'category': 'Traditional Human-central Practice', 'node_id': 'c109M02N14'}}], 'mitigates': [{'rel': ({'evidence_statement': 'The paper describes AI-based knowledge management solutions in UAE manufacturing SMEs as storing and retrieving practices and supporting capture of tacit knowledge concerning energy-efficient activities.', 'node_name': 'AI-based knowledge management solutions', 'category': 'Technology-enable Practice', 'node_id': 'c109M01N15'}, 'mitigate', {'evidence_statement': '""SMEs encounter difficulties in this process due to the lack of resources and the complexity of tacit knowledge that is built on personal experiences and contextual situations""', 'node_name': 'Complexity of tacit knowledge', 'category': 'Limitation', 'node_id': 'c109M02N47'}), 'dst_node': {'evidence_statement': '""SMEs encounter difficulties in this process due to the lack of resources and the complexity of tacit knowledge that is built on personal experiences and contextual situations""', 'node_name': 'Complexity of tacit knowledge', 'category': 'Limitation', 'node_id': 'c109M02N47'}, 'src_node': {'evidence_statement': 'The paper describes AI-based knowledge management solutions in UAE manufacturing SMEs as storing and retrieving practices and supporting capture of tacit knowledge concerning energy-efficient activities.', 'node_name': 'AI-based knowledge management solutions', 'category': 'Technology-enable Practice', 'node_id': 'c109M01N15'}}]}, {'participates': [{'rel': ({'evidence_statement': 'Tacit knowledge is generated and used by employees in routine work and is described as experience-based insight held by employees.', 'node_name': 'employees', 'category': 'Knowledge Holder', 'node_id': 'c109M01N05'}, 'participate_in', {'evidence_statement': '""Methods like job shadowing, mentor programs, and observational learning also aid in knowledge transfer""', 'node_name': 'Observational learning', 'category': 'Traditional Human-central Practice', 'node_id': 'c109M02N16'}), 'dst_node': {'evidence_statement': 'Tacit knowledge is generated and used by employees in routine work and is described as experience-based insight held by employees.', 'node_name': 'employees', 'category': 'Knowledge Holder', 'node_id': 'c109M01N05'}, 'src_node': {'evidence_statement': '""Methods like job shadowing, mentor programs, and observational learning also aid in knowledge transfer""', 'node_name': 'Observational learning', 'category': 'Traditional Human-central Practice', 'node_id': 'c109M02N16'}}], 'transferredBy': [{'rel': None, 'dst_node': {'evidence_statement': '""Methods like job shadowing, mentor programs, and observational learning also aid in knowledge transfer""', 'node_name': 'Observational learning', 'category': 'Traditional Human-central Practice', 'node_id': 'c109M02N16'}, 'src_node': None}], 'depends': [{'rel': ({'evidence_statement': '""Methods like job shadowing, mentor programs, and observational learning also aid in knowledge transfer""', 'node_name': 'Observational learning', 'category': 'Traditional Human-central Practice', 'node_id': 'c109M02N16'}, 'depend_on', {'evidence_statement': '""To encourage \'tacit knowledge awareness and sharing,\' enterprises must understand the process and develop working environments that facilitate it""', 'node_name': 'Supportive environment/culture', 'category': 'Organizational Dependency', 'node_id': 'c109M02N36'}), 'dst_node': {'evidence_statement': '""To encourage \'tacit knowledge awareness and sharing,\' enterprises must understand the process and develop working environments that facilitate it""', 'node_name': 'Supportive environment/culture', 'category': 'Organizational Dependency', 'node_id': 'c109M02N36'}, 'src_node': {'evidence_statement': '""Methods like job shadowing, mentor programs, and observational learning also aid in knowledge transfer""', 'node_name': 'Observational learning', 'category': 'Traditional Human-central Practice', 'node_id': 'c109M02N16'}}, {'rel': ({'evidence_statement': '""Methods like job shadowing, mentor programs, and observational learning also aid in knowledge transfer""', 'node_name': 'Observational learning', 'category': 'Traditional Human-central Practice', 'node_id': 'c109M02N16'}, 'depend_on', {'evidence_statement': '""RC refers to the allocation of an organization\'s current and future resources""', 'node_name': 'Resource Commitment (RC)', 'category': 'Organizational Dependency', 'node_id': 'c109M02N52'}), 'dst_node': {'evidence_statement': '""RC refers to the allocation of an organization\'s current and future resources""', 'node_name': 'Resource Commitment (RC)', 'category': 'Organizational Dependency', 'node_id': 'c109M02N52'}, 'src_node': {'evidence_statement': '""Methods like job shadowing, mentor programs, and observational learning also aid in knowledge transfer""', 'node_name': 'Observational learning', 'category': 'Traditional Human-central Practice', 'node_id': 'c109M02N16'}}], 'constraints': [{'rel': None, 'dst_node': None, 'src_node': {'evidence_statement': '""Methods like job shadowing, mentor programs, and observational learning also aid in knowledge transfer""', 'node_name': 'Observational learning', 'category': 'Traditional Human-central Practice', 'node_id': 'c109M02N16'}}], 'mitigates': [{'src_node': None, 'rel': None, 'dst_node': None}]}, {'participates': [{'rel': ({'evidence_statement': 'Tacit knowledge is generated and used by employees in routine work and is described as experience-based insight held by employees.', 'node_name': 'employees', 'category': 'Knowledge Holder', 'node_id': 'c109M01N05'}, 'participate_in', {'evidence_statement': '""Canadian SMEs which are orientated more individualistically in their culture, may employ some of the more structured methods such as interviewing, focus groups or narrative storytelling in order to systematically capture tacit knowledge""', 'node_name': 'Narrative storytelling', 'category': 'Traditional Human-central Practice', 'node_id': 'c109M02N18'}), 'dst_node': {'evidence_statement': 'Tacit knowledge is generated and used by employees in routine work and is described as experience-based insight held by employees.', 'node_name': 'employees', 'category': 'Knowledge Holder', 'node_id': 'c109M01N05'}, 'src_node': {'evidence_statement': '""Canadian SMEs which are orientated more individualistically in their culture, may employ some of the more structured methods such as interviewing, focus groups or narrative storytelling in order to systematically capture tacit knowledge""', 'node_name': 'Narrative storytelling', 'category': 'Traditional Human-central Practice', 'node_id': 'c109M02N18'}}, {'rel': ({'evidence_statement': '""businesses could foster a workforce that is inclined to innovate by investing in green human capital development programs that enable the sharing and understanding of tacit knowledge""', 'node_name': 'Workforce', 'category': 'Knowledge Learner', 'node_id': 'c109M02N13'}, 'participate_in', {'evidence_statement': '""Canadian SMEs which are orientated more individualistically in their culture, may employ some of the more structured methods such as interviewing, focus groups or narrative storytelling in order to systematically capture tacit knowledge""', 'node_name': 'Narrative storytelling', 'category': 'Traditional Human-central Practice', 'node_id': 'c109M02N18'}), 'dst_node': {'evidence_statement': '""businesses could foster a workforce that is inclined to innovate by investing in green human capital development programs that enable the sharing and understanding of tacit knowledge""', 'node_name': 'Workforce', 'category': 'Knowledge Learner', 'node_id': 'c109M02N13'}, 'src_node': {'evidence_statement': '""Canadian SMEs which are orientated more individualistically in their culture, may employ some of the more structured methods such as interviewing, focus groups or narrative storytelling in order to systematically capture tacit knowledge""', 'node_name': 'Narrative storytelling', 'category': 'Traditional Human-central Practice', 'node_id': 'c109M02N18'}}], 'transferredBy': [{'rel': None, 'dst_node': {'evidence_statement': '""Canadian SMEs which are orientated more individualistically in their culture, may employ some of the more structured methods such as interviewing, focus groups or narrative storytelling in order to systematically capture tacit knowledge""', 'node_name': 'Narrative storytelling', 'category': 'Traditional Human-central Practice', 'node_id': 'c109M02N18'}, 'src_node': None}], 'depends': [{'rel': ({'evidence_statement': '""Canadian SMEs which are orientated more individualistically in their culture, may employ some of the more structured methods such as interviewing, focus groups or narrative storytelling in order to systematically capture tacit knowledge""', 'node_name': 'Narrative storytelling', 'category': 'Traditional Human-central Practice', 'node_id': 'c109M02N18'}, 'depend_on', {'evidence_statement': '""To encourage \'tacit knowledge awareness and sharing,\' enterprises must understand the process and develop working environments that facilitate it""', 'node_name': 'Supportive environment/culture', 'category': 'Organizational Dependency', 'node_id': 'c109M02N36'}), 'dst_node': {'evidence_statement': '""To encourage \'tacit knowledge awareness and sharing,\' enterprises must understand the process and develop working environments that facilitate it""', 'node_name': 'Supportive environment/culture', 'category': 'Organizational Dependency', 'node_id': 'c109M02N36'}, 'src_node': {'evidence_statement': '""Canadian SMEs which are orientated more individualistically in their culture, may employ some of the more structured methods such as interviewing, focus groups or narrative storytelling in order to systematically capture tacit knowledge""', 'node_name': 'Narrative storytelling', 'category': 'Traditional Human-central Practice', 'node_id': 'c109M02N18'}}, {'rel': ({'evidence_statement': '""Canadian SMEs which are orientated more individualistically in their culture, may employ some of the more structured methods such as interviewing, focus groups or narrative storytelling in order to systematically capture tacit knowledge""', 'node_name': 'Narrative storytelling', 'category': 'Traditional Human-central Practice', 'node_id': 'c109M02N18'}, 'depend_on', {'evidence_statement': '""RC refers to the allocation of an organization\'s current and future resources""', 'node_name': 'Resource Commitment (RC)', 'category': 'Organizational Dependency', 'node_id': 'c109M02N52'}), 'dst_node': {'evidence_statement': '""RC refers to the allocation of an organization\'s current and future resources""', 'node_name': 'Resource Commitment (RC)', 'category': 'Organizational Dependency', 'node_id': 'c109M02N52'}, 'src_node': {'evidence_statement': '""Canadian SMEs which are orientated more individualistically in their culture, may employ some of the more structured methods such as interviewing, focus groups or narrative storytelling in order to systematically capture tacit knowledge""', 'node_name': 'Narrative storytelling', 'category': 'Traditional Human-central Practice', 'node_id': 'c109M02N18'}}], 'constraints': [{'rel': None, 'dst_node': None, 'src_node': {'evidence_statement': '""Canadian SMEs which are orientated more individualistically in their culture, may employ some of the more structured methods such as interviewing, focus groups or narrative storytelling in order to systematically capture tacit knowledge""', 'node_name': 'Narrative storytelling', 'category': 'Traditional Human-central Practice', 'node_id': 'c109M02N18'}}], 'mitigates': [{'src_node': None, 'rel': None, 'dst_node': None}]}, {'participates': [{'rel': ({'evidence_statement': 'Tacit knowledge is generated and used by employees in routine work and is described as experience-based insight held by employees.', 'node_name': 'employees', 'category': 'Knowledge Holder', 'node_id': 'c109M01N05'}, 'participate_in', {'evidence_statement': '""Canadian workers are likely to value more structured knowledge resources, such as training workshops or centralized knowledge repositories""', 'node_name': 'Training workshops', 'category': 'Traditional Human-central Practice', 'node_id': 'c109M02N19'}), 'dst_node': {'evidence_statement': 'Tacit knowledge is generated and used by employees in routine work and is described as experience-based insight held by employees.', 'node_name': 'employees', 'category': 'Knowledge Holder', 'node_id': 'c109M01N05'}, 'src_node': {'evidence_statement': '""Canadian workers are likely to value more structured knowledge resources, such as training workshops or centralized knowledge repositories""', 'node_name': 'Training workshops', 'category': 'Traditional Human-central Practice', 'node_id': 'c109M02N19'}}, {'rel': ({'evidence_statement': '""businesses could foster a workforce that is inclined to innovate by investing in green human capital development programs that enable the sharing and understanding of tacit knowledge""', 'node_name': 'Workforce', 'category': 'Knowledge Learner', 'node_id': 'c109M02N13'}, 'participate_in', {'evidence_statement': '""Canadian workers are likely to value more structured knowledge resources, such as training workshops or centralized knowledge repositories""', 'node_name': 'Training workshops', 'category': 'Traditional Human-central Practice', 'node_id': 'c109M02N19'}), 'dst_node': {'evidence_statement': '""businesses could foster a workforce that is inclined to innovate by investing in green human capital development programs that enable the sharing and understanding of tacit knowledge""', 'node_name': 'Workforce', 'category': 'Knowledge Learner', 'node_id': 'c109M02N13'}, 'src_node': {'evidence_statement': '""Canadian workers are likely to value more structured knowledge resources, such as training workshops or centralized knowledge repositories""', 'node_name': 'Training workshops', 'category': 'Traditional Human-central Practice', 'node_id': 'c109M02N19'}}], 'transferredBy': [{'rel': None, 'dst_node': {'evidence_statement': '""Canadian workers are likely to value more structured knowledge resources, such as training workshops or centralized knowledge repositories""', 'node_name': 'Training workshops', 'category': 'Traditional Human-central Practice', 'node_id': 'c109M02N19'}, 'src_node': None}], 'depends': [{'rel': ({'evidence_statement': '""Canadian workers are likely to value more structured knowledge resources, such as training workshops or centralized knowledge repositories""', 'node_name': 'Training workshops', 'category': 'Traditional Human-central Practice', 'node_id': 'c109M02N19'}, 'depend_on', {'evidence_statement': '""To encourage \'tacit knowledge awareness and sharing,\' enterprises must understand the process and develop working environments that facilitate it""', 'node_name': 'Supportive environment/culture', 'category': 'Organizational Dependency', 'node_id': 'c109M02N36'}), 'dst_node': {'evidence_statement': '""To encourage \'tacit knowledge awareness and sharing,\' enterprises must understand the process and develop working environments that facilitate it""', 'node_name': 'Supportive environment/culture', 'category': 'Organizational Dependency', 'node_id': 'c109M02N36'}, 'src_node': {'evidence_statement': '""Canadian workers are likely to value more structured knowledge resources, such as training workshops or centralized knowledge repositories""', 'node_name': 'Training workshops', 'category': 'Traditional Human-central Practice', 'node_id': 'c109M02N19'}}, {'rel': ({'evidence_statement': '""Canadian workers are likely to value more structured knowledge resources, such as training workshops or centralized knowledge repositories""', 'node_name': 'Training workshops', 'category': 'Traditional Human-central Practice', 'node_id': 'c109M02N19'}, 'depend_on', {'evidence_statement': '""the primary goal of management should be to cultivate and sustain a creative internal culture""', 'node_name': 'Management support', 'category': 'Organizational Dependency', 'node_id': 'c109M02N40'}), 'dst_node': {'evidence_statement': '""the primary goal of management should be to cultivate and sustain a creative internal culture""', 'node_name': 'Management support', 'category': 'Organizational Dependency', 'node_id': 'c109M02N40'}, 'src_node': {'evidence_statement': '""Canadian workers are likely to value more structured knowledge resources, such as training workshops or centralized knowledge repositories""', 'node_name': 'Training workshops', 'category': 'Traditional Human-central Practice', 'node_id': 'c109M02N19'}}, {'rel': ({'evidence_statement': '""Canadian workers are likely to value more structured knowledge resources, such as training workshops or centralized knowledge repositories""', 'node_name': 'Training workshops', 'category': 'Traditional Human-central Practice', 'node_id': 'c109M02N19'}, 'depend_on', {'evidence_statement': '""RC refers to the allocation of an organization\'s current and future resources""', 'node_name': 'Resource Commitment (RC)', 'category': 'Organizational Dependency', 'node_id': 'c109M02N52'}), 'dst_node': {'evidence_statement': '""RC refers to the allocation of an organization\'s current and future resources""', 'node_name': 'Resource Commitment (RC)', 'category': 'Organizational Dependency', 'node_id': 'c109M02N52'}, 'src_node': {'evidence_statement': '""Canadian workers are likely to value more structured knowledge resources, such as training workshops or centralized knowledge repositories""', 'node_name': 'Training workshops', 'category': 'Traditional Human-central Practice', 'node_id': 'c109M02N19'}}], 'constraints': [{'rel': None, 'dst_node': None, 'src_node': {'evidence_statement': '""Canadian workers are likely to value more structured knowledge resources, such as training workshops or centralized knowledge repositories""', 'node_name': 'Training workshops', 'category': 'Traditional Human-central Practice', 'node_id': 'c109M02N19'}}], 'mitigates': [{'src_node': None, 'rel': None, 'dst_node': None}]}, {'participates': [{'rel': ({'evidence_statement': 'Tacit knowledge is generated and used by employees in routine work and is described as experience-based insight held by employees.', 'node_name': 'employees', 'category': 'Knowledge Holder', 'node_id': 'c109M01N05'}, 'participate_in', {'evidence_statement': '""hybrid systems that integrate digital tools and person-to-person contacts can facilitate an effective transfer of tacit knowledge for innovation and organizational development""', 'node_name': 'Person-to-person contacts', 'category': 'Traditional Human-central Practice', 'node_id': 'c109M02N20'}), 'dst_node': {'evidence_statement': 'Tacit knowledge is generated and used by employees in routine work and is described as experience-based insight held by employees.', 'node_name': 'employees', 'category': 'Knowledge Holder', 'node_id': 'c109M01N05'}, 'src_node': {'evidence_statement': '""hybrid systems that integrate digital tools and person-to-person contacts can facilitate an effective transfer of tacit knowledge for innovation and organizational development""', 'node_name': 'Person-to-person contacts', 'category': 'Traditional Human-central Practice', 'node_id': 'c109M02N20'}}, {'rel': ({'evidence_statement': '""businesses could foster a workforce that is inclined to innovate by investing in green human capital development programs that enable the sharing and understanding of tacit knowledge""', 'node_name': 'Workforce', 'category': 'Knowledge Learner', 'node_id': 'c109M02N13'}, 'participate_in', {'evidence_statement': '""hybrid systems that integrate digital tools and person-to-person contacts can facilitate an effective transfer of tacit knowledge for innovation and organizational development""', 'node_name': 'Person-to-person contacts', 'category': 'Traditional Human-central Practice', 'node_id': 'c109M02N20'}), 'dst_node': {'evidence_statement': '""businesses could foster a workforce that is inclined to innovate by investing in green human capital development programs that enable the sharing and understanding of tacit knowledge""', 'node_name': 'Workforce', 'category': 'Knowledge Learner', 'node_id': 'c109M02N13'}, 'src_node': {'evidence_statement': '""hybrid systems that integrate digital tools and person-to-person contacts can facilitate an effective transfer of tacit knowledge for innovation and organizational development""', 'node_name': 'Person-to-person contacts', 'category': 'Traditional Human-central Practice', 'node_id': 'c109M02N20'}}], 'transferredBy': [{'rel': None, 'dst_node': {'evidence_statement': '""hybrid systems that integrate digital tools and person-to-person contacts can facilitate an effective transfer of tacit knowledge for innovation and organizational development""', 'node_name': 'Person-to-person contacts', 'category': 'Traditional Human-central Practice', 'node_id': 'c109M02N20'}, 'src_node': None}], 'depends': [{'rel': ({'evidence_statement': '""hybrid systems that integrate digital tools and person-to-person contacts can facilitate an effective transfer of tacit knowledge for innovation and organizational development""', 'node_name': 'Person-to-person contacts', 'category': 'Traditional Human-central Practice', 'node_id': 'c109M02N20'}, 'depend_on', {'evidence_statement': '""To encourage \'tacit knowledge awareness and sharing,\' enterprises must understand the process and develop working environments that facilitate it""', 'node_name': 'Supportive environment/culture', 'category': 'Organizational Dependency', 'node_id': 'c109M02N36'}), 'dst_node': {'evidence_statement': '""To encourage \'tacit knowledge awareness and sharing,\' enterprises must understand the process and develop working environments that facilitate it""', 'node_name': 'Supportive environment/culture', 'category': 'Organizational Dependency', 'node_id': 'c109M02N36'}, 'src_node': {'evidence_statement': '""hybrid systems that integrate digital tools and person-to-person contacts can facilitate an effective transfer of tacit knowledge for innovation and organizational development""', 'node_name': 'Person-to-person contacts', 'category': 'Traditional Human-central Practice', 'node_id': 'c109M02N20'}}, {'rel': ({'evidence_statement': '""hybrid systems that integrate digital tools and person-to-person contacts can facilitate an effective transfer of tacit knowledge for innovation and organizational development""', 'node_name': 'Person-to-person contacts', 'category': 'Traditional Human-central Practice', 'node_id': 'c109M02N20'}, 'depend_on', {'evidence_statement': '""In SMEs, such as the UAE and Canada, the acquisition of tacit knowledge usually starts within trust building and open communication""', 'node_name': 'Trust', 'category': 'Organizational Dependency', 'node_id': 'c109M02N38'}), 'dst_node': {'evidence_statement': '""In SMEs, such as the UAE and Canada, the acquisition of tacit knowledge usually starts within trust building and open communication""', 'node_name': 'Trust', 'category': 'Organizational Dependency', 'node_id': 'c109M02N38'}, 'src_node': {'evidence_statement': '""hybrid systems that integrate digital tools and person-to-person contacts can facilitate an effective transfer of tacit knowledge for innovation and organizational development""', 'node_name': 'Person-to-person contacts', 'category': 'Traditional Human-central Practice', 'node_id': 'c109M02N20'}}, {'rel': ({'evidence_statement': '""hybrid systems that integrate digital tools and person-to-person contacts can facilitate an effective transfer of tacit knowledge for innovation and organizational development""', 'node_name': 'Person-to-person contacts', 'category': 'Traditional Human-central Practice', 'node_id': 'c109M02N20'}, 'depend_on', {'evidence_statement': '""the acquisition of tacit knowledge usually starts within trust building and open communication""', 'node_name': 'Open communication', 'category': 'Organizational Dependency', 'node_id': 'c109M02N39'}), 'dst_node': {'evidence_statement': '""the acquisition of tacit knowledge usually starts within trust building and open communication""', 'node_name': 'Open communication', 'category': 'Organizational Dependency', 'node_id': 'c109M02N39'}, 'src_node': {'evidence_statement': '""hybrid systems that integrate digital tools and person-to-person contacts can facilitate an effective transfer of tacit knowledge for innovation and organizational development""', 'node_name': 'Person-to-person contacts', 'category': 'Traditional Human-central Practice', 'node_id': 'c109M02N20'}}, {'rel': ({'evidence_statement': '""hybrid systems that integrate digital tools and person-to-person contacts can facilitate an effective transfer of tacit knowledge for innovation and organizational development""', 'node_name': 'Person-to-person contacts', 'category': 'Traditional Human-central Practice', 'node_id': 'c109M02N20'}, 'depend_on', {'evidence_statement': '""RC refers to the allocation of an organization\'s current and future resources""', 'node_name': 'Resource Commitment (RC)', 'category': 'Organizational Dependency', 'node_id': 'c109M02N52'}), 'dst_node': {'evidence_statement': '""RC refers to the allocation of an organization\'s current and future resources""', 'node_name': 'Resource Commitment (RC)', 'category': 'Organizational Dependency', 'node_id': 'c109M02N52'}, 'src_node': {'evidence_statement': '""hybrid systems that integrate digital tools and person-to-person contacts can facilitate an effective transfer of tacit knowledge for innovation and organizational development""', 'node_name': 'Person-to-person contacts', 'category': 'Traditional Human-central Practice', 'node_id': 'c109M02N20'}}], 'constraints': [{'rel': None, 'dst_node': None, 'src_node': {'evidence_statement': '""hybrid systems that integrate digital tools and person-to-person contacts can facilitate an effective transfer of tacit knowledge for innovation and organizational development""', 'node_name': 'Person-to-person contacts', 'category': 'Traditional Human-central Practice', 'node_id': 'c109M02N20'}}], 'mitigates': [{'src_node': None, 'rel': None, 'dst_node': None}]}]"
c109DS03Q01,"RQ2: What resources and capabilities are required, such as data input, expert participation, technical infrastructure, and organizational resources?",Which external environment condition is required by the technology-enable practices?,2,"MATCH (p:TechnologyenablePractice)-[r:depend_on]->(e:EnvironmentalDependency)
WITH e, COLLECT({src_node:p, rel: r, dst_node: e}) AS depends
RETURN DISTINCT depends",Not Mentioned,"[{'depends': [{'rel': ({'evidence_statement': 'The paper states that Canadian SMEs leverage AI-powered collaboration tools to formalize and codify tacit knowledge.', 'node_name': 'AI-powered collaboration tools', 'category': 'Technology-enable Practice', 'node_id': 'c109M01N13'}, 'depend_on', {'evidence_statement': ""Canadian SMEs' use of AI-powered collaboration tools is described as aligning with their low-context, individualistic-communication culture."", 'node_name': 'low-context, individualistic-communication culture', 'category': 'Environmental Dependency', 'node_id': 'c109M01N18'}), 'dst_node': {'evidence_statement': ""Canadian SMEs' use of AI-powered collaboration tools is described as aligning with their low-context, individualistic-communication culture."", 'node_name': 'low-context, individualistic-communication culture', 'category': 'Environmental Dependency', 'node_id': 'c109M01N18'}, 'src_node': {'evidence_statement': 'The paper states that Canadian SMEs leverage AI-powered collaboration tools to formalize and codify tacit knowledge.', 'node_name': 'AI-powered collaboration tools', 'category': 'Technology-enable Practice', 'node_id': 'c109M01N13'}}]}, {'depends': [{'rel': ({'evidence_statement': 'The paper states that UAE SMEs exploit AI-based informal knowledge sharing systems in their high-context, collectivist setting.', 'node_name': 'AI-based informal knowledge sharing systems', 'category': 'Technology-enable Practice', 'node_id': 'c109M01N14'}, 'depend_on', {'evidence_statement': ""UAE SMEs' use of AI-based informal knowledge sharing systems is attributed to their high-context, collectivist society."", 'node_name': 'high-context, collectivist society', 'category': 'Environmental Dependency', 'node_id': 'c109M01N19'}), 'dst_node': {'evidence_statement': ""UAE SMEs' use of AI-based informal knowledge sharing systems is attributed to their high-context, collectivist society."", 'node_name': 'high-context, collectivist society', 'category': 'Environmental Dependency', 'node_id': 'c109M01N19'}, 'src_node': {'evidence_statement': 'The paper states that UAE SMEs exploit AI-based informal knowledge sharing systems in their high-context, collectivist setting.', 'node_name': 'AI-based informal knowledge sharing systems', 'category': 'Technology-enable Practice', 'node_id': 'c109M01N14'}}]}, {'depends': [{'rel': ({'evidence_statement': 'The paper describes AI-based knowledge management solutions in UAE manufacturing SMEs as storing and retrieving practices and supporting capture of tacit knowledge concerning energy-efficient activities.', 'node_name': 'AI-based knowledge management solutions', 'category': 'Technology-enable Practice', 'node_id': 'c109M01N15'}, 'depend_on', {'evidence_statement': '""Cultural variation among UAE and Canadian SMEs influences the approaches, and the willingness to transfer knowledge""', 'node_name': 'Cultural context', 'category': 'Environmental Dependency', 'node_id': 'c109M02N41'}), 'dst_node': {'evidence_statement': '""Cultural variation among UAE and Canadian SMEs influences the approaches, and the willingness to transfer knowledge""', 'node_name': 'Cultural context', 'category': 'Environmental Dependency', 'node_id': 'c109M02N41'}, 'src_node': {'evidence_statement': 'The paper describes AI-based knowledge management solutions in UAE manufacturing SMEs as storing and retrieving practices and supporting capture of tacit knowledge concerning energy-efficient activities.', 'node_name': 'AI-based knowledge management solutions', 'category': 'Technology-enable Practice', 'node_id': 'c109M01N15'}}]}, {'depends': [{'rel': ({'evidence_statement': 'The paper describes AI-based knowledge management solutions in UAE manufacturing SMEs as storing and retrieving practices and supporting capture of tacit knowledge concerning energy-efficient activities.', 'node_name': 'AI-based knowledge management solutions', 'category': 'Technology-enable Practice', 'node_id': 'c109M01N15'}, 'depend_on', {'evidence_statement': '""In Canada where sustainable regulation is highly regulated and the labor market is skilled""', 'node_name': 'Regulatory environment', 'category': 'Environmental Dependency', 'node_id': 'c109M02N42'}), 'dst_node': {'evidence_statement': '""In Canada where sustainable regulation is highly regulated and the labor market is skilled""', 'node_name': 'Regulatory environment', 'category': 'Environmental Dependency', 'node_id': 'c109M02N42'}, 'src_node': {'evidence_statement': 'The paper describes AI-based knowledge management solutions in UAE manufacturing SMEs as storing and retrieving practices and supporting capture of tacit knowledge concerning energy-efficient activities.', 'node_name': 'AI-based knowledge management solutions', 'category': 'Technology-enable Practice', 'node_id': 'c109M01N15'}}, {'rel': ({'evidence_statement': '""AI can be used to arrange virtual eco-innovation workshops where external collaborators are involved in idea generation and problem-solving""', 'node_name': 'Predictive analytics tools', 'category': 'Technology-enable Practice', 'node_id': 'c109M02N30'}, 'depend_on', {'evidence_statement': '""In Canada where sustainable regulation is highly regulated and the labor market is skilled""', 'node_name': 'Regulatory environment', 'category': 'Environmental Dependency', 'node_id': 'c109M02N42'}), 'dst_node': {'evidence_statement': '""In Canada where sustainable regulation is highly regulated and the labor market is skilled""', 'node_name': 'Regulatory environment', 'category': 'Environmental Dependency', 'node_id': 'c109M02N42'}, 'src_node': {'evidence_statement': '""AI can be used to arrange virtual eco-innovation workshops where external collaborators are involved in idea generation and problem-solving""', 'node_name': 'Predictive analytics tools', 'category': 'Technology-enable Practice', 'node_id': 'c109M02N30'}}]}]"
c109DS03Q02,"RQ2: What resources and capabilities are required, such as data input, expert participation, technical infrastructure, and organizational resources?",Which environmental conditions are required by the traditional human practices?,2,"MATCH (p:TraditionalHumancentralPractice)-[r:depend_on]->(e:EnvironmentalDependency)
WITH e, COLLECT({src_node:p, rel: r, dst_node: e}) AS depends
RETURN DISTINCT depends","High-context, collectivist society; cultural context; individualistic culture (Canada).","[{'depends': [{'rel': ({'evidence_statement': 'The paper states that tacit knowledge is primarily acquired through social interaction, communication, and observation and is also shared informally through social interactions.', 'node_name': 'social interaction', 'category': 'Traditional Human-central Practice', 'node_id': 'c109M01N07'}, 'depend_on', {'evidence_statement': ""UAE SMEs' use of AI-based informal knowledge sharing systems is attributed to their high-context, collectivist society."", 'node_name': 'high-context, collectivist society', 'category': 'Environmental Dependency', 'node_id': 'c109M01N19'}), 'dst_node': {'evidence_statement': ""UAE SMEs' use of AI-based informal knowledge sharing systems is attributed to their high-context, collectivist society."", 'node_name': 'high-context, collectivist society', 'category': 'Environmental Dependency', 'node_id': 'c109M01N19'}, 'src_node': {'evidence_statement': 'The paper states that tacit knowledge is primarily acquired through social interaction, communication, and observation and is also shared informally through social interactions.', 'node_name': 'social interaction', 'category': 'Traditional Human-central Practice', 'node_id': 'c109M01N07'}}]}, {'depends': [{'rel': ({'evidence_statement': 'The paper states that tacit knowledge sharing occurs formally through training or conferences.', 'node_name': 'conferences', 'category': 'Traditional Human-central Practice', 'node_id': 'c109M01N11'}, 'depend_on', {'evidence_statement': '""Cultural variation among UAE and Canadian SMEs influences the approaches, and the willingness to transfer knowledge""', 'node_name': 'Cultural context', 'category': 'Environmental Dependency', 'node_id': 'c109M02N41'}), 'dst_node': {'evidence_statement': '""Cultural variation among UAE and Canadian SMEs influences the approaches, and the willingness to transfer knowledge""', 'node_name': 'Cultural context', 'category': 'Environmental Dependency', 'node_id': 'c109M02N41'}, 'src_node': {'evidence_statement': 'The paper states that tacit knowledge sharing occurs formally through training or conferences.', 'node_name': 'conferences', 'category': 'Traditional Human-central Practice', 'node_id': 'c109M01N11'}}, {'rel': ({'evidence_statement': '""Methods like job shadowing, mentor programs, and observational learning also aid in knowledge transfer from tacit employees""', 'node_name': 'Mentoring/shadowing programs', 'category': 'Traditional Human-central Practice', 'node_id': 'c109M02N14'}, 'depend_on', {'evidence_statement': '""Cultural variation among UAE and Canadian SMEs influences the approaches, and the willingness to transfer knowledge""', 'node_name': 'Cultural context', 'category': 'Environmental Dependency', 'node_id': 'c109M02N41'}), 'dst_node': {'evidence_statement': '""Cultural variation among UAE and Canadian SMEs influences the approaches, and the willingness to transfer knowledge""', 'node_name': 'Cultural context', 'category': 'Environmental Dependency', 'node_id': 'c109M02N41'}, 'src_node': {'evidence_statement': '""Methods like job shadowing, mentor programs, and observational learning also aid in knowledge transfer from tacit employees""', 'node_name': 'Mentoring/shadowing programs', 'category': 'Traditional Human-central Practice', 'node_id': 'c109M02N14'}}]}, {'depends': [{'rel': ({'evidence_statement': 'The paper states that tacit knowledge sharing occurs formally through training or conferences.', 'node_name': 'conferences', 'category': 'Traditional Human-central Practice', 'node_id': 'c109M01N11'}, 'depend_on', {'evidence_statement': '""Canadian SMEs which are orientated more individualistically in their culture, may employ some of the more structured methods""', 'node_name': 'Individualistic culture (Canada)', 'category': 'Environmental Dependency', 'node_id': 'c109M02N44'}), 'dst_node': {'evidence_statement': '""Canadian SMEs which are orientated more individualistically in their culture, may employ some of the more structured methods""', 'node_name': 'Individualistic culture (Canada)', 'category': 'Environmental Dependency', 'node_id': 'c109M02N44'}, 'src_node': {'evidence_statement': 'The paper states that tacit knowledge sharing occurs formally through training or conferences.', 'node_name': 'conferences', 'category': 'Traditional Human-central Practice', 'node_id': 'c109M01N11'}}]}]"
c109DS04Q01,"RQ3: How organizational culture influence effectiveness, such as culture, trust, leadership support, motivation, and expert participation?","which organizational resource (e.g., culture, trust, leadership support, motivation, and expert participation, etc) were needed in technology-enable Practices?",2,"MATCH (p:TechnologyenablePractice)-[r:depend_on]->(o:OrganizationalDependency)
WITH o, COLLECT({src_node:p, rel: r, dst_node: o}) AS depends
RETURN DISTINCT o,depends","Resource commitment, supportive environment/culture, trust, open communication, management support, and resource commitment (RC) were needed.","[{'o': {'evidence_statement': 'The paper states that successful AI use requires allocated resources including funding for change management, infrastructure, and training.', 'node_name': 'resource commitment', 'category': 'Organizational Dependency', 'node_id': 'c109M01N17'}, 'depends': [{'rel': ({'evidence_statement': 'The paper states that Canadian SMEs leverage AI-powered collaboration tools to formalize and codify tacit knowledge.', 'node_name': 'AI-powered collaboration tools', 'category': 'Technology-enable Practice', 'node_id': 'c109M01N13'}, 'depend_on', {'evidence_statement': 'The paper states that successful AI use requires allocated resources including funding for change management, infrastructure, and training.', 'node_name': 'resource commitment', 'category': 'Organizational Dependency', 'node_id': 'c109M01N17'}), 'dst_node': {'evidence_statement': 'The paper states that successful AI use requires allocated resources including funding for change management, infrastructure, and training.', 'node_name': 'resource commitment', 'category': 'Organizational Dependency', 'node_id': 'c109M01N17'}, 'src_node': {'evidence_statement': 'The paper states that Canadian SMEs leverage AI-powered collaboration tools to formalize and codify tacit knowledge.', 'node_name': 'AI-powered collaboration tools', 'category': 'Technology-enable Practice', 'node_id': 'c109M01N13'}}, {'rel': ({'evidence_statement': 'The paper states that UAE SMEs exploit AI-based informal knowledge sharing systems in their high-context, collectivist setting.', 'node_name': 'AI-based informal knowledge sharing systems', 'category': 'Technology-enable Practice', 'node_id': 'c109M01N14'}, 'depend_on', {'evidence_statement': 'The paper states that successful AI use requires allocated resources including funding for change management, infrastructure, and training.', 'node_name': 'resource commitment', 'category': 'Organizational Dependency', 'node_id': 'c109M01N17'}), 'dst_node': {'evidence_statement': 'The paper states that successful AI use requires allocated resources including funding for change management, infrastructure, and training.', 'node_name': 'resource commitment', 'category': 'Organizational Dependency', 'node_id': 'c109M01N17'}, 'src_node': {'evidence_statement': 'The paper states that UAE SMEs exploit AI-based informal knowledge sharing systems in their high-context, collectivist setting.', 'node_name': 'AI-based informal knowledge sharing systems', 'category': 'Technology-enable Practice', 'node_id': 'c109M01N14'}}, {'rel': ({'evidence_statement': 'The paper describes AI-based knowledge management solutions in UAE manufacturing SMEs as storing and retrieving practices and supporting capture of tacit knowledge concerning energy-efficient activities.', 'node_name': 'AI-based knowledge management solutions', 'category': 'Technology-enable Practice', 'node_id': 'c109M01N15'}, 'depend_on', {'evidence_statement': 'The paper states that successful AI use requires allocated resources including funding for change management, infrastructure, and training.', 'node_name': 'resource commitment', 'category': 'Organizational Dependency', 'node_id': 'c109M01N17'}), 'dst_node': {'evidence_statement': 'The paper states that successful AI use requires allocated resources including funding for change management, infrastructure, and training.', 'node_name': 'resource commitment', 'category': 'Organizational Dependency', 'node_id': 'c109M01N17'}, 'src_node': {'evidence_statement': 'The paper describes AI-based knowledge management solutions in UAE manufacturing SMEs as storing and retrieving practices and supporting capture of tacit knowledge concerning energy-efficient activities.', 'node_name': 'AI-based knowledge management solutions', 'category': 'Technology-enable Practice', 'node_id': 'c109M01N15'}}]}, {'o': {'evidence_statement': '""To encourage \'tacit knowledge awareness and sharing,\' enterprises must understand the process and develop working environments that facilitate it""', 'node_name': 'Supportive environment/culture', 'category': 'Organizational Dependency', 'node_id': 'c109M02N36'}, 'depends': [{'rel': ({'evidence_statement': 'The paper describes AI-based knowledge management solutions in UAE manufacturing SMEs as storing and retrieving practices and supporting capture of tacit knowledge concerning energy-efficient activities.', 'node_name': 'AI-based knowledge management solutions', 'category': 'Technology-enable Practice', 'node_id': 'c109M01N15'}, 'depend_on', {'evidence_statement': '""To encourage \'tacit knowledge awareness and sharing,\' enterprises must understand the process and develop working environments that facilitate it""', 'node_name': 'Supportive environment/culture', 'category': 'Organizational Dependency', 'node_id': 'c109M02N36'}), 'dst_node': {'evidence_statement': '""To encourage \'tacit knowledge awareness and sharing,\' enterprises must understand the process and develop working environments that facilitate it""', 'node_name': 'Supportive environment/culture', 'category': 'Organizational Dependency', 'node_id': 'c109M02N36'}, 'src_node': {'evidence_statement': 'The paper describes AI-based knowledge management solutions in UAE manufacturing SMEs as storing and retrieving practices and supporting capture of tacit knowledge concerning energy-efficient activities.', 'node_name': 'AI-based knowledge management solutions', 'category': 'Technology-enable Practice', 'node_id': 'c109M01N15'}}, {'rel': ({'evidence_statement': '""Adaptive AI-based learning platforms help employees to find relevant information about how to perform sustainable manufacturing activities""', 'node_name': 'Adaptive AI-based learning platforms', 'category': 'Technology-enable Practice', 'node_id': 'c109M02N25'}, 'depend_on', {'evidence_statement': '""To encourage \'tacit knowledge awareness and sharing,\' enterprises must understand the process and develop working environments that facilitate it""', 'node_name': 'Supportive environment/culture', 'category': 'Organizational Dependency', 'node_id': 'c109M02N36'}), 'dst_node': {'evidence_statement': '""To encourage \'tacit knowledge awareness and sharing,\' enterprises must understand the process and develop working environments that facilitate it""', 'node_name': 'Supportive environment/culture', 'category': 'Organizational Dependency', 'node_id': 'c109M02N36'}, 'src_node': {'evidence_statement': '""Adaptive AI-based learning platforms help employees to find relevant information about how to perform sustainable manufacturing activities""', 'node_name': 'Adaptive AI-based learning platforms', 'category': 'Technology-enable Practice', 'node_id': 'c109M02N25'}}]}, {'o': {'evidence_statement': '""In SMEs, such as the UAE and Canada, the acquisition of tacit knowledge usually starts within trust building and open communication""', 'node_name': 'Trust', 'category': 'Organizational Dependency', 'node_id': 'c109M02N38'}, 'depends': [{'rel': ({'evidence_statement': 'The paper describes AI-based knowledge management solutions in UAE manufacturing SMEs as storing and retrieving practices and supporting capture of tacit knowledge concerning energy-efficient activities.', 'node_name': 'AI-based knowledge management solutions', 'category': 'Technology-enable Practice', 'node_id': 'c109M01N15'}, 'depend_on', {'evidence_statement': '""In SMEs, such as the UAE and Canada, the acquisition of tacit knowledge usually starts within trust building and open communication""', 'node_name': 'Trust', 'category': 'Organizational Dependency', 'node_id': 'c109M02N38'}), 'dst_node': {'evidence_statement': '""In SMEs, such as the UAE and Canada, the acquisition of tacit knowledge usually starts within trust building and open communication""', 'node_name': 'Trust', 'category': 'Organizational Dependency', 'node_id': 'c109M02N38'}, 'src_node': {'evidence_statement': 'The paper describes AI-based knowledge management solutions in UAE manufacturing SMEs as storing and retrieving practices and supporting capture of tacit knowledge concerning energy-efficient activities.', 'node_name': 'AI-based knowledge management solutions', 'category': 'Technology-enable Practice', 'node_id': 'c109M01N15'}}]}, {'o': {'evidence_statement': '""the acquisition of tacit knowledge usually starts within trust building and open communication""', 'node_name': 'Open communication', 'category': 'Organizational Dependency', 'node_id': 'c109M02N39'}, 'depends': [{'rel': ({'evidence_statement': 'The paper describes AI-based knowledge management solutions in UAE manufacturing SMEs as storing and retrieving practices and supporting capture of tacit knowledge concerning energy-efficient activities.', 'node_name': 'AI-based knowledge management solutions', 'category': 'Technology-enable Practice', 'node_id': 'c109M01N15'}, 'depend_on', {'evidence_statement': '""the acquisition of tacit knowledge usually starts within trust building and open communication""', 'node_name': 'Open communication', 'category': 'Organizational Dependency', 'node_id': 'c109M02N39'}), 'dst_node': {'evidence_statement': '""the acquisition of tacit knowledge usually starts within trust building and open communication""', 'node_name': 'Open communication', 'category': 'Organizational Dependency', 'node_id': 'c109M02N39'}, 'src_node': {'evidence_statement': 'The paper describes AI-based knowledge management solutions in UAE manufacturing SMEs as storing and retrieving practices and supporting capture of tacit knowledge concerning energy-efficient activities.', 'node_name': 'AI-based knowledge management solutions', 'category': 'Technology-enable Practice', 'node_id': 'c109M01N15'}}]}, {'o': {'evidence_statement': '""the primary goal of management should be to cultivate and sustain a creative internal culture""', 'node_name': 'Management support', 'category': 'Organizational Dependency', 'node_id': 'c109M02N40'}, 'depends': [{'rel': ({'evidence_statement': 'The paper describes AI-based knowledge management solutions in UAE manufacturing SMEs as storing and retrieving practices and supporting capture of tacit knowledge concerning energy-efficient activities.', 'node_name': 'AI-based knowledge management solutions', 'category': 'Technology-enable Practice', 'node_id': 'c109M01N15'}, 'depend_on', {'evidence_statement': '""the primary goal of management should be to cultivate and sustain a creative internal culture""', 'node_name': 'Management support', 'category': 'Organizational Dependency', 'node_id': 'c109M02N40'}), 'dst_node': {'evidence_statement': '""the primary goal of management should be to cultivate and sustain a creative internal culture""', 'node_name': 'Management support', 'category': 'Organizational Dependency', 'node_id': 'c109M02N40'}, 'src_node': {'evidence_statement': 'The paper describes AI-based knowledge management solutions in UAE manufacturing SMEs as storing and retrieving practices and supporting capture of tacit knowledge concerning energy-efficient activities.', 'node_name': 'AI-based knowledge management solutions', 'category': 'Technology-enable Practice', 'node_id': 'c109M01N15'}}, {'rel': ({'evidence_statement': '""Adaptive AI-based learning platforms help employees to find relevant information about how to perform sustainable manufacturing activities""', 'node_name': 'Adaptive AI-based learning platforms', 'category': 'Technology-enable Practice', 'node_id': 'c109M02N25'}, 'depend_on', {'evidence_statement': '""the primary goal of management should be to cultivate and sustain a creative internal culture""', 'node_name': 'Management support', 'category': 'Organizational Dependency', 'node_id': 'c109M02N40'}), 'dst_node': {'evidence_statement': '""the primary goal of management should be to cultivate and sustain a creative internal culture""', 'node_name': 'Management support', 'category': 'Organizational Dependency', 'node_id': 'c109M02N40'}, 'src_node': {'evidence_statement': '""Adaptive AI-based learning platforms help employees to find relevant information about how to perform sustainable manufacturing activities""', 'node_name': 'Adaptive AI-based learning platforms', 'category': 'Technology-enable Practice', 'node_id': 'c109M02N25'}}, {'rel': ({'evidence_statement': '""AI can be used to arrange virtual eco-innovation workshops where external collaborators are involved in idea generation and problem-solving""', 'node_name': 'Predictive analytics tools', 'category': 'Technology-enable Practice', 'node_id': 'c109M02N30'}, 'depend_on', {'evidence_statement': '""the primary goal of management should be to cultivate and sustain a creative internal culture""', 'node_name': 'Management support', 'category': 'Organizational Dependency', 'node_id': 'c109M02N40'}), 'dst_node': {'evidence_statement': '""the primary goal of management should be to cultivate and sustain a creative internal culture""', 'node_name': 'Management support', 'category': 'Organizational Dependency', 'node_id': 'c109M02N40'}, 'src_node': {'evidence_statement': '""AI can be used to arrange virtual eco-innovation workshops where external collaborators are involved in idea generation and problem-solving""', 'node_name': 'Predictive analytics tools', 'category': 'Technology-enable Practice', 'node_id': 'c109M02N30'}}]}, {'o': {'evidence_statement': '""RC refers to the allocation of an organization\'s current and future resources""', 'node_name': 'Resource Commitment (RC)', 'category': 'Organizational Dependency', 'node_id': 'c109M02N52'}, 'depends': [{'rel': ({'evidence_statement': 'The paper describes AI-based knowledge management solutions in UAE manufacturing SMEs as storing and retrieving practices and supporting capture of tacit knowledge concerning energy-efficient activities.', 'node_name': 'AI-based knowledge management solutions', 'category': 'Technology-enable Practice', 'node_id': 'c109M01N15'}, 'depend_on', {'evidence_statement': '""RC refers to the allocation of an organization\'s current and future resources""', 'node_name': 'Resource Commitment (RC)', 'category': 'Organizational Dependency', 'node_id': 'c109M02N52'}), 'dst_node': {'evidence_statement': '""RC refers to the allocation of an organization\'s current and future resources""', 'node_name': 'Resource Commitment (RC)', 'category': 'Organizational Dependency', 'node_id': 'c109M02N52'}, 'src_node': {'evidence_statement': 'The paper describes AI-based knowledge management solutions in UAE manufacturing SMEs as storing and retrieving practices and supporting capture of tacit knowledge concerning energy-efficient activities.', 'node_name': 'AI-based knowledge management solutions', 'category': 'Technology-enable Practice', 'node_id': 'c109M01N15'}}]}]"
c109DS04Q02,"RQ3: How organizational culture influence effectiveness, such as culture, trust, leadership support, motivation, and expert participation?","which organizational resource (e.g., culture, trust, leadership support, motivation, and expert participation, etc) were needed in traditional Human Practices?",2,"MATCH (p:TraditionalHumancentralPractice)-[r:depend_on]->(o:OrganizationalDependency)
WITH o, COLLECT({src_node:p, rel: r, dst_node: o}) AS depends
RETURN DISTINCT o,depends","Supportive environment/culture, trust, open communication, management support, and resource commitment.","[{'o': {'evidence_statement': '""To encourage \'tacit knowledge awareness and sharing,\' enterprises must understand the process and develop working environments that facilitate it""', 'node_name': 'Supportive environment/culture', 'category': 'Organizational Dependency', 'node_id': 'c109M02N36'}, 'depends': [{'rel': ({'evidence_statement': 'The paper states that tacit knowledge is primarily acquired through social interaction, communication, and observation and is also shared informally through social interactions.', 'node_name': 'social interaction', 'category': 'Traditional Human-central Practice', 'node_id': 'c109M01N07'}, 'depend_on', {'evidence_statement': '""To encourage \'tacit knowledge awareness and sharing,\' enterprises must understand the process and develop working environments that facilitate it""', 'node_name': 'Supportive environment/culture', 'category': 'Organizational Dependency', 'node_id': 'c109M02N36'}), 'dst_node': {'evidence_statement': '""To encourage \'tacit knowledge awareness and sharing,\' enterprises must understand the process and develop working environments that facilitate it""', 'node_name': 'Supportive environment/culture', 'category': 'Organizational Dependency', 'node_id': 'c109M02N36'}, 'src_node': {'evidence_statement': 'The paper states that tacit knowledge is primarily acquired through social interaction, communication, and observation and is also shared informally through social interactions.', 'node_name': 'social interaction', 'category': 'Traditional Human-central Practice', 'node_id': 'c109M01N07'}}, {'rel': ({'evidence_statement': 'The paper states that tacit knowledge sharing occurs formally through training or conferences.', 'node_name': 'conferences', 'category': 'Traditional Human-central Practice', 'node_id': 'c109M01N11'}, 'depend_on', {'evidence_statement': '""To encourage \'tacit knowledge awareness and sharing,\' enterprises must understand the process and develop working environments that facilitate it""', 'node_name': 'Supportive environment/culture', 'category': 'Organizational Dependency', 'node_id': 'c109M02N36'}), 'dst_node': {'evidence_statement': '""To encourage \'tacit knowledge awareness and sharing,\' enterprises must understand the process and develop working environments that facilitate it""', 'node_name': 'Supportive environment/culture', 'category': 'Organizational Dependency', 'node_id': 'c109M02N36'}, 'src_node': {'evidence_statement': 'The paper states that tacit knowledge sharing occurs formally through training or conferences.', 'node_name': 'conferences', 'category': 'Traditional Human-central Practice', 'node_id': 'c109M01N11'}}, {'rel': ({'evidence_statement': '""Methods like job shadowing, mentor programs, and observational learning also aid in knowledge transfer from tacit employees""', 'node_name': 'Mentoring/shadowing programs', 'category': 'Traditional Human-central Practice', 'node_id': 'c109M02N14'}, 'depend_on', {'evidence_statement': '""To encourage \'tacit knowledge awareness and sharing,\' enterprises must understand the process and develop working environments that facilitate it""', 'node_name': 'Supportive environment/culture', 'category': 'Organizational Dependency', 'node_id': 'c109M02N36'}), 'dst_node': {'evidence_statement': '""To encourage \'tacit knowledge awareness and sharing,\' enterprises must understand the process and develop working environments that facilitate it""', 'node_name': 'Supportive environment/culture', 'category': 'Organizational Dependency', 'node_id': 'c109M02N36'}, 'src_node': {'evidence_statement': '""Methods like job shadowing, mentor programs, and observational learning also aid in knowledge transfer from tacit employees""', 'node_name': 'Mentoring/shadowing programs', 'category': 'Traditional Human-central Practice', 'node_id': 'c109M02N14'}}, {'rel': ({'evidence_statement': '""Methods like job shadowing, mentor programs, and observational learning also aid in knowledge transfer""', 'node_name': 'Observational learning', 'category': 'Traditional Human-central Practice', 'node_id': 'c109M02N16'}, 'depend_on', {'evidence_statement': '""To encourage \'tacit knowledge awareness and sharing,\' enterprises must understand the process and develop working environments that facilitate it""', 'node_name': 'Supportive environment/culture', 'category': 'Organizational Dependency', 'node_id': 'c109M02N36'}), 'dst_node': {'evidence_statement': '""To encourage \'tacit knowledge awareness and sharing,\' enterprises must understand the process and develop working environments that facilitate it""', 'node_name': 'Supportive environment/culture', 'category': 'Organizational Dependency', 'node_id': 'c109M02N36'}, 'src_node': {'evidence_statement': '""Methods like job shadowing, mentor programs, and observational learning also aid in knowledge transfer""', 'node_name': 'Observational learning', 'category': 'Traditional Human-central Practice', 'node_id': 'c109M02N16'}}, {'rel': ({'evidence_statement': '""Canadian SMEs which are orientated more individualistically in their culture, may employ some of the more structured methods such as interviewing, focus groups or narrative storytelling in order to systematically capture tacit knowledge""', 'node_name': 'Focus groups', 'category': 'Traditional Human-central Practice', 'node_id': 'c109M02N17'}, 'depend_on', {'evidence_statement': '""To encourage \'tacit knowledge awareness and sharing,\' enterprises must understand the process and develop working environments that facilitate it""', 'node_name': 'Supportive environment/culture', 'category': 'Organizational Dependency', 'node_id': 'c109M02N36'}), 'dst_node': {'evidence_statement': '""To encourage \'tacit knowledge awareness and sharing,\' enterprises must understand the process and develop working environments that facilitate it""', 'node_name': 'Supportive environment/culture', 'category': 'Organizational Dependency', 'node_id': 'c109M02N36'}, 'src_node': {'evidence_statement': '""Canadian SMEs which are orientated more individualistically in their culture, may employ some of the more structured methods such as interviewing, focus groups or narrative storytelling in order to systematically capture tacit knowledge""', 'node_name': 'Focus groups', 'category': 'Traditional Human-central Practice', 'node_id': 'c109M02N17'}}, {'rel': ({'evidence_statement': '""Canadian SMEs which are orientated more individualistically in their culture, may employ some of the more structured methods such as interviewing, focus groups or narrative storytelling in order to systematically capture tacit knowledge""', 'node_name': 'Narrative storytelling', 'category': 'Traditional Human-central Practice', 'node_id': 'c109M02N18'}, 'depend_on', {'evidence_statement': '""To encourage \'tacit knowledge awareness and sharing,\' enterprises must understand the process and develop working environments that facilitate it""', 'node_name': 'Supportive environment/culture', 'category': 'Organizational Dependency', 'node_id': 'c109M02N36'}), 'dst_node': {'evidence_statement': '""To encourage \'tacit knowledge awareness and sharing,\' enterprises must understand the process and develop working environments that facilitate it""', 'node_name': 'Supportive environment/culture', 'category': 'Organizational Dependency', 'node_id': 'c109M02N36'}, 'src_node': {'evidence_statement': '""Canadian SMEs which are orientated more individualistically in their culture, may employ some of the more structured methods such as interviewing, focus groups or narrative storytelling in order to systematically capture tacit knowledge""', 'node_name': 'Narrative storytelling', 'category': 'Traditional Human-central Practice', 'node_id': 'c109M02N18'}}, {'rel': ({'evidence_statement': '""Canadian workers are likely to value more structured knowledge resources, such as training workshops or centralized knowledge repositories""', 'node_name': 'Training workshops', 'category': 'Traditional Human-central Practice', 'node_id': 'c109M02N19'}, 'depend_on', {'evidence_statement': '""To encourage \'tacit knowledge awareness and sharing,\' enterprises must understand the process and develop working environments that facilitate it""', 'node_name': 'Supportive environment/culture', 'category': 'Organizational Dependency', 'node_id': 'c109M02N36'}), 'dst_node': {'evidence_statement': '""To encourage \'tacit knowledge awareness and sharing,\' enterprises must understand the process and develop working environments that facilitate it""', 'node_name': 'Supportive environment/culture', 'category': 'Organizational Dependency', 'node_id': 'c109M02N36'}, 'src_node': {'evidence_statement': '""Canadian workers are likely to value more structured knowledge resources, such as training workshops or centralized knowledge repositories""', 'node_name': 'Training workshops', 'category': 'Traditional Human-central Practice', 'node_id': 'c109M02N19'}}, {'rel': ({'evidence_statement': '""hybrid systems that integrate digital tools and person-to-person contacts can facilitate an effective transfer of tacit knowledge for innovation and organizational development""', 'node_name': 'Person-to-person contacts', 'category': 'Traditional Human-central Practice', 'node_id': 'c109M02N20'}, 'depend_on', {'evidence_statement': '""To encourage \'tacit knowledge awareness and sharing,\' enterprises must understand the process and develop working environments that facilitate it""', 'node_name': 'Supportive environment/culture', 'category': 'Organizational Dependency', 'node_id': 'c109M02N36'}), 'dst_node': {'evidence_statement': '""To encourage \'tacit knowledge awareness and sharing,\' enterprises must understand the process and develop working environments that facilitate it""', 'node_name': 'Supportive environment/culture', 'category': 'Organizational Dependency', 'node_id': 'c109M02N36'}, 'src_node': {'evidence_statement': '""hybrid systems that integrate digital tools and person-to-person contacts can facilitate an effective transfer of tacit knowledge for innovation and organizational development""', 'node_name': 'Person-to-person contacts', 'category': 'Traditional Human-central Practice', 'node_id': 'c109M02N20'}}]}, {'o': {'evidence_statement': '""In SMEs, such as the UAE and Canada, the acquisition of tacit knowledge usually starts within trust building and open communication""', 'node_name': 'Trust', 'category': 'Organizational Dependency', 'node_id': 'c109M02N38'}, 'depends': [{'rel': ({'evidence_statement': '""Methods like job shadowing, mentor programs, and observational learning also aid in knowledge transfer from tacit employees""', 'node_name': 'Mentoring/shadowing programs', 'category': 'Traditional Human-central Practice', 'node_id': 'c109M02N14'}, 'depend_on', {'evidence_statement': '""In SMEs, such as the UAE and Canada, the acquisition of tacit knowledge usually starts within trust building and open communication""', 'node_name': 'Trust', 'category': 'Organizational Dependency', 'node_id': 'c109M02N38'}), 'dst_node': {'evidence_statement': '""In SMEs, such as the UAE and Canada, the acquisition of tacit knowledge usually starts within trust building and open communication""', 'node_name': 'Trust', 'category': 'Organizational Dependency', 'node_id': 'c109M02N38'}, 'src_node': {'evidence_statement': '""Methods like job shadowing, mentor programs, and observational learning also aid in knowledge transfer from tacit employees""', 'node_name': 'Mentoring/shadowing programs', 'category': 'Traditional Human-central Practice', 'node_id': 'c109M02N14'}}, {'rel': ({'evidence_statement': '""hybrid systems that integrate digital tools and person-to-person contacts can facilitate an effective transfer of tacit knowledge for innovation and organizational development""', 'node_name': 'Person-to-person contacts', 'category': 'Traditional Human-central Practice', 'node_id': 'c109M02N20'}, 'depend_on', {'evidence_statement': '""In SMEs, such as the UAE and Canada, the acquisition of tacit knowledge usually starts within trust building and open communication""', 'node_name': 'Trust', 'category': 'Organizational Dependency', 'node_id': 'c109M02N38'}), 'dst_node': {'evidence_statement': '""In SMEs, such as the UAE and Canada, the acquisition of tacit knowledge usually starts within trust building and open communication""', 'node_name': 'Trust', 'category': 'Organizational Dependency', 'node_id': 'c109M02N38'}, 'src_node': {'evidence_statement': '""hybrid systems that integrate digital tools and person-to-person contacts can facilitate an effective transfer of tacit knowledge for innovation and organizational development""', 'node_name': 'Person-to-person contacts', 'category': 'Traditional Human-central Practice', 'node_id': 'c109M02N20'}}]}, {'o': {'evidence_statement': '""the acquisition of tacit knowledge usually starts within trust building and open communication""', 'node_name': 'Open communication', 'category': 'Organizational Dependency', 'node_id': 'c109M02N39'}, 'depends': [{'rel': ({'evidence_statement': 'The paper states that tacit knowledge sharing occurs formally through training or conferences.', 'node_name': 'conferences', 'category': 'Traditional Human-central Practice', 'node_id': 'c109M01N11'}, 'depend_on', {'evidence_statement': '""the acquisition of tacit knowledge usually starts within trust building and open communication""', 'node_name': 'Open communication', 'category': 'Organizational Dependency', 'node_id': 'c109M02N39'}), 'dst_node': {'evidence_statement': '""the acquisition of tacit knowledge usually starts within trust building and open communication""', 'node_name': 'Open communication', 'category': 'Organizational Dependency', 'node_id': 'c109M02N39'}, 'src_node': {'evidence_statement': 'The paper states that tacit knowledge sharing occurs formally through training or conferences.', 'node_name': 'conferences', 'category': 'Traditional Human-central Practice', 'node_id': 'c109M01N11'}}, {'rel': ({'evidence_statement': '""hybrid systems that integrate digital tools and person-to-person contacts can facilitate an effective transfer of tacit knowledge for innovation and organizational development""', 'node_name': 'Person-to-person contacts', 'category': 'Traditional Human-central Practice', 'node_id': 'c109M02N20'}, 'depend_on', {'evidence_statement': '""the acquisition of tacit knowledge usually starts within trust building and open communication""', 'node_name': 'Open communication', 'category': 'Organizational Dependency', 'node_id': 'c109M02N39'}), 'dst_node': {'evidence_statement': '""the acquisition of tacit knowledge usually starts within trust building and open communication""', 'node_name': 'Open communication', 'category': 'Organizational Dependency', 'node_id': 'c109M02N39'}, 'src_node': {'evidence_statement': '""hybrid systems that integrate digital tools and person-to-person contacts can facilitate an effective transfer of tacit knowledge for innovation and organizational development""', 'node_name': 'Person-to-person contacts', 'category': 'Traditional Human-central Practice', 'node_id': 'c109M02N20'}}]}, {'o': {'evidence_statement': '""the primary goal of management should be to cultivate and sustain a creative internal culture""', 'node_name': 'Management support', 'category': 'Organizational Dependency', 'node_id': 'c109M02N40'}, 'depends': [{'rel': ({'evidence_statement': 'The paper states that tacit knowledge sharing occurs formally through training or conferences.', 'node_name': 'conferences', 'category': 'Traditional Human-central Practice', 'node_id': 'c109M01N11'}, 'depend_on', {'evidence_statement': '""the primary goal of management should be to cultivate and sustain a creative internal culture""', 'node_name': 'Management support', 'category': 'Organizational Dependency', 'node_id': 'c109M02N40'}), 'dst_node': {'evidence_statement': '""the primary goal of management should be to cultivate and sustain a creative internal culture""', 'node_name': 'Management support', 'category': 'Organizational Dependency', 'node_id': 'c109M02N40'}, 'src_node': {'evidence_statement': 'The paper states that tacit knowledge sharing occurs formally through training or conferences.', 'node_name': 'conferences', 'category': 'Traditional Human-central Practice', 'node_id': 'c109M01N11'}}, {'rel': ({'evidence_statement': '""Methods like job shadowing, mentor programs, and observational learning also aid in knowledge transfer from tacit employees""', 'node_name': 'Mentoring/shadowing programs', 'category': 'Traditional Human-central Practice', 'node_id': 'c109M02N14'}, 'depend_on', {'evidence_statement': '""the primary goal of management should be to cultivate and sustain a creative internal culture""', 'node_name': 'Management support', 'category': 'Organizational Dependency', 'node_id': 'c109M02N40'}), 'dst_node': {'evidence_statement': '""the primary goal of management should be to cultivate and sustain a creative internal culture""', 'node_name': 'Management support', 'category': 'Organizational Dependency', 'node_id': 'c109M02N40'}, 'src_node': {'evidence_statement': '""Methods like job shadowing, mentor programs, and observational learning also aid in knowledge transfer from tacit employees""', 'node_name': 'Mentoring/shadowing programs', 'category': 'Traditional Human-central Practice', 'node_id': 'c109M02N14'}}, {'rel': ({'evidence_statement': '""Canadian workers are likely to value more structured knowledge resources, such as training workshops or centralized knowledge repositories""', 'node_name': 'Training workshops', 'category': 'Traditional Human-central Practice', 'node_id': 'c109M02N19'}, 'depend_on', {'evidence_statement': '""the primary goal of management should be to cultivate and sustain a creative internal culture""', 'node_name': 'Management support', 'category': 'Organizational Dependency', 'node_id': 'c109M02N40'}), 'dst_node': {'evidence_statement': '""the primary goal of management should be to cultivate and sustain a creative internal culture""', 'node_name': 'Management support', 'category': 'Organizational Dependency', 'node_id': 'c109M02N40'}, 'src_node': {'evidence_statement': '""Canadian workers are likely to value more structured knowledge resources, such as training workshops or centralized knowledge repositories""', 'node_name': 'Training workshops', 'category': 'Traditional Human-central Practice', 'node_id': 'c109M02N19'}}]}, {'o': {'evidence_statement': '""RC refers to the allocation of an organization\'s current and future resources""', 'node_name': 'Resource Commitment (RC)', 'category': 'Organizational Dependency', 'node_id': 'c109M02N52'}, 'depends': [{'rel': ({'evidence_statement': 'The paper states that tacit knowledge is primarily acquired through social interaction, communication, and observation and is also shared informally through social interactions.', 'node_name': 'social interaction', 'category': 'Traditional Human-central Practice', 'node_id': 'c109M01N07'}, 'depend_on', {'evidence_statement': '""RC refers to the allocation of an organization\'s current and future resources""', 'node_name': 'Resource Commitment (RC)', 'category': 'Organizational Dependency', 'node_id': 'c109M02N52'}), 'dst_node': {'evidence_statement': '""RC refers to the allocation of an organization\'s current and future resources""', 'node_name': 'Resource Commitment (RC)', 'category': 'Organizational Dependency', 'node_id': 'c109M02N52'}, 'src_node': {'evidence_statement': 'The paper states that tacit knowledge is primarily acquired through social interaction, communication, and observation and is also shared informally through social interactions.', 'node_name': 'social interaction', 'category': 'Traditional Human-central Practice', 'node_id': 'c109M01N07'}}, {'rel': ({'evidence_statement': 'The paper states that tacit knowledge sharing occurs formally through training or conferences.', 'node_name': 'conferences', 'category': 'Traditional Human-central Practice', 'node_id': 'c109M01N11'}, 'depend_on', {'evidence_statement': '""RC refers to the allocation of an organization\'s current and future resources""', 'node_name': 'Resource Commitment (RC)', 'category': 'Organizational Dependency', 'node_id': 'c109M02N52'}), 'dst_node': {'evidence_statement': '""RC refers to the allocation of an organization\'s current and future resources""', 'node_name': 'Resource Commitment (RC)', 'category': 'Organizational Dependency', 'node_id': 'c109M02N52'}, 'src_node': {'evidence_statement': 'The paper states that tacit knowledge sharing occurs formally through training or conferences.', 'node_name': 'conferences', 'category': 'Traditional Human-central Practice', 'node_id': 'c109M01N11'}}, {'rel': ({'evidence_statement': '""Methods like job shadowing, mentor programs, and observational learning also aid in knowledge transfer from tacit employees""', 'node_name': 'Mentoring/shadowing programs', 'category': 'Traditional Human-central Practice', 'node_id': 'c109M02N14'}, 'depend_on', {'evidence_statement': '""RC refers to the allocation of an organization\'s current and future resources""', 'node_name': 'Resource Commitment (RC)', 'category': 'Organizational Dependency', 'node_id': 'c109M02N52'}), 'dst_node': {'evidence_statement': '""RC refers to the allocation of an organization\'s current and future resources""', 'node_name': 'Resource Commitment (RC)', 'category': 'Organizational Dependency', 'node_id': 'c109M02N52'}, 'src_node': {'evidence_statement': '""Methods like job shadowing, mentor programs, and observational learning also aid in knowledge transfer from tacit employees""', 'node_name': 'Mentoring/shadowing programs', 'category': 'Traditional Human-central Practice', 'node_id': 'c109M02N14'}}, {'rel': ({'evidence_statement': '""Methods like job shadowing, mentor programs, and observational learning also aid in knowledge transfer""', 'node_name': 'Observational learning', 'category': 'Traditional Human-central Practice', 'node_id': 'c109M02N16'}, 'depend_on', {'evidence_statement': '""RC refers to the allocation of an organization\'s current and future resources""', 'node_name': 'Resource Commitment (RC)', 'category': 'Organizational Dependency', 'node_id': 'c109M02N52'}), 'dst_node': {'evidence_statement': '""RC refers to the allocation of an organization\'s current and future resources""', 'node_name': 'Resource Commitment (RC)', 'category': 'Organizational Dependency', 'node_id': 'c109M02N52'}, 'src_node': {'evidence_statement': '""Methods like job shadowing, mentor programs, and observational learning also aid in knowledge transfer""', 'node_name': 'Observational learning', 'category': 'Traditional Human-central Practice', 'node_id': 'c109M02N16'}}, {'rel': ({'evidence_statement': '""Canadian SMEs which are orientated more individualistically in their culture, may employ some of the more structured methods such as interviewing, focus groups or narrative storytelling in order to systematically capture tacit knowledge""', 'node_name': 'Focus groups', 'category': 'Traditional Human-central Practice', 'node_id': 'c109M02N17'}, 'depend_on', {'evidence_statement': '""RC refers to the allocation of an organization\'s current and future resources""', 'node_name': 'Resource Commitment (RC)', 'category': 'Organizational Dependency', 'node_id': 'c109M02N52'}), 'dst_node': {'evidence_statement': '""RC refers to the allocation of an organization\'s current and future resources""', 'node_name': 'Resource Commitment (RC)', 'category': 'Organizational Dependency', 'node_id': 'c109M02N52'}, 'src_node': {'evidence_statement': '""Canadian SMEs which are orientated more individualistically in their culture, may employ some of the more structured methods such as interviewing, focus groups or narrative storytelling in order to systematically capture tacit knowledge""', 'node_name': 'Focus groups', 'category': 'Traditional Human-central Practice', 'node_id': 'c109M02N17'}}, {'rel': ({'evidence_statement': '""Canadian SMEs which are orientated more individualistically in their culture, may employ some of the more structured methods such as interviewing, focus groups or narrative storytelling in order to systematically capture tacit knowledge""', 'node_name': 'Narrative storytelling', 'category': 'Traditional Human-central Practice', 'node_id': 'c109M02N18'}, 'depend_on', {'evidence_statement': '""RC refers to the allocation of an organization\'s current and future resources""', 'node_name': 'Resource Commitment (RC)', 'category': 'Organizational Dependency', 'node_id': 'c109M02N52'}), 'dst_node': {'evidence_statement': '""RC refers to the allocation of an organization\'s current and future resources""', 'node_name': 'Resource Commitment (RC)', 'category': 'Organizational Dependency', 'node_id': 'c109M02N52'}, 'src_node': {'evidence_statement': '""Canadian SMEs which are orientated more individualistically in their culture, may employ some of the more structured methods such as interviewing, focus groups or narrative storytelling in order to systematically capture tacit knowledge""', 'node_name': 'Narrative storytelling', 'category': 'Traditional Human-central Practice', 'node_id': 'c109M02N18'}}, {'rel': ({'evidence_statement': '""Canadian workers are likely to value more structured knowledge resources, such as training workshops or centralized knowledge repositories""', 'node_name': 'Training workshops', 'category': 'Traditional Human-central Practice', 'node_id': 'c109M02N19'}, 'depend_on', {'evidence_statement': '""RC refers to the allocation of an organization\'s current and future resources""', 'node_name': 'Resource Commitment (RC)', 'category': 'Organizational Dependency', 'node_id': 'c109M02N52'}), 'dst_node': {'evidence_statement': '""RC refers to the allocation of an organization\'s current and future resources""', 'node_name': 'Resource Commitment (RC)', 'category': 'Organizational Dependency', 'node_id': 'c109M02N52'}, 'src_node': {'evidence_statement': '""Canadian workers are likely to value more structured knowledge resources, such as training workshops or centralized knowledge repositories""', 'node_name': 'Training workshops', 'category': 'Traditional Human-central Practice', 'node_id': 'c109M02N19'}}, {'rel': ({'evidence_statement': '""hybrid systems that integrate digital tools and person-to-person contacts can facilitate an effective transfer of tacit knowledge for innovation and organizational development""', 'node_name': 'Person-to-person contacts', 'category': 'Traditional Human-central Practice', 'node_id': 'c109M02N20'}, 'depend_on', {'evidence_statement': '""RC refers to the allocation of an organization\'s current and future resources""', 'node_name': 'Resource Commitment (RC)', 'category': 'Organizational Dependency', 'node_id': 'c109M02N52'}), 'dst_node': {'evidence_statement': '""RC refers to the allocation of an organization\'s current and future resources""', 'node_name': 'Resource Commitment (RC)', 'category': 'Organizational Dependency', 'node_id': 'c109M02N52'}, 'src_node': {'evidence_statement': '""hybrid systems that integrate digital tools and person-to-person contacts can facilitate an effective transfer of tacit knowledge for innovation and organizational development""', 'node_name': 'Person-to-person contacts', 'category': 'Traditional Human-central Practice', 'node_id': 'c109M02N20'}}]}]"
c109DS05Q01,"What inherent vulnerability, shortcoming, or failure points the knowledge retention practices face?","What inherent vulnerability, shortcoming, or failure point of  the technology-enable practices?",2,"MATCH (p:TechnologyenablePractice)-[r:be_constrained_by]->(l:Limitation)
WITH l, COLLECT({src_node:p, rel: r, dst_node: l}) AS constrainedBy
RETURN DISTINCT l,constrainedBy",AI-based knowledge management solutions are constrained by resource constraints and skill shortages.,"[{'l': {'evidence_statement': '""SMEs operating in the industry experience peculiar challenges common to their line of business, including limited resources, skill shortages, and regulatory pressures""', 'node_name': 'Resource constraints', 'category': 'Limitation', 'node_id': 'c109M02N49'}, 'constrainedBy': [{'rel': ({'evidence_statement': 'The paper describes AI-based knowledge management solutions in UAE manufacturing SMEs as storing and retrieving practices and supporting capture of tacit knowledge concerning energy-efficient activities.', 'node_name': 'AI-based knowledge management solutions', 'category': 'Technology-enable Practice', 'node_id': 'c109M01N15'}, 'be_constrained_by', {'evidence_statement': '""SMEs operating in the industry experience peculiar challenges common to their line of business, including limited resources, skill shortages, and regulatory pressures""', 'node_name': 'Resource constraints', 'category': 'Limitation', 'node_id': 'c109M02N49'}), 'dst_node': {'evidence_statement': '""SMEs operating in the industry experience peculiar challenges common to their line of business, including limited resources, skill shortages, and regulatory pressures""', 'node_name': 'Resource constraints', 'category': 'Limitation', 'node_id': 'c109M02N49'}, 'src_node': {'evidence_statement': 'The paper describes AI-based knowledge management solutions in UAE manufacturing SMEs as storing and retrieving practices and supporting capture of tacit knowledge concerning energy-efficient activities.', 'node_name': 'AI-based knowledge management solutions', 'category': 'Technology-enable Practice', 'node_id': 'c109M01N15'}}]}, {'l': {'evidence_statement': '""SMEs operating in the industry experience peculiar challenges common to their line of business, including limited resources, skill shortages, and regulatory pressures""', 'node_name': 'Skill shortages', 'category': 'Limitation', 'node_id': 'c109M02N50'}, 'constrainedBy': [{'rel': ({'evidence_statement': 'The paper describes AI-based knowledge management solutions in UAE manufacturing SMEs as storing and retrieving practices and supporting capture of tacit knowledge concerning energy-efficient activities.', 'node_name': 'AI-based knowledge management solutions', 'category': 'Technology-enable Practice', 'node_id': 'c109M01N15'}, 'be_constrained_by', {'evidence_statement': '""SMEs operating in the industry experience peculiar challenges common to their line of business, including limited resources, skill shortages, and regulatory pressures""', 'node_name': 'Skill shortages', 'category': 'Limitation', 'node_id': 'c109M02N50'}), 'dst_node': {'evidence_statement': '""SMEs operating in the industry experience peculiar challenges common to their line of business, including limited resources, skill shortages, and regulatory pressures""', 'node_name': 'Skill shortages', 'category': 'Limitation', 'node_id': 'c109M02N50'}, 'src_node': {'evidence_statement': 'The paper describes AI-based knowledge management solutions in UAE manufacturing SMEs as storing and retrieving practices and supporting capture of tacit knowledge concerning energy-efficient activities.', 'node_name': 'AI-based knowledge management solutions', 'category': 'Technology-enable Practice', 'node_id': 'c109M01N15'}}]}]"
c109DS05Q02,"What inherent vulnerability, shortcoming, or failure points the knowledge retention practices face?","What inherent vulnerability, shortcoming, or failure point of  the traditional human-central practices?",2,"MATCH (p:TraditionalHumancentralPractice)-[r:be_constrained_by]->(l:Limitation)
WITH l, COLLECT({src_node:p, rel: r, dst_node: l}) AS constrainedBy
RETURN DISTINCT l,constrainedBy","Traditional human-central practices are constrained by the inherent difficulty of formalizing, recognizing, accessing, and communicating tacit knowledge, which is rooted in experience and personal judgment, leading to challenges such as communication lapses, complexity of tacit knowledge, resource constraints, and skill shortages.","[{'l': {'evidence_statement': 'Because tacit knowledge is inherent in action, situated in practical experience, and influenced by individual judgment, the paper says it is difficult to formalize, recognize, access, and communicate.', 'node_name': 'difficulty formalizing, recognizing, accessing, and communicating tacit knowledge', 'category': 'Limitation', 'node_id': 'c109M01N22'}, 'constrainedBy': [{'rel': ({'evidence_statement': 'The paper states that tacit knowledge is primarily acquired through social interaction, communication, and observation and is also shared informally through social interactions.', 'node_name': 'social interaction', 'category': 'Traditional Human-central Practice', 'node_id': 'c109M01N07'}, 'be_constrained_by', {'evidence_statement': 'Because tacit knowledge is inherent in action, situated in practical experience, and influenced by individual judgment, the paper says it is difficult to formalize, recognize, access, and communicate.', 'node_name': 'difficulty formalizing, recognizing, accessing, and communicating tacit knowledge', 'category': 'Limitation', 'node_id': 'c109M01N22'}), 'dst_node': {'evidence_statement': 'Because tacit knowledge is inherent in action, situated in practical experience, and influenced by individual judgment, the paper says it is difficult to formalize, recognize, access, and communicate.', 'node_name': 'difficulty formalizing, recognizing, accessing, and communicating tacit knowledge', 'category': 'Limitation', 'node_id': 'c109M01N22'}, 'src_node': {'evidence_statement': 'The paper states that tacit knowledge is primarily acquired through social interaction, communication, and observation and is also shared informally through social interactions.', 'node_name': 'social interaction', 'category': 'Traditional Human-central Practice', 'node_id': 'c109M01N07'}}, {'rel': ({'evidence_statement': 'Communication is identified as one of the principal means through which tacit knowledge is acquired.', 'node_name': 'communication', 'category': 'Traditional Human-central Practice', 'node_id': 'c109M01N08'}, 'be_constrained_by', {'evidence_statement': 'Because tacit knowledge is inherent in action, situated in practical experience, and influenced by individual judgment, the paper says it is difficult to formalize, recognize, access, and communicate.', 'node_name': 'difficulty formalizing, recognizing, accessing, and communicating tacit knowledge', 'category': 'Limitation', 'node_id': 'c109M01N22'}), 'dst_node': {'evidence_statement': 'Because tacit knowledge is inherent in action, situated in practical experience, and influenced by individual judgment, the paper says it is difficult to formalize, recognize, access, and communicate.', 'node_name': 'difficulty formalizing, recognizing, accessing, and communicating tacit knowledge', 'category': 'Limitation', 'node_id': 'c109M01N22'}, 'src_node': {'evidence_statement': 'Communication is identified as one of the principal means through which tacit knowledge is acquired.', 'node_name': 'communication', 'category': 'Traditional Human-central Practice', 'node_id': 'c109M01N08'}}, {'rel': ({'evidence_statement': 'The paper states that tacit knowledge sharing occurs informally through task groups and social interactions.', 'node_name': 'task groups', 'category': 'Traditional Human-central Practice', 'node_id': 'c109M01N12'}, 'be_constrained_by', {'evidence_statement': 'Because tacit knowledge is inherent in action, situated in practical experience, and influenced by individual judgment, the paper says it is difficult to formalize, recognize, access, and communicate.', 'node_name': 'difficulty formalizing, recognizing, accessing, and communicating tacit knowledge', 'category': 'Limitation', 'node_id': 'c109M01N22'}), 'dst_node': {'evidence_statement': 'Because tacit knowledge is inherent in action, situated in practical experience, and influenced by individual judgment, the paper says it is difficult to formalize, recognize, access, and communicate.', 'node_name': 'difficulty formalizing, recognizing, accessing, and communicating tacit knowledge', 'category': 'Limitation', 'node_id': 'c109M01N22'}, 'src_node': {'evidence_statement': 'The paper states that tacit knowledge sharing occurs informally through task groups and social interactions.', 'node_name': 'task groups', 'category': 'Traditional Human-central Practice', 'node_id': 'c109M01N12'}}]}, {'l': {'evidence_statement': 'Tacit knowledge rooted in experience, skills, and expertise is described as challenging to express or replicate.', 'node_name': 'difficulty expressing or replicating tacit knowledge', 'category': 'Limitation', 'node_id': 'c109M01N21'}, 'constrainedBy': [{'rel': ({'evidence_statement': 'The paper states that tacit knowledge sharing occurs formally through training or conferences.', 'node_name': 'training', 'category': 'Traditional Human-central Practice', 'node_id': 'c109M01N10'}, 'be_constrained_by', {'evidence_statement': 'Tacit knowledge rooted in experience, skills, and expertise is described as challenging to express or replicate.', 'node_name': 'difficulty expressing or replicating tacit knowledge', 'category': 'Limitation', 'node_id': 'c109M01N21'}), 'dst_node': {'evidence_statement': 'Tacit knowledge rooted in experience, skills, and expertise is described as challenging to express or replicate.', 'node_name': 'difficulty expressing or replicating tacit knowledge', 'category': 'Limitation', 'node_id': 'c109M01N21'}, 'src_node': {'evidence_statement': 'The paper states that tacit knowledge sharing occurs formally through training or conferences.', 'node_name': 'training', 'category': 'Traditional Human-central Practice', 'node_id': 'c109M01N10'}}, {'rel': ({'evidence_statement': 'The paper states that tacit knowledge sharing occurs formally through training or conferences.', 'node_name': 'conferences', 'category': 'Traditional Human-central Practice', 'node_id': 'c109M01N11'}, 'be_constrained_by', {'evidence_statement': 'Tacit knowledge rooted in experience, skills, and expertise is described as challenging to express or replicate.', 'node_name': 'difficulty expressing or replicating tacit knowledge', 'category': 'Limitation', 'node_id': 'c109M01N21'}), 'dst_node': {'evidence_statement': 'Tacit knowledge rooted in experience, skills, and expertise is described as challenging to express or replicate.', 'node_name': 'difficulty expressing or replicating tacit knowledge', 'category': 'Limitation', 'node_id': 'c109M01N21'}, 'src_node': {'evidence_statement': 'The paper states that tacit knowledge sharing occurs formally through training or conferences.', 'node_name': 'conferences', 'category': 'Traditional Human-central Practice', 'node_id': 'c109M01N11'}}]}, {'l': {'evidence_statement': '""Addressing obstacles such as knowledge hoarding and communication lapses""', 'node_name': 'Communication lapses', 'category': 'Limitation', 'node_id': 'c109M02N46'}, 'constrainedBy': [{'rel': ({'evidence_statement': '""Methods like job shadowing, mentor programs, and observational learning also aid in knowledge transfer from tacit employees""', 'node_name': 'Mentoring/shadowing programs', 'category': 'Traditional Human-central Practice', 'node_id': 'c109M02N14'}, 'be_constrained_by', {'evidence_statement': '""Addressing obstacles such as knowledge hoarding and communication lapses""', 'node_name': 'Communication lapses', 'category': 'Limitation', 'node_id': 'c109M02N46'}), 'dst_node': {'evidence_statement': '""Addressing obstacles such as knowledge hoarding and communication lapses""', 'node_name': 'Communication lapses', 'category': 'Limitation', 'node_id': 'c109M02N46'}, 'src_node': {'evidence_statement': '""Methods like job shadowing, mentor programs, and observational learning also aid in knowledge transfer from tacit employees""', 'node_name': 'Mentoring/shadowing programs', 'category': 'Traditional Human-central Practice', 'node_id': 'c109M02N14'}}]}, {'l': {'evidence_statement': '""SMEs encounter difficulties in this process due to the lack of resources and the complexity of tacit knowledge that is built on personal experiences and contextual situations""', 'node_name': 'Complexity of tacit knowledge', 'category': 'Limitation', 'node_id': 'c109M02N47'}, 'constrainedBy': [{'rel': ({'evidence_statement': '""Methods like job shadowing, mentor programs, and observational learning also aid in knowledge transfer from tacit employees""', 'node_name': 'Mentoring/shadowing programs', 'category': 'Traditional Human-central Practice', 'node_id': 'c109M02N14'}, 'be_constrained_by', {'evidence_statement': '""SMEs encounter difficulties in this process due to the lack of resources and the complexity of tacit knowledge that is built on personal experiences and contextual situations""', 'node_name': 'Complexity of tacit knowledge', 'category': 'Limitation', 'node_id': 'c109M02N47'}), 'dst_node': {'evidence_statement': '""SMEs encounter difficulties in this process due to the lack of resources and the complexity of tacit knowledge that is built on personal experiences and contextual situations""', 'node_name': 'Complexity of tacit knowledge', 'category': 'Limitation', 'node_id': 'c109M02N47'}, 'src_node': {'evidence_statement': '""Methods like job shadowing, mentor programs, and observational learning also aid in knowledge transfer from tacit employees""', 'node_name': 'Mentoring/shadowing programs', 'category': 'Traditional Human-central Practice', 'node_id': 'c109M02N14'}}]}, {'l': {'evidence_statement': '""SMEs operating in the industry experience peculiar challenges common to their line of business, including limited resources, skill shortages, and regulatory pressures""', 'node_name': 'Resource constraints', 'category': 'Limitation', 'node_id': 'c109M02N49'}, 'constrainedBy': [{'rel': ({'evidence_statement': '""Methods like job shadowing, mentor programs, and observational learning also aid in knowledge transfer from tacit employees""', 'node_name': 'Mentoring/shadowing programs', 'category': 'Traditional Human-central Practice', 'node_id': 'c109M02N14'}, 'be_constrained_by', {'evidence_statement': '""SMEs operating in the industry experience peculiar challenges common to their line of business, including limited resources, skill shortages, and regulatory pressures""', 'node_name': 'Resource constraints', 'category': 'Limitation', 'node_id': 'c109M02N49'}), 'dst_node': {'evidence_statement': '""SMEs operating in the industry experience peculiar challenges common to their line of business, including limited resources, skill shortages, and regulatory pressures""', 'node_name': 'Resource constraints', 'category': 'Limitation', 'node_id': 'c109M02N49'}, 'src_node': {'evidence_statement': '""Methods like job shadowing, mentor programs, and observational learning also aid in knowledge transfer from tacit employees""', 'node_name': 'Mentoring/shadowing programs', 'category': 'Traditional Human-central Practice', 'node_id': 'c109M02N14'}}]}, {'l': {'evidence_statement': '""SMEs operating in the industry experience peculiar challenges common to their line of business, including limited resources, skill shortages, and regulatory pressures""', 'node_name': 'Skill shortages', 'category': 'Limitation', 'node_id': 'c109M02N50'}, 'constrainedBy': [{'rel': ({'evidence_statement': '""Methods like job shadowing, mentor programs, and observational learning also aid in knowledge transfer from tacit employees""', 'node_name': 'Mentoring/shadowing programs', 'category': 'Traditional Human-central Practice', 'node_id': 'c109M02N14'}, 'be_constrained_by', {'evidence_statement': '""SMEs operating in the industry experience peculiar challenges common to their line of business, including limited resources, skill shortages, and regulatory pressures""', 'node_name': 'Skill shortages', 'category': 'Limitation', 'node_id': 'c109M02N50'}), 'dst_node': {'evidence_statement': '""SMEs operating in the industry experience peculiar challenges common to their line of business, including limited resources, skill shortages, and regulatory pressures""', 'node_name': 'Skill shortages', 'category': 'Limitation', 'node_id': 'c109M02N50'}, 'src_node': {'evidence_statement': '""Methods like job shadowing, mentor programs, and observational learning also aid in knowledge transfer from tacit employees""', 'node_name': 'Mentoring/shadowing programs', 'category': 'Traditional Human-central Practice', 'node_id': 'c109M02N14'}}]}]"
c109DS05Q03,"What inherent vulnerability, shortcoming, or failure points the knowledge retention practices face?",Which limitations the technology-enable practices resolve or at least mitigate the traditional human-central practices have faced?,2,"MATCH (p:TechnologyenablePractice)-[r:mitigate]->(l:Limitation)
WITH l, COLLECT({src_node:p, rel: r, dst_node: l}) AS mitigates
OPTIONAL MATCH (l)-[r:be_constrained_by]-(t:TraditionalHumancentralPractice)
WITH l, mitigates, COLLECT({src_node:l, rel: r, dst_node: t}) AS constrainedBy
RETURN DISTINCT l,mitigates,constrainedBy","AI-powered collaboration tools and AI-based knowledge management solutions mitigate limitations such as knowledge embedded in individuals' minds, difficulty expressing or replicating tacit knowledge, difficulty formalizing, recognizing, accessing, and communicating tacit knowledge, knowledge hoarding, and complexity of tacit knowledge.","[{'l': {'evidence_statement': 'The paper states that much valuable knowledge remains elusive because it is embedded in the minds of individuals.', 'node_name': 'knowledge embedded in individuals’ minds', 'category': 'Limitation', 'node_id': 'c109M01N20'}, 'mitigates': [{'rel': ({'evidence_statement': 'The paper states that Canadian SMEs leverage AI-powered collaboration tools to formalize and codify tacit knowledge.', 'node_name': 'AI-powered collaboration tools', 'category': 'Technology-enable Practice', 'node_id': 'c109M01N13'}, 'mitigate', {'evidence_statement': 'The paper states that much valuable knowledge remains elusive because it is embedded in the minds of individuals.', 'node_name': 'knowledge embedded in individuals’ minds', 'category': 'Limitation', 'node_id': 'c109M01N20'}), 'dst_node': {'evidence_statement': 'The paper states that much valuable knowledge remains elusive because it is embedded in the minds of individuals.', 'node_name': 'knowledge embedded in individuals’ minds', 'category': 'Limitation', 'node_id': 'c109M01N20'}, 'src_node': {'evidence_statement': 'The paper states that Canadian SMEs leverage AI-powered collaboration tools to formalize and codify tacit knowledge.', 'node_name': 'AI-powered collaboration tools', 'category': 'Technology-enable Practice', 'node_id': 'c109M01N13'}}, {'rel': ({'evidence_statement': 'The paper states that UAE SMEs exploit AI-based informal knowledge sharing systems in their high-context, collectivist setting.', 'node_name': 'AI-based informal knowledge sharing systems', 'category': 'Technology-enable Practice', 'node_id': 'c109M01N14'}, 'mitigate', {'evidence_statement': 'The paper states that much valuable knowledge remains elusive because it is embedded in the minds of individuals.', 'node_name': 'knowledge embedded in individuals’ minds', 'category': 'Limitation', 'node_id': 'c109M01N20'}), 'dst_node': {'evidence_statement': 'The paper states that much valuable knowledge remains elusive because it is embedded in the minds of individuals.', 'node_name': 'knowledge embedded in individuals’ minds', 'category': 'Limitation', 'node_id': 'c109M01N20'}, 'src_node': {'evidence_statement': 'The paper states that UAE SMEs exploit AI-based informal knowledge sharing systems in their high-context, collectivist setting.', 'node_name': 'AI-based informal knowledge sharing systems', 'category': 'Technology-enable Practice', 'node_id': 'c109M01N14'}}, {'rel': ({'evidence_statement': 'The paper describes AI-based knowledge management solutions in UAE manufacturing SMEs as storing and retrieving practices and supporting capture of tacit knowledge concerning energy-efficient activities.', 'node_name': 'AI-based knowledge management solutions', 'category': 'Technology-enable Practice', 'node_id': 'c109M01N15'}, 'mitigate', {'evidence_statement': 'The paper states that much valuable knowledge remains elusive because it is embedded in the minds of individuals.', 'node_name': 'knowledge embedded in individuals’ minds', 'category': 'Limitation', 'node_id': 'c109M01N20'}), 'dst_node': {'evidence_statement': 'The paper states that much valuable knowledge remains elusive because it is embedded in the minds of individuals.', 'node_name': 'knowledge embedded in individuals’ minds', 'category': 'Limitation', 'node_id': 'c109M01N20'}, 'src_node': {'evidence_statement': 'The paper describes AI-based knowledge management solutions in UAE manufacturing SMEs as storing and retrieving practices and supporting capture of tacit knowledge concerning energy-efficient activities.', 'node_name': 'AI-based knowledge management solutions', 'category': 'Technology-enable Practice', 'node_id': 'c109M01N15'}}], 'constrainedBy': [{'rel': None, 'dst_node': None, 'src_node': {'evidence_statement': 'The paper states that much valuable knowledge remains elusive because it is embedded in the minds of individuals.', 'node_name': 'knowledge embedded in individuals’ minds', 'category': 'Limitation', 'node_id': 'c109M01N20'}}]}, {'l': {'evidence_statement': 'Tacit knowledge rooted in experience, skills, and expertise is described as challenging to express or replicate.', 'node_name': 'difficulty expressing or replicating tacit knowledge', 'category': 'Limitation', 'node_id': 'c109M01N21'}, 'mitigates': [{'rel': ({'evidence_statement': 'The paper states that Canadian SMEs leverage AI-powered collaboration tools to formalize and codify tacit knowledge.', 'node_name': 'AI-powered collaboration tools', 'category': 'Technology-enable Practice', 'node_id': 'c109M01N13'}, 'mitigate', {'evidence_statement': 'Tacit knowledge rooted in experience, skills, and expertise is described as challenging to express or replicate.', 'node_name': 'difficulty expressing or replicating tacit knowledge', 'category': 'Limitation', 'node_id': 'c109M01N21'}), 'dst_node': {'evidence_statement': 'Tacit knowledge rooted in experience, skills, and expertise is described as challenging to express or replicate.', 'node_name': 'difficulty expressing or replicating tacit knowledge', 'category': 'Limitation', 'node_id': 'c109M01N21'}, 'src_node': {'evidence_statement': 'The paper states that Canadian SMEs leverage AI-powered collaboration tools to formalize and codify tacit knowledge.', 'node_name': 'AI-powered collaboration tools', 'category': 'Technology-enable Practice', 'node_id': 'c109M01N13'}}, {'rel': ({'evidence_statement': 'The paper describes AI-based knowledge management solutions in UAE manufacturing SMEs as storing and retrieving practices and supporting capture of tacit knowledge concerning energy-efficient activities.', 'node_name': 'AI-based knowledge management solutions', 'category': 'Technology-enable Practice', 'node_id': 'c109M01N15'}, 'mitigate', {'evidence_statement': 'Tacit knowledge rooted in experience, skills, and expertise is described as challenging to express or replicate.', 'node_name': 'difficulty expressing or replicating tacit knowledge', 'category': 'Limitation', 'node_id': 'c109M01N21'}), 'dst_node': {'evidence_statement': 'Tacit knowledge rooted in experience, skills, and expertise is described as challenging to express or replicate.', 'node_name': 'difficulty expressing or replicating tacit knowledge', 'category': 'Limitation', 'node_id': 'c109M01N21'}, 'src_node': {'evidence_statement': 'The paper describes AI-based knowledge management solutions in UAE manufacturing SMEs as storing and retrieving practices and supporting capture of tacit knowledge concerning energy-efficient activities.', 'node_name': 'AI-based knowledge management solutions', 'category': 'Technology-enable Practice', 'node_id': 'c109M01N15'}}], 'constrainedBy': [{'rel': ({'evidence_statement': 'The paper states that tacit knowledge sharing occurs formally through training or conferences.', 'node_name': 'training', 'category': 'Traditional Human-central Practice', 'node_id': 'c109M01N10'}, 'be_constrained_by', {'evidence_statement': 'Tacit knowledge rooted in experience, skills, and expertise is described as challenging to express or replicate.', 'node_name': 'difficulty expressing or replicating tacit knowledge', 'category': 'Limitation', 'node_id': 'c109M01N21'}), 'dst_node': {'evidence_statement': 'The paper states that tacit knowledge sharing occurs formally through training or conferences.', 'node_name': 'training', 'category': 'Traditional Human-central Practice', 'node_id': 'c109M01N10'}, 'src_node': {'evidence_statement': 'Tacit knowledge rooted in experience, skills, and expertise is described as challenging to express or replicate.', 'node_name': 'difficulty expressing or replicating tacit knowledge', 'category': 'Limitation', 'node_id': 'c109M01N21'}}, {'rel': ({'evidence_statement': 'The paper states that tacit knowledge sharing occurs formally through training or conferences.', 'node_name': 'conferences', 'category': 'Traditional Human-central Practice', 'node_id': 'c109M01N11'}, 'be_constrained_by', {'evidence_statement': 'Tacit knowledge rooted in experience, skills, and expertise is described as challenging to express or replicate.', 'node_name': 'difficulty expressing or replicating tacit knowledge', 'category': 'Limitation', 'node_id': 'c109M01N21'}), 'dst_node': {'evidence_statement': 'The paper states that tacit knowledge sharing occurs formally through training or conferences.', 'node_name': 'conferences', 'category': 'Traditional Human-central Practice', 'node_id': 'c109M01N11'}, 'src_node': {'evidence_statement': 'Tacit knowledge rooted in experience, skills, and expertise is described as challenging to express or replicate.', 'node_name': 'difficulty expressing or replicating tacit knowledge', 'category': 'Limitation', 'node_id': 'c109M01N21'}}]}, {'l': {'evidence_statement': 'Because tacit knowledge is inherent in action, situated in practical experience, and influenced by individual judgment, the paper says it is difficult to formalize, recognize, access, and communicate.', 'node_name': 'difficulty formalizing, recognizing, accessing, and communicating tacit knowledge', 'category': 'Limitation', 'node_id': 'c109M01N22'}, 'mitigates': [{'rel': ({'evidence_statement': 'The paper states that Canadian SMEs leverage AI-powered collaboration tools to formalize and codify tacit knowledge.', 'node_name': 'AI-powered collaboration tools', 'category': 'Technology-enable Practice', 'node_id': 'c109M01N13'}, 'mitigate', {'evidence_statement': 'Because tacit knowledge is inherent in action, situated in practical experience, and influenced by individual judgment, the paper says it is difficult to formalize, recognize, access, and communicate.', 'node_name': 'difficulty formalizing, recognizing, accessing, and communicating tacit knowledge', 'category': 'Limitation', 'node_id': 'c109M01N22'}), 'dst_node': {'evidence_statement': 'Because tacit knowledge is inherent in action, situated in practical experience, and influenced by individual judgment, the paper says it is difficult to formalize, recognize, access, and communicate.', 'node_name': 'difficulty formalizing, recognizing, accessing, and communicating tacit knowledge', 'category': 'Limitation', 'node_id': 'c109M01N22'}, 'src_node': {'evidence_statement': 'The paper states that Canadian SMEs leverage AI-powered collaboration tools to formalize and codify tacit knowledge.', 'node_name': 'AI-powered collaboration tools', 'category': 'Technology-enable Practice', 'node_id': 'c109M01N13'}}, {'rel': ({'evidence_statement': 'The paper describes AI-based knowledge management solutions in UAE manufacturing SMEs as storing and retrieving practices and supporting capture of tacit knowledge concerning energy-efficient activities.', 'node_name': 'AI-based knowledge management solutions', 'category': 'Technology-enable Practice', 'node_id': 'c109M01N15'}, 'mitigate', {'evidence_statement': 'Because tacit knowledge is inherent in action, situated in practical experience, and influenced by individual judgment, the paper says it is difficult to formalize, recognize, access, and communicate.', 'node_name': 'difficulty formalizing, recognizing, accessing, and communicating tacit knowledge', 'category': 'Limitation', 'node_id': 'c109M01N22'}), 'dst_node': {'evidence_statement': 'Because tacit knowledge is inherent in action, situated in practical experience, and influenced by individual judgment, the paper says it is difficult to formalize, recognize, access, and communicate.', 'node_name': 'difficulty formalizing, recognizing, accessing, and communicating tacit knowledge', 'category': 'Limitation', 'node_id': 'c109M01N22'}, 'src_node': {'evidence_statement': 'The paper describes AI-based knowledge management solutions in UAE manufacturing SMEs as storing and retrieving practices and supporting capture of tacit knowledge concerning energy-efficient activities.', 'node_name': 'AI-based knowledge management solutions', 'category': 'Technology-enable Practice', 'node_id': 'c109M01N15'}}], 'constrainedBy': [{'rel': ({'evidence_statement': 'The paper states that tacit knowledge is primarily acquired through social interaction, communication, and observation and is also shared informally through social interactions.', 'node_name': 'social interaction', 'category': 'Traditional Human-central Practice', 'node_id': 'c109M01N07'}, 'be_constrained_by', {'evidence_statement': 'Because tacit knowledge is inherent in action, situated in practical experience, and influenced by individual judgment, the paper says it is difficult to formalize, recognize, access, and communicate.', 'node_name': 'difficulty formalizing, recognizing, accessing, and communicating tacit knowledge', 'category': 'Limitation', 'node_id': 'c109M01N22'}), 'dst_node': {'evidence_statement': 'The paper states that tacit knowledge is primarily acquired through social interaction, communication, and observation and is also shared informally through social interactions.', 'node_name': 'social interaction', 'category': 'Traditional Human-central Practice', 'node_id': 'c109M01N07'}, 'src_node': {'evidence_statement': 'Because tacit knowledge is inherent in action, situated in practical experience, and influenced by individual judgment, the paper says it is difficult to formalize, recognize, access, and communicate.', 'node_name': 'difficulty formalizing, recognizing, accessing, and communicating tacit knowledge', 'category': 'Limitation', 'node_id': 'c109M01N22'}}, {'rel': ({'evidence_statement': 'Communication is identified as one of the principal means through which tacit knowledge is acquired.', 'node_name': 'communication', 'category': 'Traditional Human-central Practice', 'node_id': 'c109M01N08'}, 'be_constrained_by', {'evidence_statement': 'Because tacit knowledge is inherent in action, situated in practical experience, and influenced by individual judgment, the paper says it is difficult to formalize, recognize, access, and communicate.', 'node_name': 'difficulty formalizing, recognizing, accessing, and communicating tacit knowledge', 'category': 'Limitation', 'node_id': 'c109M01N22'}), 'dst_node': {'evidence_statement': 'Communication is identified as one of the principal means through which tacit knowledge is acquired.', 'node_name': 'communication', 'category': 'Traditional Human-central Practice', 'node_id': 'c109M01N08'}, 'src_node': {'evidence_statement': 'Because tacit knowledge is inherent in action, situated in practical experience, and influenced by individual judgment, the paper says it is difficult to formalize, recognize, access, and communicate.', 'node_name': 'difficulty formalizing, recognizing, accessing, and communicating tacit knowledge', 'category': 'Limitation', 'node_id': 'c109M01N22'}}, {'rel': ({'evidence_statement': 'The paper states that tacit knowledge sharing occurs informally through task groups and social interactions.', 'node_name': 'task groups', 'category': 'Traditional Human-central Practice', 'node_id': 'c109M01N12'}, 'be_constrained_by', {'evidence_statement': 'Because tacit knowledge is inherent in action, situated in practical experience, and influenced by individual judgment, the paper says it is difficult to formalize, recognize, access, and communicate.', 'node_name': 'difficulty formalizing, recognizing, accessing, and communicating tacit knowledge', 'category': 'Limitation', 'node_id': 'c109M01N22'}), 'dst_node': {'evidence_statement': 'The paper states that tacit knowledge sharing occurs informally through task groups and social interactions.', 'node_name': 'task groups', 'category': 'Traditional Human-central Practice', 'node_id': 'c109M01N12'}, 'src_node': {'evidence_statement': 'Because tacit knowledge is inherent in action, situated in practical experience, and influenced by individual judgment, the paper says it is difficult to formalize, recognize, access, and communicate.', 'node_name': 'difficulty formalizing, recognizing, accessing, and communicating tacit knowledge', 'category': 'Limitation', 'node_id': 'c109M01N22'}}]}, {'l': {'evidence_statement': '""Addressing obstacles such as knowledge hoarding and communication lapses can only be achieved by the creation of a culture of knowledge-sharing""', 'node_name': 'Knowledge hoarding', 'category': 'Limitation', 'node_id': 'c109M02N45'}, 'mitigates': [{'rel': ({'evidence_statement': 'The paper describes AI-based knowledge management solutions in UAE manufacturing SMEs as storing and retrieving practices and supporting capture of tacit knowledge concerning energy-efficient activities.', 'node_name': 'AI-based knowledge management solutions', 'category': 'Technology-enable Practice', 'node_id': 'c109M01N15'}, 'mitigate', {'evidence_statement': '""Addressing obstacles such as knowledge hoarding and communication lapses can only be achieved by the creation of a culture of knowledge-sharing""', 'node_name': 'Knowledge hoarding', 'category': 'Limitation', 'node_id': 'c109M02N45'}), 'dst_node': {'evidence_statement': '""Addressing obstacles such as knowledge hoarding and communication lapses can only be achieved by the creation of a culture of knowledge-sharing""', 'node_name': 'Knowledge hoarding', 'category': 'Limitation', 'node_id': 'c109M02N45'}, 'src_node': {'evidence_statement': 'The paper describes AI-based knowledge management solutions in UAE manufacturing SMEs as storing and retrieving practices and supporting capture of tacit knowledge concerning energy-efficient activities.', 'node_name': 'AI-based knowledge management solutions', 'category': 'Technology-enable Practice', 'node_id': 'c109M01N15'}}], 'constrainedBy': [{'rel': None, 'dst_node': None, 'src_node': {'evidence_statement': '""Addressing obstacles such as knowledge hoarding and communication lapses can only be achieved by the creation of a culture of knowledge-sharing""', 'node_name': 'Knowledge hoarding', 'category': 'Limitation', 'node_id': 'c109M02N45'}}]}, {'l': {'evidence_statement': '""SMEs encounter difficulties in this process due to the lack of resources and the complexity of tacit knowledge that is built on personal experiences and contextual situations""', 'node_name': 'Complexity of tacit knowledge', 'category': 'Limitation', 'node_id': 'c109M02N47'}, 'mitigates': [{'rel': ({'evidence_statement': 'The paper describes AI-based knowledge management solutions in UAE manufacturing SMEs as storing and retrieving practices and supporting capture of tacit knowledge concerning energy-efficient activities.', 'node_name': 'AI-based knowledge management solutions', 'category': 'Technology-enable Practice', 'node_id': 'c109M01N15'}, 'mitigate', {'evidence_statement': '""SMEs encounter difficulties in this process due to the lack of resources and the complexity of tacit knowledge that is built on personal experiences and contextual situations""', 'node_name': 'Complexity of tacit knowledge', 'category': 'Limitation', 'node_id': 'c109M02N47'}), 'dst_node': {'evidence_statement': '""SMEs encounter difficulties in this process due to the lack of resources and the complexity of tacit knowledge that is built on personal experiences and contextual situations""', 'node_name': 'Complexity of tacit knowledge', 'category': 'Limitation', 'node_id': 'c109M02N47'}, 'src_node': {'evidence_statement': 'The paper describes AI-based knowledge management solutions in UAE manufacturing SMEs as storing and retrieving practices and supporting capture of tacit knowledge concerning energy-efficient activities.', 'node_name': 'AI-based knowledge management solutions', 'category': 'Technology-enable Practice', 'node_id': 'c109M01N15'}}], 'constrainedBy': [{'rel': ({'evidence_statement': '""Methods like job shadowing, mentor programs, and observational learning also aid in knowledge transfer from tacit employees""', 'node_name': 'Mentoring/shadowing programs', 'category': 'Traditional Human-central Practice', 'node_id': 'c109M02N14'}, 'be_constrained_by', {'evidence_statement': '""SMEs encounter difficulties in this process due to the lack of resources and the complexity of tacit knowledge that is built on personal experiences and contextual situations""', 'node_name': 'Complexity of tacit knowledge', 'category': 'Limitation', 'node_id': 'c109M02N47'}), 'dst_node': {'evidence_statement': '""Methods like job shadowing, mentor programs, and observational learning also aid in knowledge transfer from tacit employees""', 'node_name': 'Mentoring/shadowing programs', 'category': 'Traditional Human-central Practice', 'node_id': 'c109M02N14'}, 'src_node': {'evidence_statement': '""SMEs encounter difficulties in this process due to the lack of resources and the complexity of tacit knowledge that is built on personal experiences and contextual situations""', 'node_name': 'Complexity of tacit knowledge', 'category': 'Limitation', 'node_id': 'c109M02N47'}}]}]"
