ID,Object,Question,Weight,Cypher,Answer,Evidence
c126DS01Q01,Tacit knowledge,which tacit knowledge elements are described?,1,"MATCH (tk:TacitKnowledge)
RETURN DISTINCT tk","internally accumulated blockchain expertise, experience, and insights; blockchain implementation and operational skills; BT Usage Expertise","[{'tk': {'evidence_statement': 'Internal knowledge encompasses collective expertise, experience, and insights accumulated within the firm and supports adaptation of BT to existing workflows.', 'node_name': 'internally accumulated blockchain expertise, experience, and insights', 'category': 'Tacit Knowledge', 'node_id': 'c126M01N06'}}, {'tk': {'evidence_statement': 'Internal knowledge integration ensures that the workforce gains the knowledge and skills necessary to implement and work with BT.', 'node_name': 'blockchain implementation and operational skills', 'category': 'Tacit Knowledge', 'node_id': 'c126M01N07'}}, {'tk': {'evidence_statement': 'Internal knowledge encompasses the collective expertise, experience, and insights accumulated within the firm', 'node_name': 'BT Usage Expertise', 'category': 'Tacit Knowledge', 'node_id': 'c126M02N28'}}]"
c126DS01Q02,Knowledge Holder,Which knowledge holders are described?,2,"MATCH (kh:KnowledgeHolder)
RETURN DISTINCT kh","Manufacturing Firms, blockchain industry experts, IT Firms","[{'kh': {'evidence_statement': 'Manufacturing firms are characterized by tangible product outputs and complex supply chain networks', 'node_name': 'Manufacturing Firms', 'category': 'Knowledge Holder', 'node_id': 'c126M02N10'}}, {'kh': {'evidence_statement': 'Industry experts are identified as external sources of BT-related knowledge.', 'node_name': 'blockchain industry experts', 'category': 'Knowledge Holder', 'node_id': 'c126M01N08'}}, {'kh': {'evidence_statement': 'IT firms typically focus on intangible products and services and operate in a rapidly evolving digital landscape', 'node_name': 'IT Firms', 'category': 'Knowledge Holder', 'node_id': 'c126M02N11'}}]"
c126DS01Q03,Traditional Human-centred Practices,Which traditional human-centred practice elements are described?,2,"MATCH (t:TraditionalHumancentralPractice)
RETURN DISTINCT t","Internal knowledge integration, external knowledge acquisition, blockchain professional association membership, blockchain workshops and conferences, subscription to blockchain application literature, external acquisition of blockchain knowledge, internal integration of blockchain knowledge, cross-departmental sharing of blockchain insights.","[{'t': {'evidence_statement': 'Internal knowledge integration refers to the process of combining and synthesizing knowledge within the firm', 'node_name': 'Internal Knowledge Integration', 'category': 'Traditional Human-central Practice', 'node_id': 'c126M02N02'}}, {'t': {'evidence_statement': 'External knowledge acquisition involves the process of sourcing information, skills, and technologies from outside the firm', 'node_name': 'External Knowledge Acquisition', 'category': 'Traditional Human-central Practice', 'node_id': 'c126M02N01'}}, {'t': {'evidence_statement': 'Professional-association membership keeps the company updated on the latest applications and trends in BT.', 'node_name': 'blockchain professional association membership', 'category': 'Traditional Human-central Practice', 'node_id': 'c126M01N13'}}, {'t': {'evidence_statement': 'Companies participate in BT-related workshops and conferences to gain implementation insights.', 'node_name': 'blockchain workshops and conferences', 'category': 'Traditional Human-central Practice', 'node_id': 'c126M01N14'}}, {'t': {'evidence_statement': 'Companies subscribe to literature that helps them understand the latest BT applications.', 'node_name': 'subscription to blockchain application literature', 'category': 'Traditional Human-central Practice', 'node_id': 'c126M01N15'}}, {'t': {'evidence_statement': 'Firms obtain BT-related knowledge from industry experts, consultants, academic institutions, and professional networks.', 'node_name': 'external acquisition of blockchain knowledge', 'category': 'Traditional Human-central Practice', 'node_id': 'c126M01N16'}}, {'t': {'evidence_statement': 'Internal knowledge integration combines and synthesizes knowledge within the firm and ensures that the workforce gains knowledge and skills for BT.', 'node_name': 'internal integration of blockchain knowledge', 'category': 'Traditional Human-central Practice', 'node_id': 'c126M01N17'}}, {'t': {'evidence_statement': 'Internal knowledge integration facilitates collaboration and communication among teams and departments, while employees with diverse BT expertise share their insights.', 'node_name': 'cross-departmental sharing of blockchain insights', 'category': 'Traditional Human-central Practice', 'node_id': 'c126M01N32'}}]"
c126DS01Q04,technology-enable Practice,Which technology‑enable practices have been described?,1,"MATCH (p:TechnologyenablePractice)
RETURN DISTINCT p","The technology-enable practices described include blockchain-enabled contract execution and automatic payments, blockchain-enabled development of new services or products, blockchain-enabled creation of new market opportunities, blockchain-enabled supply-chain tracking and product verification, BT exploitation, BT exploration, BT exploitation for existing business processes, BT exploration for new applications and business models, and blockchain-enabled transaction transparency.","[{'p': {'evidence_statement': 'The BT exploitation measure asks the extent to which a company uses BT to optimize contract execution processes and automatic payment mechanisms.', 'node_name': 'blockchain-enabled contract execution and automatic payments', 'category': 'Technology-enable Practice', 'node_id': 'c126M01N35'}}, {'p': {'evidence_statement': 'The BT exploration measure asks the extent to which a company uses BT to enhance the development of new services or products.', 'node_name': 'blockchain-enabled development of new services or products', 'category': 'Technology-enable Practice', 'node_id': 'c126M01N37'}}, {'p': {'evidence_statement': 'The BT exploration measure asks the extent to which a company uses BT to create new market opportunities.', 'node_name': 'blockchain-enabled creation of new market opportunities', 'category': 'Technology-enable Practice', 'node_id': 'c126M01N38'}}, {'p': {'evidence_statement': 'The BT exploitation measure asks the extent to which a company uses BT to improve the accuracy and reliability of supply-chain tracking and product verification.', 'node_name': 'blockchain-enabled supply-chain tracking and product verification', 'category': 'Technology-enable Practice', 'node_id': 'c126M01N34'}}, {'p': {'evidence_statement': 'BT exploitation refers to leveraging BT to enhance existing processes, improve efficiency, and achieve incremental innovation', 'node_name': 'BT Exploitation', 'category': 'Technology-enable Practice', 'node_id': 'c126M02N03'}}, {'p': {'evidence_statement': 'BT exploration entails experimenting with BT to discover new opportunities, engage in radical innovation, and transform business models', 'node_name': 'BT Exploration', 'category': 'Technology-enable Practice', 'node_id': 'c126M02N04'}}, {'p': {'evidence_statement': 'BT exploitation leverages blockchain to enhance existing processes, improve efficiency, and achieve incremental innovation; sampled firms reported the extent of such use.', 'node_name': 'BT exploitation for existing business processes', 'category': 'Technology-enable Practice', 'node_id': 'c126M01N22'}}, {'p': {'evidence_statement': 'BT exploration entails experimenting with blockchain to discover opportunities, create products or services, and transform business models; sampled firms reported the extent of such use.', 'node_name': 'BT exploration for new applications and business models', 'category': 'Technology-enable Practice', 'node_id': 'c126M01N23'}}, {'p': {'evidence_statement': 'The BT exploitation measure asks the extent to which a company uses BT to enhance the transparency of transaction processing and management.', 'node_name': 'blockchain-enabled transaction transparency', 'category': 'Technology-enable Practice', 'node_id': 'c126M01N33'}}]"
c126DS01Q05,Digital Technology,Which digital technology elements have been described?,1,"MATCH (dt:DigitalTechnology)
RETURN DISTINCT dt",blockchain technology (BT),"[{'dt': {'evidence_statement': 'Only firms affirmatively reporting BT use, investment, and dedicated internal or external BT support were included in the sample.', 'node_name': 'blockchain technology (BT)', 'category': 'Digital Technology', 'node_id': 'c126M01N24'}}]"
c126DS01Q06,Organizational Dependency,Which organizational dependencies are stated as necessary for technology-enable practices?,2,"MATCH (od:OrganizationalDependency)
RETURN DISTINCT od",Not Mentioned,"[{'od': {'evidence_statement': ""Successful BT implementation depends on the organization's ability to adapt to and learn from the technology."", 'node_name': 'organizational capacity to adapt to and learn from blockchain technology', 'category': 'Organizational Dependency', 'node_id': 'c126M01N25'}}, {'od': {'evidence_statement': 'Only firms affirmatively reporting investment in BT during the previous year were retained in the adopted-BT sample.', 'node_name': 'organizational investment in blockchain technology during the previous year', 'category': 'Organizational Dependency', 'node_id': 'c126M01N27'}}, {'od': {'evidence_statement': 'Eligible firms had either a dedicated R&D team or external supplier partners providing BT support.', 'node_name': 'availability of blockchain implementation support', 'category': 'Organizational Dependency', 'node_id': 'c126M01N28'}}, {'od': {'evidence_statement': ""As knowledge and experiences related to BT are documented and stored, they become part of the firm's collective intelligence"", 'node_name': 'Organizational Memory', 'category': 'Organizational Dependency', 'node_id': 'c126M02N19'}}, {'od': {'evidence_statement': 'When internal knowledge is effectively integrated, it facilitates collaboration and communication among different teams and departments', 'node_name': 'Cross-departmental Collaboration', 'category': 'Organizational Dependency', 'node_id': 'c126M02N20'}}]"
c126DS01Q07,Environment Dependency,Which external factors affect the implementation of technology-enable practices?,2,"MATCH (d:EnvironmentalDependency)
RETURN DISTINCT d",External factors include access to external blockchain knowledge sources and access to current blockchain regulatory developments.,"[{'d': {'evidence_statement': 'Firms obtain BT-related knowledge from external sources such as industry experts, consultants, academic institutions, and professional networks.', 'node_name': 'access to external blockchain knowledge sources', 'category': 'Environmental Dependency', 'node_id': 'c126M01N29'}}, {'d': {'evidence_statement': 'External blockchain knowledge helps firms address regulatory compliance risks by remaining informed about regulatory developments.', 'node_name': 'access to current blockchain regulatory developments', 'category': 'Environmental Dependency', 'node_id': 'c126M01N30'}}]"
c126DS01Q08,Limitation,Which limitations are been described,1,"MATCH (l:Limitation)
RETURN DISTINCT l","The limitations described include difficulty applying blockchain-related knowledge effectively, high initial adoption costs, need for significant technological expertise, integration with existing systems, regulatory and legal uncertainties, data privacy and security concerns, knowledge silos, and high uncertainty in innovation.","[{'l': {'evidence_statement': 'Without internal knowledge integration, firms may struggle to apply BT-related knowledge effectively.', 'node_name': 'difficulty applying blockchain-related knowledge effectively', 'category': 'Limitation', 'node_id': 'c126M01N21'}}, {'l': {'evidence_statement': 'Firms frequently encounter challenges such as high initial adoption costs', 'node_name': 'High Initial Adoption Costs', 'category': 'Limitation', 'node_id': 'c126M02N21'}}, {'l': {'evidence_statement': 'The need for significant technological expertise challenges BT adoption', 'node_name': 'Need for Significant Technological Expertise', 'category': 'Limitation', 'node_id': 'c126M02N22'}}, {'l': {'evidence_statement': 'Integration with existing systems and processes is a challenge for BT adoption', 'node_name': 'Integration with Existing Systems', 'category': 'Limitation', 'node_id': 'c126M02N23'}}, {'l': {'evidence_statement': 'Regulatory and legal uncertainties surrounding BT usage complicate adoption', 'node_name': 'Regulatory and Legal Uncertainties', 'category': 'Limitation', 'node_id': 'c126M02N24'}}, {'l': {'evidence_statement': 'Concerns regarding data privacy and security further complicate the adoption process', 'node_name': 'Data Privacy and Security Concerns', 'category': 'Limitation', 'node_id': 'c126M02N25'}}, {'l': {'evidence_statement': 'When a firm effectively integrates internal knowledge, it can ensure that the insights gained from external knowledge are not siloed', 'node_name': 'Knowledge Silos', 'category': 'Limitation', 'node_id': 'c126M02N26'}}, {'l': {'evidence_statement': 'Exploratory phase is accompanied by uncertainty surrounding the viability of new technologies and high failure rates in innovative projects', 'node_name': 'High Uncertainty in Innovation', 'category': 'Limitation', 'node_id': 'c126M02N27'}}]"
c126DS01Q09,be_shared_by,Which tacit knowledge  is shared by knowledge holders?,2,"MATCH (tk:TacitKnowledge)-[r:be_shared_by]->(kh:KnowledgeHolder)
WITH COLLECT({src_node:tk, rel: r, dst_node: kh}) AS obj
RETURN DISTINCT obj",Not Mentioned,[{'obj': []}]
c126DS01Q10,be_absorbed_by,which tacit knowledge is absorbed by knowledge learners?,2,"MATCH (tk:TacitKnowledge)-[r:be_absorbed_by]-(kl:KnowledgeLearner)
WITH COLLECT({src_node:tk, rel: r, dst_node: kl}) AS obj
RETURN DISTINCT obj",BT Usage Expertise,"[{'obj': [{'rel': ({'evidence_statement': 'Internal knowledge encompasses the collective expertise, experience, and insights accumulated within the firm', 'node_name': 'BT Usage Expertise', 'category': 'Tacit Knowledge', 'node_id': 'c126M02N28'}, 'be_absorbed_by', {'evidence_statement': 'Internal knowledge integration captures how firms ensure the workforce gains the necessary knowledge and skills to implement and work with BT', 'node_name': 'Employees', 'category': 'Knowledge Learner', 'node_id': 'c126M02N16'}), 'dst_node': {'evidence_statement': 'Internal knowledge integration captures how firms ensure the workforce gains the necessary knowledge and skills to implement and work with BT', 'node_name': 'Employees', 'category': 'Knowledge Learner', 'node_id': 'c126M02N16'}, 'src_node': {'evidence_statement': 'Internal knowledge encompasses the collective expertise, experience, and insights accumulated within the firm', 'node_name': 'BT Usage Expertise', 'category': 'Tacit Knowledge', 'node_id': 'c126M02N28'}}]}]"
c126DS01Q11,be_captured_by,which tacit knowledge is captured by technology-enable practices?,2,"MATCH (tk:TacitKnowledge)-[r:be_captured_by]-(tep:TechnologyenablePractice)
WITH COLLECT({src_node:tk, rel: r, dst_node: tep}) AS obj
RETURN DISTINCT obj",Not Mentioned,[{'obj': []}]
c126DS01Q12,participate_in,Which knowledge holders or knowledge learners take part in knowledge retention practices?,2,"MATCH (k:KnowledgeHolder|KnowledgeLearner)-[r:participate_in]->(p:TechnologyenablePractice)
WITH COLLECT({src_node:k, rel: r, dst_node: p}) AS obj
RETURN DISTINCT obj",Not Mentioned,"[{'obj': [{'rel': ({'evidence_statement': 'Manufacturing firms are characterized by tangible product outputs and complex supply chain networks', 'node_name': 'Manufacturing Firms', 'category': 'Knowledge Holder', 'node_id': 'c126M02N10'}, 'participate_in', {'evidence_statement': 'BT exploitation refers to leveraging BT to enhance existing processes, improve efficiency, and achieve incremental innovation', 'node_name': 'BT Exploitation', 'category': 'Technology-enable Practice', 'node_id': 'c126M02N03'}), 'dst_node': {'evidence_statement': 'BT exploitation refers to leveraging BT to enhance existing processes, improve efficiency, and achieve incremental innovation', 'node_name': 'BT Exploitation', 'category': 'Technology-enable Practice', 'node_id': 'c126M02N03'}, 'src_node': {'evidence_statement': 'Manufacturing firms are characterized by tangible product outputs and complex supply chain networks', 'node_name': 'Manufacturing Firms', 'category': 'Knowledge Holder', 'node_id': 'c126M02N10'}}, {'rel': ({'evidence_statement': 'IT firms typically focus on intangible products and services and operate in a rapidly evolving digital landscape', 'node_name': 'IT Firms', 'category': 'Knowledge Holder', 'node_id': 'c126M02N11'}, 'participate_in', {'evidence_statement': 'BT exploitation refers to leveraging BT to enhance existing processes, improve efficiency, and achieve incremental innovation', 'node_name': 'BT Exploitation', 'category': 'Technology-enable Practice', 'node_id': 'c126M02N03'}), 'dst_node': {'evidence_statement': 'BT exploitation refers to leveraging BT to enhance existing processes, improve efficiency, and achieve incremental innovation', 'node_name': 'BT Exploitation', 'category': 'Technology-enable Practice', 'node_id': 'c126M02N03'}, 'src_node': {'evidence_statement': 'IT firms typically focus on intangible products and services and operate in a rapidly evolving digital landscape', 'node_name': 'IT Firms', 'category': 'Knowledge Holder', 'node_id': 'c126M02N11'}}, {'rel': ({'evidence_statement': 'Manufacturing firms are characterized by tangible product outputs and complex supply chain networks', 'node_name': 'Manufacturing Firms', 'category': 'Knowledge Holder', 'node_id': 'c126M02N10'}, 'participate_in', {'evidence_statement': 'BT exploration entails experimenting with BT to discover new opportunities, engage in radical innovation, and transform business models', 'node_name': 'BT Exploration', 'category': 'Technology-enable Practice', 'node_id': 'c126M02N04'}), 'dst_node': {'evidence_statement': 'BT exploration entails experimenting with BT to discover new opportunities, engage in radical innovation, and transform business models', 'node_name': 'BT Exploration', 'category': 'Technology-enable Practice', 'node_id': 'c126M02N04'}, 'src_node': {'evidence_statement': 'Manufacturing firms are characterized by tangible product outputs and complex supply chain networks', 'node_name': 'Manufacturing Firms', 'category': 'Knowledge Holder', 'node_id': 'c126M02N10'}}, {'rel': ({'evidence_statement': 'IT firms typically focus on intangible products and services and operate in a rapidly evolving digital landscape', 'node_name': 'IT Firms', 'category': 'Knowledge Holder', 'node_id': 'c126M02N11'}, 'participate_in', {'evidence_statement': 'BT exploration entails experimenting with BT to discover new opportunities, engage in radical innovation, and transform business models', 'node_name': 'BT Exploration', 'category': 'Technology-enable Practice', 'node_id': 'c126M02N04'}), 'dst_node': {'evidence_statement': 'BT exploration entails experimenting with BT to discover new opportunities, engage in radical innovation, and transform business models', 'node_name': 'BT Exploration', 'category': 'Technology-enable Practice', 'node_id': 'c126M02N04'}, 'src_node': {'evidence_statement': 'IT firms typically focus on intangible products and services and operate in a rapidly evolving digital landscape', 'node_name': 'IT Firms', 'category': 'Knowledge Holder', 'node_id': 'c126M02N11'}}]}]"
c126DS01Q13,depend_on,which organization or environment conditions technology-enable practices depend on?,2,"MATCH (p:TechnologyenablePractice)-[r:depend_on]->(d:OrganizationalDependency|EnvironmentalDependency)
WITH COLLECT({src_node:p, rel: r, dst_node: d}) AS obj
RETURN DISTINCT obj","Technology-enable practices depend on organizational conditions (organizational memory, organizational capacity to adapt to and learn from blockchain technology, organizational investment in blockchain technology during the previous year) and environmental conditions (access to current blockchain regulatory developments, access to external blockchain knowledge sources).","[{'obj': [{'rel': ({'evidence_statement': 'BT exploitation refers to leveraging BT to enhance existing processes, improve efficiency, and achieve incremental innovation', 'node_name': 'BT Exploitation', 'category': 'Technology-enable Practice', 'node_id': 'c126M02N03'}, 'depend_on', {'evidence_statement': ""As knowledge and experiences related to BT are documented and stored, they become part of the firm's collective intelligence"", 'node_name': 'Organizational Memory', 'category': 'Organizational Dependency', 'node_id': 'c126M02N19'}), 'dst_node': {'evidence_statement': ""As knowledge and experiences related to BT are documented and stored, they become part of the firm's collective intelligence"", 'node_name': 'Organizational Memory', 'category': 'Organizational Dependency', 'node_id': 'c126M02N19'}, 'src_node': {'evidence_statement': 'BT exploitation refers to leveraging BT to enhance existing processes, improve efficiency, and achieve incremental innovation', 'node_name': 'BT Exploitation', 'category': 'Technology-enable Practice', 'node_id': 'c126M02N03'}}, {'rel': ({'evidence_statement': 'BT exploitation leverages blockchain to enhance existing processes, improve efficiency, and achieve incremental innovation; sampled firms reported the extent of such use.', 'node_name': 'BT exploitation for existing business processes', 'category': 'Technology-enable Practice', 'node_id': 'c126M01N22'}, 'depend_on', {'evidence_statement': ""Successful BT implementation depends on the organization's ability to adapt to and learn from the technology."", 'node_name': 'organizational capacity to adapt to and learn from blockchain technology', 'category': 'Organizational Dependency', 'node_id': 'c126M01N25'}), 'dst_node': {'evidence_statement': ""Successful BT implementation depends on the organization's ability to adapt to and learn from the technology."", 'node_name': 'organizational capacity to adapt to and learn from blockchain technology', 'category': 'Organizational Dependency', 'node_id': 'c126M01N25'}, 'src_node': {'evidence_statement': 'BT exploitation leverages blockchain to enhance existing processes, improve efficiency, and achieve incremental innovation; sampled firms reported the extent of such use.', 'node_name': 'BT exploitation for existing business processes', 'category': 'Technology-enable Practice', 'node_id': 'c126M01N22'}}, {'rel': ({'evidence_statement': 'BT exploitation leverages blockchain to enhance existing processes, improve efficiency, and achieve incremental innovation; sampled firms reported the extent of such use.', 'node_name': 'BT exploitation for existing business processes', 'category': 'Technology-enable Practice', 'node_id': 'c126M01N22'}, 'depend_on', {'evidence_statement': 'Only firms affirmatively reporting investment in BT during the previous year were retained in the adopted-BT sample.', 'node_name': 'organizational investment in blockchain technology during the previous year', 'category': 'Organizational Dependency', 'node_id': 'c126M01N27'}), 'dst_node': {'evidence_statement': 'Only firms affirmatively reporting investment in BT during the previous year were retained in the adopted-BT sample.', 'node_name': 'organizational investment in blockchain technology during the previous year', 'category': 'Organizational Dependency', 'node_id': 'c126M01N27'}, 'src_node': {'evidence_statement': 'BT exploitation leverages blockchain to enhance existing processes, improve efficiency, and achieve incremental innovation; sampled firms reported the extent of such use.', 'node_name': 'BT exploitation for existing business processes', 'category': 'Technology-enable Practice', 'node_id': 'c126M01N22'}}, {'rel': ({'evidence_statement': 'BT exploitation leverages blockchain to enhance existing processes, improve efficiency, and achieve incremental innovation; sampled firms reported the extent of such use.', 'node_name': 'BT exploitation for existing business processes', 'category': 'Technology-enable Practice', 'node_id': 'c126M01N22'}, 'depend_on', {'evidence_statement': 'External blockchain knowledge helps firms address regulatory compliance risks by remaining informed about regulatory developments.', 'node_name': 'access to current blockchain regulatory developments', 'category': 'Environmental Dependency', 'node_id': 'c126M01N30'}), 'dst_node': {'evidence_statement': 'External blockchain knowledge helps firms address regulatory compliance risks by remaining informed about regulatory developments.', 'node_name': 'access to current blockchain regulatory developments', 'category': 'Environmental Dependency', 'node_id': 'c126M01N30'}, 'src_node': {'evidence_statement': 'BT exploitation leverages blockchain to enhance existing processes, improve efficiency, and achieve incremental innovation; sampled firms reported the extent of such use.', 'node_name': 'BT exploitation for existing business processes', 'category': 'Technology-enable Practice', 'node_id': 'c126M01N22'}}, {'rel': ({'evidence_statement': 'BT exploration entails experimenting with blockchain to discover opportunities, create products or services, and transform business models; sampled firms reported the extent of such use.', 'node_name': 'BT exploration for new applications and business models', 'category': 'Technology-enable Practice', 'node_id': 'c126M01N23'}, 'depend_on', {'evidence_statement': ""Successful BT implementation depends on the organization's ability to adapt to and learn from the technology."", 'node_name': 'organizational capacity to adapt to and learn from blockchain technology', 'category': 'Organizational Dependency', 'node_id': 'c126M01N25'}), 'dst_node': {'evidence_statement': ""Successful BT implementation depends on the organization's ability to adapt to and learn from the technology."", 'node_name': 'organizational capacity to adapt to and learn from blockchain technology', 'category': 'Organizational Dependency', 'node_id': 'c126M01N25'}, 'src_node': {'evidence_statement': 'BT exploration entails experimenting with blockchain to discover opportunities, create products or services, and transform business models; sampled firms reported the extent of such use.', 'node_name': 'BT exploration for new applications and business models', 'category': 'Technology-enable Practice', 'node_id': 'c126M01N23'}}, {'rel': ({'evidence_statement': 'BT exploration entails experimenting with blockchain to discover opportunities, create products or services, and transform business models; sampled firms reported the extent of such use.', 'node_name': 'BT exploration for new applications and business models', 'category': 'Technology-enable Practice', 'node_id': 'c126M01N23'}, 'depend_on', {'evidence_statement': 'Only firms affirmatively reporting investment in BT during the previous year were retained in the adopted-BT sample.', 'node_name': 'organizational investment in blockchain technology during the previous year', 'category': 'Organizational Dependency', 'node_id': 'c126M01N27'}), 'dst_node': {'evidence_statement': 'Only firms affirmatively reporting investment in BT during the previous year were retained in the adopted-BT sample.', 'node_name': 'organizational investment in blockchain technology during the previous year', 'category': 'Organizational Dependency', 'node_id': 'c126M01N27'}, 'src_node': {'evidence_statement': 'BT exploration entails experimenting with blockchain to discover opportunities, create products or services, and transform business models; sampled firms reported the extent of such use.', 'node_name': 'BT exploration for new applications and business models', 'category': 'Technology-enable Practice', 'node_id': 'c126M01N23'}}, {'rel': ({'evidence_statement': 'BT exploration entails experimenting with blockchain to discover opportunities, create products or services, and transform business models; sampled firms reported the extent of such use.', 'node_name': 'BT exploration for new applications and business models', 'category': 'Technology-enable Practice', 'node_id': 'c126M01N23'}, 'depend_on', {'evidence_statement': 'Firms obtain BT-related knowledge from external sources such as industry experts, consultants, academic institutions, and professional networks.', 'node_name': 'access to external blockchain knowledge sources', 'category': 'Environmental Dependency', 'node_id': 'c126M01N29'}), 'dst_node': {'evidence_statement': 'Firms obtain BT-related knowledge from external sources such as industry experts, consultants, academic institutions, and professional networks.', 'node_name': 'access to external blockchain knowledge sources', 'category': 'Environmental Dependency', 'node_id': 'c126M01N29'}, 'src_node': {'evidence_statement': 'BT exploration entails experimenting with blockchain to discover opportunities, create products or services, and transform business models; sampled firms reported the extent of such use.', 'node_name': 'BT exploration for new applications and business models', 'category': 'Technology-enable Practice', 'node_id': 'c126M01N23'}}]}]"
c126DS01Q14,evaluate,which tacit knowledge is evaluated by technology-enable practices?,2,"MATCH (tk:TacitKnowledge)-[r:evaluate]-(t:TechnologyenablePractice)
WITH COLLECT({src_node:tk, rel: r, dst_node: t}) AS obj
RETURN DISTINCT obj",Not Mentioned,[{'obj': []}]
c126DS01Q15,adopt,Which digital technologies technology‑enable practices adopt?,2,"MATCH (p:TechnologyenablePractice)-[r:adopt]-(d:DigitalTechnology)
WITH COLLECT({src_node:p, rel: r, dst_node: d}) AS obj
RETURN DISTINCT obj",blockchain technology (BT),"[{'obj': [{'rel': ({'evidence_statement': 'The BT exploitation measure asks the extent to which a company uses BT to optimize contract execution processes and automatic payment mechanisms.', 'node_name': 'blockchain-enabled contract execution and automatic payments', 'category': 'Technology-enable Practice', 'node_id': 'c126M01N35'}, 'adopt', {'evidence_statement': 'Only firms affirmatively reporting BT use, investment, and dedicated internal or external BT support were included in the sample.', 'node_name': 'blockchain technology (BT)', 'category': 'Digital Technology', 'node_id': 'c126M01N24'}), 'dst_node': {'evidence_statement': 'Only firms affirmatively reporting BT use, investment, and dedicated internal or external BT support were included in the sample.', 'node_name': 'blockchain technology (BT)', 'category': 'Digital Technology', 'node_id': 'c126M01N24'}, 'src_node': {'evidence_statement': 'The BT exploitation measure asks the extent to which a company uses BT to optimize contract execution processes and automatic payment mechanisms.', 'node_name': 'blockchain-enabled contract execution and automatic payments', 'category': 'Technology-enable Practice', 'node_id': 'c126M01N35'}}, {'rel': ({'evidence_statement': 'The BT exploitation measure asks the extent to which a company uses BT to improve the accuracy and reliability of supply-chain tracking and product verification.', 'node_name': 'blockchain-enabled supply-chain tracking and product verification', 'category': 'Technology-enable Practice', 'node_id': 'c126M01N34'}, 'adopt', {'evidence_statement': 'Only firms affirmatively reporting BT use, investment, and dedicated internal or external BT support were included in the sample.', 'node_name': 'blockchain technology (BT)', 'category': 'Digital Technology', 'node_id': 'c126M01N24'}), 'dst_node': {'evidence_statement': 'Only firms affirmatively reporting BT use, investment, and dedicated internal or external BT support were included in the sample.', 'node_name': 'blockchain technology (BT)', 'category': 'Digital Technology', 'node_id': 'c126M01N24'}, 'src_node': {'evidence_statement': 'The BT exploitation measure asks the extent to which a company uses BT to improve the accuracy and reliability of supply-chain tracking and product verification.', 'node_name': 'blockchain-enabled supply-chain tracking and product verification', 'category': 'Technology-enable Practice', 'node_id': 'c126M01N34'}}, {'rel': ({'evidence_statement': 'BT exploitation refers to leveraging BT to enhance existing processes, improve efficiency, and achieve incremental innovation', 'node_name': 'BT Exploitation', 'category': 'Technology-enable Practice', 'node_id': 'c126M02N03'}, 'adopt', {'evidence_statement': 'Only firms affirmatively reporting BT use, investment, and dedicated internal or external BT support were included in the sample.', 'node_name': 'blockchain technology (BT)', 'category': 'Digital Technology', 'node_id': 'c126M01N24'}), 'dst_node': {'evidence_statement': 'Only firms affirmatively reporting BT use, investment, and dedicated internal or external BT support were included in the sample.', 'node_name': 'blockchain technology (BT)', 'category': 'Digital Technology', 'node_id': 'c126M01N24'}, 'src_node': {'evidence_statement': 'BT exploitation refers to leveraging BT to enhance existing processes, improve efficiency, and achieve incremental innovation', 'node_name': 'BT Exploitation', 'category': 'Technology-enable Practice', 'node_id': 'c126M02N03'}}, {'rel': ({'evidence_statement': 'BT exploration entails experimenting with BT to discover new opportunities, engage in radical innovation, and transform business models', 'node_name': 'BT Exploration', 'category': 'Technology-enable Practice', 'node_id': 'c126M02N04'}, 'adopt', {'evidence_statement': 'Only firms affirmatively reporting BT use, investment, and dedicated internal or external BT support were included in the sample.', 'node_name': 'blockchain technology (BT)', 'category': 'Digital Technology', 'node_id': 'c126M01N24'}), 'dst_node': {'evidence_statement': 'Only firms affirmatively reporting BT use, investment, and dedicated internal or external BT support were included in the sample.', 'node_name': 'blockchain technology (BT)', 'category': 'Digital Technology', 'node_id': 'c126M01N24'}, 'src_node': {'evidence_statement': 'BT exploration entails experimenting with BT to discover new opportunities, engage in radical innovation, and transform business models', 'node_name': 'BT Exploration', 'category': 'Technology-enable Practice', 'node_id': 'c126M02N04'}}, {'rel': ({'evidence_statement': 'BT exploitation leverages blockchain to enhance existing processes, improve efficiency, and achieve incremental innovation; sampled firms reported the extent of such use.', 'node_name': 'BT exploitation for existing business processes', 'category': 'Technology-enable Practice', 'node_id': 'c126M01N22'}, 'adopt', {'evidence_statement': 'Only firms affirmatively reporting BT use, investment, and dedicated internal or external BT support were included in the sample.', 'node_name': 'blockchain technology (BT)', 'category': 'Digital Technology', 'node_id': 'c126M01N24'}), 'dst_node': {'evidence_statement': 'Only firms affirmatively reporting BT use, investment, and dedicated internal or external BT support were included in the sample.', 'node_name': 'blockchain technology (BT)', 'category': 'Digital Technology', 'node_id': 'c126M01N24'}, 'src_node': {'evidence_statement': 'BT exploitation leverages blockchain to enhance existing processes, improve efficiency, and achieve incremental innovation; sampled firms reported the extent of such use.', 'node_name': 'BT exploitation for existing business processes', 'category': 'Technology-enable Practice', 'node_id': 'c126M01N22'}}, {'rel': ({'evidence_statement': 'BT exploration entails experimenting with blockchain to discover opportunities, create products or services, and transform business models; sampled firms reported the extent of such use.', 'node_name': 'BT exploration for new applications and business models', 'category': 'Technology-enable Practice', 'node_id': 'c126M01N23'}, 'adopt', {'evidence_statement': 'Only firms affirmatively reporting BT use, investment, and dedicated internal or external BT support were included in the sample.', 'node_name': 'blockchain technology (BT)', 'category': 'Digital Technology', 'node_id': 'c126M01N24'}), 'dst_node': {'evidence_statement': 'Only firms affirmatively reporting BT use, investment, and dedicated internal or external BT support were included in the sample.', 'node_name': 'blockchain technology (BT)', 'category': 'Digital Technology', 'node_id': 'c126M01N24'}, 'src_node': {'evidence_statement': 'BT exploration entails experimenting with blockchain to discover opportunities, create products or services, and transform business models; sampled firms reported the extent of such use.', 'node_name': 'BT exploration for new applications and business models', 'category': 'Technology-enable Practice', 'node_id': 'c126M01N23'}}, {'rel': ({'evidence_statement': 'The BT exploitation measure asks the extent to which a company uses BT to enhance the transparency of transaction processing and management.', 'node_name': 'blockchain-enabled transaction transparency', 'category': 'Technology-enable Practice', 'node_id': 'c126M01N33'}, 'adopt', {'evidence_statement': 'Only firms affirmatively reporting BT use, investment, and dedicated internal or external BT support were included in the sample.', 'node_name': 'blockchain technology (BT)', 'category': 'Digital Technology', 'node_id': 'c126M01N24'}), 'dst_node': {'evidence_statement': 'Only firms affirmatively reporting BT use, investment, and dedicated internal or external BT support were included in the sample.', 'node_name': 'blockchain technology (BT)', 'category': 'Digital Technology', 'node_id': 'c126M01N24'}, 'src_node': {'evidence_statement': 'The BT exploitation measure asks the extent to which a company uses BT to enhance the transparency of transaction processing and management.', 'node_name': 'blockchain-enabled transaction transparency', 'category': 'Technology-enable Practice', 'node_id': 'c126M01N33'}}]}]"
c126DS01Q16,be_constrained_by,Which limitations technology-enable practices are constrained by?,2,"MATCH (p:TechnologyenablePractice)-[r:be_constrained_by]-(l:Limitation)
WITH COLLECT({src_node:p, rel: r, dst_node: l}) AS obj
RETURN DISTINCT obj","BT Exploitation is constrained by High Initial Adoption Costs, Need for Significant Technological Expertise, Integration with Existing Systems, Regulatory and Legal Uncertainties, and Data Privacy and Security Concerns. BT Exploration is constrained by High Uncertainty in Innovation and difficulty applying blockchain-related knowledge effectively.","[{'obj': [{'rel': ({'evidence_statement': 'BT exploitation refers to leveraging BT to enhance existing processes, improve efficiency, and achieve incremental innovation', 'node_name': 'BT Exploitation', 'category': 'Technology-enable Practice', 'node_id': 'c126M02N03'}, 'be_constrained_by', {'evidence_statement': 'Firms frequently encounter challenges such as high initial adoption costs', 'node_name': 'High Initial Adoption Costs', 'category': 'Limitation', 'node_id': 'c126M02N21'}), 'dst_node': {'evidence_statement': 'Firms frequently encounter challenges such as high initial adoption costs', 'node_name': 'High Initial Adoption Costs', 'category': 'Limitation', 'node_id': 'c126M02N21'}, 'src_node': {'evidence_statement': 'BT exploitation refers to leveraging BT to enhance existing processes, improve efficiency, and achieve incremental innovation', 'node_name': 'BT Exploitation', 'category': 'Technology-enable Practice', 'node_id': 'c126M02N03'}}, {'rel': ({'evidence_statement': 'BT exploitation refers to leveraging BT to enhance existing processes, improve efficiency, and achieve incremental innovation', 'node_name': 'BT Exploitation', 'category': 'Technology-enable Practice', 'node_id': 'c126M02N03'}, 'be_constrained_by', {'evidence_statement': 'The need for significant technological expertise challenges BT adoption', 'node_name': 'Need for Significant Technological Expertise', 'category': 'Limitation', 'node_id': 'c126M02N22'}), 'dst_node': {'evidence_statement': 'The need for significant technological expertise challenges BT adoption', 'node_name': 'Need for Significant Technological Expertise', 'category': 'Limitation', 'node_id': 'c126M02N22'}, 'src_node': {'evidence_statement': 'BT exploitation refers to leveraging BT to enhance existing processes, improve efficiency, and achieve incremental innovation', 'node_name': 'BT Exploitation', 'category': 'Technology-enable Practice', 'node_id': 'c126M02N03'}}, {'rel': ({'evidence_statement': 'BT exploitation refers to leveraging BT to enhance existing processes, improve efficiency, and achieve incremental innovation', 'node_name': 'BT Exploitation', 'category': 'Technology-enable Practice', 'node_id': 'c126M02N03'}, 'be_constrained_by', {'evidence_statement': 'Integration with existing systems and processes is a challenge for BT adoption', 'node_name': 'Integration with Existing Systems', 'category': 'Limitation', 'node_id': 'c126M02N23'}), 'dst_node': {'evidence_statement': 'Integration with existing systems and processes is a challenge for BT adoption', 'node_name': 'Integration with Existing Systems', 'category': 'Limitation', 'node_id': 'c126M02N23'}, 'src_node': {'evidence_statement': 'BT exploitation refers to leveraging BT to enhance existing processes, improve efficiency, and achieve incremental innovation', 'node_name': 'BT Exploitation', 'category': 'Technology-enable Practice', 'node_id': 'c126M02N03'}}, {'rel': ({'evidence_statement': 'BT exploitation refers to leveraging BT to enhance existing processes, improve efficiency, and achieve incremental innovation', 'node_name': 'BT Exploitation', 'category': 'Technology-enable Practice', 'node_id': 'c126M02N03'}, 'be_constrained_by', {'evidence_statement': 'Regulatory and legal uncertainties surrounding BT usage complicate adoption', 'node_name': 'Regulatory and Legal Uncertainties', 'category': 'Limitation', 'node_id': 'c126M02N24'}), 'dst_node': {'evidence_statement': 'Regulatory and legal uncertainties surrounding BT usage complicate adoption', 'node_name': 'Regulatory and Legal Uncertainties', 'category': 'Limitation', 'node_id': 'c126M02N24'}, 'src_node': {'evidence_statement': 'BT exploitation refers to leveraging BT to enhance existing processes, improve efficiency, and achieve incremental innovation', 'node_name': 'BT Exploitation', 'category': 'Technology-enable Practice', 'node_id': 'c126M02N03'}}, {'rel': ({'evidence_statement': 'BT exploitation refers to leveraging BT to enhance existing processes, improve efficiency, and achieve incremental innovation', 'node_name': 'BT Exploitation', 'category': 'Technology-enable Practice', 'node_id': 'c126M02N03'}, 'be_constrained_by', {'evidence_statement': 'Concerns regarding data privacy and security further complicate the adoption process', 'node_name': 'Data Privacy and Security Concerns', 'category': 'Limitation', 'node_id': 'c126M02N25'}), 'dst_node': {'evidence_statement': 'Concerns regarding data privacy and security further complicate the adoption process', 'node_name': 'Data Privacy and Security Concerns', 'category': 'Limitation', 'node_id': 'c126M02N25'}, 'src_node': {'evidence_statement': 'BT exploitation refers to leveraging BT to enhance existing processes, improve efficiency, and achieve incremental innovation', 'node_name': 'BT Exploitation', 'category': 'Technology-enable Practice', 'node_id': 'c126M02N03'}}, {'rel': ({'evidence_statement': 'BT exploration entails experimenting with BT to discover new opportunities, engage in radical innovation, and transform business models', 'node_name': 'BT Exploration', 'category': 'Technology-enable Practice', 'node_id': 'c126M02N04'}, 'be_constrained_by', {'evidence_statement': 'Exploratory phase is accompanied by uncertainty surrounding the viability of new technologies and high failure rates in innovative projects', 'node_name': 'High Uncertainty in Innovation', 'category': 'Limitation', 'node_id': 'c126M02N27'}), 'dst_node': {'evidence_statement': 'Exploratory phase is accompanied by uncertainty surrounding the viability of new technologies and high failure rates in innovative projects', 'node_name': 'High Uncertainty in Innovation', 'category': 'Limitation', 'node_id': 'c126M02N27'}, 'src_node': {'evidence_statement': 'BT exploration entails experimenting with BT to discover new opportunities, engage in radical innovation, and transform business models', 'node_name': 'BT Exploration', 'category': 'Technology-enable Practice', 'node_id': 'c126M02N04'}}, {'rel': ({'evidence_statement': 'BT exploration entails experimenting with blockchain to discover opportunities, create products or services, and transform business models; sampled firms reported the extent of such use.', 'node_name': 'BT exploration for new applications and business models', 'category': 'Technology-enable Practice', 'node_id': 'c126M01N23'}, 'be_constrained_by', {'evidence_statement': 'Without internal knowledge integration, firms may struggle to apply BT-related knowledge effectively.', 'node_name': 'difficulty applying blockchain-related knowledge effectively', 'category': 'Limitation', 'node_id': 'c126M01N21'}), 'dst_node': {'evidence_statement': 'Without internal knowledge integration, firms may struggle to apply BT-related knowledge effectively.', 'node_name': 'difficulty applying blockchain-related knowledge effectively', 'category': 'Limitation', 'node_id': 'c126M01N21'}, 'src_node': {'evidence_statement': 'BT exploration entails experimenting with blockchain to discover opportunities, create products or services, and transform business models; sampled firms reported the extent of such use.', 'node_name': 'BT exploration for new applications and business models', 'category': 'Technology-enable Practice', 'node_id': 'c126M01N23'}}]}]"
c126DS01Q17,mitigate or at least resolve,Which limitations technology‑enable practices mitigate or at least resolve?,2,"MATCH (p:TechnologyenablePractice)-[r:mitigate|resolve]->(l:Limitation)
WITH COLLECT({src_node:p, rel: r, dst_node: l}) AS obj
RETURN DISTINCT obj",Not Mentioned,[{'obj': []}]
c126DS01Q18,complement,Which traditional human-central practices  technology‑enable practices complement?,2,"MATCH (p:TechnologyenablePractice)-[r:complement]->(t:TraditionalHumancentralPractice)
WITH COLLECT({src_node:p, rel: r, dst_node: t}) AS obj
RETURN DISTINCT obj",Not Mentioned,[{'obj': []}]
c126DS01Q19,cannot_fully_replace,Which traditional human-central practice technology-enable practice cannot replace fully?,3,"MATCH (p:TechnologyenablePractice)-[r:cannot_fully_replace]->(t:TraditionalHumancentralPractice)
WITH COLLECT({src_node:p, rel: r, dst_node: t}) AS obj
RETURN DISTINCT obj",Not Mentioned,[{'obj': []}]
c126DS01Q20,be_difficult_to_capture_due_to,Which limitations make tacit knowledge difficult to capture?,3,"MATCH (tk:TacitKnowledge)-[r:be_difficult_to_capture_due_to]-(l:Limitation)
WITH COLLECT({src_node:tk, rel: r, dst_node: l}) AS obj
RETURN DISTINCT obj",Not Mentioned,[{'obj': []}]
c126DS02Q01,RQ1: What emerging technologies are adopted and how they support tacit knowledge capture and retention?,"What's the mechanism of each technology-enable practice?  introduce this from multiple perspectives: firstly, explain which digital technologies are adopted by these practice, then find which tacit knowledge were captured by these practices, subsquently dig out all potential  relations between these paractices with knowledge holders, knowledge learners, organizational dependency, environmental dependency, and limitation. Finally, you should summrize the mechanism based on the evidence mentioned above.",1,"MATCH (tep:TechnologyenablePractice)-[r:adopt]->(dt:DigitalTechnology)
WITH tep, COLLECT({src_node:tep, rel: r, dst_node: dt}) AS adoptions

// 1. 捕获 TacitKnowledge (be_captured_by) -> 生成 tk_list
OPTIONAL MATCH (tk:TacitKnowledge)-[r:be_captured_by|be_transferred_by|evaluate]-(tep)
WITH tep, adoptions, 
     COLLECT({src_node:tk, rel: r, dst_node: tep}) AS capturedBy,
     COLLECT(DISTINCT tk) AS tk_list

// 4. 捕获 OrganizationalDependency (depend_on) -> 生成 od_list
OPTIONAL MATCH (tep)-[r:depend_on]->(d:OrganizationalDependency|EnvironmentalDependency)
WITH tep, adoptions, capturedBy, 
     COLLECT({src_node:tep, rel: r, dst_node: d}) AS depends

// 5. 捕获 Limitation (be_constrained_by) -> 生成 lim_list
OPTIONAL MATCH (tep)-[r:be_constrained_by]->(lim:Limitation)
WITH tep, adoptions, capturedBy, depends,
     COLLECT({src_node:tep, rel: r, dst_node: lim}) AS constraints,
     COLLECT(DISTINCT lim) AS lim_list

// 8. 捕获 mitigates (tep -[:mitigate]-> lim)
//    限定 lim_mit 必须在 lim_list 中
OPTIONAL MATCH (tep)-[r:mitigate]->(lim_mit:Limitation)
WHERE lim_mit IN lim_list
WITH tep, adoptions, capturedBy, depends, constraints, 
     COLLECT({src_node:tep, rel: r, dst_node: lim_mit}) AS mitigates

RETURN adoptions,
       capturedBy,
       depends,
       constraints,
       mitigates","The technology-enable practices include blockchain-enabled contract execution and automatic payments, blockchain-enabled supply-chain tracking and product verification, BT exploitation, BT exploration, BT exploitation for existing business processes, BT exploration for new applications and business models, and blockchain-enabled transaction transparency. All these practices adopt blockchain technology (BT). No tacit knowledge is explicitly captured by these practices (capturedBy relations are null). BT exploitation depends on organizational memory, and BT exploitation for existing business processes depends on organizational capacity to adapt to and learn from blockchain technology, organizational investment in blockchain technology during the previous year, and access to current blockchain regulatory developments. BT exploration for new applications and business models depends on organizational capacity to adapt to and learn from blockchain technology, organizational investment in blockchain technology during the previous year, and access to external blockchain knowledge sources. BT exploitation is constrained by high initial adoption costs, need for significant technological expertise, integration with existing systems, regulatory and legal uncertainties, and data privacy and security concerns. BT exploration is constrained by high uncertainty in innovation. BT exploration for new applications and business models is constrained by difficulty applying blockchain-related knowledge effectively. No knowledge holders or knowledge learners are mentioned. The mechanism: firms adopt blockchain technology to exploit existing processes (e.g., contract execution, supply-chain tracking, transaction transparency) and explore new applications, depending on organizational memory, learning capacity, investment, and external knowledge, while facing various limitations.","[{'adoptions': [{'rel': ({'evidence_statement': 'The BT exploitation measure asks the extent to which a company uses BT to optimize contract execution processes and automatic payment mechanisms.', 'node_name': 'blockchain-enabled contract execution and automatic payments', 'category': 'Technology-enable Practice', 'node_id': 'c126M01N35'}, 'adopt', {'evidence_statement': 'Only firms affirmatively reporting BT use, investment, and dedicated internal or external BT support were included in the sample.', 'node_name': 'blockchain technology (BT)', 'category': 'Digital Technology', 'node_id': 'c126M01N24'}), 'dst_node': {'evidence_statement': 'Only firms affirmatively reporting BT use, investment, and dedicated internal or external BT support were included in the sample.', 'node_name': 'blockchain technology (BT)', 'category': 'Digital Technology', 'node_id': 'c126M01N24'}, 'src_node': {'evidence_statement': 'The BT exploitation measure asks the extent to which a company uses BT to optimize contract execution processes and automatic payment mechanisms.', 'node_name': 'blockchain-enabled contract execution and automatic payments', 'category': 'Technology-enable Practice', 'node_id': 'c126M01N35'}}], 'capturedBy': [{'rel': None, 'dst_node': {'evidence_statement': 'The BT exploitation measure asks the extent to which a company uses BT to optimize contract execution processes and automatic payment mechanisms.', 'node_name': 'blockchain-enabled contract execution and automatic payments', 'category': 'Technology-enable Practice', 'node_id': 'c126M01N35'}, 'src_node': None}], 'depends': [{'rel': None, 'dst_node': None, 'src_node': {'evidence_statement': 'The BT exploitation measure asks the extent to which a company uses BT to optimize contract execution processes and automatic payment mechanisms.', 'node_name': 'blockchain-enabled contract execution and automatic payments', 'category': 'Technology-enable Practice', 'node_id': 'c126M01N35'}}], 'constraints': [{'rel': None, 'dst_node': None, 'src_node': {'evidence_statement': 'The BT exploitation measure asks the extent to which a company uses BT to optimize contract execution processes and automatic payment mechanisms.', 'node_name': 'blockchain-enabled contract execution and automatic payments', 'category': 'Technology-enable Practice', 'node_id': 'c126M01N35'}}], 'mitigates': [{'rel': None, 'dst_node': None, 'src_node': {'evidence_statement': 'The BT exploitation measure asks the extent to which a company uses BT to optimize contract execution processes and automatic payment mechanisms.', 'node_name': 'blockchain-enabled contract execution and automatic payments', 'category': 'Technology-enable Practice', 'node_id': 'c126M01N35'}}]}, {'adoptions': [{'rel': ({'evidence_statement': 'The BT exploitation measure asks the extent to which a company uses BT to improve the accuracy and reliability of supply-chain tracking and product verification.', 'node_name': 'blockchain-enabled supply-chain tracking and product verification', 'category': 'Technology-enable Practice', 'node_id': 'c126M01N34'}, 'adopt', {'evidence_statement': 'Only firms affirmatively reporting BT use, investment, and dedicated internal or external BT support were included in the sample.', 'node_name': 'blockchain technology (BT)', 'category': 'Digital Technology', 'node_id': 'c126M01N24'}), 'dst_node': {'evidence_statement': 'Only firms affirmatively reporting BT use, investment, and dedicated internal or external BT support were included in the sample.', 'node_name': 'blockchain technology (BT)', 'category': 'Digital Technology', 'node_id': 'c126M01N24'}, 'src_node': {'evidence_statement': 'The BT exploitation measure asks the extent to which a company uses BT to improve the accuracy and reliability of supply-chain tracking and product verification.', 'node_name': 'blockchain-enabled supply-chain tracking and product verification', 'category': 'Technology-enable Practice', 'node_id': 'c126M01N34'}}], 'capturedBy': [{'rel': None, 'dst_node': {'evidence_statement': 'The BT exploitation measure asks the extent to which a company uses BT to improve the accuracy and reliability of supply-chain tracking and product verification.', 'node_name': 'blockchain-enabled supply-chain tracking and product verification', 'category': 'Technology-enable Practice', 'node_id': 'c126M01N34'}, 'src_node': None}], 'depends': [{'rel': None, 'dst_node': None, 'src_node': {'evidence_statement': 'The BT exploitation measure asks the extent to which a company uses BT to improve the accuracy and reliability of supply-chain tracking and product verification.', 'node_name': 'blockchain-enabled supply-chain tracking and product verification', 'category': 'Technology-enable Practice', 'node_id': 'c126M01N34'}}], 'constraints': [{'rel': None, 'dst_node': None, 'src_node': {'evidence_statement': 'The BT exploitation measure asks the extent to which a company uses BT to improve the accuracy and reliability of supply-chain tracking and product verification.', 'node_name': 'blockchain-enabled supply-chain tracking and product verification', 'category': 'Technology-enable Practice', 'node_id': 'c126M01N34'}}], 'mitigates': [{'rel': None, 'dst_node': None, 'src_node': {'evidence_statement': 'The BT exploitation measure asks the extent to which a company uses BT to improve the accuracy and reliability of supply-chain tracking and product verification.', 'node_name': 'blockchain-enabled supply-chain tracking and product verification', 'category': 'Technology-enable Practice', 'node_id': 'c126M01N34'}}]}, {'adoptions': [{'rel': ({'evidence_statement': 'BT exploitation refers to leveraging BT to enhance existing processes, improve efficiency, and achieve incremental innovation', 'node_name': 'BT Exploitation', 'category': 'Technology-enable Practice', 'node_id': 'c126M02N03'}, 'adopt', {'evidence_statement': 'Only firms affirmatively reporting BT use, investment, and dedicated internal or external BT support were included in the sample.', 'node_name': 'blockchain technology (BT)', 'category': 'Digital Technology', 'node_id': 'c126M01N24'}), 'dst_node': {'evidence_statement': 'Only firms affirmatively reporting BT use, investment, and dedicated internal or external BT support were included in the sample.', 'node_name': 'blockchain technology (BT)', 'category': 'Digital Technology', 'node_id': 'c126M01N24'}, 'src_node': {'evidence_statement': 'BT exploitation refers to leveraging BT to enhance existing processes, improve efficiency, and achieve incremental innovation', 'node_name': 'BT Exploitation', 'category': 'Technology-enable Practice', 'node_id': 'c126M02N03'}}], 'capturedBy': [{'rel': None, 'dst_node': {'evidence_statement': 'BT exploitation refers to leveraging BT to enhance existing processes, improve efficiency, and achieve incremental innovation', 'node_name': 'BT Exploitation', 'category': 'Technology-enable Practice', 'node_id': 'c126M02N03'}, 'src_node': None}], 'depends': [{'rel': ({'evidence_statement': 'BT exploitation refers to leveraging BT to enhance existing processes, improve efficiency, and achieve incremental innovation', 'node_name': 'BT Exploitation', 'category': 'Technology-enable Practice', 'node_id': 'c126M02N03'}, 'depend_on', {'evidence_statement': ""As knowledge and experiences related to BT are documented and stored, they become part of the firm's collective intelligence"", 'node_name': 'Organizational Memory', 'category': 'Organizational Dependency', 'node_id': 'c126M02N19'}), 'dst_node': {'evidence_statement': ""As knowledge and experiences related to BT are documented and stored, they become part of the firm's collective intelligence"", 'node_name': 'Organizational Memory', 'category': 'Organizational Dependency', 'node_id': 'c126M02N19'}, 'src_node': {'evidence_statement': 'BT exploitation refers to leveraging BT to enhance existing processes, improve efficiency, and achieve incremental innovation', 'node_name': 'BT Exploitation', 'category': 'Technology-enable Practice', 'node_id': 'c126M02N03'}}], 'constraints': [{'rel': ({'evidence_statement': 'BT exploitation refers to leveraging BT to enhance existing processes, improve efficiency, and achieve incremental innovation', 'node_name': 'BT Exploitation', 'category': 'Technology-enable Practice', 'node_id': 'c126M02N03'}, 'be_constrained_by', {'evidence_statement': 'Firms frequently encounter challenges such as high initial adoption costs', 'node_name': 'High Initial Adoption Costs', 'category': 'Limitation', 'node_id': 'c126M02N21'}), 'dst_node': {'evidence_statement': 'Firms frequently encounter challenges such as high initial adoption costs', 'node_name': 'High Initial Adoption Costs', 'category': 'Limitation', 'node_id': 'c126M02N21'}, 'src_node': {'evidence_statement': 'BT exploitation refers to leveraging BT to enhance existing processes, improve efficiency, and achieve incremental innovation', 'node_name': 'BT Exploitation', 'category': 'Technology-enable Practice', 'node_id': 'c126M02N03'}}, {'rel': ({'evidence_statement': 'BT exploitation refers to leveraging BT to enhance existing processes, improve efficiency, and achieve incremental innovation', 'node_name': 'BT Exploitation', 'category': 'Technology-enable Practice', 'node_id': 'c126M02N03'}, 'be_constrained_by', {'evidence_statement': 'The need for significant technological expertise challenges BT adoption', 'node_name': 'Need for Significant Technological Expertise', 'category': 'Limitation', 'node_id': 'c126M02N22'}), 'dst_node': {'evidence_statement': 'The need for significant technological expertise challenges BT adoption', 'node_name': 'Need for Significant Technological Expertise', 'category': 'Limitation', 'node_id': 'c126M02N22'}, 'src_node': {'evidence_statement': 'BT exploitation refers to leveraging BT to enhance existing processes, improve efficiency, and achieve incremental innovation', 'node_name': 'BT Exploitation', 'category': 'Technology-enable Practice', 'node_id': 'c126M02N03'}}, {'rel': ({'evidence_statement': 'BT exploitation refers to leveraging BT to enhance existing processes, improve efficiency, and achieve incremental innovation', 'node_name': 'BT Exploitation', 'category': 'Technology-enable Practice', 'node_id': 'c126M02N03'}, 'be_constrained_by', {'evidence_statement': 'Integration with existing systems and processes is a challenge for BT adoption', 'node_name': 'Integration with Existing Systems', 'category': 'Limitation', 'node_id': 'c126M02N23'}), 'dst_node': {'evidence_statement': 'Integration with existing systems and processes is a challenge for BT adoption', 'node_name': 'Integration with Existing Systems', 'category': 'Limitation', 'node_id': 'c126M02N23'}, 'src_node': {'evidence_statement': 'BT exploitation refers to leveraging BT to enhance existing processes, improve efficiency, and achieve incremental innovation', 'node_name': 'BT Exploitation', 'category': 'Technology-enable Practice', 'node_id': 'c126M02N03'}}, {'rel': ({'evidence_statement': 'BT exploitation refers to leveraging BT to enhance existing processes, improve efficiency, and achieve incremental innovation', 'node_name': 'BT Exploitation', 'category': 'Technology-enable Practice', 'node_id': 'c126M02N03'}, 'be_constrained_by', {'evidence_statement': 'Regulatory and legal uncertainties surrounding BT usage complicate adoption', 'node_name': 'Regulatory and Legal Uncertainties', 'category': 'Limitation', 'node_id': 'c126M02N24'}), 'dst_node': {'evidence_statement': 'Regulatory and legal uncertainties surrounding BT usage complicate adoption', 'node_name': 'Regulatory and Legal Uncertainties', 'category': 'Limitation', 'node_id': 'c126M02N24'}, 'src_node': {'evidence_statement': 'BT exploitation refers to leveraging BT to enhance existing processes, improve efficiency, and achieve incremental innovation', 'node_name': 'BT Exploitation', 'category': 'Technology-enable Practice', 'node_id': 'c126M02N03'}}, {'rel': ({'evidence_statement': 'BT exploitation refers to leveraging BT to enhance existing processes, improve efficiency, and achieve incremental innovation', 'node_name': 'BT Exploitation', 'category': 'Technology-enable Practice', 'node_id': 'c126M02N03'}, 'be_constrained_by', {'evidence_statement': 'Concerns regarding data privacy and security further complicate the adoption process', 'node_name': 'Data Privacy and Security Concerns', 'category': 'Limitation', 'node_id': 'c126M02N25'}), 'dst_node': {'evidence_statement': 'Concerns regarding data privacy and security further complicate the adoption process', 'node_name': 'Data Privacy and Security Concerns', 'category': 'Limitation', 'node_id': 'c126M02N25'}, 'src_node': {'evidence_statement': 'BT exploitation refers to leveraging BT to enhance existing processes, improve efficiency, and achieve incremental innovation', 'node_name': 'BT Exploitation', 'category': 'Technology-enable Practice', 'node_id': 'c126M02N03'}}], 'mitigates': [{'rel': None, 'dst_node': None, 'src_node': {'evidence_statement': 'BT exploitation refers to leveraging BT to enhance existing processes, improve efficiency, and achieve incremental innovation', 'node_name': 'BT Exploitation', 'category': 'Technology-enable Practice', 'node_id': 'c126M02N03'}}]}, {'adoptions': [{'rel': ({'evidence_statement': 'BT exploration entails experimenting with BT to discover new opportunities, engage in radical innovation, and transform business models', 'node_name': 'BT Exploration', 'category': 'Technology-enable Practice', 'node_id': 'c126M02N04'}, 'adopt', {'evidence_statement': 'Only firms affirmatively reporting BT use, investment, and dedicated internal or external BT support were included in the sample.', 'node_name': 'blockchain technology (BT)', 'category': 'Digital Technology', 'node_id': 'c126M01N24'}), 'dst_node': {'evidence_statement': 'Only firms affirmatively reporting BT use, investment, and dedicated internal or external BT support were included in the sample.', 'node_name': 'blockchain technology (BT)', 'category': 'Digital Technology', 'node_id': 'c126M01N24'}, 'src_node': {'evidence_statement': 'BT exploration entails experimenting with BT to discover new opportunities, engage in radical innovation, and transform business models', 'node_name': 'BT Exploration', 'category': 'Technology-enable Practice', 'node_id': 'c126M02N04'}}], 'capturedBy': [{'rel': None, 'dst_node': {'evidence_statement': 'BT exploration entails experimenting with BT to discover new opportunities, engage in radical innovation, and transform business models', 'node_name': 'BT Exploration', 'category': 'Technology-enable Practice', 'node_id': 'c126M02N04'}, 'src_node': None}], 'depends': [{'rel': None, 'dst_node': None, 'src_node': {'evidence_statement': 'BT exploration entails experimenting with BT to discover new opportunities, engage in radical innovation, and transform business models', 'node_name': 'BT Exploration', 'category': 'Technology-enable Practice', 'node_id': 'c126M02N04'}}], 'constraints': [{'rel': ({'evidence_statement': 'BT exploration entails experimenting with BT to discover new opportunities, engage in radical innovation, and transform business models', 'node_name': 'BT Exploration', 'category': 'Technology-enable Practice', 'node_id': 'c126M02N04'}, 'be_constrained_by', {'evidence_statement': 'Exploratory phase is accompanied by uncertainty surrounding the viability of new technologies and high failure rates in innovative projects', 'node_name': 'High Uncertainty in Innovation', 'category': 'Limitation', 'node_id': 'c126M02N27'}), 'dst_node': {'evidence_statement': 'Exploratory phase is accompanied by uncertainty surrounding the viability of new technologies and high failure rates in innovative projects', 'node_name': 'High Uncertainty in Innovation', 'category': 'Limitation', 'node_id': 'c126M02N27'}, 'src_node': {'evidence_statement': 'BT exploration entails experimenting with BT to discover new opportunities, engage in radical innovation, and transform business models', 'node_name': 'BT Exploration', 'category': 'Technology-enable Practice', 'node_id': 'c126M02N04'}}], 'mitigates': [{'rel': None, 'dst_node': None, 'src_node': {'evidence_statement': 'BT exploration entails experimenting with BT to discover new opportunities, engage in radical innovation, and transform business models', 'node_name': 'BT Exploration', 'category': 'Technology-enable Practice', 'node_id': 'c126M02N04'}}]}, {'adoptions': [{'rel': ({'evidence_statement': 'BT exploitation leverages blockchain to enhance existing processes, improve efficiency, and achieve incremental innovation; sampled firms reported the extent of such use.', 'node_name': 'BT exploitation for existing business processes', 'category': 'Technology-enable Practice', 'node_id': 'c126M01N22'}, 'adopt', {'evidence_statement': 'Only firms affirmatively reporting BT use, investment, and dedicated internal or external BT support were included in the sample.', 'node_name': 'blockchain technology (BT)', 'category': 'Digital Technology', 'node_id': 'c126M01N24'}), 'dst_node': {'evidence_statement': 'Only firms affirmatively reporting BT use, investment, and dedicated internal or external BT support were included in the sample.', 'node_name': 'blockchain technology (BT)', 'category': 'Digital Technology', 'node_id': 'c126M01N24'}, 'src_node': {'evidence_statement': 'BT exploitation leverages blockchain to enhance existing processes, improve efficiency, and achieve incremental innovation; sampled firms reported the extent of such use.', 'node_name': 'BT exploitation for existing business processes', 'category': 'Technology-enable Practice', 'node_id': 'c126M01N22'}}], 'capturedBy': [{'rel': None, 'dst_node': {'evidence_statement': 'BT exploitation leverages blockchain to enhance existing processes, improve efficiency, and achieve incremental innovation; sampled firms reported the extent of such use.', 'node_name': 'BT exploitation for existing business processes', 'category': 'Technology-enable Practice', 'node_id': 'c126M01N22'}, 'src_node': None}], 'depends': [{'rel': ({'evidence_statement': 'BT exploitation leverages blockchain to enhance existing processes, improve efficiency, and achieve incremental innovation; sampled firms reported the extent of such use.', 'node_name': 'BT exploitation for existing business processes', 'category': 'Technology-enable Practice', 'node_id': 'c126M01N22'}, 'depend_on', {'evidence_statement': ""Successful BT implementation depends on the organization's ability to adapt to and learn from the technology."", 'node_name': 'organizational capacity to adapt to and learn from blockchain technology', 'category': 'Organizational Dependency', 'node_id': 'c126M01N25'}), 'dst_node': {'evidence_statement': ""Successful BT implementation depends on the organization's ability to adapt to and learn from the technology."", 'node_name': 'organizational capacity to adapt to and learn from blockchain technology', 'category': 'Organizational Dependency', 'node_id': 'c126M01N25'}, 'src_node': {'evidence_statement': 'BT exploitation leverages blockchain to enhance existing processes, improve efficiency, and achieve incremental innovation; sampled firms reported the extent of such use.', 'node_name': 'BT exploitation for existing business processes', 'category': 'Technology-enable Practice', 'node_id': 'c126M01N22'}}, {'rel': ({'evidence_statement': 'BT exploitation leverages blockchain to enhance existing processes, improve efficiency, and achieve incremental innovation; sampled firms reported the extent of such use.', 'node_name': 'BT exploitation for existing business processes', 'category': 'Technology-enable Practice', 'node_id': 'c126M01N22'}, 'depend_on', {'evidence_statement': 'Only firms affirmatively reporting investment in BT during the previous year were retained in the adopted-BT sample.', 'node_name': 'organizational investment in blockchain technology during the previous year', 'category': 'Organizational Dependency', 'node_id': 'c126M01N27'}), 'dst_node': {'evidence_statement': 'Only firms affirmatively reporting investment in BT during the previous year were retained in the adopted-BT sample.', 'node_name': 'organizational investment in blockchain technology during the previous year', 'category': 'Organizational Dependency', 'node_id': 'c126M01N27'}, 'src_node': {'evidence_statement': 'BT exploitation leverages blockchain to enhance existing processes, improve efficiency, and achieve incremental innovation; sampled firms reported the extent of such use.', 'node_name': 'BT exploitation for existing business processes', 'category': 'Technology-enable Practice', 'node_id': 'c126M01N22'}}, {'rel': ({'evidence_statement': 'BT exploitation leverages blockchain to enhance existing processes, improve efficiency, and achieve incremental innovation; sampled firms reported the extent of such use.', 'node_name': 'BT exploitation for existing business processes', 'category': 'Technology-enable Practice', 'node_id': 'c126M01N22'}, 'depend_on', {'evidence_statement': 'External blockchain knowledge helps firms address regulatory compliance risks by remaining informed about regulatory developments.', 'node_name': 'access to current blockchain regulatory developments', 'category': 'Environmental Dependency', 'node_id': 'c126M01N30'}), 'dst_node': {'evidence_statement': 'External blockchain knowledge helps firms address regulatory compliance risks by remaining informed about regulatory developments.', 'node_name': 'access to current blockchain regulatory developments', 'category': 'Environmental Dependency', 'node_id': 'c126M01N30'}, 'src_node': {'evidence_statement': 'BT exploitation leverages blockchain to enhance existing processes, improve efficiency, and achieve incremental innovation; sampled firms reported the extent of such use.', 'node_name': 'BT exploitation for existing business processes', 'category': 'Technology-enable Practice', 'node_id': 'c126M01N22'}}], 'constraints': [{'rel': None, 'dst_node': None, 'src_node': {'evidence_statement': 'BT exploitation leverages blockchain to enhance existing processes, improve efficiency, and achieve incremental innovation; sampled firms reported the extent of such use.', 'node_name': 'BT exploitation for existing business processes', 'category': 'Technology-enable Practice', 'node_id': 'c126M01N22'}}], 'mitigates': [{'rel': None, 'dst_node': None, 'src_node': {'evidence_statement': 'BT exploitation leverages blockchain to enhance existing processes, improve efficiency, and achieve incremental innovation; sampled firms reported the extent of such use.', 'node_name': 'BT exploitation for existing business processes', 'category': 'Technology-enable Practice', 'node_id': 'c126M01N22'}}]}, {'adoptions': [{'rel': ({'evidence_statement': 'BT exploration entails experimenting with blockchain to discover opportunities, create products or services, and transform business models; sampled firms reported the extent of such use.', 'node_name': 'BT exploration for new applications and business models', 'category': 'Technology-enable Practice', 'node_id': 'c126M01N23'}, 'adopt', {'evidence_statement': 'Only firms affirmatively reporting BT use, investment, and dedicated internal or external BT support were included in the sample.', 'node_name': 'blockchain technology (BT)', 'category': 'Digital Technology', 'node_id': 'c126M01N24'}), 'dst_node': {'evidence_statement': 'Only firms affirmatively reporting BT use, investment, and dedicated internal or external BT support were included in the sample.', 'node_name': 'blockchain technology (BT)', 'category': 'Digital Technology', 'node_id': 'c126M01N24'}, 'src_node': {'evidence_statement': 'BT exploration entails experimenting with blockchain to discover opportunities, create products or services, and transform business models; sampled firms reported the extent of such use.', 'node_name': 'BT exploration for new applications and business models', 'category': 'Technology-enable Practice', 'node_id': 'c126M01N23'}}], 'capturedBy': [{'rel': None, 'dst_node': {'evidence_statement': 'BT exploration entails experimenting with blockchain to discover opportunities, create products or services, and transform business models; sampled firms reported the extent of such use.', 'node_name': 'BT exploration for new applications and business models', 'category': 'Technology-enable Practice', 'node_id': 'c126M01N23'}, 'src_node': None}], 'depends': [{'rel': ({'evidence_statement': 'BT exploration entails experimenting with blockchain to discover opportunities, create products or services, and transform business models; sampled firms reported the extent of such use.', 'node_name': 'BT exploration for new applications and business models', 'category': 'Technology-enable Practice', 'node_id': 'c126M01N23'}, 'depend_on', {'evidence_statement': ""Successful BT implementation depends on the organization's ability to adapt to and learn from the technology."", 'node_name': 'organizational capacity to adapt to and learn from blockchain technology', 'category': 'Organizational Dependency', 'node_id': 'c126M01N25'}), 'dst_node': {'evidence_statement': ""Successful BT implementation depends on the organization's ability to adapt to and learn from the technology."", 'node_name': 'organizational capacity to adapt to and learn from blockchain technology', 'category': 'Organizational Dependency', 'node_id': 'c126M01N25'}, 'src_node': {'evidence_statement': 'BT exploration entails experimenting with blockchain to discover opportunities, create products or services, and transform business models; sampled firms reported the extent of such use.', 'node_name': 'BT exploration for new applications and business models', 'category': 'Technology-enable Practice', 'node_id': 'c126M01N23'}}, {'rel': ({'evidence_statement': 'BT exploration entails experimenting with blockchain to discover opportunities, create products or services, and transform business models; sampled firms reported the extent of such use.', 'node_name': 'BT exploration for new applications and business models', 'category': 'Technology-enable Practice', 'node_id': 'c126M01N23'}, 'depend_on', {'evidence_statement': 'Only firms affirmatively reporting investment in BT during the previous year were retained in the adopted-BT sample.', 'node_name': 'organizational investment in blockchain technology during the previous year', 'category': 'Organizational Dependency', 'node_id': 'c126M01N27'}), 'dst_node': {'evidence_statement': 'Only firms affirmatively reporting investment in BT during the previous year were retained in the adopted-BT sample.', 'node_name': 'organizational investment in blockchain technology during the previous year', 'category': 'Organizational Dependency', 'node_id': 'c126M01N27'}, 'src_node': {'evidence_statement': 'BT exploration entails experimenting with blockchain to discover opportunities, create products or services, and transform business models; sampled firms reported the extent of such use.', 'node_name': 'BT exploration for new applications and business models', 'category': 'Technology-enable Practice', 'node_id': 'c126M01N23'}}, {'rel': ({'evidence_statement': 'BT exploration entails experimenting with blockchain to discover opportunities, create products or services, and transform business models; sampled firms reported the extent of such use.', 'node_name': 'BT exploration for new applications and business models', 'category': 'Technology-enable Practice', 'node_id': 'c126M01N23'}, 'depend_on', {'evidence_statement': 'Firms obtain BT-related knowledge from external sources such as industry experts, consultants, academic institutions, and professional networks.', 'node_name': 'access to external blockchain knowledge sources', 'category': 'Environmental Dependency', 'node_id': 'c126M01N29'}), 'dst_node': {'evidence_statement': 'Firms obtain BT-related knowledge from external sources such as industry experts, consultants, academic institutions, and professional networks.', 'node_name': 'access to external blockchain knowledge sources', 'category': 'Environmental Dependency', 'node_id': 'c126M01N29'}, 'src_node': {'evidence_statement': 'BT exploration entails experimenting with blockchain to discover opportunities, create products or services, and transform business models; sampled firms reported the extent of such use.', 'node_name': 'BT exploration for new applications and business models', 'category': 'Technology-enable Practice', 'node_id': 'c126M01N23'}}], 'constraints': [{'rel': ({'evidence_statement': 'BT exploration entails experimenting with blockchain to discover opportunities, create products or services, and transform business models; sampled firms reported the extent of such use.', 'node_name': 'BT exploration for new applications and business models', 'category': 'Technology-enable Practice', 'node_id': 'c126M01N23'}, 'be_constrained_by', {'evidence_statement': 'Without internal knowledge integration, firms may struggle to apply BT-related knowledge effectively.', 'node_name': 'difficulty applying blockchain-related knowledge effectively', 'category': 'Limitation', 'node_id': 'c126M01N21'}), 'dst_node': {'evidence_statement': 'Without internal knowledge integration, firms may struggle to apply BT-related knowledge effectively.', 'node_name': 'difficulty applying blockchain-related knowledge effectively', 'category': 'Limitation', 'node_id': 'c126M01N21'}, 'src_node': {'evidence_statement': 'BT exploration entails experimenting with blockchain to discover opportunities, create products or services, and transform business models; sampled firms reported the extent of such use.', 'node_name': 'BT exploration for new applications and business models', 'category': 'Technology-enable Practice', 'node_id': 'c126M01N23'}}], 'mitigates': [{'rel': None, 'dst_node': None, 'src_node': {'evidence_statement': 'BT exploration entails experimenting with blockchain to discover opportunities, create products or services, and transform business models; sampled firms reported the extent of such use.', 'node_name': 'BT exploration for new applications and business models', 'category': 'Technology-enable Practice', 'node_id': 'c126M01N23'}}]}, {'adoptions': [{'rel': ({'evidence_statement': 'The BT exploitation measure asks the extent to which a company uses BT to enhance the transparency of transaction processing and management.', 'node_name': 'blockchain-enabled transaction transparency', 'category': 'Technology-enable Practice', 'node_id': 'c126M01N33'}, 'adopt', {'evidence_statement': 'Only firms affirmatively reporting BT use, investment, and dedicated internal or external BT support were included in the sample.', 'node_name': 'blockchain technology (BT)', 'category': 'Digital Technology', 'node_id': 'c126M01N24'}), 'dst_node': {'evidence_statement': 'Only firms affirmatively reporting BT use, investment, and dedicated internal or external BT support were included in the sample.', 'node_name': 'blockchain technology (BT)', 'category': 'Digital Technology', 'node_id': 'c126M01N24'}, 'src_node': {'evidence_statement': 'The BT exploitation measure asks the extent to which a company uses BT to enhance the transparency of transaction processing and management.', 'node_name': 'blockchain-enabled transaction transparency', 'category': 'Technology-enable Practice', 'node_id': 'c126M01N33'}}], 'capturedBy': [{'rel': None, 'dst_node': {'evidence_statement': 'The BT exploitation measure asks the extent to which a company uses BT to enhance the transparency of transaction processing and management.', 'node_name': 'blockchain-enabled transaction transparency', 'category': 'Technology-enable Practice', 'node_id': 'c126M01N33'}, 'src_node': None}], 'depends': [{'rel': None, 'dst_node': None, 'src_node': {'evidence_statement': 'The BT exploitation measure asks the extent to which a company uses BT to enhance the transparency of transaction processing and management.', 'node_name': 'blockchain-enabled transaction transparency', 'category': 'Technology-enable Practice', 'node_id': 'c126M01N33'}}], 'constraints': [{'rel': None, 'dst_node': None, 'src_node': {'evidence_statement': 'The BT exploitation measure asks the extent to which a company uses BT to enhance the transparency of transaction processing and management.', 'node_name': 'blockchain-enabled transaction transparency', 'category': 'Technology-enable Practice', 'node_id': 'c126M01N33'}}], 'mitigates': [{'rel': None, 'dst_node': None, 'src_node': {'evidence_statement': 'The BT exploitation measure asks the extent to which a company uses BT to enhance the transparency of transaction processing and management.', 'node_name': 'blockchain-enabled transaction transparency', 'category': 'Technology-enable Practice', 'node_id': 'c126M01N33'}}]}]"
c126DS02Q02,RQ1: What emerging technologies are adopted and how they support tacit knowledge capture and retention?,"What's the mechanism of each traditional human-central practice?  introduce this from multiple perspectives: firstly, explain which knowledge holders participated in these practice, then find which tacit knowledge were captured by these practices, subsquently dig out all potential  relations between these paractices with knowledge learners, organizational dependency, environmental dependency, and limitation. Finally, you should summrize the mechanism based on the evidence mentioned above.",2,"MATCH (thp:TraditionalHumancentralPractice)-[r:participate_in]-(h:KnowledgeHolder|KnowledgeLearner)
WITH thp, COLLECT({src_node:thp, rel: r, dst_node: h}) AS participates

// 1. 捕获 TacitKnowledge (be_transferred_by) -> 生成 tk_list
OPTIONAL MATCH (tk:TacitKnowledge)-[r:be_transferred_by|evaluate]-(thp)
WITH thp, participates, 
     COLLECT({src_node:tk, rel: r, dst_node: thp}) AS transferredBy

// 4. 捕获 OrganizationalDependency (depend_on) -> 生成 od_list
OPTIONAL MATCH (thp)-[r:depend_on]->(d:OrganizationalDependency|EnvironmentalDependency)
WITH thp, participates, transferredBy, 
     COLLECT({src_node:thp, rel: r, dst_node: d}) AS depends

// 5. 捕获 Limitation (be_constrained_by) -> 生成 lim_list
OPTIONAL MATCH (thp)-[r:be_constrained_by]->(lim:Limitation)
WITH thp, participates, transferredBy, depends,
     COLLECT({src_node:thp, rel: r, dst_node: lim}) AS constraints,
     COLLECT(DISTINCT lim) AS lim_list

// 8. 捕获 mitigates (tep -[:mitigate]-> lim)
//    限定 lim_mit 必须在 lim_list 中
OPTIONAL MATCH (tep)-[r:mitigate]->(lim_mit:Limitation)
WHERE lim_mit IN lim_list
WITH thp, participates, transferredBy, depends, constraints, 
     COLLECT({src_node:tep, rel: r, dst_node: lim_mit}) AS mitigates

RETURN participates,
       transferredBy,
       depends,
       constraints,
       mitigates","Traditional human-central practices include Internal Knowledge Integration and External Knowledge Acquisition. Internal Knowledge Integration involves Manufacturing Firms and IT Firms as knowledge holders, capturing tacit knowledge by ensuring employees gain necessary skills for BT implementation. It depends on Cross-departmental Collaboration. External Knowledge Acquisition involves Manufacturing Firms, IT Firms, and blockchain industry experts as knowledge holders, capturing tacit knowledge from external sources like experts, consultants, academic institutions, and professional networks. No explicit relations with knowledge learners, environmental dependency, or limitations are mentioned. The mechanism combines internal synthesis and external sourcing of knowledge, facilitated by collaboration and external expertise.","[{'participates': [{'rel': ({'evidence_statement': 'Manufacturing firms are characterized by tangible product outputs and complex supply chain networks', 'node_name': 'Manufacturing Firms', 'category': 'Knowledge Holder', 'node_id': 'c126M02N10'}, 'participate_in', {'evidence_statement': 'Internal knowledge integration refers to the process of combining and synthesizing knowledge within the firm', 'node_name': 'Internal Knowledge Integration', 'category': 'Traditional Human-central Practice', 'node_id': 'c126M02N02'}), 'dst_node': {'evidence_statement': 'Manufacturing firms are characterized by tangible product outputs and complex supply chain networks', 'node_name': 'Manufacturing Firms', 'category': 'Knowledge Holder', 'node_id': 'c126M02N10'}, 'src_node': {'evidence_statement': 'Internal knowledge integration refers to the process of combining and synthesizing knowledge within the firm', 'node_name': 'Internal Knowledge Integration', 'category': 'Traditional Human-central Practice', 'node_id': 'c126M02N02'}}, {'rel': ({'evidence_statement': 'IT firms typically focus on intangible products and services and operate in a rapidly evolving digital landscape', 'node_name': 'IT Firms', 'category': 'Knowledge Holder', 'node_id': 'c126M02N11'}, 'participate_in', {'evidence_statement': 'Internal knowledge integration refers to the process of combining and synthesizing knowledge within the firm', 'node_name': 'Internal Knowledge Integration', 'category': 'Traditional Human-central Practice', 'node_id': 'c126M02N02'}), 'dst_node': {'evidence_statement': 'IT firms typically focus on intangible products and services and operate in a rapidly evolving digital landscape', 'node_name': 'IT Firms', 'category': 'Knowledge Holder', 'node_id': 'c126M02N11'}, 'src_node': {'evidence_statement': 'Internal knowledge integration refers to the process of combining and synthesizing knowledge within the firm', 'node_name': 'Internal Knowledge Integration', 'category': 'Traditional Human-central Practice', 'node_id': 'c126M02N02'}}, {'rel': ({'evidence_statement': 'Internal knowledge integration captures how firms ensure the workforce gains the necessary knowledge and skills to implement and work with BT', 'node_name': 'Employees', 'category': 'Knowledge Learner', 'node_id': 'c126M02N16'}, 'participate_in', {'evidence_statement': 'Internal knowledge integration refers to the process of combining and synthesizing knowledge within the firm', 'node_name': 'Internal Knowledge Integration', 'category': 'Traditional Human-central Practice', 'node_id': 'c126M02N02'}), 'dst_node': {'evidence_statement': 'Internal knowledge integration captures how firms ensure the workforce gains the necessary knowledge and skills to implement and work with BT', 'node_name': 'Employees', 'category': 'Knowledge Learner', 'node_id': 'c126M02N16'}, 'src_node': {'evidence_statement': 'Internal knowledge integration refers to the process of combining and synthesizing knowledge within the firm', 'node_name': 'Internal Knowledge Integration', 'category': 'Traditional Human-central Practice', 'node_id': 'c126M02N02'}}], 'transferredBy': [{'rel': None, 'dst_node': {'evidence_statement': 'Internal knowledge integration refers to the process of combining and synthesizing knowledge within the firm', 'node_name': 'Internal Knowledge Integration', 'category': 'Traditional Human-central Practice', 'node_id': 'c126M02N02'}, 'src_node': None}], 'depends': [{'rel': ({'evidence_statement': 'Internal knowledge integration refers to the process of combining and synthesizing knowledge within the firm', 'node_name': 'Internal Knowledge Integration', 'category': 'Traditional Human-central Practice', 'node_id': 'c126M02N02'}, 'depend_on', {'evidence_statement': 'When internal knowledge is effectively integrated, it facilitates collaboration and communication among different teams and departments', 'node_name': 'Cross-departmental Collaboration', 'category': 'Organizational Dependency', 'node_id': 'c126M02N20'}), 'dst_node': {'evidence_statement': 'When internal knowledge is effectively integrated, it facilitates collaboration and communication among different teams and departments', 'node_name': 'Cross-departmental Collaboration', 'category': 'Organizational Dependency', 'node_id': 'c126M02N20'}, 'src_node': {'evidence_statement': 'Internal knowledge integration refers to the process of combining and synthesizing knowledge within the firm', 'node_name': 'Internal Knowledge Integration', 'category': 'Traditional Human-central Practice', 'node_id': 'c126M02N02'}}], 'constraints': [{'rel': None, 'dst_node': None, 'src_node': {'evidence_statement': 'Internal knowledge integration refers to the process of combining and synthesizing knowledge within the firm', 'node_name': 'Internal Knowledge Integration', 'category': 'Traditional Human-central Practice', 'node_id': 'c126M02N02'}}], 'mitigates': [{'src_node': None, 'rel': None, 'dst_node': None}]}, {'participates': [{'rel': ({'evidence_statement': 'Manufacturing firms are characterized by tangible product outputs and complex supply chain networks', 'node_name': 'Manufacturing Firms', 'category': 'Knowledge Holder', 'node_id': 'c126M02N10'}, 'participate_in', {'evidence_statement': 'External knowledge acquisition involves the process of sourcing information, skills, and technologies from outside the firm', 'node_name': 'External Knowledge Acquisition', 'category': 'Traditional Human-central Practice', 'node_id': 'c126M02N01'}), 'dst_node': {'evidence_statement': 'Manufacturing firms are characterized by tangible product outputs and complex supply chain networks', 'node_name': 'Manufacturing Firms', 'category': 'Knowledge Holder', 'node_id': 'c126M02N10'}, 'src_node': {'evidence_statement': 'External knowledge acquisition involves the process of sourcing information, skills, and technologies from outside the firm', 'node_name': 'External Knowledge Acquisition', 'category': 'Traditional Human-central Practice', 'node_id': 'c126M02N01'}}, {'rel': ({'evidence_statement': 'IT firms typically focus on intangible products and services and operate in a rapidly evolving digital landscape', 'node_name': 'IT Firms', 'category': 'Knowledge Holder', 'node_id': 'c126M02N11'}, 'participate_in', {'evidence_statement': 'External knowledge acquisition involves the process of sourcing information, skills, and technologies from outside the firm', 'node_name': 'External Knowledge Acquisition', 'category': 'Traditional Human-central Practice', 'node_id': 'c126M02N01'}), 'dst_node': {'evidence_statement': 'IT firms typically focus on intangible products and services and operate in a rapidly evolving digital landscape', 'node_name': 'IT Firms', 'category': 'Knowledge Holder', 'node_id': 'c126M02N11'}, 'src_node': {'evidence_statement': 'External knowledge acquisition involves the process of sourcing information, skills, and technologies from outside the firm', 'node_name': 'External Knowledge Acquisition', 'category': 'Traditional Human-central Practice', 'node_id': 'c126M02N01'}}], 'transferredBy': [{'rel': None, 'dst_node': {'evidence_statement': 'External knowledge acquisition involves the process of sourcing information, skills, and technologies from outside the firm', 'node_name': 'External Knowledge Acquisition', 'category': 'Traditional Human-central Practice', 'node_id': 'c126M02N01'}, 'src_node': None}], 'depends': [{'rel': None, 'dst_node': None, 'src_node': {'evidence_statement': 'External knowledge acquisition involves the process of sourcing information, skills, and technologies from outside the firm', 'node_name': 'External Knowledge Acquisition', 'category': 'Traditional Human-central Practice', 'node_id': 'c126M02N01'}}], 'constraints': [{'rel': None, 'dst_node': None, 'src_node': {'evidence_statement': 'External knowledge acquisition involves the process of sourcing information, skills, and technologies from outside the firm', 'node_name': 'External Knowledge Acquisition', 'category': 'Traditional Human-central Practice', 'node_id': 'c126M02N01'}}], 'mitigates': [{'src_node': None, 'rel': None, 'dst_node': None}]}, {'participates': [{'rel': ({'evidence_statement': 'Industry experts are identified as external sources of BT-related knowledge.', 'node_name': 'blockchain industry experts', 'category': 'Knowledge Holder', 'node_id': 'c126M01N08'}, 'participate_in', {'evidence_statement': 'Firms obtain BT-related knowledge from industry experts, consultants, academic institutions, and professional networks.', 'node_name': 'external acquisition of blockchain knowledge', 'category': 'Traditional Human-central Practice', 'node_id': 'c126M01N16'}), 'dst_node': {'evidence_statement': 'Industry experts are identified as external sources of BT-related knowledge.', 'node_name': 'blockchain industry experts', 'category': 'Knowledge Holder', 'node_id': 'c126M01N08'}, 'src_node': {'evidence_statement': 'Firms obtain BT-related knowledge from industry experts, consultants, academic institutions, and professional networks.', 'node_name': 'external acquisition of blockchain knowledge', 'category': 'Traditional Human-central Practice', 'node_id': 'c126M01N16'}}], 'transferredBy': [{'rel': None, 'dst_node': {'evidence_statement': 'Firms obtain BT-related knowledge from industry experts, consultants, academic institutions, and professional networks.', 'node_name': 'external acquisition of blockchain knowledge', 'category': 'Traditional Human-central Practice', 'node_id': 'c126M01N16'}, 'src_node': None}], 'depends': [{'rel': None, 'dst_node': None, 'src_node': {'evidence_statement': 'Firms obtain BT-related knowledge from industry experts, consultants, academic institutions, and professional networks.', 'node_name': 'external acquisition of blockchain knowledge', 'category': 'Traditional Human-central Practice', 'node_id': 'c126M01N16'}}], 'constraints': [{'rel': None, 'dst_node': None, 'src_node': {'evidence_statement': 'Firms obtain BT-related knowledge from industry experts, consultants, academic institutions, and professional networks.', 'node_name': 'external acquisition of blockchain knowledge', 'category': 'Traditional Human-central Practice', 'node_id': 'c126M01N16'}}], 'mitigates': [{'src_node': None, 'rel': None, 'dst_node': None}]}]"
c126DS03Q01,"RQ2: What resources and capabilities are required, such as data input, expert participation, technical infrastructure, and organizational resources?",Which external environment condition is required by the technology-enable practices?,2,"MATCH (p:TechnologyenablePractice)-[r:depend_on]->(e:EnvironmentalDependency)
WITH e, COLLECT({src_node:p, rel: r, dst_node: e}) AS depends
RETURN DISTINCT depends",access to external blockchain knowledge sources and access to current blockchain regulatory developments,"[{'depends': [{'rel': ({'evidence_statement': 'BT exploration entails experimenting with blockchain to discover opportunities, create products or services, and transform business models; sampled firms reported the extent of such use.', 'node_name': 'BT exploration for new applications and business models', 'category': 'Technology-enable Practice', 'node_id': 'c126M01N23'}, 'depend_on', {'evidence_statement': 'Firms obtain BT-related knowledge from external sources such as industry experts, consultants, academic institutions, and professional networks.', 'node_name': 'access to external blockchain knowledge sources', 'category': 'Environmental Dependency', 'node_id': 'c126M01N29'}), 'dst_node': {'evidence_statement': 'Firms obtain BT-related knowledge from external sources such as industry experts, consultants, academic institutions, and professional networks.', 'node_name': 'access to external blockchain knowledge sources', 'category': 'Environmental Dependency', 'node_id': 'c126M01N29'}, 'src_node': {'evidence_statement': 'BT exploration entails experimenting with blockchain to discover opportunities, create products or services, and transform business models; sampled firms reported the extent of such use.', 'node_name': 'BT exploration for new applications and business models', 'category': 'Technology-enable Practice', 'node_id': 'c126M01N23'}}]}, {'depends': [{'rel': ({'evidence_statement': 'BT exploitation leverages blockchain to enhance existing processes, improve efficiency, and achieve incremental innovation; sampled firms reported the extent of such use.', 'node_name': 'BT exploitation for existing business processes', 'category': 'Technology-enable Practice', 'node_id': 'c126M01N22'}, 'depend_on', {'evidence_statement': 'External blockchain knowledge helps firms address regulatory compliance risks by remaining informed about regulatory developments.', 'node_name': 'access to current blockchain regulatory developments', 'category': 'Environmental Dependency', 'node_id': 'c126M01N30'}), 'dst_node': {'evidence_statement': 'External blockchain knowledge helps firms address regulatory compliance risks by remaining informed about regulatory developments.', 'node_name': 'access to current blockchain regulatory developments', 'category': 'Environmental Dependency', 'node_id': 'c126M01N30'}, 'src_node': {'evidence_statement': 'BT exploitation leverages blockchain to enhance existing processes, improve efficiency, and achieve incremental innovation; sampled firms reported the extent of such use.', 'node_name': 'BT exploitation for existing business processes', 'category': 'Technology-enable Practice', 'node_id': 'c126M01N22'}}]}]"
c126DS03Q02,"RQ2: What resources and capabilities are required, such as data input, expert participation, technical infrastructure, and organizational resources?",Which environmental conditions are required by the traditional human practices?,2,"MATCH (p:TraditionalHumancentralPractice)-[r:depend_on]->(e:EnvironmentalDependency)
WITH e, COLLECT({src_node:p, rel: r, dst_node: e}) AS depends
RETURN DISTINCT depends",Not Mentioned,[]
c126DS04Q01,"RQ3: How organizational culture influence effectiveness, such as culture, trust, leadership support, motivation, and expert participation?","which organizational resource (e.g., culture, trust, leadership support, motivation, and expert participation, etc) were needed in technology-enable Practices?",2,"MATCH (p:TechnologyenablePractice)-[r:depend_on]->(o:OrganizationalDependency)
WITH o, COLLECT({src_node:p, rel: r, dst_node: o}) AS depends
RETURN DISTINCT o,depends","organizational capacity to adapt to and learn from blockchain technology, organizational investment in blockchain technology during the previous year, and organizational memory","[{'o': {'evidence_statement': ""Successful BT implementation depends on the organization's ability to adapt to and learn from the technology."", 'node_name': 'organizational capacity to adapt to and learn from blockchain technology', 'category': 'Organizational Dependency', 'node_id': 'c126M01N25'}, 'depends': [{'rel': ({'evidence_statement': 'BT exploitation leverages blockchain to enhance existing processes, improve efficiency, and achieve incremental innovation; sampled firms reported the extent of such use.', 'node_name': 'BT exploitation for existing business processes', 'category': 'Technology-enable Practice', 'node_id': 'c126M01N22'}, 'depend_on', {'evidence_statement': ""Successful BT implementation depends on the organization's ability to adapt to and learn from the technology."", 'node_name': 'organizational capacity to adapt to and learn from blockchain technology', 'category': 'Organizational Dependency', 'node_id': 'c126M01N25'}), 'dst_node': {'evidence_statement': ""Successful BT implementation depends on the organization's ability to adapt to and learn from the technology."", 'node_name': 'organizational capacity to adapt to and learn from blockchain technology', 'category': 'Organizational Dependency', 'node_id': 'c126M01N25'}, 'src_node': {'evidence_statement': 'BT exploitation leverages blockchain to enhance existing processes, improve efficiency, and achieve incremental innovation; sampled firms reported the extent of such use.', 'node_name': 'BT exploitation for existing business processes', 'category': 'Technology-enable Practice', 'node_id': 'c126M01N22'}}, {'rel': ({'evidence_statement': 'BT exploration entails experimenting with blockchain to discover opportunities, create products or services, and transform business models; sampled firms reported the extent of such use.', 'node_name': 'BT exploration for new applications and business models', 'category': 'Technology-enable Practice', 'node_id': 'c126M01N23'}, 'depend_on', {'evidence_statement': ""Successful BT implementation depends on the organization's ability to adapt to and learn from the technology."", 'node_name': 'organizational capacity to adapt to and learn from blockchain technology', 'category': 'Organizational Dependency', 'node_id': 'c126M01N25'}), 'dst_node': {'evidence_statement': ""Successful BT implementation depends on the organization's ability to adapt to and learn from the technology."", 'node_name': 'organizational capacity to adapt to and learn from blockchain technology', 'category': 'Organizational Dependency', 'node_id': 'c126M01N25'}, 'src_node': {'evidence_statement': 'BT exploration entails experimenting with blockchain to discover opportunities, create products or services, and transform business models; sampled firms reported the extent of such use.', 'node_name': 'BT exploration for new applications and business models', 'category': 'Technology-enable Practice', 'node_id': 'c126M01N23'}}]}, {'o': {'evidence_statement': 'Only firms affirmatively reporting investment in BT during the previous year were retained in the adopted-BT sample.', 'node_name': 'organizational investment in blockchain technology during the previous year', 'category': 'Organizational Dependency', 'node_id': 'c126M01N27'}, 'depends': [{'rel': ({'evidence_statement': 'BT exploitation leverages blockchain to enhance existing processes, improve efficiency, and achieve incremental innovation; sampled firms reported the extent of such use.', 'node_name': 'BT exploitation for existing business processes', 'category': 'Technology-enable Practice', 'node_id': 'c126M01N22'}, 'depend_on', {'evidence_statement': 'Only firms affirmatively reporting investment in BT during the previous year were retained in the adopted-BT sample.', 'node_name': 'organizational investment in blockchain technology during the previous year', 'category': 'Organizational Dependency', 'node_id': 'c126M01N27'}), 'dst_node': {'evidence_statement': 'Only firms affirmatively reporting investment in BT during the previous year were retained in the adopted-BT sample.', 'node_name': 'organizational investment in blockchain technology during the previous year', 'category': 'Organizational Dependency', 'node_id': 'c126M01N27'}, 'src_node': {'evidence_statement': 'BT exploitation leverages blockchain to enhance existing processes, improve efficiency, and achieve incremental innovation; sampled firms reported the extent of such use.', 'node_name': 'BT exploitation for existing business processes', 'category': 'Technology-enable Practice', 'node_id': 'c126M01N22'}}, {'rel': ({'evidence_statement': 'BT exploration entails experimenting with blockchain to discover opportunities, create products or services, and transform business models; sampled firms reported the extent of such use.', 'node_name': 'BT exploration for new applications and business models', 'category': 'Technology-enable Practice', 'node_id': 'c126M01N23'}, 'depend_on', {'evidence_statement': 'Only firms affirmatively reporting investment in BT during the previous year were retained in the adopted-BT sample.', 'node_name': 'organizational investment in blockchain technology during the previous year', 'category': 'Organizational Dependency', 'node_id': 'c126M01N27'}), 'dst_node': {'evidence_statement': 'Only firms affirmatively reporting investment in BT during the previous year were retained in the adopted-BT sample.', 'node_name': 'organizational investment in blockchain technology during the previous year', 'category': 'Organizational Dependency', 'node_id': 'c126M01N27'}, 'src_node': {'evidence_statement': 'BT exploration entails experimenting with blockchain to discover opportunities, create products or services, and transform business models; sampled firms reported the extent of such use.', 'node_name': 'BT exploration for new applications and business models', 'category': 'Technology-enable Practice', 'node_id': 'c126M01N23'}}]}, {'o': {'evidence_statement': ""As knowledge and experiences related to BT are documented and stored, they become part of the firm's collective intelligence"", 'node_name': 'Organizational Memory', 'category': 'Organizational Dependency', 'node_id': 'c126M02N19'}, 'depends': [{'rel': ({'evidence_statement': 'BT exploitation refers to leveraging BT to enhance existing processes, improve efficiency, and achieve incremental innovation', 'node_name': 'BT Exploitation', 'category': 'Technology-enable Practice', 'node_id': 'c126M02N03'}, 'depend_on', {'evidence_statement': ""As knowledge and experiences related to BT are documented and stored, they become part of the firm's collective intelligence"", 'node_name': 'Organizational Memory', 'category': 'Organizational Dependency', 'node_id': 'c126M02N19'}), 'dst_node': {'evidence_statement': ""As knowledge and experiences related to BT are documented and stored, they become part of the firm's collective intelligence"", 'node_name': 'Organizational Memory', 'category': 'Organizational Dependency', 'node_id': 'c126M02N19'}, 'src_node': {'evidence_statement': 'BT exploitation refers to leveraging BT to enhance existing processes, improve efficiency, and achieve incremental innovation', 'node_name': 'BT Exploitation', 'category': 'Technology-enable Practice', 'node_id': 'c126M02N03'}}]}]"
c126DS04Q02,"RQ3: How organizational culture influence effectiveness, such as culture, trust, leadership support, motivation, and expert participation?","which organizational resource (e.g., culture, trust, leadership support, motivation, and expert participation, etc) were needed in traditional Human Practices?",2,"MATCH (p:TraditionalHumancentralPractice)-[r:depend_on]->(o:OrganizationalDependency)
WITH o, COLLECT({src_node:p, rel: r, dst_node: o}) AS depends
RETURN DISTINCT o,depends",Not Mentioned,"[{'o': {'evidence_statement': 'When internal knowledge is effectively integrated, it facilitates collaboration and communication among different teams and departments', 'node_name': 'Cross-departmental Collaboration', 'category': 'Organizational Dependency', 'node_id': 'c126M02N20'}, 'depends': [{'rel': ({'evidence_statement': 'Internal knowledge integration refers to the process of combining and synthesizing knowledge within the firm', 'node_name': 'Internal Knowledge Integration', 'category': 'Traditional Human-central Practice', 'node_id': 'c126M02N02'}, 'depend_on', {'evidence_statement': 'When internal knowledge is effectively integrated, it facilitates collaboration and communication among different teams and departments', 'node_name': 'Cross-departmental Collaboration', 'category': 'Organizational Dependency', 'node_id': 'c126M02N20'}), 'dst_node': {'evidence_statement': 'When internal knowledge is effectively integrated, it facilitates collaboration and communication among different teams and departments', 'node_name': 'Cross-departmental Collaboration', 'category': 'Organizational Dependency', 'node_id': 'c126M02N20'}, 'src_node': {'evidence_statement': 'Internal knowledge integration refers to the process of combining and synthesizing knowledge within the firm', 'node_name': 'Internal Knowledge Integration', 'category': 'Traditional Human-central Practice', 'node_id': 'c126M02N02'}}]}]"
c126DS05Q01,"What inherent vulnerability, shortcoming, or failure points the knowledge retention practices face?","What inherent vulnerability, shortcoming, or failure point of  the technology-enable practices?",2,"MATCH (p:TechnologyenablePractice)-[r:be_constrained_by]->(l:Limitation)
WITH l, COLLECT({src_node:p, rel: r, dst_node: l}) AS constrainedBy
RETURN DISTINCT l,constrainedBy","BT exploitation is constrained by high initial adoption costs, need for significant technological expertise, integration with existing systems, regulatory and legal uncertainties, and data privacy and security concerns. BT exploration is constrained by high uncertainty in innovation and difficulty applying blockchain-related knowledge effectively.","[{'l': {'evidence_statement': 'Firms frequently encounter challenges such as high initial adoption costs', 'node_name': 'High Initial Adoption Costs', 'category': 'Limitation', 'node_id': 'c126M02N21'}, 'constrainedBy': [{'rel': ({'evidence_statement': 'BT exploitation refers to leveraging BT to enhance existing processes, improve efficiency, and achieve incremental innovation', 'node_name': 'BT Exploitation', 'category': 'Technology-enable Practice', 'node_id': 'c126M02N03'}, 'be_constrained_by', {'evidence_statement': 'Firms frequently encounter challenges such as high initial adoption costs', 'node_name': 'High Initial Adoption Costs', 'category': 'Limitation', 'node_id': 'c126M02N21'}), 'dst_node': {'evidence_statement': 'Firms frequently encounter challenges such as high initial adoption costs', 'node_name': 'High Initial Adoption Costs', 'category': 'Limitation', 'node_id': 'c126M02N21'}, 'src_node': {'evidence_statement': 'BT exploitation refers to leveraging BT to enhance existing processes, improve efficiency, and achieve incremental innovation', 'node_name': 'BT Exploitation', 'category': 'Technology-enable Practice', 'node_id': 'c126M02N03'}}]}, {'l': {'evidence_statement': 'The need for significant technological expertise challenges BT adoption', 'node_name': 'Need for Significant Technological Expertise', 'category': 'Limitation', 'node_id': 'c126M02N22'}, 'constrainedBy': [{'rel': ({'evidence_statement': 'BT exploitation refers to leveraging BT to enhance existing processes, improve efficiency, and achieve incremental innovation', 'node_name': 'BT Exploitation', 'category': 'Technology-enable Practice', 'node_id': 'c126M02N03'}, 'be_constrained_by', {'evidence_statement': 'The need for significant technological expertise challenges BT adoption', 'node_name': 'Need for Significant Technological Expertise', 'category': 'Limitation', 'node_id': 'c126M02N22'}), 'dst_node': {'evidence_statement': 'The need for significant technological expertise challenges BT adoption', 'node_name': 'Need for Significant Technological Expertise', 'category': 'Limitation', 'node_id': 'c126M02N22'}, 'src_node': {'evidence_statement': 'BT exploitation refers to leveraging BT to enhance existing processes, improve efficiency, and achieve incremental innovation', 'node_name': 'BT Exploitation', 'category': 'Technology-enable Practice', 'node_id': 'c126M02N03'}}]}, {'l': {'evidence_statement': 'Integration with existing systems and processes is a challenge for BT adoption', 'node_name': 'Integration with Existing Systems', 'category': 'Limitation', 'node_id': 'c126M02N23'}, 'constrainedBy': [{'rel': ({'evidence_statement': 'BT exploitation refers to leveraging BT to enhance existing processes, improve efficiency, and achieve incremental innovation', 'node_name': 'BT Exploitation', 'category': 'Technology-enable Practice', 'node_id': 'c126M02N03'}, 'be_constrained_by', {'evidence_statement': 'Integration with existing systems and processes is a challenge for BT adoption', 'node_name': 'Integration with Existing Systems', 'category': 'Limitation', 'node_id': 'c126M02N23'}), 'dst_node': {'evidence_statement': 'Integration with existing systems and processes is a challenge for BT adoption', 'node_name': 'Integration with Existing Systems', 'category': 'Limitation', 'node_id': 'c126M02N23'}, 'src_node': {'evidence_statement': 'BT exploitation refers to leveraging BT to enhance existing processes, improve efficiency, and achieve incremental innovation', 'node_name': 'BT Exploitation', 'category': 'Technology-enable Practice', 'node_id': 'c126M02N03'}}]}, {'l': {'evidence_statement': 'Regulatory and legal uncertainties surrounding BT usage complicate adoption', 'node_name': 'Regulatory and Legal Uncertainties', 'category': 'Limitation', 'node_id': 'c126M02N24'}, 'constrainedBy': [{'rel': ({'evidence_statement': 'BT exploitation refers to leveraging BT to enhance existing processes, improve efficiency, and achieve incremental innovation', 'node_name': 'BT Exploitation', 'category': 'Technology-enable Practice', 'node_id': 'c126M02N03'}, 'be_constrained_by', {'evidence_statement': 'Regulatory and legal uncertainties surrounding BT usage complicate adoption', 'node_name': 'Regulatory and Legal Uncertainties', 'category': 'Limitation', 'node_id': 'c126M02N24'}), 'dst_node': {'evidence_statement': 'Regulatory and legal uncertainties surrounding BT usage complicate adoption', 'node_name': 'Regulatory and Legal Uncertainties', 'category': 'Limitation', 'node_id': 'c126M02N24'}, 'src_node': {'evidence_statement': 'BT exploitation refers to leveraging BT to enhance existing processes, improve efficiency, and achieve incremental innovation', 'node_name': 'BT Exploitation', 'category': 'Technology-enable Practice', 'node_id': 'c126M02N03'}}]}, {'l': {'evidence_statement': 'Concerns regarding data privacy and security further complicate the adoption process', 'node_name': 'Data Privacy and Security Concerns', 'category': 'Limitation', 'node_id': 'c126M02N25'}, 'constrainedBy': [{'rel': ({'evidence_statement': 'BT exploitation refers to leveraging BT to enhance existing processes, improve efficiency, and achieve incremental innovation', 'node_name': 'BT Exploitation', 'category': 'Technology-enable Practice', 'node_id': 'c126M02N03'}, 'be_constrained_by', {'evidence_statement': 'Concerns regarding data privacy and security further complicate the adoption process', 'node_name': 'Data Privacy and Security Concerns', 'category': 'Limitation', 'node_id': 'c126M02N25'}), 'dst_node': {'evidence_statement': 'Concerns regarding data privacy and security further complicate the adoption process', 'node_name': 'Data Privacy and Security Concerns', 'category': 'Limitation', 'node_id': 'c126M02N25'}, 'src_node': {'evidence_statement': 'BT exploitation refers to leveraging BT to enhance existing processes, improve efficiency, and achieve incremental innovation', 'node_name': 'BT Exploitation', 'category': 'Technology-enable Practice', 'node_id': 'c126M02N03'}}]}, {'l': {'evidence_statement': 'Exploratory phase is accompanied by uncertainty surrounding the viability of new technologies and high failure rates in innovative projects', 'node_name': 'High Uncertainty in Innovation', 'category': 'Limitation', 'node_id': 'c126M02N27'}, 'constrainedBy': [{'rel': ({'evidence_statement': 'BT exploration entails experimenting with BT to discover new opportunities, engage in radical innovation, and transform business models', 'node_name': 'BT Exploration', 'category': 'Technology-enable Practice', 'node_id': 'c126M02N04'}, 'be_constrained_by', {'evidence_statement': 'Exploratory phase is accompanied by uncertainty surrounding the viability of new technologies and high failure rates in innovative projects', 'node_name': 'High Uncertainty in Innovation', 'category': 'Limitation', 'node_id': 'c126M02N27'}), 'dst_node': {'evidence_statement': 'Exploratory phase is accompanied by uncertainty surrounding the viability of new technologies and high failure rates in innovative projects', 'node_name': 'High Uncertainty in Innovation', 'category': 'Limitation', 'node_id': 'c126M02N27'}, 'src_node': {'evidence_statement': 'BT exploration entails experimenting with BT to discover new opportunities, engage in radical innovation, and transform business models', 'node_name': 'BT Exploration', 'category': 'Technology-enable Practice', 'node_id': 'c126M02N04'}}]}, {'l': {'evidence_statement': 'Without internal knowledge integration, firms may struggle to apply BT-related knowledge effectively.', 'node_name': 'difficulty applying blockchain-related knowledge effectively', 'category': 'Limitation', 'node_id': 'c126M01N21'}, 'constrainedBy': [{'rel': ({'evidence_statement': 'BT exploration entails experimenting with blockchain to discover opportunities, create products or services, and transform business models; sampled firms reported the extent of such use.', 'node_name': 'BT exploration for new applications and business models', 'category': 'Technology-enable Practice', 'node_id': 'c126M01N23'}, 'be_constrained_by', {'evidence_statement': 'Without internal knowledge integration, firms may struggle to apply BT-related knowledge effectively.', 'node_name': 'difficulty applying blockchain-related knowledge effectively', 'category': 'Limitation', 'node_id': 'c126M01N21'}), 'dst_node': {'evidence_statement': 'Without internal knowledge integration, firms may struggle to apply BT-related knowledge effectively.', 'node_name': 'difficulty applying blockchain-related knowledge effectively', 'category': 'Limitation', 'node_id': 'c126M01N21'}, 'src_node': {'evidence_statement': 'BT exploration entails experimenting with blockchain to discover opportunities, create products or services, and transform business models; sampled firms reported the extent of such use.', 'node_name': 'BT exploration for new applications and business models', 'category': 'Technology-enable Practice', 'node_id': 'c126M01N23'}}]}]"
c126DS05Q02,"What inherent vulnerability, shortcoming, or failure points the knowledge retention practices face?","What inherent vulnerability, shortcoming, or failure point of  the traditional human-central practices?",2,"MATCH (p:TraditionalHumancentralPractice)-[r:be_constrained_by]->(l:Limitation)
WITH l, COLLECT({src_node:p, rel: r, dst_node: l}) AS constrainedBy
RETURN DISTINCT l,constrainedBy","Without internal knowledge integration, firms may struggle to apply blockchain-related knowledge effectively.","[{'l': {'evidence_statement': 'Without internal knowledge integration, firms may struggle to apply BT-related knowledge effectively.', 'node_name': 'difficulty applying blockchain-related knowledge effectively', 'category': 'Limitation', 'node_id': 'c126M01N21'}, 'constrainedBy': [{'rel': ({'evidence_statement': 'Internal knowledge integration combines and synthesizes knowledge within the firm and ensures that the workforce gains knowledge and skills for BT.', 'node_name': 'internal integration of blockchain knowledge', 'category': 'Traditional Human-central Practice', 'node_id': 'c126M01N17'}, 'be_constrained_by', {'evidence_statement': 'Without internal knowledge integration, firms may struggle to apply BT-related knowledge effectively.', 'node_name': 'difficulty applying blockchain-related knowledge effectively', 'category': 'Limitation', 'node_id': 'c126M01N21'}), 'dst_node': {'evidence_statement': 'Without internal knowledge integration, firms may struggle to apply BT-related knowledge effectively.', 'node_name': 'difficulty applying blockchain-related knowledge effectively', 'category': 'Limitation', 'node_id': 'c126M01N21'}, 'src_node': {'evidence_statement': 'Internal knowledge integration combines and synthesizes knowledge within the firm and ensures that the workforce gains knowledge and skills for BT.', 'node_name': 'internal integration of blockchain knowledge', 'category': 'Traditional Human-central Practice', 'node_id': 'c126M01N17'}}]}]"
c126DS05Q03,"What inherent vulnerability, shortcoming, or failure points the knowledge retention practices face?",Which limitations the technology-enable practices resolve or at least mitigate the traditional human-central practices have faced?,2,"MATCH (p:TechnologyenablePractice)-[r:mitigate]->(l:Limitation)
WITH l, COLLECT({src_node:p, rel: r, dst_node: l}) AS mitigates
OPTIONAL MATCH (l)-[r:be_constrained_by]-(t:TraditionalHumancentralPractice)
WITH l, mitigates, COLLECT({src_node:l, rel: r, dst_node: t}) AS constrainedBy
RETURN DISTINCT l,mitigates,constrainedBy",Not Mentioned,[]
