ID,Object,Question,Weight,Cypher,Answer,Evidence
c213DS01Q01,Tacit knowledge,which tacit knowledge elements are described?,1,"MATCH (tk:TacitKnowledge)
RETURN DISTINCT tk",Healthcare-provider cancer diagnostic experience and clinical practices; healthcare-provider supplier-selection strategies and methodologies; clinical decision-making.,"[{'tk': {'evidence_statement': 'The local cancer-learning scenario reflects each healthcare provider’s specific patient demographics and clinical practices, and the federated scenario allows providers to benefit from collective knowledge and experiences.', 'node_name': 'healthcare-provider cancer diagnostic experience and clinical practices', 'category': 'Tacit Knowledge', 'node_id': 'c213M01N46'}}, {'tk': {'evidence_statement': 'The paper explains that institutions can enhance their models by learning from one another and adopting successful strategies or methodologies; the supplier case allows providers to analyze and adapt using shared model-performance insights.', 'node_name': 'healthcare-provider supplier-selection strategies and methodologies', 'category': 'Tacit Knowledge', 'node_id': 'c213M01N47'}}, {'tk': {'evidence_statement': 'This model is used for predictions and decision-making during the next time interval', 'node_name': 'Clinical Decision-Making', 'category': 'Tacit Knowledge', 'node_id': 'c213M02N08'}}]"
c213DS01Q02,Knowledge Holder,Which knowledge holders are described?,2,"MATCH (kh:KnowledgeHolder)
RETURN DISTINCT kh",participating healthcare provider nodes; Healthcare Institutions (Nodes A–J),"[{'kh': {'evidence_statement': 'Each healthcare provider operates as an independent node, retains local data, and trains predictive models.', 'node_name': 'participating healthcare provider nodes', 'category': 'Knowledge Holder', 'node_id': 'c213M01N20'}}, {'kh': {'evidence_statement': 'each stakeholder (healthcare provider) acts as an independent node', 'node_name': 'Healthcare Institutions (Nodes A–J)', 'category': 'Knowledge Holder', 'node_id': 'c213M02N01'}}]"
c213DS01Q03,Traditional Human-centred Practices,Which traditional human-centred practice elements are described?,2,"MATCH (t:TraditionalHumancentralPractice)
RETURN DISTINCT t",Not Mentioned,[]
c213DS01Q04,technology-enable Practice,Which technology‑enable practices have been described?,1,"MATCH (p:TechnologyenablePractice)
RETURN DISTINCT p","Blockchain-based Predictive Digital Twin, blockchain-based healthcare predictive-model sharing and benchmarking, cross-provider breast cancer model evaluation, cross-provider Parkinson’s disease model evaluation, cross-provider healthcare supplier selection model evaluation, Federated Learning Protocol, Blockchain-based Model Sharing, Performance Benchmarking","[{'p': {'evidence_statement': 'The validated architecture combines predictive digital twins, blockchain, and federated learning for decentralized model development and benchmarking.', 'node_name': 'Blockchain-based Predictive Digital Twin', 'category': 'Technology-enable Practice', 'node_id': 'c213M01N22'}}, {'p': {'evidence_statement': 'Locally trained models are shared across the blockchain and benchmarked against each recipient node’s validation data.', 'node_name': 'blockchain-based healthcare predictive-model sharing and benchmarking', 'category': 'Technology-enable Practice', 'node_id': 'c213M01N23'}}, {'p': {'evidence_statement': 'Every provider evaluated breast-cancer models developed by other providers on its own validation data.', 'node_name': 'cross-provider breast cancer model evaluation', 'category': 'Technology-enable Practice', 'node_id': 'c213M01N24'}}, {'p': {'evidence_statement': 'The Parkinson’s disease case partitioned provider data and compared model performance across institutions.', 'node_name': 'cross-provider Parkinson’s disease model evaluation', 'category': 'Technology-enable Practice', 'node_id': 'c213M01N25'}}, {'p': {'evidence_statement': 'Each supplier-selection model was evaluated against models developed by other nodes and shared through the blockchain.', 'node_name': 'cross-provider healthcare supplier selection model evaluation', 'category': 'Technology-enable Practice', 'node_id': 'c213M01N26'}}, {'p': {'evidence_statement': 'Federated Learning (FL) is a decentralized approach to ML that enables multiple participants to collaboratively train models without directly sharing data', 'node_name': 'Federated Learning Protocol', 'category': 'Technology-enable Practice', 'node_id': 'c213M02N14'}}, {'p': {'evidence_statement': 'Instead of sharing sensitive patient data, each node shares their trained models and parameters on the blockchain network', 'node_name': 'Blockchain-based Model Sharing', 'category': 'Technology-enable Practice', 'node_id': 'c213M02N15'}}, {'p': {'evidence_statement': 'Each node benchmarks the performance of received models on its own hold-out validation set', 'node_name': 'Performance Benchmarking', 'category': 'Technology-enable Practice', 'node_id': 'c213M02N16'}}]"
c213DS01Q05,Digital Technology,Which digital technology elements have been described?,1,"MATCH (dt:DigitalTechnology)
RETURN DISTINCT dt","Blockchain technology, federated learning, predictive digital twins, logistic regression, decision tree, random forest, gradient boosting, blockchain smart contracts for healthcare model access and use, Blockchain Network, Blockchain Smart Contracts, InterPlanetary File System (IPFS).","[{'dt': {'evidence_statement': 'Blockchain provides decentralized model exchange, immutability, traceability, and consensus.', 'node_name': 'blockchain technology', 'category': 'Digital Technology', 'node_id': 'c213M01N28'}}, {'dt': {'evidence_statement': 'Federated learning permits local model training and collaborative model development without direct data exchange.', 'node_name': 'federated learning', 'category': 'Digital Technology', 'node_id': 'c213M01N29'}}, {'dt': {'evidence_statement': 'Predictive digital twins use data and predictive analytics to forecast future states and support decisions.', 'node_name': 'predictive digital twins', 'category': 'Digital Technology', 'node_id': 'c213M01N30'}}, {'dt': {'evidence_statement': 'Logistic regression was one of four classification algorithms implemented in the cases.', 'node_name': 'logistic regression', 'category': 'Digital Technology', 'node_id': 'c213M01N31'}}, {'dt': {'evidence_statement': 'Decision tree was one of four classification algorithms implemented in the cases.', 'node_name': 'decision tree', 'category': 'Digital Technology', 'node_id': 'c213M01N32'}}, {'dt': {'evidence_statement': 'Random forest was one of four classification algorithms implemented in the cases.', 'node_name': 'random forest', 'category': 'Digital Technology', 'node_id': 'c213M01N33'}}, {'dt': {'evidence_statement': 'Gradient boosting was one of four classification algorithms implemented in the cases.', 'node_name': 'gradient boosting', 'category': 'Digital Technology', 'node_id': 'c213M01N34'}}, {'dt': {'evidence_statement': 'Providers can establish smart contracts defining the conditions under which shared models may be accessed or used.', 'node_name': 'blockchain smart contracts for healthcare model access and use', 'category': 'Digital Technology', 'node_id': 'c213M01N35'}}, {'dt': {'evidence_statement': 'blockchain technology...enables secure data storage and sharing across multiple stakeholders', 'node_name': 'Blockchain Network', 'category': 'Digital Technology', 'node_id': 'c213M02N17'}}, {'dt': {'evidence_statement': 'Smart contracts, a key feature of blockchain, automate transactions, connect stakeholders, and enable secure, transparent data sharing', 'node_name': 'Blockchain Smart Contracts', 'category': 'Digital Technology', 'node_id': 'c213M02N18'}}, {'dt': {'evidence_statement': 'blockchain-based solutions can be integrated with off-chain storage such as InterPlanetary File System (IPFS) for decentralized storage', 'node_name': 'InterPlanetary File System (IPFS)', 'category': 'Digital Technology', 'node_id': 'c213M02N19'}}]"
c213DS01Q06,Organizational Dependency,Which organizational dependencies are stated as necessary for technology-enable practices?,2,"MATCH (od:OrganizationalDependency)
RETURN DISTINCT od","The framework assumes adequate computational infrastructure and technical capability across participating healthcare institutions, and relies on ethical transparency at the participating-node level.","[{'od': {'evidence_statement': 'The framework assumes adequate computational infrastructure and technical capability across participating healthcare institutions.', 'node_name': 'healthcare-institution computational infrastructure and federated-learning capability', 'category': 'Organizational Dependency', 'node_id': 'c213M01N36'}}, {'od': {'evidence_statement': 'The model relies on ethical transparency at the participating-node level.', 'node_name': 'healthcare-node ethical transparency', 'category': 'Organizational Dependency', 'node_id': 'c213M01N37'}}]"
c213DS01Q07,Environment Dependency,Which external factors affect the implementation of technology-enable practices?,2,"MATCH (d:EnvironmentalDependency)
RETURN DISTINCT d",Healthcare privacy regulations,"[{'d': {'evidence_statement': 'Healthcare collaboration must protect patient privacy and operate within privacy regulations.', 'node_name': 'healthcare privacy regulations', 'category': 'Environmental Dependency', 'node_id': 'c213M01N38'}}]"
c213DS01Q08,Limitation,Which limitations are been described,1,"MATCH (l:Limitation)
RETURN DISTINCT l","The limitations described include cross-institutional healthcare data silos, incompatible healthcare IT infrastructures, limited institution-specific training data, cross-provider predictive-model accuracy variability, Parkinson's disease recording class imbalance, unestablished effect on actual patient outcomes, restriction to supervised learning scenarios, institutional data silos, patient data exposure risk, centralized system single point of failure, and interoperability issues.","[{'l': {'evidence_statement': 'Data silos hinder traditional healthcare collaboration and benchmarking.', 'node_name': 'cross-institutional healthcare data silos', 'category': 'Limitation', 'node_id': 'c213M01N39'}}, {'l': {'evidence_statement': 'Traditional benchmarking is hindered by incompatible information-technology infrastructures.', 'node_name': 'incompatible healthcare IT infrastructures', 'category': 'Limitation', 'node_id': 'c213M01N40'}}, {'l': {'evidence_statement': 'Local learning was difficult when provider nodes operated with limited clinical datasets.', 'node_name': 'limited institution-specific cancer and Parkinson’s disease training data', 'category': 'Limitation', 'node_id': 'c213M01N41'}}, {'l': {'evidence_statement': 'Locally trained model performance varied substantially across healthcare-provider nodes.', 'node_name': 'cross-provider predictive-model accuracy variability', 'category': 'Limitation', 'node_id': 'c213M01N42'}}, {'l': {'evidence_statement': 'The Parkinson’s dataset contains more recordings from individuals with Parkinson’s disease than from healthy individuals.', 'node_name': 'Parkinson’s disease recording class imbalance', 'category': 'Limitation', 'node_id': 'c213M01N43'}}, {'l': {'evidence_statement': 'The downstream effect of the framework on actual patient outcomes has not been empirically established.', 'node_name': 'unestablished effect on actual patient outcomes', 'category': 'Limitation', 'node_id': 'c213M01N44'}}, {'l': {'evidence_statement': 'The current model mainly supports supervised-learning scenarios.', 'node_name': 'restriction to supervised healthcare learning scenarios', 'category': 'Limitation', 'node_id': 'c213M01N45'}}, {'l': {'evidence_statement': 'Traditional collaboration methods are hindered by barriers such as data silos', 'node_name': 'Institutional Data Silos', 'category': 'Limitation', 'node_id': 'c213M02N22'}}, {'l': {'evidence_statement': 'Data management in healthcare faces significant challenges in balancing security and anonymity during information exchange', 'node_name': 'Patient Data Exposure Risk', 'category': 'Limitation', 'node_id': 'c213M02N23'}}, {'l': {'evidence_statement': 'centralized systems prone to single point of failure and lack of transparency', 'node_name': 'Centralised System Single Point of Failure', 'category': 'Limitation', 'node_id': 'c213M02N24'}}, {'l': {'evidence_statement': 'the implementation of DTs faces challenges, such as data integration, interoperability, and privacy concerns', 'node_name': 'Interoperability Issues', 'category': 'Limitation', 'node_id': 'c213M02N25'}}]"
c213DS01Q09,be_shared_by,Which tacit knowledge  is shared by knowledge holders?,2,"MATCH (tk:TacitKnowledge)-[r:be_shared_by]->(kh:KnowledgeHolder)
WITH COLLECT({src_node:tk, rel: r, dst_node: kh}) AS obj
RETURN DISTINCT obj",healthcare-provider cancer diagnostic experience and clinical practices; healthcare-provider supplier-selection strategies and methodologies; Clinical Decision-Making,"[{'obj': [{'rel': ({'evidence_statement': 'The local cancer-learning scenario reflects each healthcare provider’s specific patient demographics and clinical practices, and the federated scenario allows providers to benefit from collective knowledge and experiences.', 'node_name': 'healthcare-provider cancer diagnostic experience and clinical practices', 'category': 'Tacit Knowledge', 'node_id': 'c213M01N46'}, 'be_shared_by', {'evidence_statement': 'Each healthcare provider operates as an independent node, retains local data, and trains predictive models.', 'node_name': 'participating healthcare provider nodes', 'category': 'Knowledge Holder', 'node_id': 'c213M01N20'}), 'dst_node': {'evidence_statement': 'Each healthcare provider operates as an independent node, retains local data, and trains predictive models.', 'node_name': 'participating healthcare provider nodes', 'category': 'Knowledge Holder', 'node_id': 'c213M01N20'}, 'src_node': {'evidence_statement': 'The local cancer-learning scenario reflects each healthcare provider’s specific patient demographics and clinical practices, and the federated scenario allows providers to benefit from collective knowledge and experiences.', 'node_name': 'healthcare-provider cancer diagnostic experience and clinical practices', 'category': 'Tacit Knowledge', 'node_id': 'c213M01N46'}}, {'rel': ({'evidence_statement': 'The paper explains that institutions can enhance their models by learning from one another and adopting successful strategies or methodologies; the supplier case allows providers to analyze and adapt using shared model-performance insights.', 'node_name': 'healthcare-provider supplier-selection strategies and methodologies', 'category': 'Tacit Knowledge', 'node_id': 'c213M01N47'}, 'be_shared_by', {'evidence_statement': 'Each healthcare provider operates as an independent node, retains local data, and trains predictive models.', 'node_name': 'participating healthcare provider nodes', 'category': 'Knowledge Holder', 'node_id': 'c213M01N20'}), 'dst_node': {'evidence_statement': 'Each healthcare provider operates as an independent node, retains local data, and trains predictive models.', 'node_name': 'participating healthcare provider nodes', 'category': 'Knowledge Holder', 'node_id': 'c213M01N20'}, 'src_node': {'evidence_statement': 'The paper explains that institutions can enhance their models by learning from one another and adopting successful strategies or methodologies; the supplier case allows providers to analyze and adapt using shared model-performance insights.', 'node_name': 'healthcare-provider supplier-selection strategies and methodologies', 'category': 'Tacit Knowledge', 'node_id': 'c213M01N47'}}, {'rel': ({'evidence_statement': 'This model is used for predictions and decision-making during the next time interval', 'node_name': 'Clinical Decision-Making', 'category': 'Tacit Knowledge', 'node_id': 'c213M02N08'}, 'be_shared_by', {'evidence_statement': 'each stakeholder (healthcare provider) acts as an independent node', 'node_name': 'Healthcare Institutions (Nodes A–J)', 'category': 'Knowledge Holder', 'node_id': 'c213M02N01'}), 'dst_node': {'evidence_statement': 'each stakeholder (healthcare provider) acts as an independent node', 'node_name': 'Healthcare Institutions (Nodes A–J)', 'category': 'Knowledge Holder', 'node_id': 'c213M02N01'}, 'src_node': {'evidence_statement': 'This model is used for predictions and decision-making during the next time interval', 'node_name': 'Clinical Decision-Making', 'category': 'Tacit Knowledge', 'node_id': 'c213M02N08'}}]}]"
c213DS01Q10,be_absorbed_by,which tacit knowledge is absorbed by knowledge learners?,2,"MATCH (tk:TacitKnowledge)-[r:be_absorbed_by]-(kl:KnowledgeLearner)
WITH COLLECT({src_node:tk, rel: r, dst_node: kl}) AS obj
RETURN DISTINCT obj",Not Mentioned,[{'obj': []}]
c213DS01Q11,be_captured_by,which tacit knowledge is captured by technology-enable practices?,2,"MATCH (tk:TacitKnowledge)-[r:be_captured_by]-(tep:TechnologyenablePractice)
WITH COLLECT({src_node:tk, rel: r, dst_node: tep}) AS obj
RETURN DISTINCT obj",Not Mentioned,[{'obj': []}]
c213DS01Q12,participate_in,Which knowledge holders or knowledge learners take part in knowledge retention practices?,2,"MATCH (k:KnowledgeHolder|KnowledgeLearner)-[r:participate_in]->(p:TechnologyenablePractice)
WITH COLLECT({src_node:k, rel: r, dst_node: p}) AS obj
RETURN DISTINCT obj",Not Mentioned,"[{'obj': [{'rel': ({'evidence_statement': 'Each healthcare provider operates as an independent node, retains local data, and trains predictive models.', 'node_name': 'participating healthcare provider nodes', 'category': 'Knowledge Holder', 'node_id': 'c213M01N20'}, 'participate_in', {'evidence_statement': 'The validated architecture combines predictive digital twins, blockchain, and federated learning for decentralized model development and benchmarking.', 'node_name': 'Blockchain-based Predictive Digital Twin', 'category': 'Technology-enable Practice', 'node_id': 'c213M01N22'}), 'dst_node': {'evidence_statement': 'The validated architecture combines predictive digital twins, blockchain, and federated learning for decentralized model development and benchmarking.', 'node_name': 'Blockchain-based Predictive Digital Twin', 'category': 'Technology-enable Practice', 'node_id': 'c213M01N22'}, 'src_node': {'evidence_statement': 'Each healthcare provider operates as an independent node, retains local data, and trains predictive models.', 'node_name': 'participating healthcare provider nodes', 'category': 'Knowledge Holder', 'node_id': 'c213M01N20'}}, {'rel': ({'evidence_statement': 'Each healthcare provider operates as an independent node, retains local data, and trains predictive models.', 'node_name': 'participating healthcare provider nodes', 'category': 'Knowledge Holder', 'node_id': 'c213M01N20'}, 'participate_in', {'evidence_statement': 'Locally trained models are shared across the blockchain and benchmarked against each recipient node’s validation data.', 'node_name': 'blockchain-based healthcare predictive-model sharing and benchmarking', 'category': 'Technology-enable Practice', 'node_id': 'c213M01N23'}), 'dst_node': {'evidence_statement': 'Locally trained models are shared across the blockchain and benchmarked against each recipient node’s validation data.', 'node_name': 'blockchain-based healthcare predictive-model sharing and benchmarking', 'category': 'Technology-enable Practice', 'node_id': 'c213M01N23'}, 'src_node': {'evidence_statement': 'Each healthcare provider operates as an independent node, retains local data, and trains predictive models.', 'node_name': 'participating healthcare provider nodes', 'category': 'Knowledge Holder', 'node_id': 'c213M01N20'}}, {'rel': ({'evidence_statement': 'Providers test peer models, compare results, identify biases, and recognize potential improvements.', 'node_name': 'participating healthcare provider nodes', 'category': 'Knowledge Learner', 'node_id': 'c213M01N21'}, 'participate_in', {'evidence_statement': 'Locally trained models are shared across the blockchain and benchmarked against each recipient node’s validation data.', 'node_name': 'blockchain-based healthcare predictive-model sharing and benchmarking', 'category': 'Technology-enable Practice', 'node_id': 'c213M01N23'}), 'dst_node': {'evidence_statement': 'Locally trained models are shared across the blockchain and benchmarked against each recipient node’s validation data.', 'node_name': 'blockchain-based healthcare predictive-model sharing and benchmarking', 'category': 'Technology-enable Practice', 'node_id': 'c213M01N23'}, 'src_node': {'evidence_statement': 'Providers test peer models, compare results, identify biases, and recognize potential improvements.', 'node_name': 'participating healthcare provider nodes', 'category': 'Knowledge Learner', 'node_id': 'c213M01N21'}}, {'rel': ({'evidence_statement': 'Each healthcare provider operates as an independent node, retains local data, and trains predictive models.', 'node_name': 'participating healthcare provider nodes', 'category': 'Knowledge Holder', 'node_id': 'c213M01N20'}, 'participate_in', {'evidence_statement': 'Every provider evaluated breast-cancer models developed by other providers on its own validation data.', 'node_name': 'cross-provider breast cancer model evaluation', 'category': 'Technology-enable Practice', 'node_id': 'c213M01N24'}), 'dst_node': {'evidence_statement': 'Every provider evaluated breast-cancer models developed by other providers on its own validation data.', 'node_name': 'cross-provider breast cancer model evaluation', 'category': 'Technology-enable Practice', 'node_id': 'c213M01N24'}, 'src_node': {'evidence_statement': 'Each healthcare provider operates as an independent node, retains local data, and trains predictive models.', 'node_name': 'participating healthcare provider nodes', 'category': 'Knowledge Holder', 'node_id': 'c213M01N20'}}, {'rel': ({'evidence_statement': 'Providers test peer models, compare results, identify biases, and recognize potential improvements.', 'node_name': 'participating healthcare provider nodes', 'category': 'Knowledge Learner', 'node_id': 'c213M01N21'}, 'participate_in', {'evidence_statement': 'Every provider evaluated breast-cancer models developed by other providers on its own validation data.', 'node_name': 'cross-provider breast cancer model evaluation', 'category': 'Technology-enable Practice', 'node_id': 'c213M01N24'}), 'dst_node': {'evidence_statement': 'Every provider evaluated breast-cancer models developed by other providers on its own validation data.', 'node_name': 'cross-provider breast cancer model evaluation', 'category': 'Technology-enable Practice', 'node_id': 'c213M01N24'}, 'src_node': {'evidence_statement': 'Providers test peer models, compare results, identify biases, and recognize potential improvements.', 'node_name': 'participating healthcare provider nodes', 'category': 'Knowledge Learner', 'node_id': 'c213M01N21'}}, {'rel': ({'evidence_statement': 'Each healthcare provider operates as an independent node, retains local data, and trains predictive models.', 'node_name': 'participating healthcare provider nodes', 'category': 'Knowledge Holder', 'node_id': 'c213M01N20'}, 'participate_in', {'evidence_statement': 'The Parkinson’s disease case partitioned provider data and compared model performance across institutions.', 'node_name': 'cross-provider Parkinson’s disease model evaluation', 'category': 'Technology-enable Practice', 'node_id': 'c213M01N25'}), 'dst_node': {'evidence_statement': 'The Parkinson’s disease case partitioned provider data and compared model performance across institutions.', 'node_name': 'cross-provider Parkinson’s disease model evaluation', 'category': 'Technology-enable Practice', 'node_id': 'c213M01N25'}, 'src_node': {'evidence_statement': 'Each healthcare provider operates as an independent node, retains local data, and trains predictive models.', 'node_name': 'participating healthcare provider nodes', 'category': 'Knowledge Holder', 'node_id': 'c213M01N20'}}, {'rel': ({'evidence_statement': 'Providers test peer models, compare results, identify biases, and recognize potential improvements.', 'node_name': 'participating healthcare provider nodes', 'category': 'Knowledge Learner', 'node_id': 'c213M01N21'}, 'participate_in', {'evidence_statement': 'The Parkinson’s disease case partitioned provider data and compared model performance across institutions.', 'node_name': 'cross-provider Parkinson’s disease model evaluation', 'category': 'Technology-enable Practice', 'node_id': 'c213M01N25'}), 'dst_node': {'evidence_statement': 'The Parkinson’s disease case partitioned provider data and compared model performance across institutions.', 'node_name': 'cross-provider Parkinson’s disease model evaluation', 'category': 'Technology-enable Practice', 'node_id': 'c213M01N25'}, 'src_node': {'evidence_statement': 'Providers test peer models, compare results, identify biases, and recognize potential improvements.', 'node_name': 'participating healthcare provider nodes', 'category': 'Knowledge Learner', 'node_id': 'c213M01N21'}}, {'rel': ({'evidence_statement': 'Each healthcare provider operates as an independent node, retains local data, and trains predictive models.', 'node_name': 'participating healthcare provider nodes', 'category': 'Knowledge Holder', 'node_id': 'c213M01N20'}, 'participate_in', {'evidence_statement': 'Each supplier-selection model was evaluated against models developed by other nodes and shared through the blockchain.', 'node_name': 'cross-provider healthcare supplier selection model evaluation', 'category': 'Technology-enable Practice', 'node_id': 'c213M01N26'}), 'dst_node': {'evidence_statement': 'Each supplier-selection model was evaluated against models developed by other nodes and shared through the blockchain.', 'node_name': 'cross-provider healthcare supplier selection model evaluation', 'category': 'Technology-enable Practice', 'node_id': 'c213M01N26'}, 'src_node': {'evidence_statement': 'Each healthcare provider operates as an independent node, retains local data, and trains predictive models.', 'node_name': 'participating healthcare provider nodes', 'category': 'Knowledge Holder', 'node_id': 'c213M01N20'}}, {'rel': ({'evidence_statement': 'Providers test peer models, compare results, identify biases, and recognize potential improvements.', 'node_name': 'participating healthcare provider nodes', 'category': 'Knowledge Learner', 'node_id': 'c213M01N21'}, 'participate_in', {'evidence_statement': 'Each supplier-selection model was evaluated against models developed by other nodes and shared through the blockchain.', 'node_name': 'cross-provider healthcare supplier selection model evaluation', 'category': 'Technology-enable Practice', 'node_id': 'c213M01N26'}), 'dst_node': {'evidence_statement': 'Each supplier-selection model was evaluated against models developed by other nodes and shared through the blockchain.', 'node_name': 'cross-provider healthcare supplier selection model evaluation', 'category': 'Technology-enable Practice', 'node_id': 'c213M01N26'}, 'src_node': {'evidence_statement': 'Providers test peer models, compare results, identify biases, and recognize potential improvements.', 'node_name': 'participating healthcare provider nodes', 'category': 'Knowledge Learner', 'node_id': 'c213M01N21'}}, {'rel': ({'evidence_statement': 'each stakeholder (healthcare provider) acts as an independent node', 'node_name': 'Healthcare Institutions (Nodes A–J)', 'category': 'Knowledge Holder', 'node_id': 'c213M02N01'}, 'participate_in', {'evidence_statement': 'Federated Learning (FL) is a decentralized approach to ML that enables multiple participants to collaboratively train models without directly sharing data', 'node_name': 'Federated Learning Protocol', 'category': 'Technology-enable Practice', 'node_id': 'c213M02N14'}), 'dst_node': {'evidence_statement': 'Federated Learning (FL) is a decentralized approach to ML that enables multiple participants to collaboratively train models without directly sharing data', 'node_name': 'Federated Learning Protocol', 'category': 'Technology-enable Practice', 'node_id': 'c213M02N14'}, 'src_node': {'evidence_statement': 'each stakeholder (healthcare provider) acts as an independent node', 'node_name': 'Healthcare Institutions (Nodes A–J)', 'category': 'Knowledge Holder', 'node_id': 'c213M02N01'}}, {'rel': ({'evidence_statement': 'each stakeholder (healthcare provider) acts as an independent node', 'node_name': 'Healthcare Institutions (Nodes A–J)', 'category': 'Knowledge Holder', 'node_id': 'c213M02N01'}, 'participate_in', {'evidence_statement': 'Instead of sharing sensitive patient data, each node shares their trained models and parameters on the blockchain network', 'node_name': 'Blockchain-based Model Sharing', 'category': 'Technology-enable Practice', 'node_id': 'c213M02N15'}), 'dst_node': {'evidence_statement': 'Instead of sharing sensitive patient data, each node shares their trained models and parameters on the blockchain network', 'node_name': 'Blockchain-based Model Sharing', 'category': 'Technology-enable Practice', 'node_id': 'c213M02N15'}, 'src_node': {'evidence_statement': 'each stakeholder (healthcare provider) acts as an independent node', 'node_name': 'Healthcare Institutions (Nodes A–J)', 'category': 'Knowledge Holder', 'node_id': 'c213M02N01'}}, {'rel': ({'evidence_statement': 'each stakeholder (healthcare provider) acts as an independent node', 'node_name': 'Healthcare Institutions (Nodes A–J)', 'category': 'Knowledge Holder', 'node_id': 'c213M02N01'}, 'participate_in', {'evidence_statement': 'Each node benchmarks the performance of received models on its own hold-out validation set', 'node_name': 'Performance Benchmarking', 'category': 'Technology-enable Practice', 'node_id': 'c213M02N16'}), 'dst_node': {'evidence_statement': 'Each node benchmarks the performance of received models on its own hold-out validation set', 'node_name': 'Performance Benchmarking', 'category': 'Technology-enable Practice', 'node_id': 'c213M02N16'}, 'src_node': {'evidence_statement': 'each stakeholder (healthcare provider) acts as an independent node', 'node_name': 'Healthcare Institutions (Nodes A–J)', 'category': 'Knowledge Holder', 'node_id': 'c213M02N01'}}]}]"
c213DS01Q13,depend_on,which organization or environment conditions technology-enable practices depend on?,2,"MATCH (p:TechnologyenablePractice)-[r:depend_on]->(d:OrganizationalDependency|EnvironmentalDependency)
WITH COLLECT({src_node:p, rel: r, dst_node: d}) AS obj
RETURN DISTINCT obj","The technology-enable practices depend on healthcare-institution computational infrastructure and federated-learning capability, healthcare-node ethical transparency, and healthcare privacy regulations.","[{'obj': [{'rel': ({'evidence_statement': 'The validated architecture combines predictive digital twins, blockchain, and federated learning for decentralized model development and benchmarking.', 'node_name': 'Blockchain-based Predictive Digital Twin', 'category': 'Technology-enable Practice', 'node_id': 'c213M01N22'}, 'depend_on', {'evidence_statement': 'The framework assumes adequate computational infrastructure and technical capability across participating healthcare institutions.', 'node_name': 'healthcare-institution computational infrastructure and federated-learning capability', 'category': 'Organizational Dependency', 'node_id': 'c213M01N36'}), 'dst_node': {'evidence_statement': 'The framework assumes adequate computational infrastructure and technical capability across participating healthcare institutions.', 'node_name': 'healthcare-institution computational infrastructure and federated-learning capability', 'category': 'Organizational Dependency', 'node_id': 'c213M01N36'}, 'src_node': {'evidence_statement': 'The validated architecture combines predictive digital twins, blockchain, and federated learning for decentralized model development and benchmarking.', 'node_name': 'Blockchain-based Predictive Digital Twin', 'category': 'Technology-enable Practice', 'node_id': 'c213M01N22'}}, {'rel': ({'evidence_statement': 'The validated architecture combines predictive digital twins, blockchain, and federated learning for decentralized model development and benchmarking.', 'node_name': 'Blockchain-based Predictive Digital Twin', 'category': 'Technology-enable Practice', 'node_id': 'c213M01N22'}, 'depend_on', {'evidence_statement': 'The model relies on ethical transparency at the participating-node level.', 'node_name': 'healthcare-node ethical transparency', 'category': 'Organizational Dependency', 'node_id': 'c213M01N37'}), 'dst_node': {'evidence_statement': 'The model relies on ethical transparency at the participating-node level.', 'node_name': 'healthcare-node ethical transparency', 'category': 'Organizational Dependency', 'node_id': 'c213M01N37'}, 'src_node': {'evidence_statement': 'The validated architecture combines predictive digital twins, blockchain, and federated learning for decentralized model development and benchmarking.', 'node_name': 'Blockchain-based Predictive Digital Twin', 'category': 'Technology-enable Practice', 'node_id': 'c213M01N22'}}, {'rel': ({'evidence_statement': 'The validated architecture combines predictive digital twins, blockchain, and federated learning for decentralized model development and benchmarking.', 'node_name': 'Blockchain-based Predictive Digital Twin', 'category': 'Technology-enable Practice', 'node_id': 'c213M01N22'}, 'depend_on', {'evidence_statement': 'Healthcare collaboration must protect patient privacy and operate within privacy regulations.', 'node_name': 'healthcare privacy regulations', 'category': 'Environmental Dependency', 'node_id': 'c213M01N38'}), 'dst_node': {'evidence_statement': 'Healthcare collaboration must protect patient privacy and operate within privacy regulations.', 'node_name': 'healthcare privacy regulations', 'category': 'Environmental Dependency', 'node_id': 'c213M01N38'}, 'src_node': {'evidence_statement': 'The validated architecture combines predictive digital twins, blockchain, and federated learning for decentralized model development and benchmarking.', 'node_name': 'Blockchain-based Predictive Digital Twin', 'category': 'Technology-enable Practice', 'node_id': 'c213M01N22'}}, {'rel': ({'evidence_statement': 'Federated Learning (FL) is a decentralized approach to ML that enables multiple participants to collaboratively train models without directly sharing data', 'node_name': 'Federated Learning Protocol', 'category': 'Technology-enable Practice', 'node_id': 'c213M02N14'}, 'depend_on', {'evidence_statement': 'Healthcare collaboration must protect patient privacy and operate within privacy regulations.', 'node_name': 'healthcare privacy regulations', 'category': 'Environmental Dependency', 'node_id': 'c213M01N38'}), 'dst_node': {'evidence_statement': 'Healthcare collaboration must protect patient privacy and operate within privacy regulations.', 'node_name': 'healthcare privacy regulations', 'category': 'Environmental Dependency', 'node_id': 'c213M01N38'}, 'src_node': {'evidence_statement': 'Federated Learning (FL) is a decentralized approach to ML that enables multiple participants to collaboratively train models without directly sharing data', 'node_name': 'Federated Learning Protocol', 'category': 'Technology-enable Practice', 'node_id': 'c213M02N14'}}, {'rel': ({'evidence_statement': 'Instead of sharing sensitive patient data, each node shares their trained models and parameters on the blockchain network', 'node_name': 'Blockchain-based Model Sharing', 'category': 'Technology-enable Practice', 'node_id': 'c213M02N15'}, 'depend_on', {'evidence_statement': 'Healthcare collaboration must protect patient privacy and operate within privacy regulations.', 'node_name': 'healthcare privacy regulations', 'category': 'Environmental Dependency', 'node_id': 'c213M01N38'}), 'dst_node': {'evidence_statement': 'Healthcare collaboration must protect patient privacy and operate within privacy regulations.', 'node_name': 'healthcare privacy regulations', 'category': 'Environmental Dependency', 'node_id': 'c213M01N38'}, 'src_node': {'evidence_statement': 'Instead of sharing sensitive patient data, each node shares their trained models and parameters on the blockchain network', 'node_name': 'Blockchain-based Model Sharing', 'category': 'Technology-enable Practice', 'node_id': 'c213M02N15'}}, {'rel': ({'evidence_statement': 'Each node benchmarks the performance of received models on its own hold-out validation set', 'node_name': 'Performance Benchmarking', 'category': 'Technology-enable Practice', 'node_id': 'c213M02N16'}, 'depend_on', {'evidence_statement': 'Healthcare collaboration must protect patient privacy and operate within privacy regulations.', 'node_name': 'healthcare privacy regulations', 'category': 'Environmental Dependency', 'node_id': 'c213M01N38'}), 'dst_node': {'evidence_statement': 'Healthcare collaboration must protect patient privacy and operate within privacy regulations.', 'node_name': 'healthcare privacy regulations', 'category': 'Environmental Dependency', 'node_id': 'c213M01N38'}, 'src_node': {'evidence_statement': 'Each node benchmarks the performance of received models on its own hold-out validation set', 'node_name': 'Performance Benchmarking', 'category': 'Technology-enable Practice', 'node_id': 'c213M02N16'}}]}]"
c213DS01Q14,evaluate,which tacit knowledge is evaluated by technology-enable practices?,2,"MATCH (tk:TacitKnowledge)-[r:evaluate]-(t:TechnologyenablePractice)
WITH COLLECT({src_node:tk, rel: r, dst_node: t}) AS obj
RETURN DISTINCT obj",Not Mentioned,[{'obj': []}]
c213DS01Q15,adopt,Which digital technologies technology‑enable practices adopt?,2,"MATCH (p:TechnologyenablePractice)-[r:adopt]-(d:DigitalTechnology)
WITH COLLECT({src_node:p, rel: r, dst_node: d}) AS obj
RETURN DISTINCT obj","Blockchain technology, federated learning, predictive digital twins, logistic regression, decision tree, random forest, gradient boosting, blockchain smart contracts for healthcare model access and use, Blockchain Network, Blockchain Smart Contracts, InterPlanetary File System (IPFS)","[{'obj': [{'rel': ({'evidence_statement': 'The validated architecture combines predictive digital twins, blockchain, and federated learning for decentralized model development and benchmarking.', 'node_name': 'Blockchain-based Predictive Digital Twin', 'category': 'Technology-enable Practice', 'node_id': 'c213M01N22'}, 'adopt', {'evidence_statement': 'Blockchain provides decentralized model exchange, immutability, traceability, and consensus.', 'node_name': 'blockchain technology', 'category': 'Digital Technology', 'node_id': 'c213M01N28'}), 'dst_node': {'evidence_statement': 'Blockchain provides decentralized model exchange, immutability, traceability, and consensus.', 'node_name': 'blockchain technology', 'category': 'Digital Technology', 'node_id': 'c213M01N28'}, 'src_node': {'evidence_statement': 'The validated architecture combines predictive digital twins, blockchain, and federated learning for decentralized model development and benchmarking.', 'node_name': 'Blockchain-based Predictive Digital Twin', 'category': 'Technology-enable Practice', 'node_id': 'c213M01N22'}}, {'rel': ({'evidence_statement': 'Locally trained models are shared across the blockchain and benchmarked against each recipient node’s validation data.', 'node_name': 'blockchain-based healthcare predictive-model sharing and benchmarking', 'category': 'Technology-enable Practice', 'node_id': 'c213M01N23'}, 'adopt', {'evidence_statement': 'Blockchain provides decentralized model exchange, immutability, traceability, and consensus.', 'node_name': 'blockchain technology', 'category': 'Digital Technology', 'node_id': 'c213M01N28'}), 'dst_node': {'evidence_statement': 'Blockchain provides decentralized model exchange, immutability, traceability, and consensus.', 'node_name': 'blockchain technology', 'category': 'Digital Technology', 'node_id': 'c213M01N28'}, 'src_node': {'evidence_statement': 'Locally trained models are shared across the blockchain and benchmarked against each recipient node’s validation data.', 'node_name': 'blockchain-based healthcare predictive-model sharing and benchmarking', 'category': 'Technology-enable Practice', 'node_id': 'c213M01N23'}}, {'rel': ({'evidence_statement': 'Every provider evaluated breast-cancer models developed by other providers on its own validation data.', 'node_name': 'cross-provider breast cancer model evaluation', 'category': 'Technology-enable Practice', 'node_id': 'c213M01N24'}, 'adopt', {'evidence_statement': 'Blockchain provides decentralized model exchange, immutability, traceability, and consensus.', 'node_name': 'blockchain technology', 'category': 'Digital Technology', 'node_id': 'c213M01N28'}), 'dst_node': {'evidence_statement': 'Blockchain provides decentralized model exchange, immutability, traceability, and consensus.', 'node_name': 'blockchain technology', 'category': 'Digital Technology', 'node_id': 'c213M01N28'}, 'src_node': {'evidence_statement': 'Every provider evaluated breast-cancer models developed by other providers on its own validation data.', 'node_name': 'cross-provider breast cancer model evaluation', 'category': 'Technology-enable Practice', 'node_id': 'c213M01N24'}}, {'rel': ({'evidence_statement': 'The Parkinson’s disease case partitioned provider data and compared model performance across institutions.', 'node_name': 'cross-provider Parkinson’s disease model evaluation', 'category': 'Technology-enable Practice', 'node_id': 'c213M01N25'}, 'adopt', {'evidence_statement': 'Blockchain provides decentralized model exchange, immutability, traceability, and consensus.', 'node_name': 'blockchain technology', 'category': 'Digital Technology', 'node_id': 'c213M01N28'}), 'dst_node': {'evidence_statement': 'Blockchain provides decentralized model exchange, immutability, traceability, and consensus.', 'node_name': 'blockchain technology', 'category': 'Digital Technology', 'node_id': 'c213M01N28'}, 'src_node': {'evidence_statement': 'The Parkinson’s disease case partitioned provider data and compared model performance across institutions.', 'node_name': 'cross-provider Parkinson’s disease model evaluation', 'category': 'Technology-enable Practice', 'node_id': 'c213M01N25'}}, {'rel': ({'evidence_statement': 'Each supplier-selection model was evaluated against models developed by other nodes and shared through the blockchain.', 'node_name': 'cross-provider healthcare supplier selection model evaluation', 'category': 'Technology-enable Practice', 'node_id': 'c213M01N26'}, 'adopt', {'evidence_statement': 'Blockchain provides decentralized model exchange, immutability, traceability, and consensus.', 'node_name': 'blockchain technology', 'category': 'Digital Technology', 'node_id': 'c213M01N28'}), 'dst_node': {'evidence_statement': 'Blockchain provides decentralized model exchange, immutability, traceability, and consensus.', 'node_name': 'blockchain technology', 'category': 'Digital Technology', 'node_id': 'c213M01N28'}, 'src_node': {'evidence_statement': 'Each supplier-selection model was evaluated against models developed by other nodes and shared through the blockchain.', 'node_name': 'cross-provider healthcare supplier selection model evaluation', 'category': 'Technology-enable Practice', 'node_id': 'c213M01N26'}}, {'rel': ({'evidence_statement': 'The validated architecture combines predictive digital twins, blockchain, and federated learning for decentralized model development and benchmarking.', 'node_name': 'Blockchain-based Predictive Digital Twin', 'category': 'Technology-enable Practice', 'node_id': 'c213M01N22'}, 'adopt', {'evidence_statement': 'Federated learning permits local model training and collaborative model development without direct data exchange.', 'node_name': 'federated learning', 'category': 'Digital Technology', 'node_id': 'c213M01N29'}), 'dst_node': {'evidence_statement': 'Federated learning permits local model training and collaborative model development without direct data exchange.', 'node_name': 'federated learning', 'category': 'Digital Technology', 'node_id': 'c213M01N29'}, 'src_node': {'evidence_statement': 'The validated architecture combines predictive digital twins, blockchain, and federated learning for decentralized model development and benchmarking.', 'node_name': 'Blockchain-based Predictive Digital Twin', 'category': 'Technology-enable Practice', 'node_id': 'c213M01N22'}}, {'rel': ({'evidence_statement': 'Locally trained models are shared across the blockchain and benchmarked against each recipient node’s validation data.', 'node_name': 'blockchain-based healthcare predictive-model sharing and benchmarking', 'category': 'Technology-enable Practice', 'node_id': 'c213M01N23'}, 'adopt', {'evidence_statement': 'Federated learning permits local model training and collaborative model development without direct data exchange.', 'node_name': 'federated learning', 'category': 'Digital Technology', 'node_id': 'c213M01N29'}), 'dst_node': {'evidence_statement': 'Federated learning permits local model training and collaborative model development without direct data exchange.', 'node_name': 'federated learning', 'category': 'Digital Technology', 'node_id': 'c213M01N29'}, 'src_node': {'evidence_statement': 'Locally trained models are shared across the blockchain and benchmarked against each recipient node’s validation data.', 'node_name': 'blockchain-based healthcare predictive-model sharing and benchmarking', 'category': 'Technology-enable Practice', 'node_id': 'c213M01N23'}}, {'rel': ({'evidence_statement': 'Every provider evaluated breast-cancer models developed by other providers on its own validation data.', 'node_name': 'cross-provider breast cancer model evaluation', 'category': 'Technology-enable Practice', 'node_id': 'c213M01N24'}, 'adopt', {'evidence_statement': 'Federated learning permits local model training and collaborative model development without direct data exchange.', 'node_name': 'federated learning', 'category': 'Digital Technology', 'node_id': 'c213M01N29'}), 'dst_node': {'evidence_statement': 'Federated learning permits local model training and collaborative model development without direct data exchange.', 'node_name': 'federated learning', 'category': 'Digital Technology', 'node_id': 'c213M01N29'}, 'src_node': {'evidence_statement': 'Every provider evaluated breast-cancer models developed by other providers on its own validation data.', 'node_name': 'cross-provider breast cancer model evaluation', 'category': 'Technology-enable Practice', 'node_id': 'c213M01N24'}}, {'rel': ({'evidence_statement': 'The Parkinson’s disease case partitioned provider data and compared model performance across institutions.', 'node_name': 'cross-provider Parkinson’s disease model evaluation', 'category': 'Technology-enable Practice', 'node_id': 'c213M01N25'}, 'adopt', {'evidence_statement': 'Federated learning permits local model training and collaborative model development without direct data exchange.', 'node_name': 'federated learning', 'category': 'Digital Technology', 'node_id': 'c213M01N29'}), 'dst_node': {'evidence_statement': 'Federated learning permits local model training and collaborative model development without direct data exchange.', 'node_name': 'federated learning', 'category': 'Digital Technology', 'node_id': 'c213M01N29'}, 'src_node': {'evidence_statement': 'The Parkinson’s disease case partitioned provider data and compared model performance across institutions.', 'node_name': 'cross-provider Parkinson’s disease model evaluation', 'category': 'Technology-enable Practice', 'node_id': 'c213M01N25'}}, {'rel': ({'evidence_statement': 'Each supplier-selection model was evaluated against models developed by other nodes and shared through the blockchain.', 'node_name': 'cross-provider healthcare supplier selection model evaluation', 'category': 'Technology-enable Practice', 'node_id': 'c213M01N26'}, 'adopt', {'evidence_statement': 'Federated learning permits local model training and collaborative model development without direct data exchange.', 'node_name': 'federated learning', 'category': 'Digital Technology', 'node_id': 'c213M01N29'}), 'dst_node': {'evidence_statement': 'Federated learning permits local model training and collaborative model development without direct data exchange.', 'node_name': 'federated learning', 'category': 'Digital Technology', 'node_id': 'c213M01N29'}, 'src_node': {'evidence_statement': 'Each supplier-selection model was evaluated against models developed by other nodes and shared through the blockchain.', 'node_name': 'cross-provider healthcare supplier selection model evaluation', 'category': 'Technology-enable Practice', 'node_id': 'c213M01N26'}}, {'rel': ({'evidence_statement': 'The validated architecture combines predictive digital twins, blockchain, and federated learning for decentralized model development and benchmarking.', 'node_name': 'Blockchain-based Predictive Digital Twin', 'category': 'Technology-enable Practice', 'node_id': 'c213M01N22'}, 'adopt', {'evidence_statement': 'Predictive digital twins use data and predictive analytics to forecast future states and support decisions.', 'node_name': 'predictive digital twins', 'category': 'Digital Technology', 'node_id': 'c213M01N30'}), 'dst_node': {'evidence_statement': 'Predictive digital twins use data and predictive analytics to forecast future states and support decisions.', 'node_name': 'predictive digital twins', 'category': 'Digital Technology', 'node_id': 'c213M01N30'}, 'src_node': {'evidence_statement': 'The validated architecture combines predictive digital twins, blockchain, and federated learning for decentralized model development and benchmarking.', 'node_name': 'Blockchain-based Predictive Digital Twin', 'category': 'Technology-enable Practice', 'node_id': 'c213M01N22'}}, {'rel': ({'evidence_statement': 'The validated architecture combines predictive digital twins, blockchain, and federated learning for decentralized model development and benchmarking.', 'node_name': 'Blockchain-based Predictive Digital Twin', 'category': 'Technology-enable Practice', 'node_id': 'c213M01N22'}, 'adopt', {'evidence_statement': 'Logistic regression was one of four classification algorithms implemented in the cases.', 'node_name': 'logistic regression', 'category': 'Digital Technology', 'node_id': 'c213M01N31'}), 'dst_node': {'evidence_statement': 'Logistic regression was one of four classification algorithms implemented in the cases.', 'node_name': 'logistic regression', 'category': 'Digital Technology', 'node_id': 'c213M01N31'}, 'src_node': {'evidence_statement': 'The validated architecture combines predictive digital twins, blockchain, and federated learning for decentralized model development and benchmarking.', 'node_name': 'Blockchain-based Predictive Digital Twin', 'category': 'Technology-enable Practice', 'node_id': 'c213M01N22'}}, {'rel': ({'evidence_statement': 'Every provider evaluated breast-cancer models developed by other providers on its own validation data.', 'node_name': 'cross-provider breast cancer model evaluation', 'category': 'Technology-enable Practice', 'node_id': 'c213M01N24'}, 'adopt', {'evidence_statement': 'Logistic regression was one of four classification algorithms implemented in the cases.', 'node_name': 'logistic regression', 'category': 'Digital Technology', 'node_id': 'c213M01N31'}), 'dst_node': {'evidence_statement': 'Logistic regression was one of four classification algorithms implemented in the cases.', 'node_name': 'logistic regression', 'category': 'Digital Technology', 'node_id': 'c213M01N31'}, 'src_node': {'evidence_statement': 'Every provider evaluated breast-cancer models developed by other providers on its own validation data.', 'node_name': 'cross-provider breast cancer model evaluation', 'category': 'Technology-enable Practice', 'node_id': 'c213M01N24'}}, {'rel': ({'evidence_statement': 'Each supplier-selection model was evaluated against models developed by other nodes and shared through the blockchain.', 'node_name': 'cross-provider healthcare supplier selection model evaluation', 'category': 'Technology-enable Practice', 'node_id': 'c213M01N26'}, 'adopt', {'evidence_statement': 'Logistic regression was one of four classification algorithms implemented in the cases.', 'node_name': 'logistic regression', 'category': 'Digital Technology', 'node_id': 'c213M01N31'}), 'dst_node': {'evidence_statement': 'Logistic regression was one of four classification algorithms implemented in the cases.', 'node_name': 'logistic regression', 'category': 'Digital Technology', 'node_id': 'c213M01N31'}, 'src_node': {'evidence_statement': 'Each supplier-selection model was evaluated against models developed by other nodes and shared through the blockchain.', 'node_name': 'cross-provider healthcare supplier selection model evaluation', 'category': 'Technology-enable Practice', 'node_id': 'c213M01N26'}}, {'rel': ({'evidence_statement': 'The validated architecture combines predictive digital twins, blockchain, and federated learning for decentralized model development and benchmarking.', 'node_name': 'Blockchain-based Predictive Digital Twin', 'category': 'Technology-enable Practice', 'node_id': 'c213M01N22'}, 'adopt', {'evidence_statement': 'Decision tree was one of four classification algorithms implemented in the cases.', 'node_name': 'decision tree', 'category': 'Digital Technology', 'node_id': 'c213M01N32'}), 'dst_node': {'evidence_statement': 'Decision tree was one of four classification algorithms implemented in the cases.', 'node_name': 'decision tree', 'category': 'Digital Technology', 'node_id': 'c213M01N32'}, 'src_node': {'evidence_statement': 'The validated architecture combines predictive digital twins, blockchain, and federated learning for decentralized model development and benchmarking.', 'node_name': 'Blockchain-based Predictive Digital Twin', 'category': 'Technology-enable Practice', 'node_id': 'c213M01N22'}}, {'rel': ({'evidence_statement': 'Every provider evaluated breast-cancer models developed by other providers on its own validation data.', 'node_name': 'cross-provider breast cancer model evaluation', 'category': 'Technology-enable Practice', 'node_id': 'c213M01N24'}, 'adopt', {'evidence_statement': 'Decision tree was one of four classification algorithms implemented in the cases.', 'node_name': 'decision tree', 'category': 'Digital Technology', 'node_id': 'c213M01N32'}), 'dst_node': {'evidence_statement': 'Decision tree was one of four classification algorithms implemented in the cases.', 'node_name': 'decision tree', 'category': 'Digital Technology', 'node_id': 'c213M01N32'}, 'src_node': {'evidence_statement': 'Every provider evaluated breast-cancer models developed by other providers on its own validation data.', 'node_name': 'cross-provider breast cancer model evaluation', 'category': 'Technology-enable Practice', 'node_id': 'c213M01N24'}}, {'rel': ({'evidence_statement': 'The Parkinson’s disease case partitioned provider data and compared model performance across institutions.', 'node_name': 'cross-provider Parkinson’s disease model evaluation', 'category': 'Technology-enable Practice', 'node_id': 'c213M01N25'}, 'adopt', {'evidence_statement': 'Decision tree was one of four classification algorithms implemented in the cases.', 'node_name': 'decision tree', 'category': 'Digital Technology', 'node_id': 'c213M01N32'}), 'dst_node': {'evidence_statement': 'Decision tree was one of four classification algorithms implemented in the cases.', 'node_name': 'decision tree', 'category': 'Digital Technology', 'node_id': 'c213M01N32'}, 'src_node': {'evidence_statement': 'The Parkinson’s disease case partitioned provider data and compared model performance across institutions.', 'node_name': 'cross-provider Parkinson’s disease model evaluation', 'category': 'Technology-enable Practice', 'node_id': 'c213M01N25'}}, {'rel': ({'evidence_statement': 'Each supplier-selection model was evaluated against models developed by other nodes and shared through the blockchain.', 'node_name': 'cross-provider healthcare supplier selection model evaluation', 'category': 'Technology-enable Practice', 'node_id': 'c213M01N26'}, 'adopt', {'evidence_statement': 'Decision tree was one of four classification algorithms implemented in the cases.', 'node_name': 'decision tree', 'category': 'Digital Technology', 'node_id': 'c213M01N32'}), 'dst_node': {'evidence_statement': 'Decision tree was one of four classification algorithms implemented in the cases.', 'node_name': 'decision tree', 'category': 'Digital Technology', 'node_id': 'c213M01N32'}, 'src_node': {'evidence_statement': 'Each supplier-selection model was evaluated against models developed by other nodes and shared through the blockchain.', 'node_name': 'cross-provider healthcare supplier selection model evaluation', 'category': 'Technology-enable Practice', 'node_id': 'c213M01N26'}}, {'rel': ({'evidence_statement': 'Every provider evaluated breast-cancer models developed by other providers on its own validation data.', 'node_name': 'cross-provider breast cancer model evaluation', 'category': 'Technology-enable Practice', 'node_id': 'c213M01N24'}, 'adopt', {'evidence_statement': 'Random forest was one of four classification algorithms implemented in the cases.', 'node_name': 'random forest', 'category': 'Digital Technology', 'node_id': 'c213M01N33'}), 'dst_node': {'evidence_statement': 'Random forest was one of four classification algorithms implemented in the cases.', 'node_name': 'random forest', 'category': 'Digital Technology', 'node_id': 'c213M01N33'}, 'src_node': {'evidence_statement': 'Every provider evaluated breast-cancer models developed by other providers on its own validation data.', 'node_name': 'cross-provider breast cancer model evaluation', 'category': 'Technology-enable Practice', 'node_id': 'c213M01N24'}}, {'rel': ({'evidence_statement': 'Each supplier-selection model was evaluated against models developed by other nodes and shared through the blockchain.', 'node_name': 'cross-provider healthcare supplier selection model evaluation', 'category': 'Technology-enable Practice', 'node_id': 'c213M01N26'}, 'adopt', {'evidence_statement': 'Random forest was one of four classification algorithms implemented in the cases.', 'node_name': 'random forest', 'category': 'Digital Technology', 'node_id': 'c213M01N33'}), 'dst_node': {'evidence_statement': 'Random forest was one of four classification algorithms implemented in the cases.', 'node_name': 'random forest', 'category': 'Digital Technology', 'node_id': 'c213M01N33'}, 'src_node': {'evidence_statement': 'Each supplier-selection model was evaluated against models developed by other nodes and shared through the blockchain.', 'node_name': 'cross-provider healthcare supplier selection model evaluation', 'category': 'Technology-enable Practice', 'node_id': 'c213M01N26'}}, {'rel': ({'evidence_statement': 'The validated architecture combines predictive digital twins, blockchain, and federated learning for decentralized model development and benchmarking.', 'node_name': 'Blockchain-based Predictive Digital Twin', 'category': 'Technology-enable Practice', 'node_id': 'c213M01N22'}, 'adopt', {'evidence_statement': 'Gradient boosting was one of four classification algorithms implemented in the cases.', 'node_name': 'gradient boosting', 'category': 'Digital Technology', 'node_id': 'c213M01N34'}), 'dst_node': {'evidence_statement': 'Gradient boosting was one of four classification algorithms implemented in the cases.', 'node_name': 'gradient boosting', 'category': 'Digital Technology', 'node_id': 'c213M01N34'}, 'src_node': {'evidence_statement': 'The validated architecture combines predictive digital twins, blockchain, and federated learning for decentralized model development and benchmarking.', 'node_name': 'Blockchain-based Predictive Digital Twin', 'category': 'Technology-enable Practice', 'node_id': 'c213M01N22'}}, {'rel': ({'evidence_statement': 'Every provider evaluated breast-cancer models developed by other providers on its own validation data.', 'node_name': 'cross-provider breast cancer model evaluation', 'category': 'Technology-enable Practice', 'node_id': 'c213M01N24'}, 'adopt', {'evidence_statement': 'Gradient boosting was one of four classification algorithms implemented in the cases.', 'node_name': 'gradient boosting', 'category': 'Digital Technology', 'node_id': 'c213M01N34'}), 'dst_node': {'evidence_statement': 'Gradient boosting was one of four classification algorithms implemented in the cases.', 'node_name': 'gradient boosting', 'category': 'Digital Technology', 'node_id': 'c213M01N34'}, 'src_node': {'evidence_statement': 'Every provider evaluated breast-cancer models developed by other providers on its own validation data.', 'node_name': 'cross-provider breast cancer model evaluation', 'category': 'Technology-enable Practice', 'node_id': 'c213M01N24'}}, {'rel': ({'evidence_statement': 'The Parkinson’s disease case partitioned provider data and compared model performance across institutions.', 'node_name': 'cross-provider Parkinson’s disease model evaluation', 'category': 'Technology-enable Practice', 'node_id': 'c213M01N25'}, 'adopt', {'evidence_statement': 'Gradient boosting was one of four classification algorithms implemented in the cases.', 'node_name': 'gradient boosting', 'category': 'Digital Technology', 'node_id': 'c213M01N34'}), 'dst_node': {'evidence_statement': 'Gradient boosting was one of four classification algorithms implemented in the cases.', 'node_name': 'gradient boosting', 'category': 'Digital Technology', 'node_id': 'c213M01N34'}, 'src_node': {'evidence_statement': 'The Parkinson’s disease case partitioned provider data and compared model performance across institutions.', 'node_name': 'cross-provider Parkinson’s disease model evaluation', 'category': 'Technology-enable Practice', 'node_id': 'c213M01N25'}}, {'rel': ({'evidence_statement': 'The validated architecture combines predictive digital twins, blockchain, and federated learning for decentralized model development and benchmarking.', 'node_name': 'Blockchain-based Predictive Digital Twin', 'category': 'Technology-enable Practice', 'node_id': 'c213M01N22'}, 'adopt', {'evidence_statement': 'Providers can establish smart contracts defining the conditions under which shared models may be accessed or used.', 'node_name': 'blockchain smart contracts for healthcare model access and use', 'category': 'Digital Technology', 'node_id': 'c213M01N35'}), 'dst_node': {'evidence_statement': 'Providers can establish smart contracts defining the conditions under which shared models may be accessed or used.', 'node_name': 'blockchain smart contracts for healthcare model access and use', 'category': 'Digital Technology', 'node_id': 'c213M01N35'}, 'src_node': {'evidence_statement': 'The validated architecture combines predictive digital twins, blockchain, and federated learning for decentralized model development and benchmarking.', 'node_name': 'Blockchain-based Predictive Digital Twin', 'category': 'Technology-enable Practice', 'node_id': 'c213M01N22'}}, {'rel': ({'evidence_statement': 'Locally trained models are shared across the blockchain and benchmarked against each recipient node’s validation data.', 'node_name': 'blockchain-based healthcare predictive-model sharing and benchmarking', 'category': 'Technology-enable Practice', 'node_id': 'c213M01N23'}, 'adopt', {'evidence_statement': 'Providers can establish smart contracts defining the conditions under which shared models may be accessed or used.', 'node_name': 'blockchain smart contracts for healthcare model access and use', 'category': 'Digital Technology', 'node_id': 'c213M01N35'}), 'dst_node': {'evidence_statement': 'Providers can establish smart contracts defining the conditions under which shared models may be accessed or used.', 'node_name': 'blockchain smart contracts for healthcare model access and use', 'category': 'Digital Technology', 'node_id': 'c213M01N35'}, 'src_node': {'evidence_statement': 'Locally trained models are shared across the blockchain and benchmarked against each recipient node’s validation data.', 'node_name': 'blockchain-based healthcare predictive-model sharing and benchmarking', 'category': 'Technology-enable Practice', 'node_id': 'c213M01N23'}}, {'rel': ({'evidence_statement': 'Federated Learning (FL) is a decentralized approach to ML that enables multiple participants to collaboratively train models without directly sharing data', 'node_name': 'Federated Learning Protocol', 'category': 'Technology-enable Practice', 'node_id': 'c213M02N14'}, 'adopt', {'evidence_statement': 'blockchain technology...enables secure data storage and sharing across multiple stakeholders', 'node_name': 'Blockchain Network', 'category': 'Digital Technology', 'node_id': 'c213M02N17'}), 'dst_node': {'evidence_statement': 'blockchain technology...enables secure data storage and sharing across multiple stakeholders', 'node_name': 'Blockchain Network', 'category': 'Digital Technology', 'node_id': 'c213M02N17'}, 'src_node': {'evidence_statement': 'Federated Learning (FL) is a decentralized approach to ML that enables multiple participants to collaboratively train models without directly sharing data', 'node_name': 'Federated Learning Protocol', 'category': 'Technology-enable Practice', 'node_id': 'c213M02N14'}}, {'rel': ({'evidence_statement': 'Instead of sharing sensitive patient data, each node shares their trained models and parameters on the blockchain network', 'node_name': 'Blockchain-based Model Sharing', 'category': 'Technology-enable Practice', 'node_id': 'c213M02N15'}, 'adopt', {'evidence_statement': 'blockchain technology...enables secure data storage and sharing across multiple stakeholders', 'node_name': 'Blockchain Network', 'category': 'Digital Technology', 'node_id': 'c213M02N17'}), 'dst_node': {'evidence_statement': 'blockchain technology...enables secure data storage and sharing across multiple stakeholders', 'node_name': 'Blockchain Network', 'category': 'Digital Technology', 'node_id': 'c213M02N17'}, 'src_node': {'evidence_statement': 'Instead of sharing sensitive patient data, each node shares their trained models and parameters on the blockchain network', 'node_name': 'Blockchain-based Model Sharing', 'category': 'Technology-enable Practice', 'node_id': 'c213M02N15'}}, {'rel': ({'evidence_statement': 'Instead of sharing sensitive patient data, each node shares their trained models and parameters on the blockchain network', 'node_name': 'Blockchain-based Model Sharing', 'category': 'Technology-enable Practice', 'node_id': 'c213M02N15'}, 'adopt', {'evidence_statement': 'Smart contracts, a key feature of blockchain, automate transactions, connect stakeholders, and enable secure, transparent data sharing', 'node_name': 'Blockchain Smart Contracts', 'category': 'Digital Technology', 'node_id': 'c213M02N18'}), 'dst_node': {'evidence_statement': 'Smart contracts, a key feature of blockchain, automate transactions, connect stakeholders, and enable secure, transparent data sharing', 'node_name': 'Blockchain Smart Contracts', 'category': 'Digital Technology', 'node_id': 'c213M02N18'}, 'src_node': {'evidence_statement': 'Instead of sharing sensitive patient data, each node shares their trained models and parameters on the blockchain network', 'node_name': 'Blockchain-based Model Sharing', 'category': 'Technology-enable Practice', 'node_id': 'c213M02N15'}}, {'rel': ({'evidence_statement': 'Instead of sharing sensitive patient data, each node shares their trained models and parameters on the blockchain network', 'node_name': 'Blockchain-based Model Sharing', 'category': 'Technology-enable Practice', 'node_id': 'c213M02N15'}, 'adopt', {'evidence_statement': 'blockchain-based solutions can be integrated with off-chain storage such as InterPlanetary File System (IPFS) for decentralized storage', 'node_name': 'InterPlanetary File System (IPFS)', 'category': 'Digital Technology', 'node_id': 'c213M02N19'}), 'dst_node': {'evidence_statement': 'blockchain-based solutions can be integrated with off-chain storage such as InterPlanetary File System (IPFS) for decentralized storage', 'node_name': 'InterPlanetary File System (IPFS)', 'category': 'Digital Technology', 'node_id': 'c213M02N19'}, 'src_node': {'evidence_statement': 'Instead of sharing sensitive patient data, each node shares their trained models and parameters on the blockchain network', 'node_name': 'Blockchain-based Model Sharing', 'category': 'Technology-enable Practice', 'node_id': 'c213M02N15'}}]}]"
c213DS01Q16,be_constrained_by,Which limitations technology-enable practices are constrained by?,2,"MATCH (p:TechnologyenablePractice)-[r:be_constrained_by]-(l:Limitation)
WITH COLLECT({src_node:p, rel: r, dst_node: l}) AS obj
RETURN DISTINCT obj","Blockchain-based Predictive Digital Twin is constrained by cross-institutional healthcare data silos, unestablished effect on actual patient outcomes, and restriction to supervised healthcare learning scenarios. Cross-provider breast cancer model evaluation is constrained by limited institution-specific cancer and Parkinson’s disease training data and cross-provider predictive-model accuracy variability. Cross-provider Parkinson’s disease model evaluation is constrained by limited institution-specific cancer and Parkinson’s disease training data, cross-provider predictive-model accuracy variability, and Parkinson’s disease recording class imbalance. Cross-provider healthcare supplier selection model evaluation is constrained by cross-provider predictive-model accuracy variability.","[{'obj': [{'rel': ({'evidence_statement': 'The validated architecture combines predictive digital twins, blockchain, and federated learning for decentralized model development and benchmarking.', 'node_name': 'Blockchain-based Predictive Digital Twin', 'category': 'Technology-enable Practice', 'node_id': 'c213M01N22'}, 'be_constrained_by', {'evidence_statement': 'Data silos hinder traditional healthcare collaboration and benchmarking.', 'node_name': 'cross-institutional healthcare data silos', 'category': 'Limitation', 'node_id': 'c213M01N39'}), 'dst_node': {'evidence_statement': 'Data silos hinder traditional healthcare collaboration and benchmarking.', 'node_name': 'cross-institutional healthcare data silos', 'category': 'Limitation', 'node_id': 'c213M01N39'}, 'src_node': {'evidence_statement': 'The validated architecture combines predictive digital twins, blockchain, and federated learning for decentralized model development and benchmarking.', 'node_name': 'Blockchain-based Predictive Digital Twin', 'category': 'Technology-enable Practice', 'node_id': 'c213M01N22'}}, {'rel': ({'evidence_statement': 'The validated architecture combines predictive digital twins, blockchain, and federated learning for decentralized model development and benchmarking.', 'node_name': 'Blockchain-based Predictive Digital Twin', 'category': 'Technology-enable Practice', 'node_id': 'c213M01N22'}, 'be_constrained_by', {'evidence_statement': 'The downstream effect of the framework on actual patient outcomes has not been empirically established.', 'node_name': 'unestablished effect on actual patient outcomes', 'category': 'Limitation', 'node_id': 'c213M01N44'}), 'dst_node': {'evidence_statement': 'The downstream effect of the framework on actual patient outcomes has not been empirically established.', 'node_name': 'unestablished effect on actual patient outcomes', 'category': 'Limitation', 'node_id': 'c213M01N44'}, 'src_node': {'evidence_statement': 'The validated architecture combines predictive digital twins, blockchain, and federated learning for decentralized model development and benchmarking.', 'node_name': 'Blockchain-based Predictive Digital Twin', 'category': 'Technology-enable Practice', 'node_id': 'c213M01N22'}}, {'rel': ({'evidence_statement': 'The validated architecture combines predictive digital twins, blockchain, and federated learning for decentralized model development and benchmarking.', 'node_name': 'Blockchain-based Predictive Digital Twin', 'category': 'Technology-enable Practice', 'node_id': 'c213M01N22'}, 'be_constrained_by', {'evidence_statement': 'The current model mainly supports supervised-learning scenarios.', 'node_name': 'restriction to supervised healthcare learning scenarios', 'category': 'Limitation', 'node_id': 'c213M01N45'}), 'dst_node': {'evidence_statement': 'The current model mainly supports supervised-learning scenarios.', 'node_name': 'restriction to supervised healthcare learning scenarios', 'category': 'Limitation', 'node_id': 'c213M01N45'}, 'src_node': {'evidence_statement': 'The validated architecture combines predictive digital twins, blockchain, and federated learning for decentralized model development and benchmarking.', 'node_name': 'Blockchain-based Predictive Digital Twin', 'category': 'Technology-enable Practice', 'node_id': 'c213M01N22'}}, {'rel': ({'evidence_statement': 'Every provider evaluated breast-cancer models developed by other providers on its own validation data.', 'node_name': 'cross-provider breast cancer model evaluation', 'category': 'Technology-enable Practice', 'node_id': 'c213M01N24'}, 'be_constrained_by', {'evidence_statement': 'Local learning was difficult when provider nodes operated with limited clinical datasets.', 'node_name': 'limited institution-specific cancer and Parkinson’s disease training data', 'category': 'Limitation', 'node_id': 'c213M01N41'}), 'dst_node': {'evidence_statement': 'Local learning was difficult when provider nodes operated with limited clinical datasets.', 'node_name': 'limited institution-specific cancer and Parkinson’s disease training data', 'category': 'Limitation', 'node_id': 'c213M01N41'}, 'src_node': {'evidence_statement': 'Every provider evaluated breast-cancer models developed by other providers on its own validation data.', 'node_name': 'cross-provider breast cancer model evaluation', 'category': 'Technology-enable Practice', 'node_id': 'c213M01N24'}}, {'rel': ({'evidence_statement': 'Every provider evaluated breast-cancer models developed by other providers on its own validation data.', 'node_name': 'cross-provider breast cancer model evaluation', 'category': 'Technology-enable Practice', 'node_id': 'c213M01N24'}, 'be_constrained_by', {'evidence_statement': 'Locally trained model performance varied substantially across healthcare-provider nodes.', 'node_name': 'cross-provider predictive-model accuracy variability', 'category': 'Limitation', 'node_id': 'c213M01N42'}), 'dst_node': {'evidence_statement': 'Locally trained model performance varied substantially across healthcare-provider nodes.', 'node_name': 'cross-provider predictive-model accuracy variability', 'category': 'Limitation', 'node_id': 'c213M01N42'}, 'src_node': {'evidence_statement': 'Every provider evaluated breast-cancer models developed by other providers on its own validation data.', 'node_name': 'cross-provider breast cancer model evaluation', 'category': 'Technology-enable Practice', 'node_id': 'c213M01N24'}}, {'rel': ({'evidence_statement': 'The Parkinson’s disease case partitioned provider data and compared model performance across institutions.', 'node_name': 'cross-provider Parkinson’s disease model evaluation', 'category': 'Technology-enable Practice', 'node_id': 'c213M01N25'}, 'be_constrained_by', {'evidence_statement': 'Local learning was difficult when provider nodes operated with limited clinical datasets.', 'node_name': 'limited institution-specific cancer and Parkinson’s disease training data', 'category': 'Limitation', 'node_id': 'c213M01N41'}), 'dst_node': {'evidence_statement': 'Local learning was difficult when provider nodes operated with limited clinical datasets.', 'node_name': 'limited institution-specific cancer and Parkinson’s disease training data', 'category': 'Limitation', 'node_id': 'c213M01N41'}, 'src_node': {'evidence_statement': 'The Parkinson’s disease case partitioned provider data and compared model performance across institutions.', 'node_name': 'cross-provider Parkinson’s disease model evaluation', 'category': 'Technology-enable Practice', 'node_id': 'c213M01N25'}}, {'rel': ({'evidence_statement': 'The Parkinson’s disease case partitioned provider data and compared model performance across institutions.', 'node_name': 'cross-provider Parkinson’s disease model evaluation', 'category': 'Technology-enable Practice', 'node_id': 'c213M01N25'}, 'be_constrained_by', {'evidence_statement': 'Locally trained model performance varied substantially across healthcare-provider nodes.', 'node_name': 'cross-provider predictive-model accuracy variability', 'category': 'Limitation', 'node_id': 'c213M01N42'}), 'dst_node': {'evidence_statement': 'Locally trained model performance varied substantially across healthcare-provider nodes.', 'node_name': 'cross-provider predictive-model accuracy variability', 'category': 'Limitation', 'node_id': 'c213M01N42'}, 'src_node': {'evidence_statement': 'The Parkinson’s disease case partitioned provider data and compared model performance across institutions.', 'node_name': 'cross-provider Parkinson’s disease model evaluation', 'category': 'Technology-enable Practice', 'node_id': 'c213M01N25'}}, {'rel': ({'evidence_statement': 'The Parkinson’s disease case partitioned provider data and compared model performance across institutions.', 'node_name': 'cross-provider Parkinson’s disease model evaluation', 'category': 'Technology-enable Practice', 'node_id': 'c213M01N25'}, 'be_constrained_by', {'evidence_statement': 'The Parkinson’s dataset contains more recordings from individuals with Parkinson’s disease than from healthy individuals.', 'node_name': 'Parkinson’s disease recording class imbalance', 'category': 'Limitation', 'node_id': 'c213M01N43'}), 'dst_node': {'evidence_statement': 'The Parkinson’s dataset contains more recordings from individuals with Parkinson’s disease than from healthy individuals.', 'node_name': 'Parkinson’s disease recording class imbalance', 'category': 'Limitation', 'node_id': 'c213M01N43'}, 'src_node': {'evidence_statement': 'The Parkinson’s disease case partitioned provider data and compared model performance across institutions.', 'node_name': 'cross-provider Parkinson’s disease model evaluation', 'category': 'Technology-enable Practice', 'node_id': 'c213M01N25'}}, {'rel': ({'evidence_statement': 'Each supplier-selection model was evaluated against models developed by other nodes and shared through the blockchain.', 'node_name': 'cross-provider healthcare supplier selection model evaluation', 'category': 'Technology-enable Practice', 'node_id': 'c213M01N26'}, 'be_constrained_by', {'evidence_statement': 'Locally trained model performance varied substantially across healthcare-provider nodes.', 'node_name': 'cross-provider predictive-model accuracy variability', 'category': 'Limitation', 'node_id': 'c213M01N42'}), 'dst_node': {'evidence_statement': 'Locally trained model performance varied substantially across healthcare-provider nodes.', 'node_name': 'cross-provider predictive-model accuracy variability', 'category': 'Limitation', 'node_id': 'c213M01N42'}, 'src_node': {'evidence_statement': 'Each supplier-selection model was evaluated against models developed by other nodes and shared through the blockchain.', 'node_name': 'cross-provider healthcare supplier selection model evaluation', 'category': 'Technology-enable Practice', 'node_id': 'c213M01N26'}}]}]"
c213DS01Q17,mitigate or at least resolve,Which limitations technology‑enable practices mitigate or at least resolve?,2,"MATCH (p:TechnologyenablePractice)-[r:mitigate|resolve]->(l:Limitation)
WITH COLLECT({src_node:p, rel: r, dst_node: l}) AS obj
RETURN DISTINCT obj","The technology-enable practices mitigate or resolve limitations including limited institution-specific cancer and Parkinson's disease training data, cross-provider predictive-model accuracy variability, cross-institutional healthcare data silos, incompatible healthcare IT infrastructures, institutional data silos, patient data exposure risk, centralized system single point of failure, and interoperability issues.","[{'obj': [{'rel': ({'evidence_statement': 'The validated architecture combines predictive digital twins, blockchain, and federated learning for decentralized model development and benchmarking.', 'node_name': 'Blockchain-based Predictive Digital Twin', 'category': 'Technology-enable Practice', 'node_id': 'c213M01N22'}, 'mitigate', {'evidence_statement': 'Local learning was difficult when provider nodes operated with limited clinical datasets.', 'node_name': 'limited institution-specific cancer and Parkinson’s disease training data', 'category': 'Limitation', 'node_id': 'c213M01N41'}), 'dst_node': {'evidence_statement': 'Local learning was difficult when provider nodes operated with limited clinical datasets.', 'node_name': 'limited institution-specific cancer and Parkinson’s disease training data', 'category': 'Limitation', 'node_id': 'c213M01N41'}, 'src_node': {'evidence_statement': 'The validated architecture combines predictive digital twins, blockchain, and federated learning for decentralized model development and benchmarking.', 'node_name': 'Blockchain-based Predictive Digital Twin', 'category': 'Technology-enable Practice', 'node_id': 'c213M01N22'}}, {'rel': ({'evidence_statement': 'The validated architecture combines predictive digital twins, blockchain, and federated learning for decentralized model development and benchmarking.', 'node_name': 'Blockchain-based Predictive Digital Twin', 'category': 'Technology-enable Practice', 'node_id': 'c213M01N22'}, 'mitigate', {'evidence_statement': 'Locally trained model performance varied substantially across healthcare-provider nodes.', 'node_name': 'cross-provider predictive-model accuracy variability', 'category': 'Limitation', 'node_id': 'c213M01N42'}), 'dst_node': {'evidence_statement': 'Locally trained model performance varied substantially across healthcare-provider nodes.', 'node_name': 'cross-provider predictive-model accuracy variability', 'category': 'Limitation', 'node_id': 'c213M01N42'}, 'src_node': {'evidence_statement': 'The validated architecture combines predictive digital twins, blockchain, and federated learning for decentralized model development and benchmarking.', 'node_name': 'Blockchain-based Predictive Digital Twin', 'category': 'Technology-enable Practice', 'node_id': 'c213M01N22'}}, {'rel': ({'evidence_statement': 'Locally trained models are shared across the blockchain and benchmarked against each recipient node’s validation data.', 'node_name': 'blockchain-based healthcare predictive-model sharing and benchmarking', 'category': 'Technology-enable Practice', 'node_id': 'c213M01N23'}, 'mitigate', {'evidence_statement': 'Data silos hinder traditional healthcare collaboration and benchmarking.', 'node_name': 'cross-institutional healthcare data silos', 'category': 'Limitation', 'node_id': 'c213M01N39'}), 'dst_node': {'evidence_statement': 'Data silos hinder traditional healthcare collaboration and benchmarking.', 'node_name': 'cross-institutional healthcare data silos', 'category': 'Limitation', 'node_id': 'c213M01N39'}, 'src_node': {'evidence_statement': 'Locally trained models are shared across the blockchain and benchmarked against each recipient node’s validation data.', 'node_name': 'blockchain-based healthcare predictive-model sharing and benchmarking', 'category': 'Technology-enable Practice', 'node_id': 'c213M01N23'}}, {'rel': ({'evidence_statement': 'Locally trained models are shared across the blockchain and benchmarked against each recipient node’s validation data.', 'node_name': 'blockchain-based healthcare predictive-model sharing and benchmarking', 'category': 'Technology-enable Practice', 'node_id': 'c213M01N23'}, 'mitigate', {'evidence_statement': 'Traditional benchmarking is hindered by incompatible information-technology infrastructures.', 'node_name': 'incompatible healthcare IT infrastructures', 'category': 'Limitation', 'node_id': 'c213M01N40'}), 'dst_node': {'evidence_statement': 'Traditional benchmarking is hindered by incompatible information-technology infrastructures.', 'node_name': 'incompatible healthcare IT infrastructures', 'category': 'Limitation', 'node_id': 'c213M01N40'}, 'src_node': {'evidence_statement': 'Locally trained models are shared across the blockchain and benchmarked against each recipient node’s validation data.', 'node_name': 'blockchain-based healthcare predictive-model sharing and benchmarking', 'category': 'Technology-enable Practice', 'node_id': 'c213M01N23'}}, {'rel': ({'evidence_statement': 'Locally trained models are shared across the blockchain and benchmarked against each recipient node’s validation data.', 'node_name': 'blockchain-based healthcare predictive-model sharing and benchmarking', 'category': 'Technology-enable Practice', 'node_id': 'c213M01N23'}, 'mitigate', {'evidence_statement': 'Locally trained model performance varied substantially across healthcare-provider nodes.', 'node_name': 'cross-provider predictive-model accuracy variability', 'category': 'Limitation', 'node_id': 'c213M01N42'}), 'dst_node': {'evidence_statement': 'Locally trained model performance varied substantially across healthcare-provider nodes.', 'node_name': 'cross-provider predictive-model accuracy variability', 'category': 'Limitation', 'node_id': 'c213M01N42'}, 'src_node': {'evidence_statement': 'Locally trained models are shared across the blockchain and benchmarked against each recipient node’s validation data.', 'node_name': 'blockchain-based healthcare predictive-model sharing and benchmarking', 'category': 'Technology-enable Practice', 'node_id': 'c213M01N23'}}, {'rel': ({'evidence_statement': 'Federated Learning (FL) is a decentralized approach to ML that enables multiple participants to collaboratively train models without directly sharing data', 'node_name': 'Federated Learning Protocol', 'category': 'Technology-enable Practice', 'node_id': 'c213M02N14'}, 'mitigate', {'evidence_statement': 'Traditional collaboration methods are hindered by barriers such as data silos', 'node_name': 'Institutional Data Silos', 'category': 'Limitation', 'node_id': 'c213M02N22'}), 'dst_node': {'evidence_statement': 'Traditional collaboration methods are hindered by barriers such as data silos', 'node_name': 'Institutional Data Silos', 'category': 'Limitation', 'node_id': 'c213M02N22'}, 'src_node': {'evidence_statement': 'Federated Learning (FL) is a decentralized approach to ML that enables multiple participants to collaboratively train models without directly sharing data', 'node_name': 'Federated Learning Protocol', 'category': 'Technology-enable Practice', 'node_id': 'c213M02N14'}}, {'rel': ({'evidence_statement': 'Federated Learning (FL) is a decentralized approach to ML that enables multiple participants to collaboratively train models without directly sharing data', 'node_name': 'Federated Learning Protocol', 'category': 'Technology-enable Practice', 'node_id': 'c213M02N14'}, 'mitigate', {'evidence_statement': 'Data management in healthcare faces significant challenges in balancing security and anonymity during information exchange', 'node_name': 'Patient Data Exposure Risk', 'category': 'Limitation', 'node_id': 'c213M02N23'}), 'dst_node': {'evidence_statement': 'Data management in healthcare faces significant challenges in balancing security and anonymity during information exchange', 'node_name': 'Patient Data Exposure Risk', 'category': 'Limitation', 'node_id': 'c213M02N23'}, 'src_node': {'evidence_statement': 'Federated Learning (FL) is a decentralized approach to ML that enables multiple participants to collaboratively train models without directly sharing data', 'node_name': 'Federated Learning Protocol', 'category': 'Technology-enable Practice', 'node_id': 'c213M02N14'}}, {'rel': ({'evidence_statement': 'Instead of sharing sensitive patient data, each node shares their trained models and parameters on the blockchain network', 'node_name': 'Blockchain-based Model Sharing', 'category': 'Technology-enable Practice', 'node_id': 'c213M02N15'}, 'resolve', {'evidence_statement': 'centralized systems prone to single point of failure and lack of transparency', 'node_name': 'Centralised System Single Point of Failure', 'category': 'Limitation', 'node_id': 'c213M02N24'}), 'dst_node': {'evidence_statement': 'centralized systems prone to single point of failure and lack of transparency', 'node_name': 'Centralised System Single Point of Failure', 'category': 'Limitation', 'node_id': 'c213M02N24'}, 'src_node': {'evidence_statement': 'Instead of sharing sensitive patient data, each node shares their trained models and parameters on the blockchain network', 'node_name': 'Blockchain-based Model Sharing', 'category': 'Technology-enable Practice', 'node_id': 'c213M02N15'}}, {'rel': ({'evidence_statement': 'Instead of sharing sensitive patient data, each node shares their trained models and parameters on the blockchain network', 'node_name': 'Blockchain-based Model Sharing', 'category': 'Technology-enable Practice', 'node_id': 'c213M02N15'}, 'resolve', {'evidence_statement': 'the implementation of DTs faces challenges, such as data integration, interoperability, and privacy concerns', 'node_name': 'Interoperability Issues', 'category': 'Limitation', 'node_id': 'c213M02N25'}), 'dst_node': {'evidence_statement': 'the implementation of DTs faces challenges, such as data integration, interoperability, and privacy concerns', 'node_name': 'Interoperability Issues', 'category': 'Limitation', 'node_id': 'c213M02N25'}, 'src_node': {'evidence_statement': 'Instead of sharing sensitive patient data, each node shares their trained models and parameters on the blockchain network', 'node_name': 'Blockchain-based Model Sharing', 'category': 'Technology-enable Practice', 'node_id': 'c213M02N15'}}, {'rel': ({'evidence_statement': 'Instead of sharing sensitive patient data, each node shares their trained models and parameters on the blockchain network', 'node_name': 'Blockchain-based Model Sharing', 'category': 'Technology-enable Practice', 'node_id': 'c213M02N15'}, 'mitigate', {'evidence_statement': 'Data management in healthcare faces significant challenges in balancing security and anonymity during information exchange', 'node_name': 'Patient Data Exposure Risk', 'category': 'Limitation', 'node_id': 'c213M02N23'}), 'dst_node': {'evidence_statement': 'Data management in healthcare faces significant challenges in balancing security and anonymity during information exchange', 'node_name': 'Patient Data Exposure Risk', 'category': 'Limitation', 'node_id': 'c213M02N23'}, 'src_node': {'evidence_statement': 'Instead of sharing sensitive patient data, each node shares their trained models and parameters on the blockchain network', 'node_name': 'Blockchain-based Model Sharing', 'category': 'Technology-enable Practice', 'node_id': 'c213M02N15'}}]}]"
c213DS01Q18,complement,Which traditional human-central practices  technology‑enable practices complement?,2,"MATCH (p:TechnologyenablePractice)-[r:complement]->(t:TraditionalHumancentralPractice)
WITH COLLECT({src_node:p, rel: r, dst_node: t}) AS obj
RETURN DISTINCT obj",Not Mentioned,[{'obj': []}]
c213DS01Q19,cannot_fully_replace,Which traditional human-central practice technology-enable practice cannot replace fully?,3,"MATCH (p:TechnologyenablePractice)-[r:cannot_fully_replace]->(t:TraditionalHumancentralPractice)
WITH COLLECT({src_node:p, rel: r, dst_node: t}) AS obj
RETURN DISTINCT obj",Not Mentioned,[{'obj': []}]
c213DS01Q20,be_difficult_to_capture_due_to,Which limitations make tacit knowledge difficult to capture?,3,"MATCH (tk:TacitKnowledge)-[r:be_difficult_to_capture_due_to]-(l:Limitation)
WITH COLLECT({src_node:tk, rel: r, dst_node: l}) AS obj
RETURN DISTINCT obj",Not Mentioned,[{'obj': []}]
c213DS02Q01,RQ1: What emerging technologies are adopted and how they support tacit knowledge capture and retention?,"What's the mechanism of each technology-enable practice?  introduce this from multiple perspectives: firstly, explain which digital technologies are adopted by these practice, then find which tacit knowledge were captured by these practices, subsequently dig out all potential  relations between these practices with knowledge holders, knowledge learners, organisational dependency, environmental dependency, and limitation. Finally, you should summrise the mechanism based on the evidence mentioned above.",1,"MATCH (tep:TechnologyenablePractice)-[r:adopt]->(dt:DigitalTechnology)
WITH tep, COLLECT({src_node:tep, rel: r, dst_node: dt}) AS adoptions

// 1. 捕获 TacitKnowledge (be_captured_by) -> 生成 tk_list
OPTIONAL MATCH (tk:TacitKnowledge)-[r:be_captured_by|be_transferred_by|evaluate]-(tep)
WITH tep, adoptions, 
     COLLECT({src_node:tk, rel: r, dst_node: tep}) AS capturedBy,
     COLLECT(DISTINCT tk) AS tk_list

// 4. 捕获 OrganizationalDependency (depend_on) -> 生成 od_list
OPTIONAL MATCH (tep)-[r:depend_on]->(d:OrganizationalDependency|EnvironmentalDependency)
WITH tep, adoptions, capturedBy, 
     COLLECT({src_node:tep, rel: r, dst_node: d}) AS depends

// 5. 捕获 Limitation (be_constrained_by) -> 生成 lim_list
OPTIONAL MATCH (tep)-[r:be_constrained_by]->(lim:Limitation)
WITH tep, adoptions, capturedBy, depends,
     COLLECT({src_node:tep, rel: r, dst_node: lim}) AS constraints,
     COLLECT(DISTINCT lim) AS lim_list

// 8. 捕获 mitigates (tep -[:mitigate]-> lim)
//    限定 lim_mit 必须在 lim_list 中
OPTIONAL MATCH (tep)-[r:mitigate]->(lim_mit:Limitation)
WHERE lim_mit IN lim_list
WITH tep, adoptions, capturedBy, depends, constraints, 
     COLLECT({src_node:tep, rel: r, dst_node: lim_mit}) AS mitigates

RETURN adoptions,
       capturedBy,
       depends,
       constraints,
       mitigates","The technology-enable practices (Blockchain-based Predictive Digital Twin, blockchain-based healthcare predictive-model sharing and benchmarking, cross-provider breast cancer model evaluation, cross-provider Parkinson's disease model evaluation, cross-provider healthcare supplier selection model evaluation, Federated Learning Protocol, Blockchain-based Model Sharing) adopt digital technologies including blockchain technology, federated learning, predictive digital twins, logistic regression, decision tree, random forest, gradient boosting, blockchain smart contracts, and IPFS. Tacit knowledge captured includes healthcare-provider cancer diagnostic experience and clinical practices, and healthcare-provider supplier-selection strategies and methodologies. Relations: practices depend on healthcare-institution computational infrastructure and federated-learning capability, healthcare-node ethical transparency, and healthcare privacy regulations. Constraints include cross-institutional healthcare data silos, unestablished effect on actual patient outcomes, restriction to supervised healthcare learning scenarios, limited institution-specific training data, cross-provider predictive-model accuracy variability, and Parkinson's disease recording class imbalance. Mechanism: These practices enable decentralized, privacy-preserving collaborative model development and benchmarking across healthcare institutions by combining federated learning (local training without data exchange), blockchain (secure, immutable model sharing and smart contracts), and predictive digital twins, while transferring tacit knowledge through shared model performance insights, but are constrained by data silos, limited data, model variability, and regulatory dependencies.","[{'adoptions': [{'rel': ({'evidence_statement': 'The validated architecture combines predictive digital twins, blockchain, and federated learning for decentralized model development and benchmarking.', 'node_name': 'Blockchain-based Predictive Digital Twin', 'category': 'Technology-enable Practice', 'node_id': 'c213M01N22'}, 'adopt', {'evidence_statement': 'Blockchain provides decentralized model exchange, immutability, traceability, and consensus.', 'node_name': 'blockchain technology', 'category': 'Digital Technology', 'node_id': 'c213M01N28'}), 'dst_node': {'evidence_statement': 'Blockchain provides decentralized model exchange, immutability, traceability, and consensus.', 'node_name': 'blockchain technology', 'category': 'Digital Technology', 'node_id': 'c213M01N28'}, 'src_node': {'evidence_statement': 'The validated architecture combines predictive digital twins, blockchain, and federated learning for decentralized model development and benchmarking.', 'node_name': 'Blockchain-based Predictive Digital Twin', 'category': 'Technology-enable Practice', 'node_id': 'c213M01N22'}}, {'rel': ({'evidence_statement': 'The validated architecture combines predictive digital twins, blockchain, and federated learning for decentralized model development and benchmarking.', 'node_name': 'Blockchain-based Predictive Digital Twin', 'category': 'Technology-enable Practice', 'node_id': 'c213M01N22'}, 'adopt', {'evidence_statement': 'Federated learning permits local model training and collaborative model development without direct data exchange.', 'node_name': 'federated learning', 'category': 'Digital Technology', 'node_id': 'c213M01N29'}), 'dst_node': {'evidence_statement': 'Federated learning permits local model training and collaborative model development without direct data exchange.', 'node_name': 'federated learning', 'category': 'Digital Technology', 'node_id': 'c213M01N29'}, 'src_node': {'evidence_statement': 'The validated architecture combines predictive digital twins, blockchain, and federated learning for decentralized model development and benchmarking.', 'node_name': 'Blockchain-based Predictive Digital Twin', 'category': 'Technology-enable Practice', 'node_id': 'c213M01N22'}}, {'rel': ({'evidence_statement': 'The validated architecture combines predictive digital twins, blockchain, and federated learning for decentralized model development and benchmarking.', 'node_name': 'Blockchain-based Predictive Digital Twin', 'category': 'Technology-enable Practice', 'node_id': 'c213M01N22'}, 'adopt', {'evidence_statement': 'Predictive digital twins use data and predictive analytics to forecast future states and support decisions.', 'node_name': 'predictive digital twins', 'category': 'Digital Technology', 'node_id': 'c213M01N30'}), 'dst_node': {'evidence_statement': 'Predictive digital twins use data and predictive analytics to forecast future states and support decisions.', 'node_name': 'predictive digital twins', 'category': 'Digital Technology', 'node_id': 'c213M01N30'}, 'src_node': {'evidence_statement': 'The validated architecture combines predictive digital twins, blockchain, and federated learning for decentralized model development and benchmarking.', 'node_name': 'Blockchain-based Predictive Digital Twin', 'category': 'Technology-enable Practice', 'node_id': 'c213M01N22'}}, {'rel': ({'evidence_statement': 'The validated architecture combines predictive digital twins, blockchain, and federated learning for decentralized model development and benchmarking.', 'node_name': 'Blockchain-based Predictive Digital Twin', 'category': 'Technology-enable Practice', 'node_id': 'c213M01N22'}, 'adopt', {'evidence_statement': 'Logistic regression was one of four classification algorithms implemented in the cases.', 'node_name': 'logistic regression', 'category': 'Digital Technology', 'node_id': 'c213M01N31'}), 'dst_node': {'evidence_statement': 'Logistic regression was one of four classification algorithms implemented in the cases.', 'node_name': 'logistic regression', 'category': 'Digital Technology', 'node_id': 'c213M01N31'}, 'src_node': {'evidence_statement': 'The validated architecture combines predictive digital twins, blockchain, and federated learning for decentralized model development and benchmarking.', 'node_name': 'Blockchain-based Predictive Digital Twin', 'category': 'Technology-enable Practice', 'node_id': 'c213M01N22'}}, {'rel': ({'evidence_statement': 'The validated architecture combines predictive digital twins, blockchain, and federated learning for decentralized model development and benchmarking.', 'node_name': 'Blockchain-based Predictive Digital Twin', 'category': 'Technology-enable Practice', 'node_id': 'c213M01N22'}, 'adopt', {'evidence_statement': 'Decision tree was one of four classification algorithms implemented in the cases.', 'node_name': 'decision tree', 'category': 'Digital Technology', 'node_id': 'c213M01N32'}), 'dst_node': {'evidence_statement': 'Decision tree was one of four classification algorithms implemented in the cases.', 'node_name': 'decision tree', 'category': 'Digital Technology', 'node_id': 'c213M01N32'}, 'src_node': {'evidence_statement': 'The validated architecture combines predictive digital twins, blockchain, and federated learning for decentralized model development and benchmarking.', 'node_name': 'Blockchain-based Predictive Digital Twin', 'category': 'Technology-enable Practice', 'node_id': 'c213M01N22'}}, {'rel': ({'evidence_statement': 'The validated architecture combines predictive digital twins, blockchain, and federated learning for decentralized model development and benchmarking.', 'node_name': 'Blockchain-based Predictive Digital Twin', 'category': 'Technology-enable Practice', 'node_id': 'c213M01N22'}, 'adopt', {'evidence_statement': 'Gradient boosting was one of four classification algorithms implemented in the cases.', 'node_name': 'gradient boosting', 'category': 'Digital Technology', 'node_id': 'c213M01N34'}), 'dst_node': {'evidence_statement': 'Gradient boosting was one of four classification algorithms implemented in the cases.', 'node_name': 'gradient boosting', 'category': 'Digital Technology', 'node_id': 'c213M01N34'}, 'src_node': {'evidence_statement': 'The validated architecture combines predictive digital twins, blockchain, and federated learning for decentralized model development and benchmarking.', 'node_name': 'Blockchain-based Predictive Digital Twin', 'category': 'Technology-enable Practice', 'node_id': 'c213M01N22'}}, {'rel': ({'evidence_statement': 'The validated architecture combines predictive digital twins, blockchain, and federated learning for decentralized model development and benchmarking.', 'node_name': 'Blockchain-based Predictive Digital Twin', 'category': 'Technology-enable Practice', 'node_id': 'c213M01N22'}, 'adopt', {'evidence_statement': 'Providers can establish smart contracts defining the conditions under which shared models may be accessed or used.', 'node_name': 'blockchain smart contracts for healthcare model access and use', 'category': 'Digital Technology', 'node_id': 'c213M01N35'}), 'dst_node': {'evidence_statement': 'Providers can establish smart contracts defining the conditions under which shared models may be accessed or used.', 'node_name': 'blockchain smart contracts for healthcare model access and use', 'category': 'Digital Technology', 'node_id': 'c213M01N35'}, 'src_node': {'evidence_statement': 'The validated architecture combines predictive digital twins, blockchain, and federated learning for decentralized model development and benchmarking.', 'node_name': 'Blockchain-based Predictive Digital Twin', 'category': 'Technology-enable Practice', 'node_id': 'c213M01N22'}}], 'capturedBy': [{'rel': None, 'dst_node': {'evidence_statement': 'The validated architecture combines predictive digital twins, blockchain, and federated learning for decentralized model development and benchmarking.', 'node_name': 'Blockchain-based Predictive Digital Twin', 'category': 'Technology-enable Practice', 'node_id': 'c213M01N22'}, 'src_node': None}], 'depends': [{'rel': ({'evidence_statement': 'The validated architecture combines predictive digital twins, blockchain, and federated learning for decentralized model development and benchmarking.', 'node_name': 'Blockchain-based Predictive Digital Twin', 'category': 'Technology-enable Practice', 'node_id': 'c213M01N22'}, 'depend_on', {'evidence_statement': 'The framework assumes adequate computational infrastructure and technical capability across participating healthcare institutions.', 'node_name': 'healthcare-institution computational infrastructure and federated-learning capability', 'category': 'Organizational Dependency', 'node_id': 'c213M01N36'}), 'dst_node': {'evidence_statement': 'The framework assumes adequate computational infrastructure and technical capability across participating healthcare institutions.', 'node_name': 'healthcare-institution computational infrastructure and federated-learning capability', 'category': 'Organizational Dependency', 'node_id': 'c213M01N36'}, 'src_node': {'evidence_statement': 'The validated architecture combines predictive digital twins, blockchain, and federated learning for decentralized model development and benchmarking.', 'node_name': 'Blockchain-based Predictive Digital Twin', 'category': 'Technology-enable Practice', 'node_id': 'c213M01N22'}}, {'rel': ({'evidence_statement': 'The validated architecture combines predictive digital twins, blockchain, and federated learning for decentralized model development and benchmarking.', 'node_name': 'Blockchain-based Predictive Digital Twin', 'category': 'Technology-enable Practice', 'node_id': 'c213M01N22'}, 'depend_on', {'evidence_statement': 'The model relies on ethical transparency at the participating-node level.', 'node_name': 'healthcare-node ethical transparency', 'category': 'Organizational Dependency', 'node_id': 'c213M01N37'}), 'dst_node': {'evidence_statement': 'The model relies on ethical transparency at the participating-node level.', 'node_name': 'healthcare-node ethical transparency', 'category': 'Organizational Dependency', 'node_id': 'c213M01N37'}, 'src_node': {'evidence_statement': 'The validated architecture combines predictive digital twins, blockchain, and federated learning for decentralized model development and benchmarking.', 'node_name': 'Blockchain-based Predictive Digital Twin', 'category': 'Technology-enable Practice', 'node_id': 'c213M01N22'}}, {'rel': ({'evidence_statement': 'The validated architecture combines predictive digital twins, blockchain, and federated learning for decentralized model development and benchmarking.', 'node_name': 'Blockchain-based Predictive Digital Twin', 'category': 'Technology-enable Practice', 'node_id': 'c213M01N22'}, 'depend_on', {'evidence_statement': 'Healthcare collaboration must protect patient privacy and operate within privacy regulations.', 'node_name': 'healthcare privacy regulations', 'category': 'Environmental Dependency', 'node_id': 'c213M01N38'}), 'dst_node': {'evidence_statement': 'Healthcare collaboration must protect patient privacy and operate within privacy regulations.', 'node_name': 'healthcare privacy regulations', 'category': 'Environmental Dependency', 'node_id': 'c213M01N38'}, 'src_node': {'evidence_statement': 'The validated architecture combines predictive digital twins, blockchain, and federated learning for decentralized model development and benchmarking.', 'node_name': 'Blockchain-based Predictive Digital Twin', 'category': 'Technology-enable Practice', 'node_id': 'c213M01N22'}}], 'constraints': [{'rel': ({'evidence_statement': 'The validated architecture combines predictive digital twins, blockchain, and federated learning for decentralized model development and benchmarking.', 'node_name': 'Blockchain-based Predictive Digital Twin', 'category': 'Technology-enable Practice', 'node_id': 'c213M01N22'}, 'be_constrained_by', {'evidence_statement': 'Data silos hinder traditional healthcare collaboration and benchmarking.', 'node_name': 'cross-institutional healthcare data silos', 'category': 'Limitation', 'node_id': 'c213M01N39'}), 'dst_node': {'evidence_statement': 'Data silos hinder traditional healthcare collaboration and benchmarking.', 'node_name': 'cross-institutional healthcare data silos', 'category': 'Limitation', 'node_id': 'c213M01N39'}, 'src_node': {'evidence_statement': 'The validated architecture combines predictive digital twins, blockchain, and federated learning for decentralized model development and benchmarking.', 'node_name': 'Blockchain-based Predictive Digital Twin', 'category': 'Technology-enable Practice', 'node_id': 'c213M01N22'}}, {'rel': ({'evidence_statement': 'The validated architecture combines predictive digital twins, blockchain, and federated learning for decentralized model development and benchmarking.', 'node_name': 'Blockchain-based Predictive Digital Twin', 'category': 'Technology-enable Practice', 'node_id': 'c213M01N22'}, 'be_constrained_by', {'evidence_statement': 'The downstream effect of the framework on actual patient outcomes has not been empirically established.', 'node_name': 'unestablished effect on actual patient outcomes', 'category': 'Limitation', 'node_id': 'c213M01N44'}), 'dst_node': {'evidence_statement': 'The downstream effect of the framework on actual patient outcomes has not been empirically established.', 'node_name': 'unestablished effect on actual patient outcomes', 'category': 'Limitation', 'node_id': 'c213M01N44'}, 'src_node': {'evidence_statement': 'The validated architecture combines predictive digital twins, blockchain, and federated learning for decentralized model development and benchmarking.', 'node_name': 'Blockchain-based Predictive Digital Twin', 'category': 'Technology-enable Practice', 'node_id': 'c213M01N22'}}, {'rel': ({'evidence_statement': 'The validated architecture combines predictive digital twins, blockchain, and federated learning for decentralized model development and benchmarking.', 'node_name': 'Blockchain-based Predictive Digital Twin', 'category': 'Technology-enable Practice', 'node_id': 'c213M01N22'}, 'be_constrained_by', {'evidence_statement': 'The current model mainly supports supervised-learning scenarios.', 'node_name': 'restriction to supervised healthcare learning scenarios', 'category': 'Limitation', 'node_id': 'c213M01N45'}), 'dst_node': {'evidence_statement': 'The current model mainly supports supervised-learning scenarios.', 'node_name': 'restriction to supervised healthcare learning scenarios', 'category': 'Limitation', 'node_id': 'c213M01N45'}, 'src_node': {'evidence_statement': 'The validated architecture combines predictive digital twins, blockchain, and federated learning for decentralized model development and benchmarking.', 'node_name': 'Blockchain-based Predictive Digital Twin', 'category': 'Technology-enable Practice', 'node_id': 'c213M01N22'}}], 'mitigates': [{'rel': None, 'dst_node': None, 'src_node': {'evidence_statement': 'The validated architecture combines predictive digital twins, blockchain, and federated learning for decentralized model development and benchmarking.', 'node_name': 'Blockchain-based Predictive Digital Twin', 'category': 'Technology-enable Practice', 'node_id': 'c213M01N22'}}]}, {'adoptions': [{'rel': ({'evidence_statement': 'Locally trained models are shared across the blockchain and benchmarked against each recipient node’s validation data.', 'node_name': 'blockchain-based healthcare predictive-model sharing and benchmarking', 'category': 'Technology-enable Practice', 'node_id': 'c213M01N23'}, 'adopt', {'evidence_statement': 'Blockchain provides decentralized model exchange, immutability, traceability, and consensus.', 'node_name': 'blockchain technology', 'category': 'Digital Technology', 'node_id': 'c213M01N28'}), 'dst_node': {'evidence_statement': 'Blockchain provides decentralized model exchange, immutability, traceability, and consensus.', 'node_name': 'blockchain technology', 'category': 'Digital Technology', 'node_id': 'c213M01N28'}, 'src_node': {'evidence_statement': 'Locally trained models are shared across the blockchain and benchmarked against each recipient node’s validation data.', 'node_name': 'blockchain-based healthcare predictive-model sharing and benchmarking', 'category': 'Technology-enable Practice', 'node_id': 'c213M01N23'}}, {'rel': ({'evidence_statement': 'Locally trained models are shared across the blockchain and benchmarked against each recipient node’s validation data.', 'node_name': 'blockchain-based healthcare predictive-model sharing and benchmarking', 'category': 'Technology-enable Practice', 'node_id': 'c213M01N23'}, 'adopt', {'evidence_statement': 'Federated learning permits local model training and collaborative model development without direct data exchange.', 'node_name': 'federated learning', 'category': 'Digital Technology', 'node_id': 'c213M01N29'}), 'dst_node': {'evidence_statement': 'Federated learning permits local model training and collaborative model development without direct data exchange.', 'node_name': 'federated learning', 'category': 'Digital Technology', 'node_id': 'c213M01N29'}, 'src_node': {'evidence_statement': 'Locally trained models are shared across the blockchain and benchmarked against each recipient node’s validation data.', 'node_name': 'blockchain-based healthcare predictive-model sharing and benchmarking', 'category': 'Technology-enable Practice', 'node_id': 'c213M01N23'}}, {'rel': ({'evidence_statement': 'Locally trained models are shared across the blockchain and benchmarked against each recipient node’s validation data.', 'node_name': 'blockchain-based healthcare predictive-model sharing and benchmarking', 'category': 'Technology-enable Practice', 'node_id': 'c213M01N23'}, 'adopt', {'evidence_statement': 'Providers can establish smart contracts defining the conditions under which shared models may be accessed or used.', 'node_name': 'blockchain smart contracts for healthcare model access and use', 'category': 'Digital Technology', 'node_id': 'c213M01N35'}), 'dst_node': {'evidence_statement': 'Providers can establish smart contracts defining the conditions under which shared models may be accessed or used.', 'node_name': 'blockchain smart contracts for healthcare model access and use', 'category': 'Digital Technology', 'node_id': 'c213M01N35'}, 'src_node': {'evidence_statement': 'Locally trained models are shared across the blockchain and benchmarked against each recipient node’s validation data.', 'node_name': 'blockchain-based healthcare predictive-model sharing and benchmarking', 'category': 'Technology-enable Practice', 'node_id': 'c213M01N23'}}], 'capturedBy': [{'rel': None, 'dst_node': {'evidence_statement': 'Locally trained models are shared across the blockchain and benchmarked against each recipient node’s validation data.', 'node_name': 'blockchain-based healthcare predictive-model sharing and benchmarking', 'category': 'Technology-enable Practice', 'node_id': 'c213M01N23'}, 'src_node': None}], 'depends': [{'rel': None, 'dst_node': None, 'src_node': {'evidence_statement': 'Locally trained models are shared across the blockchain and benchmarked against each recipient node’s validation data.', 'node_name': 'blockchain-based healthcare predictive-model sharing and benchmarking', 'category': 'Technology-enable Practice', 'node_id': 'c213M01N23'}}], 'constraints': [{'rel': None, 'dst_node': None, 'src_node': {'evidence_statement': 'Locally trained models are shared across the blockchain and benchmarked against each recipient node’s validation data.', 'node_name': 'blockchain-based healthcare predictive-model sharing and benchmarking', 'category': 'Technology-enable Practice', 'node_id': 'c213M01N23'}}], 'mitigates': [{'rel': None, 'dst_node': None, 'src_node': {'evidence_statement': 'Locally trained models are shared across the blockchain and benchmarked against each recipient node’s validation data.', 'node_name': 'blockchain-based healthcare predictive-model sharing and benchmarking', 'category': 'Technology-enable Practice', 'node_id': 'c213M01N23'}}]}, {'adoptions': [{'rel': ({'evidence_statement': 'Every provider evaluated breast-cancer models developed by other providers on its own validation data.', 'node_name': 'cross-provider breast cancer model evaluation', 'category': 'Technology-enable Practice', 'node_id': 'c213M01N24'}, 'adopt', {'evidence_statement': 'Blockchain provides decentralized model exchange, immutability, traceability, and consensus.', 'node_name': 'blockchain technology', 'category': 'Digital Technology', 'node_id': 'c213M01N28'}), 'dst_node': {'evidence_statement': 'Blockchain provides decentralized model exchange, immutability, traceability, and consensus.', 'node_name': 'blockchain technology', 'category': 'Digital Technology', 'node_id': 'c213M01N28'}, 'src_node': {'evidence_statement': 'Every provider evaluated breast-cancer models developed by other providers on its own validation data.', 'node_name': 'cross-provider breast cancer model evaluation', 'category': 'Technology-enable Practice', 'node_id': 'c213M01N24'}}, {'rel': ({'evidence_statement': 'Every provider evaluated breast-cancer models developed by other providers on its own validation data.', 'node_name': 'cross-provider breast cancer model evaluation', 'category': 'Technology-enable Practice', 'node_id': 'c213M01N24'}, 'adopt', {'evidence_statement': 'Federated learning permits local model training and collaborative model development without direct data exchange.', 'node_name': 'federated learning', 'category': 'Digital Technology', 'node_id': 'c213M01N29'}), 'dst_node': {'evidence_statement': 'Federated learning permits local model training and collaborative model development without direct data exchange.', 'node_name': 'federated learning', 'category': 'Digital Technology', 'node_id': 'c213M01N29'}, 'src_node': {'evidence_statement': 'Every provider evaluated breast-cancer models developed by other providers on its own validation data.', 'node_name': 'cross-provider breast cancer model evaluation', 'category': 'Technology-enable Practice', 'node_id': 'c213M01N24'}}, {'rel': ({'evidence_statement': 'Every provider evaluated breast-cancer models developed by other providers on its own validation data.', 'node_name': 'cross-provider breast cancer model evaluation', 'category': 'Technology-enable Practice', 'node_id': 'c213M01N24'}, 'adopt', {'evidence_statement': 'Logistic regression was one of four classification algorithms implemented in the cases.', 'node_name': 'logistic regression', 'category': 'Digital Technology', 'node_id': 'c213M01N31'}), 'dst_node': {'evidence_statement': 'Logistic regression was one of four classification algorithms implemented in the cases.', 'node_name': 'logistic regression', 'category': 'Digital Technology', 'node_id': 'c213M01N31'}, 'src_node': {'evidence_statement': 'Every provider evaluated breast-cancer models developed by other providers on its own validation data.', 'node_name': 'cross-provider breast cancer model evaluation', 'category': 'Technology-enable Practice', 'node_id': 'c213M01N24'}}, {'rel': ({'evidence_statement': 'Every provider evaluated breast-cancer models developed by other providers on its own validation data.', 'node_name': 'cross-provider breast cancer model evaluation', 'category': 'Technology-enable Practice', 'node_id': 'c213M01N24'}, 'adopt', {'evidence_statement': 'Decision tree was one of four classification algorithms implemented in the cases.', 'node_name': 'decision tree', 'category': 'Digital Technology', 'node_id': 'c213M01N32'}), 'dst_node': {'evidence_statement': 'Decision tree was one of four classification algorithms implemented in the cases.', 'node_name': 'decision tree', 'category': 'Digital Technology', 'node_id': 'c213M01N32'}, 'src_node': {'evidence_statement': 'Every provider evaluated breast-cancer models developed by other providers on its own validation data.', 'node_name': 'cross-provider breast cancer model evaluation', 'category': 'Technology-enable Practice', 'node_id': 'c213M01N24'}}, {'rel': ({'evidence_statement': 'Every provider evaluated breast-cancer models developed by other providers on its own validation data.', 'node_name': 'cross-provider breast cancer model evaluation', 'category': 'Technology-enable Practice', 'node_id': 'c213M01N24'}, 'adopt', {'evidence_statement': 'Random forest was one of four classification algorithms implemented in the cases.', 'node_name': 'random forest', 'category': 'Digital Technology', 'node_id': 'c213M01N33'}), 'dst_node': {'evidence_statement': 'Random forest was one of four classification algorithms implemented in the cases.', 'node_name': 'random forest', 'category': 'Digital Technology', 'node_id': 'c213M01N33'}, 'src_node': {'evidence_statement': 'Every provider evaluated breast-cancer models developed by other providers on its own validation data.', 'node_name': 'cross-provider breast cancer model evaluation', 'category': 'Technology-enable Practice', 'node_id': 'c213M01N24'}}, {'rel': ({'evidence_statement': 'Every provider evaluated breast-cancer models developed by other providers on its own validation data.', 'node_name': 'cross-provider breast cancer model evaluation', 'category': 'Technology-enable Practice', 'node_id': 'c213M01N24'}, 'adopt', {'evidence_statement': 'Gradient boosting was one of four classification algorithms implemented in the cases.', 'node_name': 'gradient boosting', 'category': 'Digital Technology', 'node_id': 'c213M01N34'}), 'dst_node': {'evidence_statement': 'Gradient boosting was one of four classification algorithms implemented in the cases.', 'node_name': 'gradient boosting', 'category': 'Digital Technology', 'node_id': 'c213M01N34'}, 'src_node': {'evidence_statement': 'Every provider evaluated breast-cancer models developed by other providers on its own validation data.', 'node_name': 'cross-provider breast cancer model evaluation', 'category': 'Technology-enable Practice', 'node_id': 'c213M01N24'}}], 'capturedBy': [{'rel': ({'evidence_statement': 'The local cancer-learning scenario reflects each healthcare provider’s specific patient demographics and clinical practices, and the federated scenario allows providers to benefit from collective knowledge and experiences.', 'node_name': 'healthcare-provider cancer diagnostic experience and clinical practices', 'category': 'Tacit Knowledge', 'node_id': 'c213M01N46'}, 'be_transferred_by', {'evidence_statement': 'Every provider evaluated breast-cancer models developed by other providers on its own validation data.', 'node_name': 'cross-provider breast cancer model evaluation', 'category': 'Technology-enable Practice', 'node_id': 'c213M01N24'}), 'dst_node': {'evidence_statement': 'Every provider evaluated breast-cancer models developed by other providers on its own validation data.', 'node_name': 'cross-provider breast cancer model evaluation', 'category': 'Technology-enable Practice', 'node_id': 'c213M01N24'}, 'src_node': {'evidence_statement': 'The local cancer-learning scenario reflects each healthcare provider’s specific patient demographics and clinical practices, and the federated scenario allows providers to benefit from collective knowledge and experiences.', 'node_name': 'healthcare-provider cancer diagnostic experience and clinical practices', 'category': 'Tacit Knowledge', 'node_id': 'c213M01N46'}}], 'depends': [{'rel': None, 'dst_node': None, 'src_node': {'evidence_statement': 'Every provider evaluated breast-cancer models developed by other providers on its own validation data.', 'node_name': 'cross-provider breast cancer model evaluation', 'category': 'Technology-enable Practice', 'node_id': 'c213M01N24'}}], 'constraints': [{'rel': ({'evidence_statement': 'Every provider evaluated breast-cancer models developed by other providers on its own validation data.', 'node_name': 'cross-provider breast cancer model evaluation', 'category': 'Technology-enable Practice', 'node_id': 'c213M01N24'}, 'be_constrained_by', {'evidence_statement': 'Local learning was difficult when provider nodes operated with limited clinical datasets.', 'node_name': 'limited institution-specific cancer and Parkinson’s disease training data', 'category': 'Limitation', 'node_id': 'c213M01N41'}), 'dst_node': {'evidence_statement': 'Local learning was difficult when provider nodes operated with limited clinical datasets.', 'node_name': 'limited institution-specific cancer and Parkinson’s disease training data', 'category': 'Limitation', 'node_id': 'c213M01N41'}, 'src_node': {'evidence_statement': 'Every provider evaluated breast-cancer models developed by other providers on its own validation data.', 'node_name': 'cross-provider breast cancer model evaluation', 'category': 'Technology-enable Practice', 'node_id': 'c213M01N24'}}, {'rel': ({'evidence_statement': 'Every provider evaluated breast-cancer models developed by other providers on its own validation data.', 'node_name': 'cross-provider breast cancer model evaluation', 'category': 'Technology-enable Practice', 'node_id': 'c213M01N24'}, 'be_constrained_by', {'evidence_statement': 'Locally trained model performance varied substantially across healthcare-provider nodes.', 'node_name': 'cross-provider predictive-model accuracy variability', 'category': 'Limitation', 'node_id': 'c213M01N42'}), 'dst_node': {'evidence_statement': 'Locally trained model performance varied substantially across healthcare-provider nodes.', 'node_name': 'cross-provider predictive-model accuracy variability', 'category': 'Limitation', 'node_id': 'c213M01N42'}, 'src_node': {'evidence_statement': 'Every provider evaluated breast-cancer models developed by other providers on its own validation data.', 'node_name': 'cross-provider breast cancer model evaluation', 'category': 'Technology-enable Practice', 'node_id': 'c213M01N24'}}], 'mitigates': [{'rel': None, 'dst_node': None, 'src_node': {'evidence_statement': 'Every provider evaluated breast-cancer models developed by other providers on its own validation data.', 'node_name': 'cross-provider breast cancer model evaluation', 'category': 'Technology-enable Practice', 'node_id': 'c213M01N24'}}]}, {'adoptions': [{'rel': ({'evidence_statement': 'The Parkinson’s disease case partitioned provider data and compared model performance across institutions.', 'node_name': 'cross-provider Parkinson’s disease model evaluation', 'category': 'Technology-enable Practice', 'node_id': 'c213M01N25'}, 'adopt', {'evidence_statement': 'Blockchain provides decentralized model exchange, immutability, traceability, and consensus.', 'node_name': 'blockchain technology', 'category': 'Digital Technology', 'node_id': 'c213M01N28'}), 'dst_node': {'evidence_statement': 'Blockchain provides decentralized model exchange, immutability, traceability, and consensus.', 'node_name': 'blockchain technology', 'category': 'Digital Technology', 'node_id': 'c213M01N28'}, 'src_node': {'evidence_statement': 'The Parkinson’s disease case partitioned provider data and compared model performance across institutions.', 'node_name': 'cross-provider Parkinson’s disease model evaluation', 'category': 'Technology-enable Practice', 'node_id': 'c213M01N25'}}, {'rel': ({'evidence_statement': 'The Parkinson’s disease case partitioned provider data and compared model performance across institutions.', 'node_name': 'cross-provider Parkinson’s disease model evaluation', 'category': 'Technology-enable Practice', 'node_id': 'c213M01N25'}, 'adopt', {'evidence_statement': 'Federated learning permits local model training and collaborative model development without direct data exchange.', 'node_name': 'federated learning', 'category': 'Digital Technology', 'node_id': 'c213M01N29'}), 'dst_node': {'evidence_statement': 'Federated learning permits local model training and collaborative model development without direct data exchange.', 'node_name': 'federated learning', 'category': 'Digital Technology', 'node_id': 'c213M01N29'}, 'src_node': {'evidence_statement': 'The Parkinson’s disease case partitioned provider data and compared model performance across institutions.', 'node_name': 'cross-provider Parkinson’s disease model evaluation', 'category': 'Technology-enable Practice', 'node_id': 'c213M01N25'}}, {'rel': ({'evidence_statement': 'The Parkinson’s disease case partitioned provider data and compared model performance across institutions.', 'node_name': 'cross-provider Parkinson’s disease model evaluation', 'category': 'Technology-enable Practice', 'node_id': 'c213M01N25'}, 'adopt', {'evidence_statement': 'Decision tree was one of four classification algorithms implemented in the cases.', 'node_name': 'decision tree', 'category': 'Digital Technology', 'node_id': 'c213M01N32'}), 'dst_node': {'evidence_statement': 'Decision tree was one of four classification algorithms implemented in the cases.', 'node_name': 'decision tree', 'category': 'Digital Technology', 'node_id': 'c213M01N32'}, 'src_node': {'evidence_statement': 'The Parkinson’s disease case partitioned provider data and compared model performance across institutions.', 'node_name': 'cross-provider Parkinson’s disease model evaluation', 'category': 'Technology-enable Practice', 'node_id': 'c213M01N25'}}, {'rel': ({'evidence_statement': 'The Parkinson’s disease case partitioned provider data and compared model performance across institutions.', 'node_name': 'cross-provider Parkinson’s disease model evaluation', 'category': 'Technology-enable Practice', 'node_id': 'c213M01N25'}, 'adopt', {'evidence_statement': 'Gradient boosting was one of four classification algorithms implemented in the cases.', 'node_name': 'gradient boosting', 'category': 'Digital Technology', 'node_id': 'c213M01N34'}), 'dst_node': {'evidence_statement': 'Gradient boosting was one of four classification algorithms implemented in the cases.', 'node_name': 'gradient boosting', 'category': 'Digital Technology', 'node_id': 'c213M01N34'}, 'src_node': {'evidence_statement': 'The Parkinson’s disease case partitioned provider data and compared model performance across institutions.', 'node_name': 'cross-provider Parkinson’s disease model evaluation', 'category': 'Technology-enable Practice', 'node_id': 'c213M01N25'}}], 'capturedBy': [{'rel': None, 'dst_node': {'evidence_statement': 'The Parkinson’s disease case partitioned provider data and compared model performance across institutions.', 'node_name': 'cross-provider Parkinson’s disease model evaluation', 'category': 'Technology-enable Practice', 'node_id': 'c213M01N25'}, 'src_node': None}], 'depends': [{'rel': None, 'dst_node': None, 'src_node': {'evidence_statement': 'The Parkinson’s disease case partitioned provider data and compared model performance across institutions.', 'node_name': 'cross-provider Parkinson’s disease model evaluation', 'category': 'Technology-enable Practice', 'node_id': 'c213M01N25'}}], 'constraints': [{'rel': ({'evidence_statement': 'The Parkinson’s disease case partitioned provider data and compared model performance across institutions.', 'node_name': 'cross-provider Parkinson’s disease model evaluation', 'category': 'Technology-enable Practice', 'node_id': 'c213M01N25'}, 'be_constrained_by', {'evidence_statement': 'Local learning was difficult when provider nodes operated with limited clinical datasets.', 'node_name': 'limited institution-specific cancer and Parkinson’s disease training data', 'category': 'Limitation', 'node_id': 'c213M01N41'}), 'dst_node': {'evidence_statement': 'Local learning was difficult when provider nodes operated with limited clinical datasets.', 'node_name': 'limited institution-specific cancer and Parkinson’s disease training data', 'category': 'Limitation', 'node_id': 'c213M01N41'}, 'src_node': {'evidence_statement': 'The Parkinson’s disease case partitioned provider data and compared model performance across institutions.', 'node_name': 'cross-provider Parkinson’s disease model evaluation', 'category': 'Technology-enable Practice', 'node_id': 'c213M01N25'}}, {'rel': ({'evidence_statement': 'The Parkinson’s disease case partitioned provider data and compared model performance across institutions.', 'node_name': 'cross-provider Parkinson’s disease model evaluation', 'category': 'Technology-enable Practice', 'node_id': 'c213M01N25'}, 'be_constrained_by', {'evidence_statement': 'Locally trained model performance varied substantially across healthcare-provider nodes.', 'node_name': 'cross-provider predictive-model accuracy variability', 'category': 'Limitation', 'node_id': 'c213M01N42'}), 'dst_node': {'evidence_statement': 'Locally trained model performance varied substantially across healthcare-provider nodes.', 'node_name': 'cross-provider predictive-model accuracy variability', 'category': 'Limitation', 'node_id': 'c213M01N42'}, 'src_node': {'evidence_statement': 'The Parkinson’s disease case partitioned provider data and compared model performance across institutions.', 'node_name': 'cross-provider Parkinson’s disease model evaluation', 'category': 'Technology-enable Practice', 'node_id': 'c213M01N25'}}, {'rel': ({'evidence_statement': 'The Parkinson’s disease case partitioned provider data and compared model performance across institutions.', 'node_name': 'cross-provider Parkinson’s disease model evaluation', 'category': 'Technology-enable Practice', 'node_id': 'c213M01N25'}, 'be_constrained_by', {'evidence_statement': 'The Parkinson’s dataset contains more recordings from individuals with Parkinson’s disease than from healthy individuals.', 'node_name': 'Parkinson’s disease recording class imbalance', 'category': 'Limitation', 'node_id': 'c213M01N43'}), 'dst_node': {'evidence_statement': 'The Parkinson’s dataset contains more recordings from individuals with Parkinson’s disease than from healthy individuals.', 'node_name': 'Parkinson’s disease recording class imbalance', 'category': 'Limitation', 'node_id': 'c213M01N43'}, 'src_node': {'evidence_statement': 'The Parkinson’s disease case partitioned provider data and compared model performance across institutions.', 'node_name': 'cross-provider Parkinson’s disease model evaluation', 'category': 'Technology-enable Practice', 'node_id': 'c213M01N25'}}], 'mitigates': [{'rel': None, 'dst_node': None, 'src_node': {'evidence_statement': 'The Parkinson’s disease case partitioned provider data and compared model performance across institutions.', 'node_name': 'cross-provider Parkinson’s disease model evaluation', 'category': 'Technology-enable Practice', 'node_id': 'c213M01N25'}}]}, {'adoptions': [{'rel': ({'evidence_statement': 'Each supplier-selection model was evaluated against models developed by other nodes and shared through the blockchain.', 'node_name': 'cross-provider healthcare supplier selection model evaluation', 'category': 'Technology-enable Practice', 'node_id': 'c213M01N26'}, 'adopt', {'evidence_statement': 'Blockchain provides decentralized model exchange, immutability, traceability, and consensus.', 'node_name': 'blockchain technology', 'category': 'Digital Technology', 'node_id': 'c213M01N28'}), 'dst_node': {'evidence_statement': 'Blockchain provides decentralized model exchange, immutability, traceability, and consensus.', 'node_name': 'blockchain technology', 'category': 'Digital Technology', 'node_id': 'c213M01N28'}, 'src_node': {'evidence_statement': 'Each supplier-selection model was evaluated against models developed by other nodes and shared through the blockchain.', 'node_name': 'cross-provider healthcare supplier selection model evaluation', 'category': 'Technology-enable Practice', 'node_id': 'c213M01N26'}}, {'rel': ({'evidence_statement': 'Each supplier-selection model was evaluated against models developed by other nodes and shared through the blockchain.', 'node_name': 'cross-provider healthcare supplier selection model evaluation', 'category': 'Technology-enable Practice', 'node_id': 'c213M01N26'}, 'adopt', {'evidence_statement': 'Federated learning permits local model training and collaborative model development without direct data exchange.', 'node_name': 'federated learning', 'category': 'Digital Technology', 'node_id': 'c213M01N29'}), 'dst_node': {'evidence_statement': 'Federated learning permits local model training and collaborative model development without direct data exchange.', 'node_name': 'federated learning', 'category': 'Digital Technology', 'node_id': 'c213M01N29'}, 'src_node': {'evidence_statement': 'Each supplier-selection model was evaluated against models developed by other nodes and shared through the blockchain.', 'node_name': 'cross-provider healthcare supplier selection model evaluation', 'category': 'Technology-enable Practice', 'node_id': 'c213M01N26'}}, {'rel': ({'evidence_statement': 'Each supplier-selection model was evaluated against models developed by other nodes and shared through the blockchain.', 'node_name': 'cross-provider healthcare supplier selection model evaluation', 'category': 'Technology-enable Practice', 'node_id': 'c213M01N26'}, 'adopt', {'evidence_statement': 'Logistic regression was one of four classification algorithms implemented in the cases.', 'node_name': 'logistic regression', 'category': 'Digital Technology', 'node_id': 'c213M01N31'}), 'dst_node': {'evidence_statement': 'Logistic regression was one of four classification algorithms implemented in the cases.', 'node_name': 'logistic regression', 'category': 'Digital Technology', 'node_id': 'c213M01N31'}, 'src_node': {'evidence_statement': 'Each supplier-selection model was evaluated against models developed by other nodes and shared through the blockchain.', 'node_name': 'cross-provider healthcare supplier selection model evaluation', 'category': 'Technology-enable Practice', 'node_id': 'c213M01N26'}}, {'rel': ({'evidence_statement': 'Each supplier-selection model was evaluated against models developed by other nodes and shared through the blockchain.', 'node_name': 'cross-provider healthcare supplier selection model evaluation', 'category': 'Technology-enable Practice', 'node_id': 'c213M01N26'}, 'adopt', {'evidence_statement': 'Decision tree was one of four classification algorithms implemented in the cases.', 'node_name': 'decision tree', 'category': 'Digital Technology', 'node_id': 'c213M01N32'}), 'dst_node': {'evidence_statement': 'Decision tree was one of four classification algorithms implemented in the cases.', 'node_name': 'decision tree', 'category': 'Digital Technology', 'node_id': 'c213M01N32'}, 'src_node': {'evidence_statement': 'Each supplier-selection model was evaluated against models developed by other nodes and shared through the blockchain.', 'node_name': 'cross-provider healthcare supplier selection model evaluation', 'category': 'Technology-enable Practice', 'node_id': 'c213M01N26'}}, {'rel': ({'evidence_statement': 'Each supplier-selection model was evaluated against models developed by other nodes and shared through the blockchain.', 'node_name': 'cross-provider healthcare supplier selection model evaluation', 'category': 'Technology-enable Practice', 'node_id': 'c213M01N26'}, 'adopt', {'evidence_statement': 'Random forest was one of four classification algorithms implemented in the cases.', 'node_name': 'random forest', 'category': 'Digital Technology', 'node_id': 'c213M01N33'}), 'dst_node': {'evidence_statement': 'Random forest was one of four classification algorithms implemented in the cases.', 'node_name': 'random forest', 'category': 'Digital Technology', 'node_id': 'c213M01N33'}, 'src_node': {'evidence_statement': 'Each supplier-selection model was evaluated against models developed by other nodes and shared through the blockchain.', 'node_name': 'cross-provider healthcare supplier selection model evaluation', 'category': 'Technology-enable Practice', 'node_id': 'c213M01N26'}}], 'capturedBy': [{'rel': ({'evidence_statement': 'The paper explains that institutions can enhance their models by learning from one another and adopting successful strategies or methodologies; the supplier case allows providers to analyze and adapt using shared model-performance insights.', 'node_name': 'healthcare-provider supplier-selection strategies and methodologies', 'category': 'Tacit Knowledge', 'node_id': 'c213M01N47'}, 'be_transferred_by', {'evidence_statement': 'Each supplier-selection model was evaluated against models developed by other nodes and shared through the blockchain.', 'node_name': 'cross-provider healthcare supplier selection model evaluation', 'category': 'Technology-enable Practice', 'node_id': 'c213M01N26'}), 'dst_node': {'evidence_statement': 'Each supplier-selection model was evaluated against models developed by other nodes and shared through the blockchain.', 'node_name': 'cross-provider healthcare supplier selection model evaluation', 'category': 'Technology-enable Practice', 'node_id': 'c213M01N26'}, 'src_node': {'evidence_statement': 'The paper explains that institutions can enhance their models by learning from one another and adopting successful strategies or methodologies; the supplier case allows providers to analyze and adapt using shared model-performance insights.', 'node_name': 'healthcare-provider supplier-selection strategies and methodologies', 'category': 'Tacit Knowledge', 'node_id': 'c213M01N47'}}], 'depends': [{'rel': None, 'dst_node': None, 'src_node': {'evidence_statement': 'Each supplier-selection model was evaluated against models developed by other nodes and shared through the blockchain.', 'node_name': 'cross-provider healthcare supplier selection model evaluation', 'category': 'Technology-enable Practice', 'node_id': 'c213M01N26'}}], 'constraints': [{'rel': ({'evidence_statement': 'Each supplier-selection model was evaluated against models developed by other nodes and shared through the blockchain.', 'node_name': 'cross-provider healthcare supplier selection model evaluation', 'category': 'Technology-enable Practice', 'node_id': 'c213M01N26'}, 'be_constrained_by', {'evidence_statement': 'Locally trained model performance varied substantially across healthcare-provider nodes.', 'node_name': 'cross-provider predictive-model accuracy variability', 'category': 'Limitation', 'node_id': 'c213M01N42'}), 'dst_node': {'evidence_statement': 'Locally trained model performance varied substantially across healthcare-provider nodes.', 'node_name': 'cross-provider predictive-model accuracy variability', 'category': 'Limitation', 'node_id': 'c213M01N42'}, 'src_node': {'evidence_statement': 'Each supplier-selection model was evaluated against models developed by other nodes and shared through the blockchain.', 'node_name': 'cross-provider healthcare supplier selection model evaluation', 'category': 'Technology-enable Practice', 'node_id': 'c213M01N26'}}], 'mitigates': [{'rel': None, 'dst_node': None, 'src_node': {'evidence_statement': 'Each supplier-selection model was evaluated against models developed by other nodes and shared through the blockchain.', 'node_name': 'cross-provider healthcare supplier selection model evaluation', 'category': 'Technology-enable Practice', 'node_id': 'c213M01N26'}}]}, {'adoptions': [{'rel': ({'evidence_statement': 'Federated Learning (FL) is a decentralized approach to ML that enables multiple participants to collaboratively train models without directly sharing data', 'node_name': 'Federated Learning Protocol', 'category': 'Technology-enable Practice', 'node_id': 'c213M02N14'}, 'adopt', {'evidence_statement': 'blockchain technology...enables secure data storage and sharing across multiple stakeholders', 'node_name': 'Blockchain Network', 'category': 'Digital Technology', 'node_id': 'c213M02N17'}), 'dst_node': {'evidence_statement': 'blockchain technology...enables secure data storage and sharing across multiple stakeholders', 'node_name': 'Blockchain Network', 'category': 'Digital Technology', 'node_id': 'c213M02N17'}, 'src_node': {'evidence_statement': 'Federated Learning (FL) is a decentralized approach to ML that enables multiple participants to collaboratively train models without directly sharing data', 'node_name': 'Federated Learning Protocol', 'category': 'Technology-enable Practice', 'node_id': 'c213M02N14'}}], 'capturedBy': [{'rel': None, 'dst_node': {'evidence_statement': 'Federated Learning (FL) is a decentralized approach to ML that enables multiple participants to collaboratively train models without directly sharing data', 'node_name': 'Federated Learning Protocol', 'category': 'Technology-enable Practice', 'node_id': 'c213M02N14'}, 'src_node': None}], 'depends': [{'rel': ({'evidence_statement': 'Federated Learning (FL) is a decentralized approach to ML that enables multiple participants to collaboratively train models without directly sharing data', 'node_name': 'Federated Learning Protocol', 'category': 'Technology-enable Practice', 'node_id': 'c213M02N14'}, 'depend_on', {'evidence_statement': 'Healthcare collaboration must protect patient privacy and operate within privacy regulations.', 'node_name': 'healthcare privacy regulations', 'category': 'Environmental Dependency', 'node_id': 'c213M01N38'}), 'dst_node': {'evidence_statement': 'Healthcare collaboration must protect patient privacy and operate within privacy regulations.', 'node_name': 'healthcare privacy regulations', 'category': 'Environmental Dependency', 'node_id': 'c213M01N38'}, 'src_node': {'evidence_statement': 'Federated Learning (FL) is a decentralized approach to ML that enables multiple participants to collaboratively train models without directly sharing data', 'node_name': 'Federated Learning Protocol', 'category': 'Technology-enable Practice', 'node_id': 'c213M02N14'}}], 'constraints': [{'rel': None, 'dst_node': None, 'src_node': {'evidence_statement': 'Federated Learning (FL) is a decentralized approach to ML that enables multiple participants to collaboratively train models without directly sharing data', 'node_name': 'Federated Learning Protocol', 'category': 'Technology-enable Practice', 'node_id': 'c213M02N14'}}], 'mitigates': [{'rel': None, 'dst_node': None, 'src_node': {'evidence_statement': 'Federated Learning (FL) is a decentralized approach to ML that enables multiple participants to collaboratively train models without directly sharing data', 'node_name': 'Federated Learning Protocol', 'category': 'Technology-enable Practice', 'node_id': 'c213M02N14'}}]}, {'adoptions': [{'rel': ({'evidence_statement': 'Instead of sharing sensitive patient data, each node shares their trained models and parameters on the blockchain network', 'node_name': 'Blockchain-based Model Sharing', 'category': 'Technology-enable Practice', 'node_id': 'c213M02N15'}, 'adopt', {'evidence_statement': 'blockchain technology...enables secure data storage and sharing across multiple stakeholders', 'node_name': 'Blockchain Network', 'category': 'Digital Technology', 'node_id': 'c213M02N17'}), 'dst_node': {'evidence_statement': 'blockchain technology...enables secure data storage and sharing across multiple stakeholders', 'node_name': 'Blockchain Network', 'category': 'Digital Technology', 'node_id': 'c213M02N17'}, 'src_node': {'evidence_statement': 'Instead of sharing sensitive patient data, each node shares their trained models and parameters on the blockchain network', 'node_name': 'Blockchain-based Model Sharing', 'category': 'Technology-enable Practice', 'node_id': 'c213M02N15'}}, {'rel': ({'evidence_statement': 'Instead of sharing sensitive patient data, each node shares their trained models and parameters on the blockchain network', 'node_name': 'Blockchain-based Model Sharing', 'category': 'Technology-enable Practice', 'node_id': 'c213M02N15'}, 'adopt', {'evidence_statement': 'Smart contracts, a key feature of blockchain, automate transactions, connect stakeholders, and enable secure, transparent data sharing', 'node_name': 'Blockchain Smart Contracts', 'category': 'Digital Technology', 'node_id': 'c213M02N18'}), 'dst_node': {'evidence_statement': 'Smart contracts, a key feature of blockchain, automate transactions, connect stakeholders, and enable secure, transparent data sharing', 'node_name': 'Blockchain Smart Contracts', 'category': 'Digital Technology', 'node_id': 'c213M02N18'}, 'src_node': {'evidence_statement': 'Instead of sharing sensitive patient data, each node shares their trained models and parameters on the blockchain network', 'node_name': 'Blockchain-based Model Sharing', 'category': 'Technology-enable Practice', 'node_id': 'c213M02N15'}}, {'rel': ({'evidence_statement': 'Instead of sharing sensitive patient data, each node shares their trained models and parameters on the blockchain network', 'node_name': 'Blockchain-based Model Sharing', 'category': 'Technology-enable Practice', 'node_id': 'c213M02N15'}, 'adopt', {'evidence_statement': 'blockchain-based solutions can be integrated with off-chain storage such as InterPlanetary File System (IPFS) for decentralized storage', 'node_name': 'InterPlanetary File System (IPFS)', 'category': 'Digital Technology', 'node_id': 'c213M02N19'}), 'dst_node': {'evidence_statement': 'blockchain-based solutions can be integrated with off-chain storage such as InterPlanetary File System (IPFS) for decentralized storage', 'node_name': 'InterPlanetary File System (IPFS)', 'category': 'Digital Technology', 'node_id': 'c213M02N19'}, 'src_node': {'evidence_statement': 'Instead of sharing sensitive patient data, each node shares their trained models and parameters on the blockchain network', 'node_name': 'Blockchain-based Model Sharing', 'category': 'Technology-enable Practice', 'node_id': 'c213M02N15'}}], 'capturedBy': [{'rel': None, 'dst_node': {'evidence_statement': 'Instead of sharing sensitive patient data, each node shares their trained models and parameters on the blockchain network', 'node_name': 'Blockchain-based Model Sharing', 'category': 'Technology-enable Practice', 'node_id': 'c213M02N15'}, 'src_node': None}], 'depends': [{'rel': ({'evidence_statement': 'Instead of sharing sensitive patient data, each node shares their trained models and parameters on the blockchain network', 'node_name': 'Blockchain-based Model Sharing', 'category': 'Technology-enable Practice', 'node_id': 'c213M02N15'}, 'depend_on', {'evidence_statement': 'Healthcare collaboration must protect patient privacy and operate within privacy regulations.', 'node_name': 'healthcare privacy regulations', 'category': 'Environmental Dependency', 'node_id': 'c213M01N38'}), 'dst_node': {'evidence_statement': 'Healthcare collaboration must protect patient privacy and operate within privacy regulations.', 'node_name': 'healthcare privacy regulations', 'category': 'Environmental Dependency', 'node_id': 'c213M01N38'}, 'src_node': {'evidence_statement': 'Instead of sharing sensitive patient data, each node shares their trained models and parameters on the blockchain network', 'node_name': 'Blockchain-based Model Sharing', 'category': 'Technology-enable Practice', 'node_id': 'c213M02N15'}}], 'constraints': [{'rel': None, 'dst_node': None, 'src_node': {'evidence_statement': 'Instead of sharing sensitive patient data, each node shares their trained models and parameters on the blockchain network', 'node_name': 'Blockchain-based Model Sharing', 'category': 'Technology-enable Practice', 'node_id': 'c213M02N15'}}], 'mitigates': [{'rel': None, 'dst_node': None, 'src_node': {'evidence_statement': 'Instead of sharing sensitive patient data, each node shares their trained models and parameters on the blockchain network', 'node_name': 'Blockchain-based Model Sharing', 'category': 'Technology-enable Practice', 'node_id': 'c213M02N15'}}]}]"
c213DS02Q02,RQ1: What emerging technologies are adopted and how they support tacit knowledge capture and retention?,"What's the mechanism of each traditional human-central practice?  introduce this from multiple perspectives: firstly, explain which knowledge holders participated in these practice, then find which tacit knowledge were captured by these practices, subsquently dig out all potential  relations between these paractices with knowledge learners, organizational dependency, environmental dependency, and limitation. Finally, you should summrize the mechanism based on the evidence mentioned above.",2,"MATCH (thp:TraditionalHumancentralPractice)-[r:participate_in]-(h:KnowledgeHolder|KnowledgeLearner)
WITH thp, COLLECT({src_node:thp, rel: r, dst_node: h}) AS participates

// 1. 捕获 TacitKnowledge (be_transferred_by) -> 生成 tk_list
OPTIONAL MATCH (tk:TacitKnowledge)-[r:be_transferred_by|evaluate]-(thp)
WITH thp, participates, 
     COLLECT({src_node:tk, rel: r, dst_node: thp}) AS transferredBy

// 4. 捕获 OrganizationalDependency (depend_on) -> 生成 od_list
OPTIONAL MATCH (thp)-[r:depend_on]->(d:OrganizationalDependency|EnvironmentalDependency)
WITH thp, participates, transferredBy, 
     COLLECT({src_node:thp, rel: r, dst_node: d}) AS depends

// 5. 捕获 Limitation (be_constrained_by) -> 生成 lim_list
OPTIONAL MATCH (thp)-[r:be_constrained_by]->(lim:Limitation)
WITH thp, participates, transferredBy, depends,
     COLLECT({src_node:thp, rel: r, dst_node: lim}) AS constraints,
     COLLECT(DISTINCT lim) AS lim_list

// 8. 捕获 mitigates (tep -[:mitigate]-> lim)
//    限定 lim_mit 必须在 lim_list 中
OPTIONAL MATCH (tep)-[r:mitigate]->(lim_mit:Limitation)
WHERE lim_mit IN lim_list
WITH thp, participates, transferredBy, depends, constraints, 
     COLLECT({src_node:tep, rel: r, dst_node: lim_mit}) AS mitigates

RETURN participates,
       transferredBy,
       depends,
       constraints,
       mitigates",Not Mentioned,[]
c213DS03Q01,"RQ2: What resources and capabilities are required, such as data input, expert participation, technical infrastructure, and organizational resources?",Which external environment condition is required by the technology-enable practices?,2,"MATCH (p:TechnologyenablePractice)-[r:depend_on]->(e:EnvironmentalDependency)
WITH e, COLLECT({src_node:p, rel: r, dst_node: e}) AS depends
RETURN DISTINCT depends",healthcare privacy regulations,"[{'depends': [{'rel': ({'evidence_statement': 'The validated architecture combines predictive digital twins, blockchain, and federated learning for decentralized model development and benchmarking.', 'node_name': 'Blockchain-based Predictive Digital Twin', 'category': 'Technology-enable Practice', 'node_id': 'c213M01N22'}, 'depend_on', {'evidence_statement': 'Healthcare collaboration must protect patient privacy and operate within privacy regulations.', 'node_name': 'healthcare privacy regulations', 'category': 'Environmental Dependency', 'node_id': 'c213M01N38'}), 'dst_node': {'evidence_statement': 'Healthcare collaboration must protect patient privacy and operate within privacy regulations.', 'node_name': 'healthcare privacy regulations', 'category': 'Environmental Dependency', 'node_id': 'c213M01N38'}, 'src_node': {'evidence_statement': 'The validated architecture combines predictive digital twins, blockchain, and federated learning for decentralized model development and benchmarking.', 'node_name': 'Blockchain-based Predictive Digital Twin', 'category': 'Technology-enable Practice', 'node_id': 'c213M01N22'}}, {'rel': ({'evidence_statement': 'Federated Learning (FL) is a decentralized approach to ML that enables multiple participants to collaboratively train models without directly sharing data', 'node_name': 'Federated Learning Protocol', 'category': 'Technology-enable Practice', 'node_id': 'c213M02N14'}, 'depend_on', {'evidence_statement': 'Healthcare collaboration must protect patient privacy and operate within privacy regulations.', 'node_name': 'healthcare privacy regulations', 'category': 'Environmental Dependency', 'node_id': 'c213M01N38'}), 'dst_node': {'evidence_statement': 'Healthcare collaboration must protect patient privacy and operate within privacy regulations.', 'node_name': 'healthcare privacy regulations', 'category': 'Environmental Dependency', 'node_id': 'c213M01N38'}, 'src_node': {'evidence_statement': 'Federated Learning (FL) is a decentralized approach to ML that enables multiple participants to collaboratively train models without directly sharing data', 'node_name': 'Federated Learning Protocol', 'category': 'Technology-enable Practice', 'node_id': 'c213M02N14'}}, {'rel': ({'evidence_statement': 'Instead of sharing sensitive patient data, each node shares their trained models and parameters on the blockchain network', 'node_name': 'Blockchain-based Model Sharing', 'category': 'Technology-enable Practice', 'node_id': 'c213M02N15'}, 'depend_on', {'evidence_statement': 'Healthcare collaboration must protect patient privacy and operate within privacy regulations.', 'node_name': 'healthcare privacy regulations', 'category': 'Environmental Dependency', 'node_id': 'c213M01N38'}), 'dst_node': {'evidence_statement': 'Healthcare collaboration must protect patient privacy and operate within privacy regulations.', 'node_name': 'healthcare privacy regulations', 'category': 'Environmental Dependency', 'node_id': 'c213M01N38'}, 'src_node': {'evidence_statement': 'Instead of sharing sensitive patient data, each node shares their trained models and parameters on the blockchain network', 'node_name': 'Blockchain-based Model Sharing', 'category': 'Technology-enable Practice', 'node_id': 'c213M02N15'}}, {'rel': ({'evidence_statement': 'Each node benchmarks the performance of received models on its own hold-out validation set', 'node_name': 'Performance Benchmarking', 'category': 'Technology-enable Practice', 'node_id': 'c213M02N16'}, 'depend_on', {'evidence_statement': 'Healthcare collaboration must protect patient privacy and operate within privacy regulations.', 'node_name': 'healthcare privacy regulations', 'category': 'Environmental Dependency', 'node_id': 'c213M01N38'}), 'dst_node': {'evidence_statement': 'Healthcare collaboration must protect patient privacy and operate within privacy regulations.', 'node_name': 'healthcare privacy regulations', 'category': 'Environmental Dependency', 'node_id': 'c213M01N38'}, 'src_node': {'evidence_statement': 'Each node benchmarks the performance of received models on its own hold-out validation set', 'node_name': 'Performance Benchmarking', 'category': 'Technology-enable Practice', 'node_id': 'c213M02N16'}}]}]"
c213DS03Q02,"RQ2: What resources and capabilities are required, such as data input, expert participation, technical infrastructure, and organizational resources?",Which environmental conditions are required by the traditional human practices?,2,"MATCH (p:TraditionalHumancentralPractice)-[r:depend_on]->(e:EnvironmentalDependency)
WITH e, COLLECT({src_node:p, rel: r, dst_node: e}) AS depends
RETURN DISTINCT depends",Not Mentioned,[]
c213DS04Q01,"RQ3: How organizational culture influence effectiveness, such as culture, trust, leadership support, motivation, and expert participation?","which organizational resource (e.g., culture, trust, leadership support, motivation, and expert participation, etc) were needed in technology-enable Practices?",2,"MATCH (p:TechnologyenablePractice)-[r:depend_on]->(o:OrganizationalDependency)
WITH o, COLLECT({src_node:p, rel: r, dst_node: o}) AS depends
RETURN DISTINCT o,depends",healthcare-institution computational infrastructure and federated-learning capability; healthcare-node ethical transparency,"[{'o': {'evidence_statement': 'The framework assumes adequate computational infrastructure and technical capability across participating healthcare institutions.', 'node_name': 'healthcare-institution computational infrastructure and federated-learning capability', 'category': 'Organizational Dependency', 'node_id': 'c213M01N36'}, 'depends': [{'rel': ({'evidence_statement': 'The validated architecture combines predictive digital twins, blockchain, and federated learning for decentralized model development and benchmarking.', 'node_name': 'Blockchain-based Predictive Digital Twin', 'category': 'Technology-enable Practice', 'node_id': 'c213M01N22'}, 'depend_on', {'evidence_statement': 'The framework assumes adequate computational infrastructure and technical capability across participating healthcare institutions.', 'node_name': 'healthcare-institution computational infrastructure and federated-learning capability', 'category': 'Organizational Dependency', 'node_id': 'c213M01N36'}), 'dst_node': {'evidence_statement': 'The framework assumes adequate computational infrastructure and technical capability across participating healthcare institutions.', 'node_name': 'healthcare-institution computational infrastructure and federated-learning capability', 'category': 'Organizational Dependency', 'node_id': 'c213M01N36'}, 'src_node': {'evidence_statement': 'The validated architecture combines predictive digital twins, blockchain, and federated learning for decentralized model development and benchmarking.', 'node_name': 'Blockchain-based Predictive Digital Twin', 'category': 'Technology-enable Practice', 'node_id': 'c213M01N22'}}]}, {'o': {'evidence_statement': 'The model relies on ethical transparency at the participating-node level.', 'node_name': 'healthcare-node ethical transparency', 'category': 'Organizational Dependency', 'node_id': 'c213M01N37'}, 'depends': [{'rel': ({'evidence_statement': 'The validated architecture combines predictive digital twins, blockchain, and federated learning for decentralized model development and benchmarking.', 'node_name': 'Blockchain-based Predictive Digital Twin', 'category': 'Technology-enable Practice', 'node_id': 'c213M01N22'}, 'depend_on', {'evidence_statement': 'The model relies on ethical transparency at the participating-node level.', 'node_name': 'healthcare-node ethical transparency', 'category': 'Organizational Dependency', 'node_id': 'c213M01N37'}), 'dst_node': {'evidence_statement': 'The model relies on ethical transparency at the participating-node level.', 'node_name': 'healthcare-node ethical transparency', 'category': 'Organizational Dependency', 'node_id': 'c213M01N37'}, 'src_node': {'evidence_statement': 'The validated architecture combines predictive digital twins, blockchain, and federated learning for decentralized model development and benchmarking.', 'node_name': 'Blockchain-based Predictive Digital Twin', 'category': 'Technology-enable Practice', 'node_id': 'c213M01N22'}}]}]"
c213DS04Q02,"RQ3: How organizational culture influence effectiveness, such as culture, trust, leadership support, motivation, and expert participation?","which organizational resource (e.g., culture, trust, leadership support, motivation, and expert participation, etc) were needed in traditional Human Practices?",2,"MATCH (p:TraditionalHumancentralPractice)-[r:depend_on]->(o:OrganizationalDependency)
WITH o, COLLECT({src_node:p, rel: r, dst_node: o}) AS depends
RETURN DISTINCT o,depends",Not Mentioned,[]
c213DS05Q01,"What inherent vulnerability, shortcoming, or failure points the knowledge retention practices face?","What inherent vulnerability, shortcoming, or failure point of  the technology-enable practices?",2,"MATCH (p:TechnologyenablePractice)-[r:be_constrained_by]->(l:Limitation)
WITH l, COLLECT({src_node:p, rel: r, dst_node: l}) AS constrainedBy
RETURN DISTINCT l,constrainedBy","The technology-enable practices are constrained by limitations including cross-institutional healthcare data silos, unestablished effect on actual patient outcomes, restriction to supervised healthcare learning scenarios, limited institution-specific training data, cross-provider predictive-model accuracy variability, and Parkinson's disease recording class imbalance.","[{'l': {'evidence_statement': 'Data silos hinder traditional healthcare collaboration and benchmarking.', 'node_name': 'cross-institutional healthcare data silos', 'category': 'Limitation', 'node_id': 'c213M01N39'}, 'constrainedBy': [{'rel': ({'evidence_statement': 'The validated architecture combines predictive digital twins, blockchain, and federated learning for decentralized model development and benchmarking.', 'node_name': 'Blockchain-based Predictive Digital Twin', 'category': 'Technology-enable Practice', 'node_id': 'c213M01N22'}, 'be_constrained_by', {'evidence_statement': 'Data silos hinder traditional healthcare collaboration and benchmarking.', 'node_name': 'cross-institutional healthcare data silos', 'category': 'Limitation', 'node_id': 'c213M01N39'}), 'dst_node': {'evidence_statement': 'Data silos hinder traditional healthcare collaboration and benchmarking.', 'node_name': 'cross-institutional healthcare data silos', 'category': 'Limitation', 'node_id': 'c213M01N39'}, 'src_node': {'evidence_statement': 'The validated architecture combines predictive digital twins, blockchain, and federated learning for decentralized model development and benchmarking.', 'node_name': 'Blockchain-based Predictive Digital Twin', 'category': 'Technology-enable Practice', 'node_id': 'c213M01N22'}}]}, {'l': {'evidence_statement': 'The downstream effect of the framework on actual patient outcomes has not been empirically established.', 'node_name': 'unestablished effect on actual patient outcomes', 'category': 'Limitation', 'node_id': 'c213M01N44'}, 'constrainedBy': [{'rel': ({'evidence_statement': 'The validated architecture combines predictive digital twins, blockchain, and federated learning for decentralized model development and benchmarking.', 'node_name': 'Blockchain-based Predictive Digital Twin', 'category': 'Technology-enable Practice', 'node_id': 'c213M01N22'}, 'be_constrained_by', {'evidence_statement': 'The downstream effect of the framework on actual patient outcomes has not been empirically established.', 'node_name': 'unestablished effect on actual patient outcomes', 'category': 'Limitation', 'node_id': 'c213M01N44'}), 'dst_node': {'evidence_statement': 'The downstream effect of the framework on actual patient outcomes has not been empirically established.', 'node_name': 'unestablished effect on actual patient outcomes', 'category': 'Limitation', 'node_id': 'c213M01N44'}, 'src_node': {'evidence_statement': 'The validated architecture combines predictive digital twins, blockchain, and federated learning for decentralized model development and benchmarking.', 'node_name': 'Blockchain-based Predictive Digital Twin', 'category': 'Technology-enable Practice', 'node_id': 'c213M01N22'}}]}, {'l': {'evidence_statement': 'The current model mainly supports supervised-learning scenarios.', 'node_name': 'restriction to supervised healthcare learning scenarios', 'category': 'Limitation', 'node_id': 'c213M01N45'}, 'constrainedBy': [{'rel': ({'evidence_statement': 'The validated architecture combines predictive digital twins, blockchain, and federated learning for decentralized model development and benchmarking.', 'node_name': 'Blockchain-based Predictive Digital Twin', 'category': 'Technology-enable Practice', 'node_id': 'c213M01N22'}, 'be_constrained_by', {'evidence_statement': 'The current model mainly supports supervised-learning scenarios.', 'node_name': 'restriction to supervised healthcare learning scenarios', 'category': 'Limitation', 'node_id': 'c213M01N45'}), 'dst_node': {'evidence_statement': 'The current model mainly supports supervised-learning scenarios.', 'node_name': 'restriction to supervised healthcare learning scenarios', 'category': 'Limitation', 'node_id': 'c213M01N45'}, 'src_node': {'evidence_statement': 'The validated architecture combines predictive digital twins, blockchain, and federated learning for decentralized model development and benchmarking.', 'node_name': 'Blockchain-based Predictive Digital Twin', 'category': 'Technology-enable Practice', 'node_id': 'c213M01N22'}}]}, {'l': {'evidence_statement': 'Local learning was difficult when provider nodes operated with limited clinical datasets.', 'node_name': 'limited institution-specific cancer and Parkinson’s disease training data', 'category': 'Limitation', 'node_id': 'c213M01N41'}, 'constrainedBy': [{'rel': ({'evidence_statement': 'Every provider evaluated breast-cancer models developed by other providers on its own validation data.', 'node_name': 'cross-provider breast cancer model evaluation', 'category': 'Technology-enable Practice', 'node_id': 'c213M01N24'}, 'be_constrained_by', {'evidence_statement': 'Local learning was difficult when provider nodes operated with limited clinical datasets.', 'node_name': 'limited institution-specific cancer and Parkinson’s disease training data', 'category': 'Limitation', 'node_id': 'c213M01N41'}), 'dst_node': {'evidence_statement': 'Local learning was difficult when provider nodes operated with limited clinical datasets.', 'node_name': 'limited institution-specific cancer and Parkinson’s disease training data', 'category': 'Limitation', 'node_id': 'c213M01N41'}, 'src_node': {'evidence_statement': 'Every provider evaluated breast-cancer models developed by other providers on its own validation data.', 'node_name': 'cross-provider breast cancer model evaluation', 'category': 'Technology-enable Practice', 'node_id': 'c213M01N24'}}, {'rel': ({'evidence_statement': 'The Parkinson’s disease case partitioned provider data and compared model performance across institutions.', 'node_name': 'cross-provider Parkinson’s disease model evaluation', 'category': 'Technology-enable Practice', 'node_id': 'c213M01N25'}, 'be_constrained_by', {'evidence_statement': 'Local learning was difficult when provider nodes operated with limited clinical datasets.', 'node_name': 'limited institution-specific cancer and Parkinson’s disease training data', 'category': 'Limitation', 'node_id': 'c213M01N41'}), 'dst_node': {'evidence_statement': 'Local learning was difficult when provider nodes operated with limited clinical datasets.', 'node_name': 'limited institution-specific cancer and Parkinson’s disease training data', 'category': 'Limitation', 'node_id': 'c213M01N41'}, 'src_node': {'evidence_statement': 'The Parkinson’s disease case partitioned provider data and compared model performance across institutions.', 'node_name': 'cross-provider Parkinson’s disease model evaluation', 'category': 'Technology-enable Practice', 'node_id': 'c213M01N25'}}]}, {'l': {'evidence_statement': 'Locally trained model performance varied substantially across healthcare-provider nodes.', 'node_name': 'cross-provider predictive-model accuracy variability', 'category': 'Limitation', 'node_id': 'c213M01N42'}, 'constrainedBy': [{'rel': ({'evidence_statement': 'Every provider evaluated breast-cancer models developed by other providers on its own validation data.', 'node_name': 'cross-provider breast cancer model evaluation', 'category': 'Technology-enable Practice', 'node_id': 'c213M01N24'}, 'be_constrained_by', {'evidence_statement': 'Locally trained model performance varied substantially across healthcare-provider nodes.', 'node_name': 'cross-provider predictive-model accuracy variability', 'category': 'Limitation', 'node_id': 'c213M01N42'}), 'dst_node': {'evidence_statement': 'Locally trained model performance varied substantially across healthcare-provider nodes.', 'node_name': 'cross-provider predictive-model accuracy variability', 'category': 'Limitation', 'node_id': 'c213M01N42'}, 'src_node': {'evidence_statement': 'Every provider evaluated breast-cancer models developed by other providers on its own validation data.', 'node_name': 'cross-provider breast cancer model evaluation', 'category': 'Technology-enable Practice', 'node_id': 'c213M01N24'}}, {'rel': ({'evidence_statement': 'The Parkinson’s disease case partitioned provider data and compared model performance across institutions.', 'node_name': 'cross-provider Parkinson’s disease model evaluation', 'category': 'Technology-enable Practice', 'node_id': 'c213M01N25'}, 'be_constrained_by', {'evidence_statement': 'Locally trained model performance varied substantially across healthcare-provider nodes.', 'node_name': 'cross-provider predictive-model accuracy variability', 'category': 'Limitation', 'node_id': 'c213M01N42'}), 'dst_node': {'evidence_statement': 'Locally trained model performance varied substantially across healthcare-provider nodes.', 'node_name': 'cross-provider predictive-model accuracy variability', 'category': 'Limitation', 'node_id': 'c213M01N42'}, 'src_node': {'evidence_statement': 'The Parkinson’s disease case partitioned provider data and compared model performance across institutions.', 'node_name': 'cross-provider Parkinson’s disease model evaluation', 'category': 'Technology-enable Practice', 'node_id': 'c213M01N25'}}, {'rel': ({'evidence_statement': 'Each supplier-selection model was evaluated against models developed by other nodes and shared through the blockchain.', 'node_name': 'cross-provider healthcare supplier selection model evaluation', 'category': 'Technology-enable Practice', 'node_id': 'c213M01N26'}, 'be_constrained_by', {'evidence_statement': 'Locally trained model performance varied substantially across healthcare-provider nodes.', 'node_name': 'cross-provider predictive-model accuracy variability', 'category': 'Limitation', 'node_id': 'c213M01N42'}), 'dst_node': {'evidence_statement': 'Locally trained model performance varied substantially across healthcare-provider nodes.', 'node_name': 'cross-provider predictive-model accuracy variability', 'category': 'Limitation', 'node_id': 'c213M01N42'}, 'src_node': {'evidence_statement': 'Each supplier-selection model was evaluated against models developed by other nodes and shared through the blockchain.', 'node_name': 'cross-provider healthcare supplier selection model evaluation', 'category': 'Technology-enable Practice', 'node_id': 'c213M01N26'}}]}, {'l': {'evidence_statement': 'The Parkinson’s dataset contains more recordings from individuals with Parkinson’s disease than from healthy individuals.', 'node_name': 'Parkinson’s disease recording class imbalance', 'category': 'Limitation', 'node_id': 'c213M01N43'}, 'constrainedBy': [{'rel': ({'evidence_statement': 'The Parkinson’s disease case partitioned provider data and compared model performance across institutions.', 'node_name': 'cross-provider Parkinson’s disease model evaluation', 'category': 'Technology-enable Practice', 'node_id': 'c213M01N25'}, 'be_constrained_by', {'evidence_statement': 'The Parkinson’s dataset contains more recordings from individuals with Parkinson’s disease than from healthy individuals.', 'node_name': 'Parkinson’s disease recording class imbalance', 'category': 'Limitation', 'node_id': 'c213M01N43'}), 'dst_node': {'evidence_statement': 'The Parkinson’s dataset contains more recordings from individuals with Parkinson’s disease than from healthy individuals.', 'node_name': 'Parkinson’s disease recording class imbalance', 'category': 'Limitation', 'node_id': 'c213M01N43'}, 'src_node': {'evidence_statement': 'The Parkinson’s disease case partitioned provider data and compared model performance across institutions.', 'node_name': 'cross-provider Parkinson’s disease model evaluation', 'category': 'Technology-enable Practice', 'node_id': 'c213M01N25'}}]}]"
c213DS05Q02,"What inherent vulnerability, shortcoming, or failure points the knowledge retention practices face?","What inherent vulnerability, shortcoming, or failure point of  the traditional human-central practices?",2,"MATCH (p:TraditionalHumancentralPractice)-[r:be_constrained_by]->(l:Limitation)
WITH l, COLLECT({src_node:p, rel: r, dst_node: l}) AS constrainedBy
RETURN DISTINCT l,constrainedBy",Not Mentioned,[]
c213DS05Q03,"What inherent vulnerability, shortcoming, or failure points the knowledge retention practices face?",Which limitations the technology-enable practices resolve or at least mitigate the traditional human-central practices have faced?,2,"MATCH (p:TechnologyenablePractice)-[r:mitigate]->(l:Limitation)
WITH l, COLLECT({src_node:p, rel: r, dst_node: l}) AS mitigates
OPTIONAL MATCH (l)-[r:be_constrained_by]-(t:TraditionalHumancentralPractice)
WITH l, mitigates, COLLECT({src_node:l, rel: r, dst_node: t}) AS constrainedBy
RETURN DISTINCT l,mitigates,constrainedBy","The technology-enabled practices mitigate limitations such as limited institution-specific training data, cross-provider predictive-model accuracy variability, cross-institutional healthcare data silos, incompatible healthcare IT infrastructures, institutional data silos, and patient data exposure risk.","[{'l': {'evidence_statement': 'Local learning was difficult when provider nodes operated with limited clinical datasets.', 'node_name': 'limited institution-specific cancer and Parkinson’s disease training data', 'category': 'Limitation', 'node_id': 'c213M01N41'}, 'mitigates': [{'rel': ({'evidence_statement': 'The validated architecture combines predictive digital twins, blockchain, and federated learning for decentralized model development and benchmarking.', 'node_name': 'Blockchain-based Predictive Digital Twin', 'category': 'Technology-enable Practice', 'node_id': 'c213M01N22'}, 'mitigate', {'evidence_statement': 'Local learning was difficult when provider nodes operated with limited clinical datasets.', 'node_name': 'limited institution-specific cancer and Parkinson’s disease training data', 'category': 'Limitation', 'node_id': 'c213M01N41'}), 'dst_node': {'evidence_statement': 'Local learning was difficult when provider nodes operated with limited clinical datasets.', 'node_name': 'limited institution-specific cancer and Parkinson’s disease training data', 'category': 'Limitation', 'node_id': 'c213M01N41'}, 'src_node': {'evidence_statement': 'The validated architecture combines predictive digital twins, blockchain, and federated learning for decentralized model development and benchmarking.', 'node_name': 'Blockchain-based Predictive Digital Twin', 'category': 'Technology-enable Practice', 'node_id': 'c213M01N22'}}], 'constrainedBy': [{'rel': None, 'dst_node': None, 'src_node': {'evidence_statement': 'Local learning was difficult when provider nodes operated with limited clinical datasets.', 'node_name': 'limited institution-specific cancer and Parkinson’s disease training data', 'category': 'Limitation', 'node_id': 'c213M01N41'}}]}, {'l': {'evidence_statement': 'Locally trained model performance varied substantially across healthcare-provider nodes.', 'node_name': 'cross-provider predictive-model accuracy variability', 'category': 'Limitation', 'node_id': 'c213M01N42'}, 'mitigates': [{'rel': ({'evidence_statement': 'The validated architecture combines predictive digital twins, blockchain, and federated learning for decentralized model development and benchmarking.', 'node_name': 'Blockchain-based Predictive Digital Twin', 'category': 'Technology-enable Practice', 'node_id': 'c213M01N22'}, 'mitigate', {'evidence_statement': 'Locally trained model performance varied substantially across healthcare-provider nodes.', 'node_name': 'cross-provider predictive-model accuracy variability', 'category': 'Limitation', 'node_id': 'c213M01N42'}), 'dst_node': {'evidence_statement': 'Locally trained model performance varied substantially across healthcare-provider nodes.', 'node_name': 'cross-provider predictive-model accuracy variability', 'category': 'Limitation', 'node_id': 'c213M01N42'}, 'src_node': {'evidence_statement': 'The validated architecture combines predictive digital twins, blockchain, and federated learning for decentralized model development and benchmarking.', 'node_name': 'Blockchain-based Predictive Digital Twin', 'category': 'Technology-enable Practice', 'node_id': 'c213M01N22'}}, {'rel': ({'evidence_statement': 'Locally trained models are shared across the blockchain and benchmarked against each recipient node’s validation data.', 'node_name': 'blockchain-based healthcare predictive-model sharing and benchmarking', 'category': 'Technology-enable Practice', 'node_id': 'c213M01N23'}, 'mitigate', {'evidence_statement': 'Locally trained model performance varied substantially across healthcare-provider nodes.', 'node_name': 'cross-provider predictive-model accuracy variability', 'category': 'Limitation', 'node_id': 'c213M01N42'}), 'dst_node': {'evidence_statement': 'Locally trained model performance varied substantially across healthcare-provider nodes.', 'node_name': 'cross-provider predictive-model accuracy variability', 'category': 'Limitation', 'node_id': 'c213M01N42'}, 'src_node': {'evidence_statement': 'Locally trained models are shared across the blockchain and benchmarked against each recipient node’s validation data.', 'node_name': 'blockchain-based healthcare predictive-model sharing and benchmarking', 'category': 'Technology-enable Practice', 'node_id': 'c213M01N23'}}], 'constrainedBy': [{'rel': None, 'dst_node': None, 'src_node': {'evidence_statement': 'Locally trained model performance varied substantially across healthcare-provider nodes.', 'node_name': 'cross-provider predictive-model accuracy variability', 'category': 'Limitation', 'node_id': 'c213M01N42'}}]}, {'l': {'evidence_statement': 'Data silos hinder traditional healthcare collaboration and benchmarking.', 'node_name': 'cross-institutional healthcare data silos', 'category': 'Limitation', 'node_id': 'c213M01N39'}, 'mitigates': [{'rel': ({'evidence_statement': 'Locally trained models are shared across the blockchain and benchmarked against each recipient node’s validation data.', 'node_name': 'blockchain-based healthcare predictive-model sharing and benchmarking', 'category': 'Technology-enable Practice', 'node_id': 'c213M01N23'}, 'mitigate', {'evidence_statement': 'Data silos hinder traditional healthcare collaboration and benchmarking.', 'node_name': 'cross-institutional healthcare data silos', 'category': 'Limitation', 'node_id': 'c213M01N39'}), 'dst_node': {'evidence_statement': 'Data silos hinder traditional healthcare collaboration and benchmarking.', 'node_name': 'cross-institutional healthcare data silos', 'category': 'Limitation', 'node_id': 'c213M01N39'}, 'src_node': {'evidence_statement': 'Locally trained models are shared across the blockchain and benchmarked against each recipient node’s validation data.', 'node_name': 'blockchain-based healthcare predictive-model sharing and benchmarking', 'category': 'Technology-enable Practice', 'node_id': 'c213M01N23'}}], 'constrainedBy': [{'rel': None, 'dst_node': None, 'src_node': {'evidence_statement': 'Data silos hinder traditional healthcare collaboration and benchmarking.', 'node_name': 'cross-institutional healthcare data silos', 'category': 'Limitation', 'node_id': 'c213M01N39'}}]}, {'l': {'evidence_statement': 'Traditional benchmarking is hindered by incompatible information-technology infrastructures.', 'node_name': 'incompatible healthcare IT infrastructures', 'category': 'Limitation', 'node_id': 'c213M01N40'}, 'mitigates': [{'rel': ({'evidence_statement': 'Locally trained models are shared across the blockchain and benchmarked against each recipient node’s validation data.', 'node_name': 'blockchain-based healthcare predictive-model sharing and benchmarking', 'category': 'Technology-enable Practice', 'node_id': 'c213M01N23'}, 'mitigate', {'evidence_statement': 'Traditional benchmarking is hindered by incompatible information-technology infrastructures.', 'node_name': 'incompatible healthcare IT infrastructures', 'category': 'Limitation', 'node_id': 'c213M01N40'}), 'dst_node': {'evidence_statement': 'Traditional benchmarking is hindered by incompatible information-technology infrastructures.', 'node_name': 'incompatible healthcare IT infrastructures', 'category': 'Limitation', 'node_id': 'c213M01N40'}, 'src_node': {'evidence_statement': 'Locally trained models are shared across the blockchain and benchmarked against each recipient node’s validation data.', 'node_name': 'blockchain-based healthcare predictive-model sharing and benchmarking', 'category': 'Technology-enable Practice', 'node_id': 'c213M01N23'}}], 'constrainedBy': [{'rel': None, 'dst_node': None, 'src_node': {'evidence_statement': 'Traditional benchmarking is hindered by incompatible information-technology infrastructures.', 'node_name': 'incompatible healthcare IT infrastructures', 'category': 'Limitation', 'node_id': 'c213M01N40'}}]}, {'l': {'evidence_statement': 'Traditional collaboration methods are hindered by barriers such as data silos', 'node_name': 'Institutional Data Silos', 'category': 'Limitation', 'node_id': 'c213M02N22'}, 'mitigates': [{'rel': ({'evidence_statement': 'Federated Learning (FL) is a decentralized approach to ML that enables multiple participants to collaboratively train models without directly sharing data', 'node_name': 'Federated Learning Protocol', 'category': 'Technology-enable Practice', 'node_id': 'c213M02N14'}, 'mitigate', {'evidence_statement': 'Traditional collaboration methods are hindered by barriers such as data silos', 'node_name': 'Institutional Data Silos', 'category': 'Limitation', 'node_id': 'c213M02N22'}), 'dst_node': {'evidence_statement': 'Traditional collaboration methods are hindered by barriers such as data silos', 'node_name': 'Institutional Data Silos', 'category': 'Limitation', 'node_id': 'c213M02N22'}, 'src_node': {'evidence_statement': 'Federated Learning (FL) is a decentralized approach to ML that enables multiple participants to collaboratively train models without directly sharing data', 'node_name': 'Federated Learning Protocol', 'category': 'Technology-enable Practice', 'node_id': 'c213M02N14'}}], 'constrainedBy': [{'rel': None, 'dst_node': None, 'src_node': {'evidence_statement': 'Traditional collaboration methods are hindered by barriers such as data silos', 'node_name': 'Institutional Data Silos', 'category': 'Limitation', 'node_id': 'c213M02N22'}}]}, {'l': {'evidence_statement': 'Data management in healthcare faces significant challenges in balancing security and anonymity during information exchange', 'node_name': 'Patient Data Exposure Risk', 'category': 'Limitation', 'node_id': 'c213M02N23'}, 'mitigates': [{'rel': ({'evidence_statement': 'Federated Learning (FL) is a decentralized approach to ML that enables multiple participants to collaboratively train models without directly sharing data', 'node_name': 'Federated Learning Protocol', 'category': 'Technology-enable Practice', 'node_id': 'c213M02N14'}, 'mitigate', {'evidence_statement': 'Data management in healthcare faces significant challenges in balancing security and anonymity during information exchange', 'node_name': 'Patient Data Exposure Risk', 'category': 'Limitation', 'node_id': 'c213M02N23'}), 'dst_node': {'evidence_statement': 'Data management in healthcare faces significant challenges in balancing security and anonymity during information exchange', 'node_name': 'Patient Data Exposure Risk', 'category': 'Limitation', 'node_id': 'c213M02N23'}, 'src_node': {'evidence_statement': 'Federated Learning (FL) is a decentralized approach to ML that enables multiple participants to collaboratively train models without directly sharing data', 'node_name': 'Federated Learning Protocol', 'category': 'Technology-enable Practice', 'node_id': 'c213M02N14'}}, {'rel': ({'evidence_statement': 'Instead of sharing sensitive patient data, each node shares their trained models and parameters on the blockchain network', 'node_name': 'Blockchain-based Model Sharing', 'category': 'Technology-enable Practice', 'node_id': 'c213M02N15'}, 'mitigate', {'evidence_statement': 'Data management in healthcare faces significant challenges in balancing security and anonymity during information exchange', 'node_name': 'Patient Data Exposure Risk', 'category': 'Limitation', 'node_id': 'c213M02N23'}), 'dst_node': {'evidence_statement': 'Data management in healthcare faces significant challenges in balancing security and anonymity during information exchange', 'node_name': 'Patient Data Exposure Risk', 'category': 'Limitation', 'node_id': 'c213M02N23'}, 'src_node': {'evidence_statement': 'Instead of sharing sensitive patient data, each node shares their trained models and parameters on the blockchain network', 'node_name': 'Blockchain-based Model Sharing', 'category': 'Technology-enable Practice', 'node_id': 'c213M02N15'}}], 'constrainedBy': [{'rel': None, 'dst_node': None, 'src_node': {'evidence_statement': 'Data management in healthcare faces significant challenges in balancing security and anonymity during information exchange', 'node_name': 'Patient Data Exposure Risk', 'category': 'Limitation', 'node_id': 'c213M02N23'}}]}]"
