ID,Object,Question,Weight,Cypher,Answer,Evidence
c227DS01Q01,Tacit knowledge,which tacit knowledge elements are described?,1,"MATCH (tk:TacitKnowledge)
RETURN DISTINCT tk","The tacit knowledge elements described include: knowledge of appropriate clinic size, knowledge of long wait times, knowledge of Registry design flaws, clinician judgment on viable care unit scale, data interpretation competency for wait time metrics, booking manipulation tactics for wait time figures, and local administrative workaround routines.","[{'tk': {'evidence_statement': ""The authors' coding example states that knowledge of appropriate clinic size was important for quality assurance and was held by contract administrators."", 'node_name': 'knowledge of appropriate clinic size', 'category': 'Tacit Knowledge', 'node_id': 'c227M01N04'}}, {'tk': {'evidence_statement': 'Some respondents accessed Registry data and acquired knowledge identifying long wait times.', 'node_name': 'knowledge of long wait times', 'category': 'Tacit Knowledge', 'node_id': 'c227M01N05'}}, {'tk': {'evidence_statement': ""Actors recognized Registry flaws, but knowledge that could support improvement remained hidden in system actors' minds or was not utilized."", 'node_name': 'knowledge of Registry design flaws', 'category': 'Tacit Knowledge', 'node_id': 'c227M01N06'}}, {'tk': {'evidence_statement': 'Assessing reasonable size of a clinic: illustrating how knowledge of appropriate size of the clinic is important to enable quality assurance of registry data. Contract administrations have this knowledge but do not share it with the unit for development.', 'node_name': 'Clinician judgment on viable care unit scale', 'category': 'Tacit Knowledge', 'node_id': 'c227M02N06'}}, {'tk': {'evidence_statement': ""Transforming wait time results into meaningful information required the categorization of specific results as either being within acceptable intervals or as being 'too long.'"", 'node_name': 'Data interpretation competency for wait time metrics', 'category': 'Tacit Knowledge', 'node_id': 'c227M02N07'}}, {'tk': {'evidence_statement': ""This is where it comes to… that you start to deceive a little. We pretend that patients have an appointment on New Year's Eve. Nobody wants to come on New Year's Eve."", 'node_name': 'Booking manipulation tactics for wait time figures', 'category': 'Tacit Knowledge', 'node_id': 'c227M02N09'}}, {'tk': {'evidence_statement': 'Rather than trying to explore and communicate this systemic problem further, the respondents would use a local, administrative shortcut.', 'node_name': 'Local administrative workaround routines', 'category': 'Tacit Knowledge', 'node_id': 'c227M02N17'}}]"
c227DS01Q02,Knowledge Holder,Which knowledge holders are described?,2,"MATCH (kh:KnowledgeHolder)
RETURN DISTINCT kh","Unit for development, Contract administrators, Care managers, Care personnel, Compliance monitoring officers, Care guarantee support unit staff","[{'kh': {'evidence_statement': 'The Unit for development was responsible for internal infrastructure such as the Registry and had full administrative access.', 'node_name': 'Unit for development', 'category': 'Knowledge Holder', 'node_id': 'c227M01N08'}}, {'kh': {'evidence_statement': 'Contract administrators negotiated standards, received monthly reports, and were expected to notice divergences and enforce compliance.', 'node_name': 'Contract administrators', 'category': 'Knowledge Holder', 'node_id': 'c227M01N09'}}, {'kh': {'evidence_statement': 'Care managers managed care personnel, received reports, and could request direct Registry access.', 'node_name': 'Care managers', 'category': 'Knowledge Holder', 'node_id': 'c227M01N10'}}, {'kh': {'evidence_statement': 'Care personnel provided scheduled care and reported information through clinical systems, although they were generally unaware of comparative wait times.', 'node_name': 'Care personnel', 'category': 'Knowledge Holder', 'node_id': 'c227M01N11'}}, {'kh': {'evidence_statement': 'Compliance managers were to judge on a case-by-case basis... compliance officers struggled to assess whether 80% was a reasonable cutoff for intervention.', 'node_name': 'Compliance monitoring officers', 'category': 'Knowledge Holder', 'node_id': 'c227M02N14'}}, {'kh': {'evidence_statement': 'The care guarantee unit, i.e., the unit responsible for informing and assisting patients in receiving care within the stipulated wait time guarantee.', 'node_name': 'Care guarantee support unit staff', 'category': 'Knowledge Holder', 'node_id': 'c227M02N16'}}]"
c227DS01Q03,Traditional Human-centred Practices,Which traditional human-centred practice elements are described?,2,"MATCH (t:TraditionalHumancentralPractice)
RETURN DISTINCT t",The traditional human-centred practices described are: manual extraction and reporting of wait-time information; contract administrator compliance interventions; local administrative shortcut practices; and cross-provider referral meetings.,"[{'t': {'evidence_statement': 'In the pre-Registry situation, wait-time information was manually extracted and reported to contractors.', 'node_name': 'manual extraction and reporting of wait time information', 'category': 'Traditional Human-central Practice', 'node_id': 'c227M01N15'}}, {'t': {'evidence_statement': 'Contract administrators employed at the Region were to notice divergences and enforce compliance among care-providing organizations.', 'node_name': 'Contract administrator compliance interventions', 'category': 'Traditional Human-central Practice', 'node_id': 'c227M02N20'}}, {'t': {'evidence_statement': 'Rather than trying to explore and communicate this systemic problem further, the respondents would use a local, administrative shortcut.', 'node_name': 'Local administrative shortcut practices', 'category': 'Traditional Human-central Practice', 'node_id': 'c227M02N21'}}, {'t': {'evidence_statement': 'I have contacted... [them] for referral meetings regarding hand surgery, at the hand surgery clinic.', 'node_name': 'Cross-provider referral meetings', 'category': 'Traditional Human-central Practice', 'node_id': 'c227M02N22'}}]"
c227DS01Q04,technology-enable Practice,Which technology‑enable practices have been described?,1,"MATCH (p:TechnologyenablePractice)
RETURN DISTINCT p","The technology-enabled practices described include a digital wait time registry, parallel local digital systems, national platforms for viewing aggregated wait times, registry report generator usage, electronic medical record data entry, and local parallel digital tracking systems.","[{'p': {'evidence_statement': 'The Registry was implemented to display, evaluate, and improve wait-time data and to support monitoring, steering, and organizational learning.', 'node_name': 'digital wait time registry', 'category': 'Technology-enable Practice', 'node_id': 'c227M01N16'}}, {'p': {'evidence_statement': 'Some care units developed parallel local systems and used them for analyses intended to improve wait times.', 'node_name': 'parallel, local digital systems', 'category': 'Technology-enable Practice', 'node_id': 'c227M01N17'}}, {'p': {'evidence_statement': 'Patients could view aggregated wait times through national platforms.', 'node_name': 'national platforms', 'category': 'Technology-enable Practice', 'node_id': 'c227M01N18'}}, {'p': {'evidence_statement': 'An example of the report generator interface as seen by personnel at the central contractor unit or care managers that specifically asked for access.', 'node_name': 'Registry report generator usage', 'category': 'Technology-enable Practice', 'node_id': 'c227M02N24'}}, {'p': {'evidence_statement': 'The data in the Registry were, with few exceptions, updated daily and automatically extracted from the electronic medical records.', 'node_name': 'Electronic medical record data entry', 'category': 'Technology-enable Practice', 'node_id': 'c227M02N25'}}, {'p': {'evidence_statement': 'Some care units further developed parallel, local digital systems instead of voicing concerns about and suggesting ways of addressing flaws in the Registry.', 'node_name': 'Local parallel digital tracking systems', 'category': 'Technology-enable Practice', 'node_id': 'c227M02N26'}}]"
c227DS01Q05,Digital Technology,Which digital technology elements have been described?,1,"MATCH (dt:DigitalTechnology)
RETURN DISTINCT dt","electronic medical records, report generator interface, web browsers, local data files, Registry software platform","[{'dt': {'evidence_statement': 'Registry data were normally extracted automatically from electronic medical records.', 'node_name': 'electronic medical records', 'category': 'Digital Technology', 'node_id': 'c227M01N19'}}, {'dt': {'evidence_statement': 'The interface showed numbers of waiting patients by queue, waiting duration, and registered reason.', 'node_name': 'report generator interface', 'category': 'Digital Technology', 'node_id': 'c227M01N20'}}, {'dt': {'evidence_statement': 'Aggregated Registry information was displayed through digital interfaces searchable through web browsers.', 'node_name': 'web browsers', 'category': 'Digital Technology', 'node_id': 'c227M01N21'}}, {'dt': {'evidence_statement': 'Care units entered wait-time data and additional variables into their own local data files.', 'node_name': 'local data files', 'category': 'Digital Technology', 'node_id': 'c227M01N22'}}, {'dt': {'evidence_statement': ""The case concerned the (non)use of the digital wait time registry (hereafter 'the Registry') implemented in the Stockholm Region."", 'node_name': 'Registry software platform', 'category': 'Digital Technology', 'node_id': 'c227M02N27'}}]"
c227DS01Q06,Organizational Dependency,Which organizational dependencies are stated as necessary for technology-enable practices?,2,"MATCH (od:OrganizationalDependency)
RETURN DISTINCT od","Management commitment to Registry use, Staff training on Registry interpretation, Time allocation for data analysis, Organizational culture of data engagement","[{'od': {'evidence_statement': 'Among the internal management, the view was that the old system had greater issues of quality, but the current system displayed the correct wait times and, hence, was successful.', 'node_name': 'Management commitment to Registry use', 'category': 'Organizational Dependency', 'node_id': 'c227M02N30'}}, {'od': {'evidence_statement': 'A care manager referred to how clinic administrators needed to be educated to act in a meaningful manner.', 'node_name': 'Staff training on Registry interpretation', 'category': 'Organizational Dependency', 'node_id': 'c227M02N31'}}, {'od': {'evidence_statement': 'Compliance officers claimed they lacked ability and time to judge acceptable levels of attainment for the wait time guarantee.', 'node_name': 'Time allocation for data analysis', 'category': 'Organizational Dependency', 'node_id': 'c227M02N32'}}, {'od': {'evidence_statement': 'We in fact noted a patterned disinterest in it. The target users further provided a set of justifications for not using the DT or reacting to the information it provided.', 'node_name': 'Organizational culture of data engagement', 'category': 'Organizational Dependency', 'node_id': 'c227M02N33'}}]"
c227DS01Q07,Environment Dependency,Which external factors affect the implementation of technology-enable practices?,2,"MATCH (d:EnvironmentalDependency)
RETURN DISTINCT d","Swedish legislation mandating wait time guarantees, the Swedish Health and Medical Care Act, and Stockholm Regional Council governance policies.","[{'d': {'evidence_statement': ""Swedish legislation mandated patients' right to assessment and intervention within specified time limits."", 'node_name': 'Swedish legislation mandating the wait time guarantee', 'category': 'Environmental Dependency', 'node_id': 'c227M01N24'}}, {'d': {'evidence_statement': 'Given that existing regulation mandated that care providers keep wait times below certain levels, involved actors were expected to be motivated to monitor the wait times through the DT.', 'node_name': 'Swedish Health and Medical Care Act', 'category': 'Environmental Dependency', 'node_id': 'c227M02N35'}}, {'d': {'evidence_statement': ""The case concerned the (non)use of the digital wait time registry (hereafter 'the Registry') implemented in the Stockholm Region by the Stockholm Regional Council in Sweden."", 'node_name': 'Stockholm Regional Council governance policies', 'category': 'Environmental Dependency', 'node_id': 'c227M02N36'}}]"
c227DS01Q08,Limitation,Which limitations are been described,1,"MATCH (l:Limitation)
RETURN DISTINCT l","The limitations described include insufficient data quality, outdated statistics, insufficiently detailed data, limited support for context analysis and communication, lack of expertise, time constraints, patterned non-use of Registry data, collective passivity, failure to address system-wide problems, data manipulation, Registry data unreliability, perceived analytical incapacity among staff, belief in systemic stagnation and futility, administrative burden from Registry engagement, collective passivity toward Registry data, and strategic ignoring of Registry insights.","[{'l': {'evidence_statement': 'The evaluation found uncertainty about data quality, and Registry data were described as flawed because of insufficient or incorrect reporting.', 'node_name': 'insufficient data quality', 'category': 'Limitation', 'node_id': 'c227M01N27'}}, {'l': {'evidence_statement': 'Care managers described the latest available statistics as two months old.', 'node_name': 'two-month-old statistics', 'category': 'Limitation', 'node_id': 'c227M01N28'}}, {'l': {'evidence_statement': 'Regional staff considered some Registry data insufficiently detailed to be actionable.', 'node_name': 'insufficiently detailed data', 'category': 'Limitation', 'node_id': 'c227M01N29'}}, {'l': {'evidence_statement': 'The system merely displayed data and did not support context analysis or communication through digital forums.', 'node_name': 'limited support for context analysis and communication', 'category': 'Limitation', 'node_id': 'c227M01N30'}}, {'l': {'evidence_statement': 'Respondents claimed that insufficient expertise prevented them from selecting standards and interpreting wait-time results.', 'node_name': 'lack of expertise', 'category': 'Limitation', 'node_id': 'c227M01N31'}}, {'l': {'evidence_statement': 'Respondents said they lacked time to judge acceptable attainment and analyze Registry results.', 'node_name': 'time constraints', 'category': 'Limitation', 'node_id': 'c227M01N32'}}, {'l': {'evidence_statement': 'Target users displayed patterned disinterest and often did not access, interpret, or react to Registry data.', 'node_name': 'patterned non-use of Registry data', 'category': 'Limitation', 'node_id': 'c227M01N34'}}, {'l': {'evidence_statement': 'Individual ignoring justifications accumulated into collective passivity and obstructed knowledge-transfer activities.', 'node_name': 'collective passivity', 'category': 'Limitation', 'node_id': 'c227M01N35'}}, {'l': {'evidence_statement': 'Local systems enabled local analysis but replaced efforts to communicate and correct Registry-wide deficiencies.', 'node_name': 'failure to address system-wide problems', 'category': 'Limitation', 'node_id': 'c227M01N36'}}, {'l': {'evidence_statement': 'Respondents described registrations and appointment offers that made waiting times appear shorter without correcting the underlying situation.', 'node_name': 'data manipulation', 'category': 'Limitation', 'node_id': 'c227M01N37'}}, {'l': {'evidence_statement': ""[The Registry] is very... not very reliable, it's very bad, so healthcare providers don't report, they report wrongly, so many numbers don't seem to match."", 'node_name': 'Registry data unreliability and manipulation', 'category': 'Limitation', 'node_id': 'c227M02N37'}}, {'l': {'evidence_statement': 'Respondents claimed that they were incapable of engaging in such work because of lack of expertise, time constraints, or the task not being part of their role description.', 'node_name': 'Perceived analytical incapacity among staff', 'category': 'Limitation', 'node_id': 'c227M02N38'}}, {'l': {'evidence_statement': ""Respondents references to things being 'pointless,' as things would not change anyway; hence, there was no reason to try to do something about noted problems."", 'node_name': 'Belief in systemic stagnation and futility', 'category': 'Limitation', 'node_id': 'c227M02N39'}}, {'l': {'evidence_statement': 'Care managers were reluctant to suggest new or modified measurements or to voice concerns about current ones, saying that it would lead to a greater administrative or care production burden.', 'node_name': 'Administrative burden from Registry engagement', 'category': 'Limitation', 'node_id': 'c227M02N40'}}, {'l': {'evidence_statement': ""The individuals' ignoring justifications constituted a key mechanism in producing this systemic passivity by obstructing the activities involved in knowledge transfer."", 'node_name': 'Collective passivity toward Registry data', 'category': 'Limitation', 'node_id': 'c227M02N41'}}, {'l': {'evidence_statement': 'We approached the case as illustrating strategic ignoring rather than mere non-use of a DT.', 'node_name': 'Strategic ignoring of Registry insights', 'category': 'Limitation', 'node_id': 'c227M02N42'}}]"
c227DS01Q09,be_shared_by,Which tacit knowledge  is shared by knowledge holders?,2,"MATCH (tk:TacitKnowledge)-[r:be_shared_by]->(kh:KnowledgeHolder)
WITH COLLECT({src_node:tk, rel: r, dst_node: kh}) AS obj
RETURN DISTINCT obj","Care managers and compliance monitoring officers share tacit knowledge including knowledge of Registry design flaws, data interpretation competency for wait time metrics, and booking manipulation tactics for wait time figures.","[{'obj': [{'rel': ({'evidence_statement': ""Actors recognized Registry flaws, but knowledge that could support improvement remained hidden in system actors' minds or was not utilized."", 'node_name': 'knowledge of Registry design flaws', 'category': 'Tacit Knowledge', 'node_id': 'c227M01N06'}, 'be_shared_by', {'evidence_statement': 'Care managers managed care personnel, received reports, and could request direct Registry access.', 'node_name': 'Care managers', 'category': 'Knowledge Holder', 'node_id': 'c227M01N10'}), 'dst_node': {'evidence_statement': 'Care managers managed care personnel, received reports, and could request direct Registry access.', 'node_name': 'Care managers', 'category': 'Knowledge Holder', 'node_id': 'c227M01N10'}, 'src_node': {'evidence_statement': ""Actors recognized Registry flaws, but knowledge that could support improvement remained hidden in system actors' minds or was not utilized."", 'node_name': 'knowledge of Registry design flaws', 'category': 'Tacit Knowledge', 'node_id': 'c227M01N06'}}, {'rel': ({'evidence_statement': ""Transforming wait time results into meaningful information required the categorization of specific results as either being within acceptable intervals or as being 'too long.'"", 'node_name': 'Data interpretation competency for wait time metrics', 'category': 'Tacit Knowledge', 'node_id': 'c227M02N07'}, 'be_shared_by', {'evidence_statement': 'Care managers managed care personnel, received reports, and could request direct Registry access.', 'node_name': 'Care managers', 'category': 'Knowledge Holder', 'node_id': 'c227M01N10'}), 'dst_node': {'evidence_statement': 'Care managers managed care personnel, received reports, and could request direct Registry access.', 'node_name': 'Care managers', 'category': 'Knowledge Holder', 'node_id': 'c227M01N10'}, 'src_node': {'evidence_statement': ""Transforming wait time results into meaningful information required the categorization of specific results as either being within acceptable intervals or as being 'too long.'"", 'node_name': 'Data interpretation competency for wait time metrics', 'category': 'Tacit Knowledge', 'node_id': 'c227M02N07'}}, {'rel': ({'evidence_statement': ""Transforming wait time results into meaningful information required the categorization of specific results as either being within acceptable intervals or as being 'too long.'"", 'node_name': 'Data interpretation competency for wait time metrics', 'category': 'Tacit Knowledge', 'node_id': 'c227M02N07'}, 'be_shared_by', {'evidence_statement': 'Compliance managers were to judge on a case-by-case basis... compliance officers struggled to assess whether 80% was a reasonable cutoff for intervention.', 'node_name': 'Compliance monitoring officers', 'category': 'Knowledge Holder', 'node_id': 'c227M02N14'}), 'dst_node': {'evidence_statement': 'Compliance managers were to judge on a case-by-case basis... compliance officers struggled to assess whether 80% was a reasonable cutoff for intervention.', 'node_name': 'Compliance monitoring officers', 'category': 'Knowledge Holder', 'node_id': 'c227M02N14'}, 'src_node': {'evidence_statement': ""Transforming wait time results into meaningful information required the categorization of specific results as either being within acceptable intervals or as being 'too long.'"", 'node_name': 'Data interpretation competency for wait time metrics', 'category': 'Tacit Knowledge', 'node_id': 'c227M02N07'}}, {'rel': ({'evidence_statement': ""This is where it comes to… that you start to deceive a little. We pretend that patients have an appointment on New Year's Eve. Nobody wants to come on New Year's Eve."", 'node_name': 'Booking manipulation tactics for wait time figures', 'category': 'Tacit Knowledge', 'node_id': 'c227M02N09'}, 'be_shared_by', {'evidence_statement': 'Care managers managed care personnel, received reports, and could request direct Registry access.', 'node_name': 'Care managers', 'category': 'Knowledge Holder', 'node_id': 'c227M01N10'}), 'dst_node': {'evidence_statement': 'Care managers managed care personnel, received reports, and could request direct Registry access.', 'node_name': 'Care managers', 'category': 'Knowledge Holder', 'node_id': 'c227M01N10'}, 'src_node': {'evidence_statement': ""This is where it comes to… that you start to deceive a little. We pretend that patients have an appointment on New Year's Eve. Nobody wants to come on New Year's Eve."", 'node_name': 'Booking manipulation tactics for wait time figures', 'category': 'Tacit Knowledge', 'node_id': 'c227M02N09'}}]}]"
c227DS01Q10,be_absorbed_by,which tacit knowledge is absorbed by knowledge learners?,2,"MATCH (tk:TacitKnowledge)-[r:be_absorbed_by]-(kl:KnowledgeLearner)
WITH COLLECT({src_node:tk, rel: r, dst_node: kl}) AS obj
RETURN DISTINCT obj",knowledge of long wait times; Data interpretation competency for wait time metrics,"[{'obj': [{'rel': ({'evidence_statement': 'Some respondents accessed Registry data and acquired knowledge identifying long wait times.', 'node_name': 'knowledge of long wait times', 'category': 'Tacit Knowledge', 'node_id': 'c227M01N05'}, 'be_absorbed_by', {'evidence_statement': 'Administrators scheduled visits and were expected to be informed by care managers about necessary scheduling changes.', 'node_name': 'Administrators at care units', 'category': 'Knowledge Learner', 'node_id': 'c227M01N12'}), 'dst_node': {'evidence_statement': 'Administrators scheduled visits and were expected to be informed by care managers about necessary scheduling changes.', 'node_name': 'Administrators at care units', 'category': 'Knowledge Learner', 'node_id': 'c227M01N12'}, 'src_node': {'evidence_statement': 'Some respondents accessed Registry data and acquired knowledge identifying long wait times.', 'node_name': 'knowledge of long wait times', 'category': 'Tacit Knowledge', 'node_id': 'c227M01N05'}}, {'rel': ({'evidence_statement': ""Transforming wait time results into meaningful information required the categorization of specific results as either being within acceptable intervals or as being 'too long.'"", 'node_name': 'Data interpretation competency for wait time metrics', 'category': 'Tacit Knowledge', 'node_id': 'c227M02N07'}, 'be_absorbed_by', {'evidence_statement': 'A care manager referred to how clinic administrators needed to be educated to act in a meaningful manner.', 'node_name': 'Clinic administrators needing Registry education', 'category': 'Knowledge Learner', 'node_id': 'c227M02N18'}), 'dst_node': {'evidence_statement': 'A care manager referred to how clinic administrators needed to be educated to act in a meaningful manner.', 'node_name': 'Clinic administrators needing Registry education', 'category': 'Knowledge Learner', 'node_id': 'c227M02N18'}, 'src_node': {'evidence_statement': ""Transforming wait time results into meaningful information required the categorization of specific results as either being within acceptable intervals or as being 'too long.'"", 'node_name': 'Data interpretation competency for wait time metrics', 'category': 'Tacit Knowledge', 'node_id': 'c227M02N07'}}]}]"
c227DS01Q11,be_captured_by,which tacit knowledge is captured by technology-enable practices?,2,"MATCH (tk:TacitKnowledge)-[r:be_captured_by]-(tep:TechnologyenablePractice)
WITH COLLECT({src_node:tk, rel: r, dst_node: tep}) AS obj
RETURN DISTINCT obj",Not Mentioned,[{'obj': []}]
c227DS01Q12,participate_in,Which knowledge holders or knowledge learners take part in knowledge retention practices?,2,"MATCH (k:KnowledgeHolder|KnowledgeLearner)-[r:participate_in]->(p:TechnologyenablePractice)
WITH COLLECT({src_node:k, rel: r, dst_node: p}) AS obj
RETURN DISTINCT obj","Unit for development, Contract administrators, Care managers, Care personnel, Compliance monitoring officers, Care guarantee support unit staff, Administrators at care units, Central contractor unit, and Patients participate in the digital wait time registry, which supports monitoring, steering, and organizational learning.","[{'obj': [{'rel': ({'evidence_statement': 'The Unit for development was responsible for internal infrastructure such as the Registry and had full administrative access.', 'node_name': 'Unit for development', 'category': 'Knowledge Holder', 'node_id': 'c227M01N08'}, 'participate_in', {'evidence_statement': 'The Registry was implemented to display, evaluate, and improve wait-time data and to support monitoring, steering, and organizational learning.', 'node_name': 'digital wait time registry', 'category': 'Technology-enable Practice', 'node_id': 'c227M01N16'}), 'dst_node': {'evidence_statement': 'The Registry was implemented to display, evaluate, and improve wait-time data and to support monitoring, steering, and organizational learning.', 'node_name': 'digital wait time registry', 'category': 'Technology-enable Practice', 'node_id': 'c227M01N16'}, 'src_node': {'evidence_statement': 'The Unit for development was responsible for internal infrastructure such as the Registry and had full administrative access.', 'node_name': 'Unit for development', 'category': 'Knowledge Holder', 'node_id': 'c227M01N08'}}, {'rel': ({'evidence_statement': 'Contract administrators negotiated standards, received monthly reports, and were expected to notice divergences and enforce compliance.', 'node_name': 'Contract administrators', 'category': 'Knowledge Holder', 'node_id': 'c227M01N09'}, 'participate_in', {'evidence_statement': 'The Registry was implemented to display, evaluate, and improve wait-time data and to support monitoring, steering, and organizational learning.', 'node_name': 'digital wait time registry', 'category': 'Technology-enable Practice', 'node_id': 'c227M01N16'}), 'dst_node': {'evidence_statement': 'The Registry was implemented to display, evaluate, and improve wait-time data and to support monitoring, steering, and organizational learning.', 'node_name': 'digital wait time registry', 'category': 'Technology-enable Practice', 'node_id': 'c227M01N16'}, 'src_node': {'evidence_statement': 'Contract administrators negotiated standards, received monthly reports, and were expected to notice divergences and enforce compliance.', 'node_name': 'Contract administrators', 'category': 'Knowledge Holder', 'node_id': 'c227M01N09'}}, {'rel': ({'evidence_statement': 'Care managers managed care personnel, received reports, and could request direct Registry access.', 'node_name': 'Care managers', 'category': 'Knowledge Holder', 'node_id': 'c227M01N10'}, 'participate_in', {'evidence_statement': 'The Registry was implemented to display, evaluate, and improve wait-time data and to support monitoring, steering, and organizational learning.', 'node_name': 'digital wait time registry', 'category': 'Technology-enable Practice', 'node_id': 'c227M01N16'}), 'dst_node': {'evidence_statement': 'The Registry was implemented to display, evaluate, and improve wait-time data and to support monitoring, steering, and organizational learning.', 'node_name': 'digital wait time registry', 'category': 'Technology-enable Practice', 'node_id': 'c227M01N16'}, 'src_node': {'evidence_statement': 'Care managers managed care personnel, received reports, and could request direct Registry access.', 'node_name': 'Care managers', 'category': 'Knowledge Holder', 'node_id': 'c227M01N10'}}, {'rel': ({'evidence_statement': 'Care personnel provided scheduled care and reported information through clinical systems, although they were generally unaware of comparative wait times.', 'node_name': 'Care personnel', 'category': 'Knowledge Holder', 'node_id': 'c227M01N11'}, 'participate_in', {'evidence_statement': 'The Registry was implemented to display, evaluate, and improve wait-time data and to support monitoring, steering, and organizational learning.', 'node_name': 'digital wait time registry', 'category': 'Technology-enable Practice', 'node_id': 'c227M01N16'}), 'dst_node': {'evidence_statement': 'The Registry was implemented to display, evaluate, and improve wait-time data and to support monitoring, steering, and organizational learning.', 'node_name': 'digital wait time registry', 'category': 'Technology-enable Practice', 'node_id': 'c227M01N16'}, 'src_node': {'evidence_statement': 'Care personnel provided scheduled care and reported information through clinical systems, although they were generally unaware of comparative wait times.', 'node_name': 'Care personnel', 'category': 'Knowledge Holder', 'node_id': 'c227M01N11'}}, {'rel': ({'evidence_statement': 'Administrators scheduled visits and were expected to be informed by care managers about necessary scheduling changes.', 'node_name': 'Administrators at care units', 'category': 'Knowledge Learner', 'node_id': 'c227M01N12'}, 'participate_in', {'evidence_statement': 'The Registry was implemented to display, evaluate, and improve wait-time data and to support monitoring, steering, and organizational learning.', 'node_name': 'digital wait time registry', 'category': 'Technology-enable Practice', 'node_id': 'c227M01N16'}), 'dst_node': {'evidence_statement': 'The Registry was implemented to display, evaluate, and improve wait-time data and to support monitoring, steering, and organizational learning.', 'node_name': 'digital wait time registry', 'category': 'Technology-enable Practice', 'node_id': 'c227M01N16'}, 'src_node': {'evidence_statement': 'Administrators scheduled visits and were expected to be informed by care managers about necessary scheduling changes.', 'node_name': 'Administrators at care units', 'category': 'Knowledge Learner', 'node_id': 'c227M01N12'}}, {'rel': ({'evidence_statement': 'The unit received monthly reports and was expected to use data to identify and influence underperforming care providers.', 'node_name': 'Central contractor unit', 'category': 'Knowledge Learner', 'node_id': 'c227M01N13'}, 'participate_in', {'evidence_statement': 'The Registry was implemented to display, evaluate, and improve wait-time data and to support monitoring, steering, and organizational learning.', 'node_name': 'digital wait time registry', 'category': 'Technology-enable Practice', 'node_id': 'c227M01N16'}), 'dst_node': {'evidence_statement': 'The Registry was implemented to display, evaluate, and improve wait-time data and to support monitoring, steering, and organizational learning.', 'node_name': 'digital wait time registry', 'category': 'Technology-enable Practice', 'node_id': 'c227M01N16'}, 'src_node': {'evidence_statement': 'The unit received monthly reports and was expected to use data to identify and influence underperforming care providers.', 'node_name': 'Central contractor unit', 'category': 'Knowledge Learner', 'node_id': 'c227M01N13'}}, {'rel': ({'evidence_statement': 'Patients could view aggregated wait times and use the information to decide where to seek care or monitor compliance.', 'node_name': 'Patients', 'category': 'Knowledge Learner', 'node_id': 'c227M01N14'}, 'participate_in', {'evidence_statement': 'The Registry was implemented to display, evaluate, and improve wait-time data and to support monitoring, steering, and organizational learning.', 'node_name': 'digital wait time registry', 'category': 'Technology-enable Practice', 'node_id': 'c227M01N16'}), 'dst_node': {'evidence_statement': 'The Registry was implemented to display, evaluate, and improve wait-time data and to support monitoring, steering, and organizational learning.', 'node_name': 'digital wait time registry', 'category': 'Technology-enable Practice', 'node_id': 'c227M01N16'}, 'src_node': {'evidence_statement': 'Patients could view aggregated wait times and use the information to decide where to seek care or monitor compliance.', 'node_name': 'Patients', 'category': 'Knowledge Learner', 'node_id': 'c227M01N14'}}, {'rel': ({'evidence_statement': 'Compliance managers were to judge on a case-by-case basis... compliance officers struggled to assess whether 80% was a reasonable cutoff for intervention.', 'node_name': 'Compliance monitoring officers', 'category': 'Knowledge Holder', 'node_id': 'c227M02N14'}, 'participate_in', {'evidence_statement': 'The Registry was implemented to display, evaluate, and improve wait-time data and to support monitoring, steering, and organizational learning.', 'node_name': 'digital wait time registry', 'category': 'Technology-enable Practice', 'node_id': 'c227M01N16'}), 'dst_node': {'evidence_statement': 'The Registry was implemented to display, evaluate, and improve wait-time data and to support monitoring, steering, and organizational learning.', 'node_name': 'digital wait time registry', 'category': 'Technology-enable Practice', 'node_id': 'c227M01N16'}, 'src_node': {'evidence_statement': 'Compliance managers were to judge on a case-by-case basis... compliance officers struggled to assess whether 80% was a reasonable cutoff for intervention.', 'node_name': 'Compliance monitoring officers', 'category': 'Knowledge Holder', 'node_id': 'c227M02N14'}}, {'rel': ({'evidence_statement': 'The care guarantee unit, i.e., the unit responsible for informing and assisting patients in receiving care within the stipulated wait time guarantee.', 'node_name': 'Care guarantee support unit staff', 'category': 'Knowledge Holder', 'node_id': 'c227M02N16'}, 'participate_in', {'evidence_statement': 'The Registry was implemented to display, evaluate, and improve wait-time data and to support monitoring, steering, and organizational learning.', 'node_name': 'digital wait time registry', 'category': 'Technology-enable Practice', 'node_id': 'c227M01N16'}), 'dst_node': {'evidence_statement': 'The Registry was implemented to display, evaluate, and improve wait-time data and to support monitoring, steering, and organizational learning.', 'node_name': 'digital wait time registry', 'category': 'Technology-enable Practice', 'node_id': 'c227M01N16'}, 'src_node': {'evidence_statement': 'The care guarantee unit, i.e., the unit responsible for informing and assisting patients in receiving care within the stipulated wait time guarantee.', 'node_name': 'Care guarantee support unit staff', 'category': 'Knowledge Holder', 'node_id': 'c227M02N16'}}, {'rel': ({'evidence_statement': 'Patients could view aggregated wait times and use the information to decide where to seek care or monitor compliance.', 'node_name': 'Patients', 'category': 'Knowledge Learner', 'node_id': 'c227M01N14'}, 'participate_in', {'evidence_statement': 'Patients could view aggregated wait times through national platforms.', 'node_name': 'national platforms', 'category': 'Technology-enable Practice', 'node_id': 'c227M01N18'}), 'dst_node': {'evidence_statement': 'Patients could view aggregated wait times through national platforms.', 'node_name': 'national platforms', 'category': 'Technology-enable Practice', 'node_id': 'c227M01N18'}, 'src_node': {'evidence_statement': 'Patients could view aggregated wait times and use the information to decide where to seek care or monitor compliance.', 'node_name': 'Patients', 'category': 'Knowledge Learner', 'node_id': 'c227M01N14'}}, {'rel': ({'evidence_statement': 'Care personnel provided scheduled care and reported information through clinical systems, although they were generally unaware of comparative wait times.', 'node_name': 'Care personnel', 'category': 'Knowledge Holder', 'node_id': 'c227M01N11'}, 'participate_in', {'evidence_statement': 'The data in the Registry were, with few exceptions, updated daily and automatically extracted from the electronic medical records.', 'node_name': 'Electronic medical record data entry', 'category': 'Technology-enable Practice', 'node_id': 'c227M02N25'}), 'dst_node': {'evidence_statement': 'The data in the Registry were, with few exceptions, updated daily and automatically extracted from the electronic medical records.', 'node_name': 'Electronic medical record data entry', 'category': 'Technology-enable Practice', 'node_id': 'c227M02N25'}, 'src_node': {'evidence_statement': 'Care personnel provided scheduled care and reported information through clinical systems, although they were generally unaware of comparative wait times.', 'node_name': 'Care personnel', 'category': 'Knowledge Holder', 'node_id': 'c227M01N11'}}]}]"
c227DS01Q13,depend_on,which organization or environment conditions technology-enable practices depend on?,2,"MATCH (p:TechnologyenablePractice)-[r:depend_on]->(d:OrganizationalDependency|EnvironmentalDependency)
WITH COLLECT({src_node:p, rel: r, dst_node: d}) AS obj
RETURN DISTINCT obj",Swedish legislation mandating the wait time guarantee and Stockholm Regional Council governance policies.,"[{'obj': [{'rel': ({'evidence_statement': 'The Registry was implemented to display, evaluate, and improve wait-time data and to support monitoring, steering, and organizational learning.', 'node_name': 'digital wait time registry', 'category': 'Technology-enable Practice', 'node_id': 'c227M01N16'}, 'depend_on', {'evidence_statement': ""Swedish legislation mandated patients' right to assessment and intervention within specified time limits."", 'node_name': 'Swedish legislation mandating the wait time guarantee', 'category': 'Environmental Dependency', 'node_id': 'c227M01N24'}), 'dst_node': {'evidence_statement': ""Swedish legislation mandated patients' right to assessment and intervention within specified time limits."", 'node_name': 'Swedish legislation mandating the wait time guarantee', 'category': 'Environmental Dependency', 'node_id': 'c227M01N24'}, 'src_node': {'evidence_statement': 'The Registry was implemented to display, evaluate, and improve wait-time data and to support monitoring, steering, and organizational learning.', 'node_name': 'digital wait time registry', 'category': 'Technology-enable Practice', 'node_id': 'c227M01N16'}}, {'rel': ({'evidence_statement': 'The Registry was implemented to display, evaluate, and improve wait-time data and to support monitoring, steering, and organizational learning.', 'node_name': 'digital wait time registry', 'category': 'Technology-enable Practice', 'node_id': 'c227M01N16'}, 'depend_on', {'evidence_statement': 'Among the internal management, the view was that the old system had greater issues of quality, but the current system displayed the correct wait times and, hence, was successful.', 'node_name': 'Management commitment to Registry use', 'category': 'Organizational Dependency', 'node_id': 'c227M02N30'}), 'dst_node': {'evidence_statement': 'Among the internal management, the view was that the old system had greater issues of quality, but the current system displayed the correct wait times and, hence, was successful.', 'node_name': 'Management commitment to Registry use', 'category': 'Organizational Dependency', 'node_id': 'c227M02N30'}, 'src_node': {'evidence_statement': 'The Registry was implemented to display, evaluate, and improve wait-time data and to support monitoring, steering, and organizational learning.', 'node_name': 'digital wait time registry', 'category': 'Technology-enable Practice', 'node_id': 'c227M01N16'}}, {'rel': ({'evidence_statement': 'The Registry was implemented to display, evaluate, and improve wait-time data and to support monitoring, steering, and organizational learning.', 'node_name': 'digital wait time registry', 'category': 'Technology-enable Practice', 'node_id': 'c227M01N16'}, 'depend_on', {'evidence_statement': 'A care manager referred to how clinic administrators needed to be educated to act in a meaningful manner.', 'node_name': 'Staff training on Registry interpretation', 'category': 'Organizational Dependency', 'node_id': 'c227M02N31'}), 'dst_node': {'evidence_statement': 'A care manager referred to how clinic administrators needed to be educated to act in a meaningful manner.', 'node_name': 'Staff training on Registry interpretation', 'category': 'Organizational Dependency', 'node_id': 'c227M02N31'}, 'src_node': {'evidence_statement': 'The Registry was implemented to display, evaluate, and improve wait-time data and to support monitoring, steering, and organizational learning.', 'node_name': 'digital wait time registry', 'category': 'Technology-enable Practice', 'node_id': 'c227M01N16'}}, {'rel': ({'evidence_statement': 'The Registry was implemented to display, evaluate, and improve wait-time data and to support monitoring, steering, and organizational learning.', 'node_name': 'digital wait time registry', 'category': 'Technology-enable Practice', 'node_id': 'c227M01N16'}, 'depend_on', {'evidence_statement': 'Compliance officers claimed they lacked ability and time to judge acceptable levels of attainment for the wait time guarantee.', 'node_name': 'Time allocation for data analysis', 'category': 'Organizational Dependency', 'node_id': 'c227M02N32'}), 'dst_node': {'evidence_statement': 'Compliance officers claimed they lacked ability and time to judge acceptable levels of attainment for the wait time guarantee.', 'node_name': 'Time allocation for data analysis', 'category': 'Organizational Dependency', 'node_id': 'c227M02N32'}, 'src_node': {'evidence_statement': 'The Registry was implemented to display, evaluate, and improve wait-time data and to support monitoring, steering, and organizational learning.', 'node_name': 'digital wait time registry', 'category': 'Technology-enable Practice', 'node_id': 'c227M01N16'}}, {'rel': ({'evidence_statement': 'The Registry was implemented to display, evaluate, and improve wait-time data and to support monitoring, steering, and organizational learning.', 'node_name': 'digital wait time registry', 'category': 'Technology-enable Practice', 'node_id': 'c227M01N16'}, 'depend_on', {'evidence_statement': 'We in fact noted a patterned disinterest in it. The target users further provided a set of justifications for not using the DT or reacting to the information it provided.', 'node_name': 'Organizational culture of data engagement', 'category': 'Organizational Dependency', 'node_id': 'c227M02N33'}), 'dst_node': {'evidence_statement': 'We in fact noted a patterned disinterest in it. The target users further provided a set of justifications for not using the DT or reacting to the information it provided.', 'node_name': 'Organizational culture of data engagement', 'category': 'Organizational Dependency', 'node_id': 'c227M02N33'}, 'src_node': {'evidence_statement': 'The Registry was implemented to display, evaluate, and improve wait-time data and to support monitoring, steering, and organizational learning.', 'node_name': 'digital wait time registry', 'category': 'Technology-enable Practice', 'node_id': 'c227M01N16'}}, {'rel': ({'evidence_statement': 'The Registry was implemented to display, evaluate, and improve wait-time data and to support monitoring, steering, and organizational learning.', 'node_name': 'digital wait time registry', 'category': 'Technology-enable Practice', 'node_id': 'c227M01N16'}, 'depend_on', {'evidence_statement': ""The case concerned the (non)use of the digital wait time registry (hereafter 'the Registry') implemented in the Stockholm Region by the Stockholm Regional Council in Sweden."", 'node_name': 'Stockholm Regional Council governance policies', 'category': 'Environmental Dependency', 'node_id': 'c227M02N36'}), 'dst_node': {'evidence_statement': ""The case concerned the (non)use of the digital wait time registry (hereafter 'the Registry') implemented in the Stockholm Region by the Stockholm Regional Council in Sweden."", 'node_name': 'Stockholm Regional Council governance policies', 'category': 'Environmental Dependency', 'node_id': 'c227M02N36'}, 'src_node': {'evidence_statement': 'The Registry was implemented to display, evaluate, and improve wait-time data and to support monitoring, steering, and organizational learning.', 'node_name': 'digital wait time registry', 'category': 'Technology-enable Practice', 'node_id': 'c227M01N16'}}]}]"
c227DS01Q14,evaluate,which tacit knowledge is evaluated by technology-enable practices?,2,"MATCH (tk:TacitKnowledge)-[r:evaluate]-(t:TechnologyenablePractice)
WITH COLLECT({src_node:tk, rel: r, dst_node: t}) AS obj
RETURN DISTINCT obj",Not Mentioned,[{'obj': []}]
c227DS01Q15,adopt,Which digital technologies technology‑enable practices adopt?,2,"MATCH (p:TechnologyenablePractice)-[r:adopt]-(d:DigitalTechnology)
WITH COLLECT({src_node:p, rel: r, dst_node: d}) AS obj
RETURN DISTINCT obj","The digital wait time registry adopts electronic medical records, report generator interface, web browsers, and Registry software platform. Electronic medical record data entry adopts electronic medical records. Registry report generator usage adopts report generator interface. Parallel, local digital systems adopt local data files.","[{'obj': [{'rel': ({'evidence_statement': 'The Registry was implemented to display, evaluate, and improve wait-time data and to support monitoring, steering, and organizational learning.', 'node_name': 'digital wait time registry', 'category': 'Technology-enable Practice', 'node_id': 'c227M01N16'}, 'adopt', {'evidence_statement': 'Registry data were normally extracted automatically from electronic medical records.', 'node_name': 'electronic medical records', 'category': 'Digital Technology', 'node_id': 'c227M01N19'}), 'dst_node': {'evidence_statement': 'Registry data were normally extracted automatically from electronic medical records.', 'node_name': 'electronic medical records', 'category': 'Digital Technology', 'node_id': 'c227M01N19'}, 'src_node': {'evidence_statement': 'The Registry was implemented to display, evaluate, and improve wait-time data and to support monitoring, steering, and organizational learning.', 'node_name': 'digital wait time registry', 'category': 'Technology-enable Practice', 'node_id': 'c227M01N16'}}, {'rel': ({'evidence_statement': 'The data in the Registry were, with few exceptions, updated daily and automatically extracted from the electronic medical records.', 'node_name': 'Electronic medical record data entry', 'category': 'Technology-enable Practice', 'node_id': 'c227M02N25'}, 'adopt', {'evidence_statement': 'Registry data were normally extracted automatically from electronic medical records.', 'node_name': 'electronic medical records', 'category': 'Digital Technology', 'node_id': 'c227M01N19'}), 'dst_node': {'evidence_statement': 'Registry data were normally extracted automatically from electronic medical records.', 'node_name': 'electronic medical records', 'category': 'Digital Technology', 'node_id': 'c227M01N19'}, 'src_node': {'evidence_statement': 'The data in the Registry were, with few exceptions, updated daily and automatically extracted from the electronic medical records.', 'node_name': 'Electronic medical record data entry', 'category': 'Technology-enable Practice', 'node_id': 'c227M02N25'}}, {'rel': ({'evidence_statement': 'The Registry was implemented to display, evaluate, and improve wait-time data and to support monitoring, steering, and organizational learning.', 'node_name': 'digital wait time registry', 'category': 'Technology-enable Practice', 'node_id': 'c227M01N16'}, 'adopt', {'evidence_statement': 'The interface showed numbers of waiting patients by queue, waiting duration, and registered reason.', 'node_name': 'report generator interface', 'category': 'Digital Technology', 'node_id': 'c227M01N20'}), 'dst_node': {'evidence_statement': 'The interface showed numbers of waiting patients by queue, waiting duration, and registered reason.', 'node_name': 'report generator interface', 'category': 'Digital Technology', 'node_id': 'c227M01N20'}, 'src_node': {'evidence_statement': 'The Registry was implemented to display, evaluate, and improve wait-time data and to support monitoring, steering, and organizational learning.', 'node_name': 'digital wait time registry', 'category': 'Technology-enable Practice', 'node_id': 'c227M01N16'}}, {'rel': ({'evidence_statement': 'An example of the report generator interface as seen by personnel at the central contractor unit or care managers that specifically asked for access.', 'node_name': 'Registry report generator usage', 'category': 'Technology-enable Practice', 'node_id': 'c227M02N24'}, 'adopt', {'evidence_statement': 'The interface showed numbers of waiting patients by queue, waiting duration, and registered reason.', 'node_name': 'report generator interface', 'category': 'Digital Technology', 'node_id': 'c227M01N20'}), 'dst_node': {'evidence_statement': 'The interface showed numbers of waiting patients by queue, waiting duration, and registered reason.', 'node_name': 'report generator interface', 'category': 'Digital Technology', 'node_id': 'c227M01N20'}, 'src_node': {'evidence_statement': 'An example of the report generator interface as seen by personnel at the central contractor unit or care managers that specifically asked for access.', 'node_name': 'Registry report generator usage', 'category': 'Technology-enable Practice', 'node_id': 'c227M02N24'}}, {'rel': ({'evidence_statement': 'The Registry was implemented to display, evaluate, and improve wait-time data and to support monitoring, steering, and organizational learning.', 'node_name': 'digital wait time registry', 'category': 'Technology-enable Practice', 'node_id': 'c227M01N16'}, 'adopt', {'evidence_statement': 'Aggregated Registry information was displayed through digital interfaces searchable through web browsers.', 'node_name': 'web browsers', 'category': 'Digital Technology', 'node_id': 'c227M01N21'}), 'dst_node': {'evidence_statement': 'Aggregated Registry information was displayed through digital interfaces searchable through web browsers.', 'node_name': 'web browsers', 'category': 'Digital Technology', 'node_id': 'c227M01N21'}, 'src_node': {'evidence_statement': 'The Registry was implemented to display, evaluate, and improve wait-time data and to support monitoring, steering, and organizational learning.', 'node_name': 'digital wait time registry', 'category': 'Technology-enable Practice', 'node_id': 'c227M01N16'}}, {'rel': ({'evidence_statement': 'Some care units developed parallel local systems and used them for analyses intended to improve wait times.', 'node_name': 'parallel, local digital systems', 'category': 'Technology-enable Practice', 'node_id': 'c227M01N17'}, 'adopt', {'evidence_statement': 'Care units entered wait-time data and additional variables into their own local data files.', 'node_name': 'local data files', 'category': 'Digital Technology', 'node_id': 'c227M01N22'}), 'dst_node': {'evidence_statement': 'Care units entered wait-time data and additional variables into their own local data files.', 'node_name': 'local data files', 'category': 'Digital Technology', 'node_id': 'c227M01N22'}, 'src_node': {'evidence_statement': 'Some care units developed parallel local systems and used them for analyses intended to improve wait times.', 'node_name': 'parallel, local digital systems', 'category': 'Technology-enable Practice', 'node_id': 'c227M01N17'}}, {'rel': ({'evidence_statement': 'The Registry was implemented to display, evaluate, and improve wait-time data and to support monitoring, steering, and organizational learning.', 'node_name': 'digital wait time registry', 'category': 'Technology-enable Practice', 'node_id': 'c227M01N16'}, 'adopt', {'evidence_statement': ""The case concerned the (non)use of the digital wait time registry (hereafter 'the Registry') implemented in the Stockholm Region."", 'node_name': 'Registry software platform', 'category': 'Digital Technology', 'node_id': 'c227M02N27'}), 'dst_node': {'evidence_statement': ""The case concerned the (non)use of the digital wait time registry (hereafter 'the Registry') implemented in the Stockholm Region."", 'node_name': 'Registry software platform', 'category': 'Digital Technology', 'node_id': 'c227M02N27'}, 'src_node': {'evidence_statement': 'The Registry was implemented to display, evaluate, and improve wait-time data and to support monitoring, steering, and organizational learning.', 'node_name': 'digital wait time registry', 'category': 'Technology-enable Practice', 'node_id': 'c227M01N16'}}]}]"
c227DS01Q16,be_constrained_by,Which limitations technology-enable practices are constrained by?,2,"MATCH (p:TechnologyenablePractice)-[r:be_constrained_by]-(l:Limitation)
WITH COLLECT({src_node:p, rel: r, dst_node: l}) AS obj
RETURN DISTINCT obj","The digital wait time registry is constrained by insufficient data quality, two-month-old statistics, lack of expertise, time constraints, patterned non-use of Registry data, collective passivity, data manipulation, Registry data unreliability and manipulation, perceived analytical incapacity among staff, belief in systemic stagnation and futility, administrative burden from Registry engagement, collective passivity toward Registry data, and strategic ignoring of Registry insights. Parallel local digital systems are constrained by failure to address system-wide problems.","[{'obj': [{'rel': ({'evidence_statement': 'The Registry was implemented to display, evaluate, and improve wait-time data and to support monitoring, steering, and organizational learning.', 'node_name': 'digital wait time registry', 'category': 'Technology-enable Practice', 'node_id': 'c227M01N16'}, 'be_constrained_by', {'evidence_statement': 'The evaluation found uncertainty about data quality, and Registry data were described as flawed because of insufficient or incorrect reporting.', 'node_name': 'insufficient data quality', 'category': 'Limitation', 'node_id': 'c227M01N27'}), 'dst_node': {'evidence_statement': 'The evaluation found uncertainty about data quality, and Registry data were described as flawed because of insufficient or incorrect reporting.', 'node_name': 'insufficient data quality', 'category': 'Limitation', 'node_id': 'c227M01N27'}, 'src_node': {'evidence_statement': 'The Registry was implemented to display, evaluate, and improve wait-time data and to support monitoring, steering, and organizational learning.', 'node_name': 'digital wait time registry', 'category': 'Technology-enable Practice', 'node_id': 'c227M01N16'}}, {'rel': ({'evidence_statement': 'The Registry was implemented to display, evaluate, and improve wait-time data and to support monitoring, steering, and organizational learning.', 'node_name': 'digital wait time registry', 'category': 'Technology-enable Practice', 'node_id': 'c227M01N16'}, 'be_constrained_by', {'evidence_statement': 'Care managers described the latest available statistics as two months old.', 'node_name': 'two-month-old statistics', 'category': 'Limitation', 'node_id': 'c227M01N28'}), 'dst_node': {'evidence_statement': 'Care managers described the latest available statistics as two months old.', 'node_name': 'two-month-old statistics', 'category': 'Limitation', 'node_id': 'c227M01N28'}, 'src_node': {'evidence_statement': 'The Registry was implemented to display, evaluate, and improve wait-time data and to support monitoring, steering, and organizational learning.', 'node_name': 'digital wait time registry', 'category': 'Technology-enable Practice', 'node_id': 'c227M01N16'}}, {'rel': ({'evidence_statement': 'The Registry was implemented to display, evaluate, and improve wait-time data and to support monitoring, steering, and organizational learning.', 'node_name': 'digital wait time registry', 'category': 'Technology-enable Practice', 'node_id': 'c227M01N16'}, 'be_constrained_by', {'evidence_statement': 'Respondents claimed that insufficient expertise prevented them from selecting standards and interpreting wait-time results.', 'node_name': 'lack of expertise', 'category': 'Limitation', 'node_id': 'c227M01N31'}), 'dst_node': {'evidence_statement': 'Respondents claimed that insufficient expertise prevented them from selecting standards and interpreting wait-time results.', 'node_name': 'lack of expertise', 'category': 'Limitation', 'node_id': 'c227M01N31'}, 'src_node': {'evidence_statement': 'The Registry was implemented to display, evaluate, and improve wait-time data and to support monitoring, steering, and organizational learning.', 'node_name': 'digital wait time registry', 'category': 'Technology-enable Practice', 'node_id': 'c227M01N16'}}, {'rel': ({'evidence_statement': 'The Registry was implemented to display, evaluate, and improve wait-time data and to support monitoring, steering, and organizational learning.', 'node_name': 'digital wait time registry', 'category': 'Technology-enable Practice', 'node_id': 'c227M01N16'}, 'be_constrained_by', {'evidence_statement': 'Respondents said they lacked time to judge acceptable attainment and analyze Registry results.', 'node_name': 'time constraints', 'category': 'Limitation', 'node_id': 'c227M01N32'}), 'dst_node': {'evidence_statement': 'Respondents said they lacked time to judge acceptable attainment and analyze Registry results.', 'node_name': 'time constraints', 'category': 'Limitation', 'node_id': 'c227M01N32'}, 'src_node': {'evidence_statement': 'The Registry was implemented to display, evaluate, and improve wait-time data and to support monitoring, steering, and organizational learning.', 'node_name': 'digital wait time registry', 'category': 'Technology-enable Practice', 'node_id': 'c227M01N16'}}, {'rel': ({'evidence_statement': 'The Registry was implemented to display, evaluate, and improve wait-time data and to support monitoring, steering, and organizational learning.', 'node_name': 'digital wait time registry', 'category': 'Technology-enable Practice', 'node_id': 'c227M01N16'}, 'be_constrained_by', {'evidence_statement': 'Target users displayed patterned disinterest and often did not access, interpret, or react to Registry data.', 'node_name': 'patterned non-use of Registry data', 'category': 'Limitation', 'node_id': 'c227M01N34'}), 'dst_node': {'evidence_statement': 'Target users displayed patterned disinterest and often did not access, interpret, or react to Registry data.', 'node_name': 'patterned non-use of Registry data', 'category': 'Limitation', 'node_id': 'c227M01N34'}, 'src_node': {'evidence_statement': 'The Registry was implemented to display, evaluate, and improve wait-time data and to support monitoring, steering, and organizational learning.', 'node_name': 'digital wait time registry', 'category': 'Technology-enable Practice', 'node_id': 'c227M01N16'}}, {'rel': ({'evidence_statement': 'The Registry was implemented to display, evaluate, and improve wait-time data and to support monitoring, steering, and organizational learning.', 'node_name': 'digital wait time registry', 'category': 'Technology-enable Practice', 'node_id': 'c227M01N16'}, 'be_constrained_by', {'evidence_statement': 'Individual ignoring justifications accumulated into collective passivity and obstructed knowledge-transfer activities.', 'node_name': 'collective passivity', 'category': 'Limitation', 'node_id': 'c227M01N35'}), 'dst_node': {'evidence_statement': 'Individual ignoring justifications accumulated into collective passivity and obstructed knowledge-transfer activities.', 'node_name': 'collective passivity', 'category': 'Limitation', 'node_id': 'c227M01N35'}, 'src_node': {'evidence_statement': 'The Registry was implemented to display, evaluate, and improve wait-time data and to support monitoring, steering, and organizational learning.', 'node_name': 'digital wait time registry', 'category': 'Technology-enable Practice', 'node_id': 'c227M01N16'}}, {'rel': ({'evidence_statement': 'The Registry was implemented to display, evaluate, and improve wait-time data and to support monitoring, steering, and organizational learning.', 'node_name': 'digital wait time registry', 'category': 'Technology-enable Practice', 'node_id': 'c227M01N16'}, 'be_constrained_by', {'evidence_statement': 'Respondents described registrations and appointment offers that made waiting times appear shorter without correcting the underlying situation.', 'node_name': 'data manipulation', 'category': 'Limitation', 'node_id': 'c227M01N37'}), 'dst_node': {'evidence_statement': 'Respondents described registrations and appointment offers that made waiting times appear shorter without correcting the underlying situation.', 'node_name': 'data manipulation', 'category': 'Limitation', 'node_id': 'c227M01N37'}, 'src_node': {'evidence_statement': 'The Registry was implemented to display, evaluate, and improve wait-time data and to support monitoring, steering, and organizational learning.', 'node_name': 'digital wait time registry', 'category': 'Technology-enable Practice', 'node_id': 'c227M01N16'}}, {'rel': ({'evidence_statement': 'The Registry was implemented to display, evaluate, and improve wait-time data and to support monitoring, steering, and organizational learning.', 'node_name': 'digital wait time registry', 'category': 'Technology-enable Practice', 'node_id': 'c227M01N16'}, 'be_constrained_by', {'evidence_statement': ""[The Registry] is very... not very reliable, it's very bad, so healthcare providers don't report, they report wrongly, so many numbers don't seem to match."", 'node_name': 'Registry data unreliability and manipulation', 'category': 'Limitation', 'node_id': 'c227M02N37'}), 'dst_node': {'evidence_statement': ""[The Registry] is very... not very reliable, it's very bad, so healthcare providers don't report, they report wrongly, so many numbers don't seem to match."", 'node_name': 'Registry data unreliability and manipulation', 'category': 'Limitation', 'node_id': 'c227M02N37'}, 'src_node': {'evidence_statement': 'The Registry was implemented to display, evaluate, and improve wait-time data and to support monitoring, steering, and organizational learning.', 'node_name': 'digital wait time registry', 'category': 'Technology-enable Practice', 'node_id': 'c227M01N16'}}, {'rel': ({'evidence_statement': 'The Registry was implemented to display, evaluate, and improve wait-time data and to support monitoring, steering, and organizational learning.', 'node_name': 'digital wait time registry', 'category': 'Technology-enable Practice', 'node_id': 'c227M01N16'}, 'be_constrained_by', {'evidence_statement': 'Respondents claimed that they were incapable of engaging in such work because of lack of expertise, time constraints, or the task not being part of their role description.', 'node_name': 'Perceived analytical incapacity among staff', 'category': 'Limitation', 'node_id': 'c227M02N38'}), 'dst_node': {'evidence_statement': 'Respondents claimed that they were incapable of engaging in such work because of lack of expertise, time constraints, or the task not being part of their role description.', 'node_name': 'Perceived analytical incapacity among staff', 'category': 'Limitation', 'node_id': 'c227M02N38'}, 'src_node': {'evidence_statement': 'The Registry was implemented to display, evaluate, and improve wait-time data and to support monitoring, steering, and organizational learning.', 'node_name': 'digital wait time registry', 'category': 'Technology-enable Practice', 'node_id': 'c227M01N16'}}, {'rel': ({'evidence_statement': 'The Registry was implemented to display, evaluate, and improve wait-time data and to support monitoring, steering, and organizational learning.', 'node_name': 'digital wait time registry', 'category': 'Technology-enable Practice', 'node_id': 'c227M01N16'}, 'be_constrained_by', {'evidence_statement': ""Respondents references to things being 'pointless,' as things would not change anyway; hence, there was no reason to try to do something about noted problems."", 'node_name': 'Belief in systemic stagnation and futility', 'category': 'Limitation', 'node_id': 'c227M02N39'}), 'dst_node': {'evidence_statement': ""Respondents references to things being 'pointless,' as things would not change anyway; hence, there was no reason to try to do something about noted problems."", 'node_name': 'Belief in systemic stagnation and futility', 'category': 'Limitation', 'node_id': 'c227M02N39'}, 'src_node': {'evidence_statement': 'The Registry was implemented to display, evaluate, and improve wait-time data and to support monitoring, steering, and organizational learning.', 'node_name': 'digital wait time registry', 'category': 'Technology-enable Practice', 'node_id': 'c227M01N16'}}, {'rel': ({'evidence_statement': 'The Registry was implemented to display, evaluate, and improve wait-time data and to support monitoring, steering, and organizational learning.', 'node_name': 'digital wait time registry', 'category': 'Technology-enable Practice', 'node_id': 'c227M01N16'}, 'be_constrained_by', {'evidence_statement': 'Care managers were reluctant to suggest new or modified measurements or to voice concerns about current ones, saying that it would lead to a greater administrative or care production burden.', 'node_name': 'Administrative burden from Registry engagement', 'category': 'Limitation', 'node_id': 'c227M02N40'}), 'dst_node': {'evidence_statement': 'Care managers were reluctant to suggest new or modified measurements or to voice concerns about current ones, saying that it would lead to a greater administrative or care production burden.', 'node_name': 'Administrative burden from Registry engagement', 'category': 'Limitation', 'node_id': 'c227M02N40'}, 'src_node': {'evidence_statement': 'The Registry was implemented to display, evaluate, and improve wait-time data and to support monitoring, steering, and organizational learning.', 'node_name': 'digital wait time registry', 'category': 'Technology-enable Practice', 'node_id': 'c227M01N16'}}, {'rel': ({'evidence_statement': 'The Registry was implemented to display, evaluate, and improve wait-time data and to support monitoring, steering, and organizational learning.', 'node_name': 'digital wait time registry', 'category': 'Technology-enable Practice', 'node_id': 'c227M01N16'}, 'be_constrained_by', {'evidence_statement': ""The individuals' ignoring justifications constituted a key mechanism in producing this systemic passivity by obstructing the activities involved in knowledge transfer."", 'node_name': 'Collective passivity toward Registry data', 'category': 'Limitation', 'node_id': 'c227M02N41'}), 'dst_node': {'evidence_statement': ""The individuals' ignoring justifications constituted a key mechanism in producing this systemic passivity by obstructing the activities involved in knowledge transfer."", 'node_name': 'Collective passivity toward Registry data', 'category': 'Limitation', 'node_id': 'c227M02N41'}, 'src_node': {'evidence_statement': 'The Registry was implemented to display, evaluate, and improve wait-time data and to support monitoring, steering, and organizational learning.', 'node_name': 'digital wait time registry', 'category': 'Technology-enable Practice', 'node_id': 'c227M01N16'}}, {'rel': ({'evidence_statement': 'The Registry was implemented to display, evaluate, and improve wait-time data and to support monitoring, steering, and organizational learning.', 'node_name': 'digital wait time registry', 'category': 'Technology-enable Practice', 'node_id': 'c227M01N16'}, 'be_constrained_by', {'evidence_statement': 'We approached the case as illustrating strategic ignoring rather than mere non-use of a DT.', 'node_name': 'Strategic ignoring of Registry insights', 'category': 'Limitation', 'node_id': 'c227M02N42'}), 'dst_node': {'evidence_statement': 'We approached the case as illustrating strategic ignoring rather than mere non-use of a DT.', 'node_name': 'Strategic ignoring of Registry insights', 'category': 'Limitation', 'node_id': 'c227M02N42'}, 'src_node': {'evidence_statement': 'The Registry was implemented to display, evaluate, and improve wait-time data and to support monitoring, steering, and organizational learning.', 'node_name': 'digital wait time registry', 'category': 'Technology-enable Practice', 'node_id': 'c227M01N16'}}, {'rel': ({'evidence_statement': 'Some care units developed parallel local systems and used them for analyses intended to improve wait times.', 'node_name': 'parallel, local digital systems', 'category': 'Technology-enable Practice', 'node_id': 'c227M01N17'}, 'be_constrained_by', {'evidence_statement': 'Local systems enabled local analysis but replaced efforts to communicate and correct Registry-wide deficiencies.', 'node_name': 'failure to address system-wide problems', 'category': 'Limitation', 'node_id': 'c227M01N36'}), 'dst_node': {'evidence_statement': 'Local systems enabled local analysis but replaced efforts to communicate and correct Registry-wide deficiencies.', 'node_name': 'failure to address system-wide problems', 'category': 'Limitation', 'node_id': 'c227M01N36'}, 'src_node': {'evidence_statement': 'Some care units developed parallel local systems and used them for analyses intended to improve wait times.', 'node_name': 'parallel, local digital systems', 'category': 'Technology-enable Practice', 'node_id': 'c227M01N17'}}]}]"
c227DS01Q17,mitigate or at least resolve,Which limitations technology‑enable practices mitigate or at least resolve?,2,"MATCH (p:TechnologyenablePractice)-[r:mitigate|resolve]->(l:Limitation)
WITH COLLECT({src_node:p, rel: r, dst_node: l}) AS obj
RETURN DISTINCT obj",Not Mentioned,[{'obj': []}]
c227DS01Q18,complement,Which traditional human-central practices  technology‑enable practices complement?,2,"MATCH (p:TechnologyenablePractice)-[r:complement]->(t:TraditionalHumancentralPractice)
WITH COLLECT({src_node:p, rel: r, dst_node: t}) AS obj
RETURN DISTINCT obj",Local parallel digital tracking systems complement local administrative shortcut practices.,"[{'obj': [{'rel': ({'evidence_statement': 'Some care units further developed parallel, local digital systems instead of voicing concerns about and suggesting ways of addressing flaws in the Registry.', 'node_name': 'Local parallel digital tracking systems', 'category': 'Technology-enable Practice', 'node_id': 'c227M02N26'}, 'complement', {'evidence_statement': 'Rather than trying to explore and communicate this systemic problem further, the respondents would use a local, administrative shortcut.', 'node_name': 'Local administrative shortcut practices', 'category': 'Traditional Human-central Practice', 'node_id': 'c227M02N21'}), 'dst_node': {'evidence_statement': 'Rather than trying to explore and communicate this systemic problem further, the respondents would use a local, administrative shortcut.', 'node_name': 'Local administrative shortcut practices', 'category': 'Traditional Human-central Practice', 'node_id': 'c227M02N21'}, 'src_node': {'evidence_statement': 'Some care units further developed parallel, local digital systems instead of voicing concerns about and suggesting ways of addressing flaws in the Registry.', 'node_name': 'Local parallel digital tracking systems', 'category': 'Technology-enable Practice', 'node_id': 'c227M02N26'}}]}]"
c227DS01Q19,cannot_fully_replace,Which traditional human-central practice technology-enable practice cannot replace fully?,3,"MATCH (p:TechnologyenablePractice)-[r:cannot_fully_replace]->(t:TraditionalHumancentralPractice)
WITH COLLECT({src_node:p, rel: r, dst_node: t}) AS obj
RETURN DISTINCT obj",Not Mentioned,[{'obj': []}]
c227DS01Q20,be_difficult_to_capture_due_to,Which limitations make tacit knowledge difficult to capture?,3,"MATCH (tk:TacitKnowledge)-[r:be_difficult_to_capture_due_to]-(l:Limitation)
WITH COLLECT({src_node:tk, rel: r, dst_node: l}) AS obj
RETURN DISTINCT obj","Insufficient data quality, two-month-old statistics, insufficiently detailed data, limited support for context analysis and communication, lack of expertise, time constraints, patterned non-use of Registry data, collective passivity, failure to address system-wide problems, Registry data unreliability and manipulation.","[{'obj': [{'rel': ({'evidence_statement': 'Some respondents accessed Registry data and acquired knowledge identifying long wait times.', 'node_name': 'knowledge of long wait times', 'category': 'Tacit Knowledge', 'node_id': 'c227M01N05'}, 'be_difficult_to_capture_due_to', {'evidence_statement': 'The evaluation found uncertainty about data quality, and Registry data were described as flawed because of insufficient or incorrect reporting.', 'node_name': 'insufficient data quality', 'category': 'Limitation', 'node_id': 'c227M01N27'}), 'dst_node': {'evidence_statement': 'The evaluation found uncertainty about data quality, and Registry data were described as flawed because of insufficient or incorrect reporting.', 'node_name': 'insufficient data quality', 'category': 'Limitation', 'node_id': 'c227M01N27'}, 'src_node': {'evidence_statement': 'Some respondents accessed Registry data and acquired knowledge identifying long wait times.', 'node_name': 'knowledge of long wait times', 'category': 'Tacit Knowledge', 'node_id': 'c227M01N05'}}, {'rel': ({'evidence_statement': 'Some respondents accessed Registry data and acquired knowledge identifying long wait times.', 'node_name': 'knowledge of long wait times', 'category': 'Tacit Knowledge', 'node_id': 'c227M01N05'}, 'be_difficult_to_capture_due_to', {'evidence_statement': 'Care managers described the latest available statistics as two months old.', 'node_name': 'two-month-old statistics', 'category': 'Limitation', 'node_id': 'c227M01N28'}), 'dst_node': {'evidence_statement': 'Care managers described the latest available statistics as two months old.', 'node_name': 'two-month-old statistics', 'category': 'Limitation', 'node_id': 'c227M01N28'}, 'src_node': {'evidence_statement': 'Some respondents accessed Registry data and acquired knowledge identifying long wait times.', 'node_name': 'knowledge of long wait times', 'category': 'Tacit Knowledge', 'node_id': 'c227M01N05'}}, {'rel': ({'evidence_statement': 'Some respondents accessed Registry data and acquired knowledge identifying long wait times.', 'node_name': 'knowledge of long wait times', 'category': 'Tacit Knowledge', 'node_id': 'c227M01N05'}, 'be_difficult_to_capture_due_to', {'evidence_statement': 'Regional staff considered some Registry data insufficiently detailed to be actionable.', 'node_name': 'insufficiently detailed data', 'category': 'Limitation', 'node_id': 'c227M01N29'}), 'dst_node': {'evidence_statement': 'Regional staff considered some Registry data insufficiently detailed to be actionable.', 'node_name': 'insufficiently detailed data', 'category': 'Limitation', 'node_id': 'c227M01N29'}, 'src_node': {'evidence_statement': 'Some respondents accessed Registry data and acquired knowledge identifying long wait times.', 'node_name': 'knowledge of long wait times', 'category': 'Tacit Knowledge', 'node_id': 'c227M01N05'}}, {'rel': ({'evidence_statement': 'Some respondents accessed Registry data and acquired knowledge identifying long wait times.', 'node_name': 'knowledge of long wait times', 'category': 'Tacit Knowledge', 'node_id': 'c227M01N05'}, 'be_difficult_to_capture_due_to', {'evidence_statement': 'The system merely displayed data and did not support context analysis or communication through digital forums.', 'node_name': 'limited support for context analysis and communication', 'category': 'Limitation', 'node_id': 'c227M01N30'}), 'dst_node': {'evidence_statement': 'The system merely displayed data and did not support context analysis or communication through digital forums.', 'node_name': 'limited support for context analysis and communication', 'category': 'Limitation', 'node_id': 'c227M01N30'}, 'src_node': {'evidence_statement': 'Some respondents accessed Registry data and acquired knowledge identifying long wait times.', 'node_name': 'knowledge of long wait times', 'category': 'Tacit Knowledge', 'node_id': 'c227M01N05'}}, {'rel': ({'evidence_statement': 'Some respondents accessed Registry data and acquired knowledge identifying long wait times.', 'node_name': 'knowledge of long wait times', 'category': 'Tacit Knowledge', 'node_id': 'c227M01N05'}, 'be_difficult_to_capture_due_to', {'evidence_statement': 'Respondents claimed that insufficient expertise prevented them from selecting standards and interpreting wait-time results.', 'node_name': 'lack of expertise', 'category': 'Limitation', 'node_id': 'c227M01N31'}), 'dst_node': {'evidence_statement': 'Respondents claimed that insufficient expertise prevented them from selecting standards and interpreting wait-time results.', 'node_name': 'lack of expertise', 'category': 'Limitation', 'node_id': 'c227M01N31'}, 'src_node': {'evidence_statement': 'Some respondents accessed Registry data and acquired knowledge identifying long wait times.', 'node_name': 'knowledge of long wait times', 'category': 'Tacit Knowledge', 'node_id': 'c227M01N05'}}, {'rel': ({'evidence_statement': 'Some respondents accessed Registry data and acquired knowledge identifying long wait times.', 'node_name': 'knowledge of long wait times', 'category': 'Tacit Knowledge', 'node_id': 'c227M01N05'}, 'be_difficult_to_capture_due_to', {'evidence_statement': 'Respondents said they lacked time to judge acceptable attainment and analyze Registry results.', 'node_name': 'time constraints', 'category': 'Limitation', 'node_id': 'c227M01N32'}), 'dst_node': {'evidence_statement': 'Respondents said they lacked time to judge acceptable attainment and analyze Registry results.', 'node_name': 'time constraints', 'category': 'Limitation', 'node_id': 'c227M01N32'}, 'src_node': {'evidence_statement': 'Some respondents accessed Registry data and acquired knowledge identifying long wait times.', 'node_name': 'knowledge of long wait times', 'category': 'Tacit Knowledge', 'node_id': 'c227M01N05'}}, {'rel': ({'evidence_statement': 'Some respondents accessed Registry data and acquired knowledge identifying long wait times.', 'node_name': 'knowledge of long wait times', 'category': 'Tacit Knowledge', 'node_id': 'c227M01N05'}, 'be_difficult_to_capture_due_to', {'evidence_statement': 'Target users displayed patterned disinterest and often did not access, interpret, or react to Registry data.', 'node_name': 'patterned non-use of Registry data', 'category': 'Limitation', 'node_id': 'c227M01N34'}), 'dst_node': {'evidence_statement': 'Target users displayed patterned disinterest and often did not access, interpret, or react to Registry data.', 'node_name': 'patterned non-use of Registry data', 'category': 'Limitation', 'node_id': 'c227M01N34'}, 'src_node': {'evidence_statement': 'Some respondents accessed Registry data and acquired knowledge identifying long wait times.', 'node_name': 'knowledge of long wait times', 'category': 'Tacit Knowledge', 'node_id': 'c227M01N05'}}, {'rel': ({'evidence_statement': 'Some respondents accessed Registry data and acquired knowledge identifying long wait times.', 'node_name': 'knowledge of long wait times', 'category': 'Tacit Knowledge', 'node_id': 'c227M01N05'}, 'be_difficult_to_capture_due_to', {'evidence_statement': 'Individual ignoring justifications accumulated into collective passivity and obstructed knowledge-transfer activities.', 'node_name': 'collective passivity', 'category': 'Limitation', 'node_id': 'c227M01N35'}), 'dst_node': {'evidence_statement': 'Individual ignoring justifications accumulated into collective passivity and obstructed knowledge-transfer activities.', 'node_name': 'collective passivity', 'category': 'Limitation', 'node_id': 'c227M01N35'}, 'src_node': {'evidence_statement': 'Some respondents accessed Registry data and acquired knowledge identifying long wait times.', 'node_name': 'knowledge of long wait times', 'category': 'Tacit Knowledge', 'node_id': 'c227M01N05'}}, {'rel': ({'evidence_statement': 'Some respondents accessed Registry data and acquired knowledge identifying long wait times.', 'node_name': 'knowledge of long wait times', 'category': 'Tacit Knowledge', 'node_id': 'c227M01N05'}, 'be_difficult_to_capture_due_to', {'evidence_statement': 'Local systems enabled local analysis but replaced efforts to communicate and correct Registry-wide deficiencies.', 'node_name': 'failure to address system-wide problems', 'category': 'Limitation', 'node_id': 'c227M01N36'}), 'dst_node': {'evidence_statement': 'Local systems enabled local analysis but replaced efforts to communicate and correct Registry-wide deficiencies.', 'node_name': 'failure to address system-wide problems', 'category': 'Limitation', 'node_id': 'c227M01N36'}, 'src_node': {'evidence_statement': 'Some respondents accessed Registry data and acquired knowledge identifying long wait times.', 'node_name': 'knowledge of long wait times', 'category': 'Tacit Knowledge', 'node_id': 'c227M01N05'}}, {'rel': ({'evidence_statement': ""Actors recognized Registry flaws, but knowledge that could support improvement remained hidden in system actors' minds or was not utilized."", 'node_name': 'knowledge of Registry design flaws', 'category': 'Tacit Knowledge', 'node_id': 'c227M01N06'}, 'be_difficult_to_capture_due_to', {'evidence_statement': 'Target users displayed patterned disinterest and often did not access, interpret, or react to Registry data.', 'node_name': 'patterned non-use of Registry data', 'category': 'Limitation', 'node_id': 'c227M01N34'}), 'dst_node': {'evidence_statement': 'Target users displayed patterned disinterest and often did not access, interpret, or react to Registry data.', 'node_name': 'patterned non-use of Registry data', 'category': 'Limitation', 'node_id': 'c227M01N34'}, 'src_node': {'evidence_statement': ""Actors recognized Registry flaws, but knowledge that could support improvement remained hidden in system actors' minds or was not utilized."", 'node_name': 'knowledge of Registry design flaws', 'category': 'Tacit Knowledge', 'node_id': 'c227M01N06'}}, {'rel': ({'evidence_statement': ""Actors recognized Registry flaws, but knowledge that could support improvement remained hidden in system actors' minds or was not utilized."", 'node_name': 'knowledge of Registry design flaws', 'category': 'Tacit Knowledge', 'node_id': 'c227M01N06'}, 'be_difficult_to_capture_due_to', {'evidence_statement': 'Individual ignoring justifications accumulated into collective passivity and obstructed knowledge-transfer activities.', 'node_name': 'collective passivity', 'category': 'Limitation', 'node_id': 'c227M01N35'}), 'dst_node': {'evidence_statement': 'Individual ignoring justifications accumulated into collective passivity and obstructed knowledge-transfer activities.', 'node_name': 'collective passivity', 'category': 'Limitation', 'node_id': 'c227M01N35'}, 'src_node': {'evidence_statement': ""Actors recognized Registry flaws, but knowledge that could support improvement remained hidden in system actors' minds or was not utilized."", 'node_name': 'knowledge of Registry design flaws', 'category': 'Tacit Knowledge', 'node_id': 'c227M01N06'}}, {'rel': ({'evidence_statement': ""Actors recognized Registry flaws, but knowledge that could support improvement remained hidden in system actors' minds or was not utilized."", 'node_name': 'knowledge of Registry design flaws', 'category': 'Tacit Knowledge', 'node_id': 'c227M01N06'}, 'be_difficult_to_capture_due_to', {'evidence_statement': 'Local systems enabled local analysis but replaced efforts to communicate and correct Registry-wide deficiencies.', 'node_name': 'failure to address system-wide problems', 'category': 'Limitation', 'node_id': 'c227M01N36'}), 'dst_node': {'evidence_statement': 'Local systems enabled local analysis but replaced efforts to communicate and correct Registry-wide deficiencies.', 'node_name': 'failure to address system-wide problems', 'category': 'Limitation', 'node_id': 'c227M01N36'}, 'src_node': {'evidence_statement': ""Actors recognized Registry flaws, but knowledge that could support improvement remained hidden in system actors' minds or was not utilized."", 'node_name': 'knowledge of Registry design flaws', 'category': 'Tacit Knowledge', 'node_id': 'c227M01N06'}}, {'rel': ({'evidence_statement': ""Transforming wait time results into meaningful information required the categorization of specific results as either being within acceptable intervals or as being 'too long.'"", 'node_name': 'Data interpretation competency for wait time metrics', 'category': 'Tacit Knowledge', 'node_id': 'c227M02N07'}, 'be_difficult_to_capture_due_to', {'evidence_statement': ""[The Registry] is very... not very reliable, it's very bad, so healthcare providers don't report, they report wrongly, so many numbers don't seem to match."", 'node_name': 'Registry data unreliability and manipulation', 'category': 'Limitation', 'node_id': 'c227M02N37'}), 'dst_node': {'evidence_statement': ""[The Registry] is very... not very reliable, it's very bad, so healthcare providers don't report, they report wrongly, so many numbers don't seem to match."", 'node_name': 'Registry data unreliability and manipulation', 'category': 'Limitation', 'node_id': 'c227M02N37'}, 'src_node': {'evidence_statement': ""Transforming wait time results into meaningful information required the categorization of specific results as either being within acceptable intervals or as being 'too long.'"", 'node_name': 'Data interpretation competency for wait time metrics', 'category': 'Tacit Knowledge', 'node_id': 'c227M02N07'}}]}]"
c227DS02Q01,RQ1: What emerging technologies are adopted and how they support tacit knowledge capture and retention?,"What's the mechanism of each technology-enable practice?  introduce this from multiple perspectives: firstly, explain which digital technologies are adopted by these practice, then find which tacit knowledge were captured by these practices, subsequently dig out all potential  relations between these practices with knowledge holders, knowledge learners, organisational dependency, environmental dependency, and limitation. Finally, you should summrise the mechanism based on the evidence mentioned above.",1,"MATCH (tep:TechnologyenablePractice)-[r:adopt]->(dt:DigitalTechnology)
WITH tep, COLLECT({src_node:tep, rel: r, dst_node: dt}) AS adoptions

// 1. 捕获 TacitKnowledge (be_captured_by) -> 生成 tk_list
OPTIONAL MATCH (tk:TacitKnowledge)-[r:be_captured_by|be_transferred_by|evaluate]-(tep)
WITH tep, adoptions, 
     COLLECT({src_node:tk, rel: r, dst_node: tep}) AS capturedBy,
     COLLECT(DISTINCT tk) AS tk_list

// 4. 捕获 OrganizationalDependency (depend_on) -> 生成 od_list
OPTIONAL MATCH (tep)-[r:depend_on]->(d:OrganizationalDependency|EnvironmentalDependency)
WITH tep, adoptions, capturedBy, 
     COLLECT({src_node:tep, rel: r, dst_node: d}) AS depends

// 5. 捕获 Limitation (be_constrained_by) -> 生成 lim_list
OPTIONAL MATCH (tep)-[r:be_constrained_by]->(lim:Limitation)
WITH tep, adoptions, capturedBy, depends,
     COLLECT({src_node:tep, rel: r, dst_node: lim}) AS constraints,
     COLLECT(DISTINCT lim) AS lim_list

// 8. 捕获 mitigates (tep -[:mitigate]-> lim)
//    限定 lim_mit 必须在 lim_list 中
OPTIONAL MATCH (tep)-[r:mitigate]->(lim_mit:Limitation)
WHERE lim_mit IN lim_list
WITH tep, adoptions, capturedBy, depends, constraints, 
     COLLECT({src_node:tep, rel: r, dst_node: lim_mit}) AS mitigates

RETURN adoptions,
       capturedBy,
       depends,
       constraints,
       mitigates","The digital wait time registry practice adopts electronic medical records, report generator interface, web browsers, and Registry software platform. It captures tacit knowledge related to wait-time data display, evaluation, and improvement. It depends on Swedish legislation, management commitment, staff training, time allocation, organizational culture, and governance policies. It is constrained by insufficient data quality, outdated statistics, lack of expertise, time constraints, patterned non-use, collective passivity, data manipulation, unreliability, perceived analytical incapacity, belief in futility, administrative burden, and strategic ignoring. The parallel local digital systems practice adopts local data files and is constrained by failure to address system-wide problems. The mechanism involves technology-enabled data collection and display, but organizational and environmental dependencies and limitations lead to strategic ignoring and collective passivity, hindering knowledge transfer and improvement.","[{'adoptions': [{'rel': ({'evidence_statement': 'The Registry was implemented to display, evaluate, and improve wait-time data and to support monitoring, steering, and organizational learning.', 'node_name': 'digital wait time registry', 'category': 'Technology-enable Practice', 'node_id': 'c227M01N16'}, 'adopt', {'evidence_statement': 'Registry data were normally extracted automatically from electronic medical records.', 'node_name': 'electronic medical records', 'category': 'Digital Technology', 'node_id': 'c227M01N19'}), 'dst_node': {'evidence_statement': 'Registry data were normally extracted automatically from electronic medical records.', 'node_name': 'electronic medical records', 'category': 'Digital Technology', 'node_id': 'c227M01N19'}, 'src_node': {'evidence_statement': 'The Registry was implemented to display, evaluate, and improve wait-time data and to support monitoring, steering, and organizational learning.', 'node_name': 'digital wait time registry', 'category': 'Technology-enable Practice', 'node_id': 'c227M01N16'}}, {'rel': ({'evidence_statement': 'The Registry was implemented to display, evaluate, and improve wait-time data and to support monitoring, steering, and organizational learning.', 'node_name': 'digital wait time registry', 'category': 'Technology-enable Practice', 'node_id': 'c227M01N16'}, 'adopt', {'evidence_statement': 'The interface showed numbers of waiting patients by queue, waiting duration, and registered reason.', 'node_name': 'report generator interface', 'category': 'Digital Technology', 'node_id': 'c227M01N20'}), 'dst_node': {'evidence_statement': 'The interface showed numbers of waiting patients by queue, waiting duration, and registered reason.', 'node_name': 'report generator interface', 'category': 'Digital Technology', 'node_id': 'c227M01N20'}, 'src_node': {'evidence_statement': 'The Registry was implemented to display, evaluate, and improve wait-time data and to support monitoring, steering, and organizational learning.', 'node_name': 'digital wait time registry', 'category': 'Technology-enable Practice', 'node_id': 'c227M01N16'}}, {'rel': ({'evidence_statement': 'The Registry was implemented to display, evaluate, and improve wait-time data and to support monitoring, steering, and organizational learning.', 'node_name': 'digital wait time registry', 'category': 'Technology-enable Practice', 'node_id': 'c227M01N16'}, 'adopt', {'evidence_statement': 'Aggregated Registry information was displayed through digital interfaces searchable through web browsers.', 'node_name': 'web browsers', 'category': 'Digital Technology', 'node_id': 'c227M01N21'}), 'dst_node': {'evidence_statement': 'Aggregated Registry information was displayed through digital interfaces searchable through web browsers.', 'node_name': 'web browsers', 'category': 'Digital Technology', 'node_id': 'c227M01N21'}, 'src_node': {'evidence_statement': 'The Registry was implemented to display, evaluate, and improve wait-time data and to support monitoring, steering, and organizational learning.', 'node_name': 'digital wait time registry', 'category': 'Technology-enable Practice', 'node_id': 'c227M01N16'}}, {'rel': ({'evidence_statement': 'The Registry was implemented to display, evaluate, and improve wait-time data and to support monitoring, steering, and organizational learning.', 'node_name': 'digital wait time registry', 'category': 'Technology-enable Practice', 'node_id': 'c227M01N16'}, 'adopt', {'evidence_statement': ""The case concerned the (non)use of the digital wait time registry (hereafter 'the Registry') implemented in the Stockholm Region."", 'node_name': 'Registry software platform', 'category': 'Digital Technology', 'node_id': 'c227M02N27'}), 'dst_node': {'evidence_statement': ""The case concerned the (non)use of the digital wait time registry (hereafter 'the Registry') implemented in the Stockholm Region."", 'node_name': 'Registry software platform', 'category': 'Digital Technology', 'node_id': 'c227M02N27'}, 'src_node': {'evidence_statement': 'The Registry was implemented to display, evaluate, and improve wait-time data and to support monitoring, steering, and organizational learning.', 'node_name': 'digital wait time registry', 'category': 'Technology-enable Practice', 'node_id': 'c227M01N16'}}], 'capturedBy': [{'rel': None, 'dst_node': {'evidence_statement': 'The Registry was implemented to display, evaluate, and improve wait-time data and to support monitoring, steering, and organizational learning.', 'node_name': 'digital wait time registry', 'category': 'Technology-enable Practice', 'node_id': 'c227M01N16'}, 'src_node': None}], 'depends': [{'rel': ({'evidence_statement': 'The Registry was implemented to display, evaluate, and improve wait-time data and to support monitoring, steering, and organizational learning.', 'node_name': 'digital wait time registry', 'category': 'Technology-enable Practice', 'node_id': 'c227M01N16'}, 'depend_on', {'evidence_statement': ""Swedish legislation mandated patients' right to assessment and intervention within specified time limits."", 'node_name': 'Swedish legislation mandating the wait time guarantee', 'category': 'Environmental Dependency', 'node_id': 'c227M01N24'}), 'dst_node': {'evidence_statement': ""Swedish legislation mandated patients' right to assessment and intervention within specified time limits."", 'node_name': 'Swedish legislation mandating the wait time guarantee', 'category': 'Environmental Dependency', 'node_id': 'c227M01N24'}, 'src_node': {'evidence_statement': 'The Registry was implemented to display, evaluate, and improve wait-time data and to support monitoring, steering, and organizational learning.', 'node_name': 'digital wait time registry', 'category': 'Technology-enable Practice', 'node_id': 'c227M01N16'}}, {'rel': ({'evidence_statement': 'The Registry was implemented to display, evaluate, and improve wait-time data and to support monitoring, steering, and organizational learning.', 'node_name': 'digital wait time registry', 'category': 'Technology-enable Practice', 'node_id': 'c227M01N16'}, 'depend_on', {'evidence_statement': 'Among the internal management, the view was that the old system had greater issues of quality, but the current system displayed the correct wait times and, hence, was successful.', 'node_name': 'Management commitment to Registry use', 'category': 'Organizational Dependency', 'node_id': 'c227M02N30'}), 'dst_node': {'evidence_statement': 'Among the internal management, the view was that the old system had greater issues of quality, but the current system displayed the correct wait times and, hence, was successful.', 'node_name': 'Management commitment to Registry use', 'category': 'Organizational Dependency', 'node_id': 'c227M02N30'}, 'src_node': {'evidence_statement': 'The Registry was implemented to display, evaluate, and improve wait-time data and to support monitoring, steering, and organizational learning.', 'node_name': 'digital wait time registry', 'category': 'Technology-enable Practice', 'node_id': 'c227M01N16'}}, {'rel': ({'evidence_statement': 'The Registry was implemented to display, evaluate, and improve wait-time data and to support monitoring, steering, and organizational learning.', 'node_name': 'digital wait time registry', 'category': 'Technology-enable Practice', 'node_id': 'c227M01N16'}, 'depend_on', {'evidence_statement': 'A care manager referred to how clinic administrators needed to be educated to act in a meaningful manner.', 'node_name': 'Staff training on Registry interpretation', 'category': 'Organizational Dependency', 'node_id': 'c227M02N31'}), 'dst_node': {'evidence_statement': 'A care manager referred to how clinic administrators needed to be educated to act in a meaningful manner.', 'node_name': 'Staff training on Registry interpretation', 'category': 'Organizational Dependency', 'node_id': 'c227M02N31'}, 'src_node': {'evidence_statement': 'The Registry was implemented to display, evaluate, and improve wait-time data and to support monitoring, steering, and organizational learning.', 'node_name': 'digital wait time registry', 'category': 'Technology-enable Practice', 'node_id': 'c227M01N16'}}, {'rel': ({'evidence_statement': 'The Registry was implemented to display, evaluate, and improve wait-time data and to support monitoring, steering, and organizational learning.', 'node_name': 'digital wait time registry', 'category': 'Technology-enable Practice', 'node_id': 'c227M01N16'}, 'depend_on', {'evidence_statement': 'Compliance officers claimed they lacked ability and time to judge acceptable levels of attainment for the wait time guarantee.', 'node_name': 'Time allocation for data analysis', 'category': 'Organizational Dependency', 'node_id': 'c227M02N32'}), 'dst_node': {'evidence_statement': 'Compliance officers claimed they lacked ability and time to judge acceptable levels of attainment for the wait time guarantee.', 'node_name': 'Time allocation for data analysis', 'category': 'Organizational Dependency', 'node_id': 'c227M02N32'}, 'src_node': {'evidence_statement': 'The Registry was implemented to display, evaluate, and improve wait-time data and to support monitoring, steering, and organizational learning.', 'node_name': 'digital wait time registry', 'category': 'Technology-enable Practice', 'node_id': 'c227M01N16'}}, {'rel': ({'evidence_statement': 'The Registry was implemented to display, evaluate, and improve wait-time data and to support monitoring, steering, and organizational learning.', 'node_name': 'digital wait time registry', 'category': 'Technology-enable Practice', 'node_id': 'c227M01N16'}, 'depend_on', {'evidence_statement': 'We in fact noted a patterned disinterest in it. The target users further provided a set of justifications for not using the DT or reacting to the information it provided.', 'node_name': 'Organizational culture of data engagement', 'category': 'Organizational Dependency', 'node_id': 'c227M02N33'}), 'dst_node': {'evidence_statement': 'We in fact noted a patterned disinterest in it. The target users further provided a set of justifications for not using the DT or reacting to the information it provided.', 'node_name': 'Organizational culture of data engagement', 'category': 'Organizational Dependency', 'node_id': 'c227M02N33'}, 'src_node': {'evidence_statement': 'The Registry was implemented to display, evaluate, and improve wait-time data and to support monitoring, steering, and organizational learning.', 'node_name': 'digital wait time registry', 'category': 'Technology-enable Practice', 'node_id': 'c227M01N16'}}, {'rel': ({'evidence_statement': 'The Registry was implemented to display, evaluate, and improve wait-time data and to support monitoring, steering, and organizational learning.', 'node_name': 'digital wait time registry', 'category': 'Technology-enable Practice', 'node_id': 'c227M01N16'}, 'depend_on', {'evidence_statement': ""The case concerned the (non)use of the digital wait time registry (hereafter 'the Registry') implemented in the Stockholm Region by the Stockholm Regional Council in Sweden."", 'node_name': 'Stockholm Regional Council governance policies', 'category': 'Environmental Dependency', 'node_id': 'c227M02N36'}), 'dst_node': {'evidence_statement': ""The case concerned the (non)use of the digital wait time registry (hereafter 'the Registry') implemented in the Stockholm Region by the Stockholm Regional Council in Sweden."", 'node_name': 'Stockholm Regional Council governance policies', 'category': 'Environmental Dependency', 'node_id': 'c227M02N36'}, 'src_node': {'evidence_statement': 'The Registry was implemented to display, evaluate, and improve wait-time data and to support monitoring, steering, and organizational learning.', 'node_name': 'digital wait time registry', 'category': 'Technology-enable Practice', 'node_id': 'c227M01N16'}}], 'constraints': [{'rel': ({'evidence_statement': 'The Registry was implemented to display, evaluate, and improve wait-time data and to support monitoring, steering, and organizational learning.', 'node_name': 'digital wait time registry', 'category': 'Technology-enable Practice', 'node_id': 'c227M01N16'}, 'be_constrained_by', {'evidence_statement': 'The evaluation found uncertainty about data quality, and Registry data were described as flawed because of insufficient or incorrect reporting.', 'node_name': 'insufficient data quality', 'category': 'Limitation', 'node_id': 'c227M01N27'}), 'dst_node': {'evidence_statement': 'The evaluation found uncertainty about data quality, and Registry data were described as flawed because of insufficient or incorrect reporting.', 'node_name': 'insufficient data quality', 'category': 'Limitation', 'node_id': 'c227M01N27'}, 'src_node': {'evidence_statement': 'The Registry was implemented to display, evaluate, and improve wait-time data and to support monitoring, steering, and organizational learning.', 'node_name': 'digital wait time registry', 'category': 'Technology-enable Practice', 'node_id': 'c227M01N16'}}, {'rel': ({'evidence_statement': 'The Registry was implemented to display, evaluate, and improve wait-time data and to support monitoring, steering, and organizational learning.', 'node_name': 'digital wait time registry', 'category': 'Technology-enable Practice', 'node_id': 'c227M01N16'}, 'be_constrained_by', {'evidence_statement': 'Care managers described the latest available statistics as two months old.', 'node_name': 'two-month-old statistics', 'category': 'Limitation', 'node_id': 'c227M01N28'}), 'dst_node': {'evidence_statement': 'Care managers described the latest available statistics as two months old.', 'node_name': 'two-month-old statistics', 'category': 'Limitation', 'node_id': 'c227M01N28'}, 'src_node': {'evidence_statement': 'The Registry was implemented to display, evaluate, and improve wait-time data and to support monitoring, steering, and organizational learning.', 'node_name': 'digital wait time registry', 'category': 'Technology-enable Practice', 'node_id': 'c227M01N16'}}, {'rel': ({'evidence_statement': 'The Registry was implemented to display, evaluate, and improve wait-time data and to support monitoring, steering, and organizational learning.', 'node_name': 'digital wait time registry', 'category': 'Technology-enable Practice', 'node_id': 'c227M01N16'}, 'be_constrained_by', {'evidence_statement': 'Respondents claimed that insufficient expertise prevented them from selecting standards and interpreting wait-time results.', 'node_name': 'lack of expertise', 'category': 'Limitation', 'node_id': 'c227M01N31'}), 'dst_node': {'evidence_statement': 'Respondents claimed that insufficient expertise prevented them from selecting standards and interpreting wait-time results.', 'node_name': 'lack of expertise', 'category': 'Limitation', 'node_id': 'c227M01N31'}, 'src_node': {'evidence_statement': 'The Registry was implemented to display, evaluate, and improve wait-time data and to support monitoring, steering, and organizational learning.', 'node_name': 'digital wait time registry', 'category': 'Technology-enable Practice', 'node_id': 'c227M01N16'}}, {'rel': ({'evidence_statement': 'The Registry was implemented to display, evaluate, and improve wait-time data and to support monitoring, steering, and organizational learning.', 'node_name': 'digital wait time registry', 'category': 'Technology-enable Practice', 'node_id': 'c227M01N16'}, 'be_constrained_by', {'evidence_statement': 'Respondents said they lacked time to judge acceptable attainment and analyze Registry results.', 'node_name': 'time constraints', 'category': 'Limitation', 'node_id': 'c227M01N32'}), 'dst_node': {'evidence_statement': 'Respondents said they lacked time to judge acceptable attainment and analyze Registry results.', 'node_name': 'time constraints', 'category': 'Limitation', 'node_id': 'c227M01N32'}, 'src_node': {'evidence_statement': 'The Registry was implemented to display, evaluate, and improve wait-time data and to support monitoring, steering, and organizational learning.', 'node_name': 'digital wait time registry', 'category': 'Technology-enable Practice', 'node_id': 'c227M01N16'}}, {'rel': ({'evidence_statement': 'The Registry was implemented to display, evaluate, and improve wait-time data and to support monitoring, steering, and organizational learning.', 'node_name': 'digital wait time registry', 'category': 'Technology-enable Practice', 'node_id': 'c227M01N16'}, 'be_constrained_by', {'evidence_statement': 'Target users displayed patterned disinterest and often did not access, interpret, or react to Registry data.', 'node_name': 'patterned non-use of Registry data', 'category': 'Limitation', 'node_id': 'c227M01N34'}), 'dst_node': {'evidence_statement': 'Target users displayed patterned disinterest and often did not access, interpret, or react to Registry data.', 'node_name': 'patterned non-use of Registry data', 'category': 'Limitation', 'node_id': 'c227M01N34'}, 'src_node': {'evidence_statement': 'The Registry was implemented to display, evaluate, and improve wait-time data and to support monitoring, steering, and organizational learning.', 'node_name': 'digital wait time registry', 'category': 'Technology-enable Practice', 'node_id': 'c227M01N16'}}, {'rel': ({'evidence_statement': 'The Registry was implemented to display, evaluate, and improve wait-time data and to support monitoring, steering, and organizational learning.', 'node_name': 'digital wait time registry', 'category': 'Technology-enable Practice', 'node_id': 'c227M01N16'}, 'be_constrained_by', {'evidence_statement': 'Individual ignoring justifications accumulated into collective passivity and obstructed knowledge-transfer activities.', 'node_name': 'collective passivity', 'category': 'Limitation', 'node_id': 'c227M01N35'}), 'dst_node': {'evidence_statement': 'Individual ignoring justifications accumulated into collective passivity and obstructed knowledge-transfer activities.', 'node_name': 'collective passivity', 'category': 'Limitation', 'node_id': 'c227M01N35'}, 'src_node': {'evidence_statement': 'The Registry was implemented to display, evaluate, and improve wait-time data and to support monitoring, steering, and organizational learning.', 'node_name': 'digital wait time registry', 'category': 'Technology-enable Practice', 'node_id': 'c227M01N16'}}, {'rel': ({'evidence_statement': 'The Registry was implemented to display, evaluate, and improve wait-time data and to support monitoring, steering, and organizational learning.', 'node_name': 'digital wait time registry', 'category': 'Technology-enable Practice', 'node_id': 'c227M01N16'}, 'be_constrained_by', {'evidence_statement': 'Respondents described registrations and appointment offers that made waiting times appear shorter without correcting the underlying situation.', 'node_name': 'data manipulation', 'category': 'Limitation', 'node_id': 'c227M01N37'}), 'dst_node': {'evidence_statement': 'Respondents described registrations and appointment offers that made waiting times appear shorter without correcting the underlying situation.', 'node_name': 'data manipulation', 'category': 'Limitation', 'node_id': 'c227M01N37'}, 'src_node': {'evidence_statement': 'The Registry was implemented to display, evaluate, and improve wait-time data and to support monitoring, steering, and organizational learning.', 'node_name': 'digital wait time registry', 'category': 'Technology-enable Practice', 'node_id': 'c227M01N16'}}, {'rel': ({'evidence_statement': 'The Registry was implemented to display, evaluate, and improve wait-time data and to support monitoring, steering, and organizational learning.', 'node_name': 'digital wait time registry', 'category': 'Technology-enable Practice', 'node_id': 'c227M01N16'}, 'be_constrained_by', {'evidence_statement': ""[The Registry] is very... not very reliable, it's very bad, so healthcare providers don't report, they report wrongly, so many numbers don't seem to match."", 'node_name': 'Registry data unreliability and manipulation', 'category': 'Limitation', 'node_id': 'c227M02N37'}), 'dst_node': {'evidence_statement': ""[The Registry] is very... not very reliable, it's very bad, so healthcare providers don't report, they report wrongly, so many numbers don't seem to match."", 'node_name': 'Registry data unreliability and manipulation', 'category': 'Limitation', 'node_id': 'c227M02N37'}, 'src_node': {'evidence_statement': 'The Registry was implemented to display, evaluate, and improve wait-time data and to support monitoring, steering, and organizational learning.', 'node_name': 'digital wait time registry', 'category': 'Technology-enable Practice', 'node_id': 'c227M01N16'}}, {'rel': ({'evidence_statement': 'The Registry was implemented to display, evaluate, and improve wait-time data and to support monitoring, steering, and organizational learning.', 'node_name': 'digital wait time registry', 'category': 'Technology-enable Practice', 'node_id': 'c227M01N16'}, 'be_constrained_by', {'evidence_statement': 'Respondents claimed that they were incapable of engaging in such work because of lack of expertise, time constraints, or the task not being part of their role description.', 'node_name': 'Perceived analytical incapacity among staff', 'category': 'Limitation', 'node_id': 'c227M02N38'}), 'dst_node': {'evidence_statement': 'Respondents claimed that they were incapable of engaging in such work because of lack of expertise, time constraints, or the task not being part of their role description.', 'node_name': 'Perceived analytical incapacity among staff', 'category': 'Limitation', 'node_id': 'c227M02N38'}, 'src_node': {'evidence_statement': 'The Registry was implemented to display, evaluate, and improve wait-time data and to support monitoring, steering, and organizational learning.', 'node_name': 'digital wait time registry', 'category': 'Technology-enable Practice', 'node_id': 'c227M01N16'}}, {'rel': ({'evidence_statement': 'The Registry was implemented to display, evaluate, and improve wait-time data and to support monitoring, steering, and organizational learning.', 'node_name': 'digital wait time registry', 'category': 'Technology-enable Practice', 'node_id': 'c227M01N16'}, 'be_constrained_by', {'evidence_statement': ""Respondents references to things being 'pointless,' as things would not change anyway; hence, there was no reason to try to do something about noted problems."", 'node_name': 'Belief in systemic stagnation and futility', 'category': 'Limitation', 'node_id': 'c227M02N39'}), 'dst_node': {'evidence_statement': ""Respondents references to things being 'pointless,' as things would not change anyway; hence, there was no reason to try to do something about noted problems."", 'node_name': 'Belief in systemic stagnation and futility', 'category': 'Limitation', 'node_id': 'c227M02N39'}, 'src_node': {'evidence_statement': 'The Registry was implemented to display, evaluate, and improve wait-time data and to support monitoring, steering, and organizational learning.', 'node_name': 'digital wait time registry', 'category': 'Technology-enable Practice', 'node_id': 'c227M01N16'}}, {'rel': ({'evidence_statement': 'The Registry was implemented to display, evaluate, and improve wait-time data and to support monitoring, steering, and organizational learning.', 'node_name': 'digital wait time registry', 'category': 'Technology-enable Practice', 'node_id': 'c227M01N16'}, 'be_constrained_by', {'evidence_statement': 'Care managers were reluctant to suggest new or modified measurements or to voice concerns about current ones, saying that it would lead to a greater administrative or care production burden.', 'node_name': 'Administrative burden from Registry engagement', 'category': 'Limitation', 'node_id': 'c227M02N40'}), 'dst_node': {'evidence_statement': 'Care managers were reluctant to suggest new or modified measurements or to voice concerns about current ones, saying that it would lead to a greater administrative or care production burden.', 'node_name': 'Administrative burden from Registry engagement', 'category': 'Limitation', 'node_id': 'c227M02N40'}, 'src_node': {'evidence_statement': 'The Registry was implemented to display, evaluate, and improve wait-time data and to support monitoring, steering, and organizational learning.', 'node_name': 'digital wait time registry', 'category': 'Technology-enable Practice', 'node_id': 'c227M01N16'}}, {'rel': ({'evidence_statement': 'The Registry was implemented to display, evaluate, and improve wait-time data and to support monitoring, steering, and organizational learning.', 'node_name': 'digital wait time registry', 'category': 'Technology-enable Practice', 'node_id': 'c227M01N16'}, 'be_constrained_by', {'evidence_statement': ""The individuals' ignoring justifications constituted a key mechanism in producing this systemic passivity by obstructing the activities involved in knowledge transfer."", 'node_name': 'Collective passivity toward Registry data', 'category': 'Limitation', 'node_id': 'c227M02N41'}), 'dst_node': {'evidence_statement': ""The individuals' ignoring justifications constituted a key mechanism in producing this systemic passivity by obstructing the activities involved in knowledge transfer."", 'node_name': 'Collective passivity toward Registry data', 'category': 'Limitation', 'node_id': 'c227M02N41'}, 'src_node': {'evidence_statement': 'The Registry was implemented to display, evaluate, and improve wait-time data and to support monitoring, steering, and organizational learning.', 'node_name': 'digital wait time registry', 'category': 'Technology-enable Practice', 'node_id': 'c227M01N16'}}, {'rel': ({'evidence_statement': 'The Registry was implemented to display, evaluate, and improve wait-time data and to support monitoring, steering, and organizational learning.', 'node_name': 'digital wait time registry', 'category': 'Technology-enable Practice', 'node_id': 'c227M01N16'}, 'be_constrained_by', {'evidence_statement': 'We approached the case as illustrating strategic ignoring rather than mere non-use of a DT.', 'node_name': 'Strategic ignoring of Registry insights', 'category': 'Limitation', 'node_id': 'c227M02N42'}), 'dst_node': {'evidence_statement': 'We approached the case as illustrating strategic ignoring rather than mere non-use of a DT.', 'node_name': 'Strategic ignoring of Registry insights', 'category': 'Limitation', 'node_id': 'c227M02N42'}, 'src_node': {'evidence_statement': 'The Registry was implemented to display, evaluate, and improve wait-time data and to support monitoring, steering, and organizational learning.', 'node_name': 'digital wait time registry', 'category': 'Technology-enable Practice', 'node_id': 'c227M01N16'}}], 'mitigates': [{'rel': None, 'dst_node': None, 'src_node': {'evidence_statement': 'The Registry was implemented to display, evaluate, and improve wait-time data and to support monitoring, steering, and organizational learning.', 'node_name': 'digital wait time registry', 'category': 'Technology-enable Practice', 'node_id': 'c227M01N16'}}]}, {'adoptions': [{'rel': ({'evidence_statement': 'The data in the Registry were, with few exceptions, updated daily and automatically extracted from the electronic medical records.', 'node_name': 'Electronic medical record data entry', 'category': 'Technology-enable Practice', 'node_id': 'c227M02N25'}, 'adopt', {'evidence_statement': 'Registry data were normally extracted automatically from electronic medical records.', 'node_name': 'electronic medical records', 'category': 'Digital Technology', 'node_id': 'c227M01N19'}), 'dst_node': {'evidence_statement': 'Registry data were normally extracted automatically from electronic medical records.', 'node_name': 'electronic medical records', 'category': 'Digital Technology', 'node_id': 'c227M01N19'}, 'src_node': {'evidence_statement': 'The data in the Registry were, with few exceptions, updated daily and automatically extracted from the electronic medical records.', 'node_name': 'Electronic medical record data entry', 'category': 'Technology-enable Practice', 'node_id': 'c227M02N25'}}], 'capturedBy': [{'rel': None, 'dst_node': {'evidence_statement': 'The data in the Registry were, with few exceptions, updated daily and automatically extracted from the electronic medical records.', 'node_name': 'Electronic medical record data entry', 'category': 'Technology-enable Practice', 'node_id': 'c227M02N25'}, 'src_node': None}], 'depends': [{'rel': None, 'dst_node': None, 'src_node': {'evidence_statement': 'The data in the Registry were, with few exceptions, updated daily and automatically extracted from the electronic medical records.', 'node_name': 'Electronic medical record data entry', 'category': 'Technology-enable Practice', 'node_id': 'c227M02N25'}}], 'constraints': [{'rel': None, 'dst_node': None, 'src_node': {'evidence_statement': 'The data in the Registry were, with few exceptions, updated daily and automatically extracted from the electronic medical records.', 'node_name': 'Electronic medical record data entry', 'category': 'Technology-enable Practice', 'node_id': 'c227M02N25'}}], 'mitigates': [{'rel': None, 'dst_node': None, 'src_node': {'evidence_statement': 'The data in the Registry were, with few exceptions, updated daily and automatically extracted from the electronic medical records.', 'node_name': 'Electronic medical record data entry', 'category': 'Technology-enable Practice', 'node_id': 'c227M02N25'}}]}, {'adoptions': [{'rel': ({'evidence_statement': 'An example of the report generator interface as seen by personnel at the central contractor unit or care managers that specifically asked for access.', 'node_name': 'Registry report generator usage', 'category': 'Technology-enable Practice', 'node_id': 'c227M02N24'}, 'adopt', {'evidence_statement': 'The interface showed numbers of waiting patients by queue, waiting duration, and registered reason.', 'node_name': 'report generator interface', 'category': 'Digital Technology', 'node_id': 'c227M01N20'}), 'dst_node': {'evidence_statement': 'The interface showed numbers of waiting patients by queue, waiting duration, and registered reason.', 'node_name': 'report generator interface', 'category': 'Digital Technology', 'node_id': 'c227M01N20'}, 'src_node': {'evidence_statement': 'An example of the report generator interface as seen by personnel at the central contractor unit or care managers that specifically asked for access.', 'node_name': 'Registry report generator usage', 'category': 'Technology-enable Practice', 'node_id': 'c227M02N24'}}], 'capturedBy': [{'rel': None, 'dst_node': {'evidence_statement': 'An example of the report generator interface as seen by personnel at the central contractor unit or care managers that specifically asked for access.', 'node_name': 'Registry report generator usage', 'category': 'Technology-enable Practice', 'node_id': 'c227M02N24'}, 'src_node': None}], 'depends': [{'rel': None, 'dst_node': None, 'src_node': {'evidence_statement': 'An example of the report generator interface as seen by personnel at the central contractor unit or care managers that specifically asked for access.', 'node_name': 'Registry report generator usage', 'category': 'Technology-enable Practice', 'node_id': 'c227M02N24'}}], 'constraints': [{'rel': None, 'dst_node': None, 'src_node': {'evidence_statement': 'An example of the report generator interface as seen by personnel at the central contractor unit or care managers that specifically asked for access.', 'node_name': 'Registry report generator usage', 'category': 'Technology-enable Practice', 'node_id': 'c227M02N24'}}], 'mitigates': [{'rel': None, 'dst_node': None, 'src_node': {'evidence_statement': 'An example of the report generator interface as seen by personnel at the central contractor unit or care managers that specifically asked for access.', 'node_name': 'Registry report generator usage', 'category': 'Technology-enable Practice', 'node_id': 'c227M02N24'}}]}, {'adoptions': [{'rel': ({'evidence_statement': 'Some care units developed parallel local systems and used them for analyses intended to improve wait times.', 'node_name': 'parallel, local digital systems', 'category': 'Technology-enable Practice', 'node_id': 'c227M01N17'}, 'adopt', {'evidence_statement': 'Care units entered wait-time data and additional variables into their own local data files.', 'node_name': 'local data files', 'category': 'Digital Technology', 'node_id': 'c227M01N22'}), 'dst_node': {'evidence_statement': 'Care units entered wait-time data and additional variables into their own local data files.', 'node_name': 'local data files', 'category': 'Digital Technology', 'node_id': 'c227M01N22'}, 'src_node': {'evidence_statement': 'Some care units developed parallel local systems and used them for analyses intended to improve wait times.', 'node_name': 'parallel, local digital systems', 'category': 'Technology-enable Practice', 'node_id': 'c227M01N17'}}], 'capturedBy': [{'rel': None, 'dst_node': {'evidence_statement': 'Some care units developed parallel local systems and used them for analyses intended to improve wait times.', 'node_name': 'parallel, local digital systems', 'category': 'Technology-enable Practice', 'node_id': 'c227M01N17'}, 'src_node': None}], 'depends': [{'rel': None, 'dst_node': None, 'src_node': {'evidence_statement': 'Some care units developed parallel local systems and used them for analyses intended to improve wait times.', 'node_name': 'parallel, local digital systems', 'category': 'Technology-enable Practice', 'node_id': 'c227M01N17'}}], 'constraints': [{'rel': ({'evidence_statement': 'Some care units developed parallel local systems and used them for analyses intended to improve wait times.', 'node_name': 'parallel, local digital systems', 'category': 'Technology-enable Practice', 'node_id': 'c227M01N17'}, 'be_constrained_by', {'evidence_statement': 'Local systems enabled local analysis but replaced efforts to communicate and correct Registry-wide deficiencies.', 'node_name': 'failure to address system-wide problems', 'category': 'Limitation', 'node_id': 'c227M01N36'}), 'dst_node': {'evidence_statement': 'Local systems enabled local analysis but replaced efforts to communicate and correct Registry-wide deficiencies.', 'node_name': 'failure to address system-wide problems', 'category': 'Limitation', 'node_id': 'c227M01N36'}, 'src_node': {'evidence_statement': 'Some care units developed parallel local systems and used them for analyses intended to improve wait times.', 'node_name': 'parallel, local digital systems', 'category': 'Technology-enable Practice', 'node_id': 'c227M01N17'}}], 'mitigates': [{'rel': None, 'dst_node': None, 'src_node': {'evidence_statement': 'Some care units developed parallel local systems and used them for analyses intended to improve wait times.', 'node_name': 'parallel, local digital systems', 'category': 'Technology-enable Practice', 'node_id': 'c227M01N17'}}]}]"
c227DS02Q02,RQ1: What emerging technologies are adopted and how they support tacit knowledge capture and retention?,"What's the mechanism of each traditional human-central practice?  introduce this from multiple perspectives: firstly, explain which knowledge holders participated in these practice, then find which tacit knowledge were captured by these practices, subsquently dig out all potential  relations between these paractices with knowledge learners, organizational dependency, environmental dependency, and limitation. Finally, you should summrize the mechanism based on the evidence mentioned above.",2,"MATCH (thp:TraditionalHumancentralPractice)-[r:participate_in]-(h:KnowledgeHolder|KnowledgeLearner)
WITH thp, COLLECT({src_node:thp, rel: r, dst_node: h}) AS participates

// 1. 捕获 TacitKnowledge (be_transferred_by) -> 生成 tk_list
OPTIONAL MATCH (tk:TacitKnowledge)-[r:be_transferred_by|evaluate]-(thp)
WITH thp, participates, 
     COLLECT({src_node:tk, rel: r, dst_node: thp}) AS transferredBy

// 4. 捕获 OrganizationalDependency (depend_on) -> 生成 od_list
OPTIONAL MATCH (thp)-[r:depend_on]->(d:OrganizationalDependency|EnvironmentalDependency)
WITH thp, participates, transferredBy, 
     COLLECT({src_node:thp, rel: r, dst_node: d}) AS depends

// 5. 捕获 Limitation (be_constrained_by) -> 生成 lim_list
OPTIONAL MATCH (thp)-[r:be_constrained_by]->(lim:Limitation)
WITH thp, participates, transferredBy, depends,
     COLLECT({src_node:thp, rel: r, dst_node: lim}) AS constraints,
     COLLECT(DISTINCT lim) AS lim_list

// 8. 捕获 mitigates (tep -[:mitigate]-> lim)
//    限定 lim_mit 必须在 lim_list 中
OPTIONAL MATCH (tep)-[r:mitigate]->(lim_mit:Limitation)
WHERE lim_mit IN lim_list
WITH thp, participates, transferredBy, depends, constraints, 
     COLLECT({src_node:tep, rel: r, dst_node: lim_mit}) AS mitigates

RETURN participates,
       transferredBy,
       depends,
       constraints,
       mitigates","The traditional human-central practices include manual extraction and reporting of wait time information, contract administrator compliance interventions, and local administrative shortcut practices. Knowledge holders participating include contract administrators and compliance monitoring officers (for compliance interventions) and care managers (for local shortcuts). Tacit knowledge captured includes local administrative workaround routines. Relations: manual reporting involves the central contractor unit as a knowledge learner; compliance interventions involve contract administrators and compliance officers as knowledge holders; local shortcuts are transferred by tacit knowledge. Organizational dependency: practices depend on roles like contract administrators and care managers. Environmental dependency: not explicitly mentioned. Limitations: compliance officers struggled to assess reasonable intervention cutoffs; respondents used shortcuts instead of exploring systemic problems. Mechanism: these practices rely on human judgment and manual processes, with knowledge holders using tacit knowledge and shortcuts, but face limitations in consistency and systemic understanding.","[{'participates': [{'rel': ({'evidence_statement': 'The unit received monthly reports and was expected to use data to identify and influence underperforming care providers.', 'node_name': 'Central contractor unit', 'category': 'Knowledge Learner', 'node_id': 'c227M01N13'}, 'participate_in', {'evidence_statement': 'In the pre-Registry situation, wait-time information was manually extracted and reported to contractors.', 'node_name': 'manual extraction and reporting of wait time information', 'category': 'Traditional Human-central Practice', 'node_id': 'c227M01N15'}), 'dst_node': {'evidence_statement': 'The unit received monthly reports and was expected to use data to identify and influence underperforming care providers.', 'node_name': 'Central contractor unit', 'category': 'Knowledge Learner', 'node_id': 'c227M01N13'}, 'src_node': {'evidence_statement': 'In the pre-Registry situation, wait-time information was manually extracted and reported to contractors.', 'node_name': 'manual extraction and reporting of wait time information', 'category': 'Traditional Human-central Practice', 'node_id': 'c227M01N15'}}], 'transferredBy': [{'rel': None, 'dst_node': {'evidence_statement': 'In the pre-Registry situation, wait-time information was manually extracted and reported to contractors.', 'node_name': 'manual extraction and reporting of wait time information', 'category': 'Traditional Human-central Practice', 'node_id': 'c227M01N15'}, 'src_node': None}], 'depends': [{'rel': None, 'dst_node': None, 'src_node': {'evidence_statement': 'In the pre-Registry situation, wait-time information was manually extracted and reported to contractors.', 'node_name': 'manual extraction and reporting of wait time information', 'category': 'Traditional Human-central Practice', 'node_id': 'c227M01N15'}}], 'constraints': [{'rel': None, 'dst_node': None, 'src_node': {'evidence_statement': 'In the pre-Registry situation, wait-time information was manually extracted and reported to contractors.', 'node_name': 'manual extraction and reporting of wait time information', 'category': 'Traditional Human-central Practice', 'node_id': 'c227M01N15'}}], 'mitigates': [{'src_node': None, 'rel': None, 'dst_node': None}]}, {'participates': [{'rel': ({'evidence_statement': 'Contract administrators negotiated standards, received monthly reports, and were expected to notice divergences and enforce compliance.', 'node_name': 'Contract administrators', 'category': 'Knowledge Holder', 'node_id': 'c227M01N09'}, 'participate_in', {'evidence_statement': 'Contract administrators employed at the Region were to notice divergences and enforce compliance among care-providing organizations.', 'node_name': 'Contract administrator compliance interventions', 'category': 'Traditional Human-central Practice', 'node_id': 'c227M02N20'}), 'dst_node': {'evidence_statement': 'Contract administrators negotiated standards, received monthly reports, and were expected to notice divergences and enforce compliance.', 'node_name': 'Contract administrators', 'category': 'Knowledge Holder', 'node_id': 'c227M01N09'}, 'src_node': {'evidence_statement': 'Contract administrators employed at the Region were to notice divergences and enforce compliance among care-providing organizations.', 'node_name': 'Contract administrator compliance interventions', 'category': 'Traditional Human-central Practice', 'node_id': 'c227M02N20'}}, {'rel': ({'evidence_statement': 'Compliance managers were to judge on a case-by-case basis... compliance officers struggled to assess whether 80% was a reasonable cutoff for intervention.', 'node_name': 'Compliance monitoring officers', 'category': 'Knowledge Holder', 'node_id': 'c227M02N14'}, 'participate_in', {'evidence_statement': 'Contract administrators employed at the Region were to notice divergences and enforce compliance among care-providing organizations.', 'node_name': 'Contract administrator compliance interventions', 'category': 'Traditional Human-central Practice', 'node_id': 'c227M02N20'}), 'dst_node': {'evidence_statement': 'Compliance managers were to judge on a case-by-case basis... compliance officers struggled to assess whether 80% was a reasonable cutoff for intervention.', 'node_name': 'Compliance monitoring officers', 'category': 'Knowledge Holder', 'node_id': 'c227M02N14'}, 'src_node': {'evidence_statement': 'Contract administrators employed at the Region were to notice divergences and enforce compliance among care-providing organizations.', 'node_name': 'Contract administrator compliance interventions', 'category': 'Traditional Human-central Practice', 'node_id': 'c227M02N20'}}], 'transferredBy': [{'rel': None, 'dst_node': {'evidence_statement': 'Contract administrators employed at the Region were to notice divergences and enforce compliance among care-providing organizations.', 'node_name': 'Contract administrator compliance interventions', 'category': 'Traditional Human-central Practice', 'node_id': 'c227M02N20'}, 'src_node': None}], 'depends': [{'rel': None, 'dst_node': None, 'src_node': {'evidence_statement': 'Contract administrators employed at the Region were to notice divergences and enforce compliance among care-providing organizations.', 'node_name': 'Contract administrator compliance interventions', 'category': 'Traditional Human-central Practice', 'node_id': 'c227M02N20'}}], 'constraints': [{'rel': None, 'dst_node': None, 'src_node': {'evidence_statement': 'Contract administrators employed at the Region were to notice divergences and enforce compliance among care-providing organizations.', 'node_name': 'Contract administrator compliance interventions', 'category': 'Traditional Human-central Practice', 'node_id': 'c227M02N20'}}], 'mitigates': [{'src_node': None, 'rel': None, 'dst_node': None}]}, {'participates': [{'rel': ({'evidence_statement': 'Care managers managed care personnel, received reports, and could request direct Registry access.', 'node_name': 'Care managers', 'category': 'Knowledge Holder', 'node_id': 'c227M01N10'}, 'participate_in', {'evidence_statement': 'Rather than trying to explore and communicate this systemic problem further, the respondents would use a local, administrative shortcut.', 'node_name': 'Local administrative shortcut practices', 'category': 'Traditional Human-central Practice', 'node_id': 'c227M02N21'}), 'dst_node': {'evidence_statement': 'Care managers managed care personnel, received reports, and could request direct Registry access.', 'node_name': 'Care managers', 'category': 'Knowledge Holder', 'node_id': 'c227M01N10'}, 'src_node': {'evidence_statement': 'Rather than trying to explore and communicate this systemic problem further, the respondents would use a local, administrative shortcut.', 'node_name': 'Local administrative shortcut practices', 'category': 'Traditional Human-central Practice', 'node_id': 'c227M02N21'}}], 'transferredBy': [{'rel': ({'evidence_statement': 'Rather than trying to explore and communicate this systemic problem further, the respondents would use a local, administrative shortcut.', 'node_name': 'Local administrative workaround routines', 'category': 'Tacit Knowledge', 'node_id': 'c227M02N17'}, 'be_transferred_by', {'evidence_statement': 'Rather than trying to explore and communicate this systemic problem further, the respondents would use a local, administrative shortcut.', 'node_name': 'Local administrative shortcut practices', 'category': 'Traditional Human-central Practice', 'node_id': 'c227M02N21'}), 'dst_node': {'evidence_statement': 'Rather than trying to explore and communicate this systemic problem further, the respondents would use a local, administrative shortcut.', 'node_name': 'Local administrative shortcut practices', 'category': 'Traditional Human-central Practice', 'node_id': 'c227M02N21'}, 'src_node': {'evidence_statement': 'Rather than trying to explore and communicate this systemic problem further, the respondents would use a local, administrative shortcut.', 'node_name': 'Local administrative workaround routines', 'category': 'Tacit Knowledge', 'node_id': 'c227M02N17'}}], 'depends': [{'rel': None, 'dst_node': None, 'src_node': {'evidence_statement': 'Rather than trying to explore and communicate this systemic problem further, the respondents would use a local, administrative shortcut.', 'node_name': 'Local administrative shortcut practices', 'category': 'Traditional Human-central Practice', 'node_id': 'c227M02N21'}}], 'constraints': [{'rel': None, 'dst_node': None, 'src_node': {'evidence_statement': 'Rather than trying to explore and communicate this systemic problem further, the respondents would use a local, administrative shortcut.', 'node_name': 'Local administrative shortcut practices', 'category': 'Traditional Human-central Practice', 'node_id': 'c227M02N21'}}], 'mitigates': [{'src_node': None, 'rel': None, 'dst_node': None}]}]"
c227DS03Q01,"RQ2: What resources and capabilities are required, such as data input, expert participation, technical infrastructure, and organizational resources?",Which external environment condition is required by the technology-enable practices?,2,"MATCH (p:TechnologyenablePractice)-[r:depend_on]->(e:EnvironmentalDependency)
WITH e, COLLECT({src_node:p, rel: r, dst_node: e}) AS depends
RETURN DISTINCT depends",Swedish legislation mandating the wait time guarantee and Stockholm Regional Council governance policies.,"[{'depends': [{'rel': ({'evidence_statement': 'The Registry was implemented to display, evaluate, and improve wait-time data and to support monitoring, steering, and organizational learning.', 'node_name': 'digital wait time registry', 'category': 'Technology-enable Practice', 'node_id': 'c227M01N16'}, 'depend_on', {'evidence_statement': ""Swedish legislation mandated patients' right to assessment and intervention within specified time limits."", 'node_name': 'Swedish legislation mandating the wait time guarantee', 'category': 'Environmental Dependency', 'node_id': 'c227M01N24'}), 'dst_node': {'evidence_statement': ""Swedish legislation mandated patients' right to assessment and intervention within specified time limits."", 'node_name': 'Swedish legislation mandating the wait time guarantee', 'category': 'Environmental Dependency', 'node_id': 'c227M01N24'}, 'src_node': {'evidence_statement': 'The Registry was implemented to display, evaluate, and improve wait-time data and to support monitoring, steering, and organizational learning.', 'node_name': 'digital wait time registry', 'category': 'Technology-enable Practice', 'node_id': 'c227M01N16'}}]}, {'depends': [{'rel': ({'evidence_statement': 'The Registry was implemented to display, evaluate, and improve wait-time data and to support monitoring, steering, and organizational learning.', 'node_name': 'digital wait time registry', 'category': 'Technology-enable Practice', 'node_id': 'c227M01N16'}, 'depend_on', {'evidence_statement': ""The case concerned the (non)use of the digital wait time registry (hereafter 'the Registry') implemented in the Stockholm Region by the Stockholm Regional Council in Sweden."", 'node_name': 'Stockholm Regional Council governance policies', 'category': 'Environmental Dependency', 'node_id': 'c227M02N36'}), 'dst_node': {'evidence_statement': ""The case concerned the (non)use of the digital wait time registry (hereafter 'the Registry') implemented in the Stockholm Region by the Stockholm Regional Council in Sweden."", 'node_name': 'Stockholm Regional Council governance policies', 'category': 'Environmental Dependency', 'node_id': 'c227M02N36'}, 'src_node': {'evidence_statement': 'The Registry was implemented to display, evaluate, and improve wait-time data and to support monitoring, steering, and organizational learning.', 'node_name': 'digital wait time registry', 'category': 'Technology-enable Practice', 'node_id': 'c227M01N16'}}]}]"
c227DS03Q02,"RQ2: What resources and capabilities are required, such as data input, expert participation, technical infrastructure, and organizational resources?",Which environmental conditions are required by the traditional human practices?,2,"MATCH (p:TraditionalHumancentralPractice)-[r:depend_on]->(e:EnvironmentalDependency)
WITH e, COLLECT({src_node:p, rel: r, dst_node: e}) AS depends
RETURN DISTINCT depends",Not Mentioned,[]
c227DS04Q01,"RQ3: How organizational culture influence effectiveness, such as culture, trust, leadership support, motivation, and expert participation?","which organizational resource (e.g., culture, trust, leadership support, motivation, and expert participation, etc) were needed in technology-enable Practices?",2,"MATCH (p:TechnologyenablePractice)-[r:depend_on]->(o:OrganizationalDependency)
WITH o, COLLECT({src_node:p, rel: r, dst_node: o}) AS depends
RETURN DISTINCT o,depends","Management commitment, staff training, time allocation for data analysis, and organizational culture of data engagement.","[{'o': {'evidence_statement': 'Among the internal management, the view was that the old system had greater issues of quality, but the current system displayed the correct wait times and, hence, was successful.', 'node_name': 'Management commitment to Registry use', 'category': 'Organizational Dependency', 'node_id': 'c227M02N30'}, 'depends': [{'rel': ({'evidence_statement': 'The Registry was implemented to display, evaluate, and improve wait-time data and to support monitoring, steering, and organizational learning.', 'node_name': 'digital wait time registry', 'category': 'Technology-enable Practice', 'node_id': 'c227M01N16'}, 'depend_on', {'evidence_statement': 'Among the internal management, the view was that the old system had greater issues of quality, but the current system displayed the correct wait times and, hence, was successful.', 'node_name': 'Management commitment to Registry use', 'category': 'Organizational Dependency', 'node_id': 'c227M02N30'}), 'dst_node': {'evidence_statement': 'Among the internal management, the view was that the old system had greater issues of quality, but the current system displayed the correct wait times and, hence, was successful.', 'node_name': 'Management commitment to Registry use', 'category': 'Organizational Dependency', 'node_id': 'c227M02N30'}, 'src_node': {'evidence_statement': 'The Registry was implemented to display, evaluate, and improve wait-time data and to support monitoring, steering, and organizational learning.', 'node_name': 'digital wait time registry', 'category': 'Technology-enable Practice', 'node_id': 'c227M01N16'}}]}, {'o': {'evidence_statement': 'A care manager referred to how clinic administrators needed to be educated to act in a meaningful manner.', 'node_name': 'Staff training on Registry interpretation', 'category': 'Organizational Dependency', 'node_id': 'c227M02N31'}, 'depends': [{'rel': ({'evidence_statement': 'The Registry was implemented to display, evaluate, and improve wait-time data and to support monitoring, steering, and organizational learning.', 'node_name': 'digital wait time registry', 'category': 'Technology-enable Practice', 'node_id': 'c227M01N16'}, 'depend_on', {'evidence_statement': 'A care manager referred to how clinic administrators needed to be educated to act in a meaningful manner.', 'node_name': 'Staff training on Registry interpretation', 'category': 'Organizational Dependency', 'node_id': 'c227M02N31'}), 'dst_node': {'evidence_statement': 'A care manager referred to how clinic administrators needed to be educated to act in a meaningful manner.', 'node_name': 'Staff training on Registry interpretation', 'category': 'Organizational Dependency', 'node_id': 'c227M02N31'}, 'src_node': {'evidence_statement': 'The Registry was implemented to display, evaluate, and improve wait-time data and to support monitoring, steering, and organizational learning.', 'node_name': 'digital wait time registry', 'category': 'Technology-enable Practice', 'node_id': 'c227M01N16'}}]}, {'o': {'evidence_statement': 'Compliance officers claimed they lacked ability and time to judge acceptable levels of attainment for the wait time guarantee.', 'node_name': 'Time allocation for data analysis', 'category': 'Organizational Dependency', 'node_id': 'c227M02N32'}, 'depends': [{'rel': ({'evidence_statement': 'The Registry was implemented to display, evaluate, and improve wait-time data and to support monitoring, steering, and organizational learning.', 'node_name': 'digital wait time registry', 'category': 'Technology-enable Practice', 'node_id': 'c227M01N16'}, 'depend_on', {'evidence_statement': 'Compliance officers claimed they lacked ability and time to judge acceptable levels of attainment for the wait time guarantee.', 'node_name': 'Time allocation for data analysis', 'category': 'Organizational Dependency', 'node_id': 'c227M02N32'}), 'dst_node': {'evidence_statement': 'Compliance officers claimed they lacked ability and time to judge acceptable levels of attainment for the wait time guarantee.', 'node_name': 'Time allocation for data analysis', 'category': 'Organizational Dependency', 'node_id': 'c227M02N32'}, 'src_node': {'evidence_statement': 'The Registry was implemented to display, evaluate, and improve wait-time data and to support monitoring, steering, and organizational learning.', 'node_name': 'digital wait time registry', 'category': 'Technology-enable Practice', 'node_id': 'c227M01N16'}}]}, {'o': {'evidence_statement': 'We in fact noted a patterned disinterest in it. The target users further provided a set of justifications for not using the DT or reacting to the information it provided.', 'node_name': 'Organizational culture of data engagement', 'category': 'Organizational Dependency', 'node_id': 'c227M02N33'}, 'depends': [{'rel': ({'evidence_statement': 'The Registry was implemented to display, evaluate, and improve wait-time data and to support monitoring, steering, and organizational learning.', 'node_name': 'digital wait time registry', 'category': 'Technology-enable Practice', 'node_id': 'c227M01N16'}, 'depend_on', {'evidence_statement': 'We in fact noted a patterned disinterest in it. The target users further provided a set of justifications for not using the DT or reacting to the information it provided.', 'node_name': 'Organizational culture of data engagement', 'category': 'Organizational Dependency', 'node_id': 'c227M02N33'}), 'dst_node': {'evidence_statement': 'We in fact noted a patterned disinterest in it. The target users further provided a set of justifications for not using the DT or reacting to the information it provided.', 'node_name': 'Organizational culture of data engagement', 'category': 'Organizational Dependency', 'node_id': 'c227M02N33'}, 'src_node': {'evidence_statement': 'The Registry was implemented to display, evaluate, and improve wait-time data and to support monitoring, steering, and organizational learning.', 'node_name': 'digital wait time registry', 'category': 'Technology-enable Practice', 'node_id': 'c227M01N16'}}]}]"
c227DS04Q02,"RQ3: How organizational culture influence effectiveness, such as culture, trust, leadership support, motivation, and expert participation?","which organizational resource (e.g., culture, trust, leadership support, motivation, and expert participation, etc) were needed in traditional Human Practices?",2,"MATCH (p:TraditionalHumancentralPractice)-[r:depend_on]->(o:OrganizationalDependency)
WITH o, COLLECT({src_node:p, rel: r, dst_node: o}) AS depends
RETURN DISTINCT o,depends",Not Mentioned,[]
c227DS05Q01,"What inherent vulnerability, shortcoming, or failure points the knowledge retention practices face?","What inherent vulnerability, shortcoming, or failure point of  the technology-enable practices?",2,"MATCH (p:TechnologyenablePractice)-[r:be_constrained_by]->(l:Limitation)
WITH l, COLLECT({src_node:p, rel: r, dst_node: l}) AS constrainedBy
RETURN DISTINCT l,constrainedBy","The digital wait time registry was constrained by insufficient data quality, outdated statistics, lack of expertise, time constraints, patterned non-use, collective passivity, data manipulation, unreliability, perceived analytical incapacity, belief in systemic stagnation, administrative burden, strategic ignoring, and failure to address system-wide problems; parallel local systems also failed to address system-wide deficiencies.","[{'l': {'evidence_statement': 'The evaluation found uncertainty about data quality, and Registry data were described as flawed because of insufficient or incorrect reporting.', 'node_name': 'insufficient data quality', 'category': 'Limitation', 'node_id': 'c227M01N27'}, 'constrainedBy': [{'rel': ({'evidence_statement': 'The Registry was implemented to display, evaluate, and improve wait-time data and to support monitoring, steering, and organizational learning.', 'node_name': 'digital wait time registry', 'category': 'Technology-enable Practice', 'node_id': 'c227M01N16'}, 'be_constrained_by', {'evidence_statement': 'The evaluation found uncertainty about data quality, and Registry data were described as flawed because of insufficient or incorrect reporting.', 'node_name': 'insufficient data quality', 'category': 'Limitation', 'node_id': 'c227M01N27'}), 'dst_node': {'evidence_statement': 'The evaluation found uncertainty about data quality, and Registry data were described as flawed because of insufficient or incorrect reporting.', 'node_name': 'insufficient data quality', 'category': 'Limitation', 'node_id': 'c227M01N27'}, 'src_node': {'evidence_statement': 'The Registry was implemented to display, evaluate, and improve wait-time data and to support monitoring, steering, and organizational learning.', 'node_name': 'digital wait time registry', 'category': 'Technology-enable Practice', 'node_id': 'c227M01N16'}}]}, {'l': {'evidence_statement': 'Care managers described the latest available statistics as two months old.', 'node_name': 'two-month-old statistics', 'category': 'Limitation', 'node_id': 'c227M01N28'}, 'constrainedBy': [{'rel': ({'evidence_statement': 'The Registry was implemented to display, evaluate, and improve wait-time data and to support monitoring, steering, and organizational learning.', 'node_name': 'digital wait time registry', 'category': 'Technology-enable Practice', 'node_id': 'c227M01N16'}, 'be_constrained_by', {'evidence_statement': 'Care managers described the latest available statistics as two months old.', 'node_name': 'two-month-old statistics', 'category': 'Limitation', 'node_id': 'c227M01N28'}), 'dst_node': {'evidence_statement': 'Care managers described the latest available statistics as two months old.', 'node_name': 'two-month-old statistics', 'category': 'Limitation', 'node_id': 'c227M01N28'}, 'src_node': {'evidence_statement': 'The Registry was implemented to display, evaluate, and improve wait-time data and to support monitoring, steering, and organizational learning.', 'node_name': 'digital wait time registry', 'category': 'Technology-enable Practice', 'node_id': 'c227M01N16'}}]}, {'l': {'evidence_statement': 'Respondents claimed that insufficient expertise prevented them from selecting standards and interpreting wait-time results.', 'node_name': 'lack of expertise', 'category': 'Limitation', 'node_id': 'c227M01N31'}, 'constrainedBy': [{'rel': ({'evidence_statement': 'The Registry was implemented to display, evaluate, and improve wait-time data and to support monitoring, steering, and organizational learning.', 'node_name': 'digital wait time registry', 'category': 'Technology-enable Practice', 'node_id': 'c227M01N16'}, 'be_constrained_by', {'evidence_statement': 'Respondents claimed that insufficient expertise prevented them from selecting standards and interpreting wait-time results.', 'node_name': 'lack of expertise', 'category': 'Limitation', 'node_id': 'c227M01N31'}), 'dst_node': {'evidence_statement': 'Respondents claimed that insufficient expertise prevented them from selecting standards and interpreting wait-time results.', 'node_name': 'lack of expertise', 'category': 'Limitation', 'node_id': 'c227M01N31'}, 'src_node': {'evidence_statement': 'The Registry was implemented to display, evaluate, and improve wait-time data and to support monitoring, steering, and organizational learning.', 'node_name': 'digital wait time registry', 'category': 'Technology-enable Practice', 'node_id': 'c227M01N16'}}]}, {'l': {'evidence_statement': 'Respondents said they lacked time to judge acceptable attainment and analyze Registry results.', 'node_name': 'time constraints', 'category': 'Limitation', 'node_id': 'c227M01N32'}, 'constrainedBy': [{'rel': ({'evidence_statement': 'The Registry was implemented to display, evaluate, and improve wait-time data and to support monitoring, steering, and organizational learning.', 'node_name': 'digital wait time registry', 'category': 'Technology-enable Practice', 'node_id': 'c227M01N16'}, 'be_constrained_by', {'evidence_statement': 'Respondents said they lacked time to judge acceptable attainment and analyze Registry results.', 'node_name': 'time constraints', 'category': 'Limitation', 'node_id': 'c227M01N32'}), 'dst_node': {'evidence_statement': 'Respondents said they lacked time to judge acceptable attainment and analyze Registry results.', 'node_name': 'time constraints', 'category': 'Limitation', 'node_id': 'c227M01N32'}, 'src_node': {'evidence_statement': 'The Registry was implemented to display, evaluate, and improve wait-time data and to support monitoring, steering, and organizational learning.', 'node_name': 'digital wait time registry', 'category': 'Technology-enable Practice', 'node_id': 'c227M01N16'}}]}, {'l': {'evidence_statement': 'Target users displayed patterned disinterest and often did not access, interpret, or react to Registry data.', 'node_name': 'patterned non-use of Registry data', 'category': 'Limitation', 'node_id': 'c227M01N34'}, 'constrainedBy': [{'rel': ({'evidence_statement': 'The Registry was implemented to display, evaluate, and improve wait-time data and to support monitoring, steering, and organizational learning.', 'node_name': 'digital wait time registry', 'category': 'Technology-enable Practice', 'node_id': 'c227M01N16'}, 'be_constrained_by', {'evidence_statement': 'Target users displayed patterned disinterest and often did not access, interpret, or react to Registry data.', 'node_name': 'patterned non-use of Registry data', 'category': 'Limitation', 'node_id': 'c227M01N34'}), 'dst_node': {'evidence_statement': 'Target users displayed patterned disinterest and often did not access, interpret, or react to Registry data.', 'node_name': 'patterned non-use of Registry data', 'category': 'Limitation', 'node_id': 'c227M01N34'}, 'src_node': {'evidence_statement': 'The Registry was implemented to display, evaluate, and improve wait-time data and to support monitoring, steering, and organizational learning.', 'node_name': 'digital wait time registry', 'category': 'Technology-enable Practice', 'node_id': 'c227M01N16'}}]}, {'l': {'evidence_statement': 'Individual ignoring justifications accumulated into collective passivity and obstructed knowledge-transfer activities.', 'node_name': 'collective passivity', 'category': 'Limitation', 'node_id': 'c227M01N35'}, 'constrainedBy': [{'rel': ({'evidence_statement': 'The Registry was implemented to display, evaluate, and improve wait-time data and to support monitoring, steering, and organizational learning.', 'node_name': 'digital wait time registry', 'category': 'Technology-enable Practice', 'node_id': 'c227M01N16'}, 'be_constrained_by', {'evidence_statement': 'Individual ignoring justifications accumulated into collective passivity and obstructed knowledge-transfer activities.', 'node_name': 'collective passivity', 'category': 'Limitation', 'node_id': 'c227M01N35'}), 'dst_node': {'evidence_statement': 'Individual ignoring justifications accumulated into collective passivity and obstructed knowledge-transfer activities.', 'node_name': 'collective passivity', 'category': 'Limitation', 'node_id': 'c227M01N35'}, 'src_node': {'evidence_statement': 'The Registry was implemented to display, evaluate, and improve wait-time data and to support monitoring, steering, and organizational learning.', 'node_name': 'digital wait time registry', 'category': 'Technology-enable Practice', 'node_id': 'c227M01N16'}}]}, {'l': {'evidence_statement': 'Respondents described registrations and appointment offers that made waiting times appear shorter without correcting the underlying situation.', 'node_name': 'data manipulation', 'category': 'Limitation', 'node_id': 'c227M01N37'}, 'constrainedBy': [{'rel': ({'evidence_statement': 'The Registry was implemented to display, evaluate, and improve wait-time data and to support monitoring, steering, and organizational learning.', 'node_name': 'digital wait time registry', 'category': 'Technology-enable Practice', 'node_id': 'c227M01N16'}, 'be_constrained_by', {'evidence_statement': 'Respondents described registrations and appointment offers that made waiting times appear shorter without correcting the underlying situation.', 'node_name': 'data manipulation', 'category': 'Limitation', 'node_id': 'c227M01N37'}), 'dst_node': {'evidence_statement': 'Respondents described registrations and appointment offers that made waiting times appear shorter without correcting the underlying situation.', 'node_name': 'data manipulation', 'category': 'Limitation', 'node_id': 'c227M01N37'}, 'src_node': {'evidence_statement': 'The Registry was implemented to display, evaluate, and improve wait-time data and to support monitoring, steering, and organizational learning.', 'node_name': 'digital wait time registry', 'category': 'Technology-enable Practice', 'node_id': 'c227M01N16'}}]}, {'l': {'evidence_statement': ""[The Registry] is very... not very reliable, it's very bad, so healthcare providers don't report, they report wrongly, so many numbers don't seem to match."", 'node_name': 'Registry data unreliability and manipulation', 'category': 'Limitation', 'node_id': 'c227M02N37'}, 'constrainedBy': [{'rel': ({'evidence_statement': 'The Registry was implemented to display, evaluate, and improve wait-time data and to support monitoring, steering, and organizational learning.', 'node_name': 'digital wait time registry', 'category': 'Technology-enable Practice', 'node_id': 'c227M01N16'}, 'be_constrained_by', {'evidence_statement': ""[The Registry] is very... not very reliable, it's very bad, so healthcare providers don't report, they report wrongly, so many numbers don't seem to match."", 'node_name': 'Registry data unreliability and manipulation', 'category': 'Limitation', 'node_id': 'c227M02N37'}), 'dst_node': {'evidence_statement': ""[The Registry] is very... not very reliable, it's very bad, so healthcare providers don't report, they report wrongly, so many numbers don't seem to match."", 'node_name': 'Registry data unreliability and manipulation', 'category': 'Limitation', 'node_id': 'c227M02N37'}, 'src_node': {'evidence_statement': 'The Registry was implemented to display, evaluate, and improve wait-time data and to support monitoring, steering, and organizational learning.', 'node_name': 'digital wait time registry', 'category': 'Technology-enable Practice', 'node_id': 'c227M01N16'}}]}, {'l': {'evidence_statement': 'Respondents claimed that they were incapable of engaging in such work because of lack of expertise, time constraints, or the task not being part of their role description.', 'node_name': 'Perceived analytical incapacity among staff', 'category': 'Limitation', 'node_id': 'c227M02N38'}, 'constrainedBy': [{'rel': ({'evidence_statement': 'The Registry was implemented to display, evaluate, and improve wait-time data and to support monitoring, steering, and organizational learning.', 'node_name': 'digital wait time registry', 'category': 'Technology-enable Practice', 'node_id': 'c227M01N16'}, 'be_constrained_by', {'evidence_statement': 'Respondents claimed that they were incapable of engaging in such work because of lack of expertise, time constraints, or the task not being part of their role description.', 'node_name': 'Perceived analytical incapacity among staff', 'category': 'Limitation', 'node_id': 'c227M02N38'}), 'dst_node': {'evidence_statement': 'Respondents claimed that they were incapable of engaging in such work because of lack of expertise, time constraints, or the task not being part of their role description.', 'node_name': 'Perceived analytical incapacity among staff', 'category': 'Limitation', 'node_id': 'c227M02N38'}, 'src_node': {'evidence_statement': 'The Registry was implemented to display, evaluate, and improve wait-time data and to support monitoring, steering, and organizational learning.', 'node_name': 'digital wait time registry', 'category': 'Technology-enable Practice', 'node_id': 'c227M01N16'}}]}, {'l': {'evidence_statement': ""Respondents references to things being 'pointless,' as things would not change anyway; hence, there was no reason to try to do something about noted problems."", 'node_name': 'Belief in systemic stagnation and futility', 'category': 'Limitation', 'node_id': 'c227M02N39'}, 'constrainedBy': [{'rel': ({'evidence_statement': 'The Registry was implemented to display, evaluate, and improve wait-time data and to support monitoring, steering, and organizational learning.', 'node_name': 'digital wait time registry', 'category': 'Technology-enable Practice', 'node_id': 'c227M01N16'}, 'be_constrained_by', {'evidence_statement': ""Respondents references to things being 'pointless,' as things would not change anyway; hence, there was no reason to try to do something about noted problems."", 'node_name': 'Belief in systemic stagnation and futility', 'category': 'Limitation', 'node_id': 'c227M02N39'}), 'dst_node': {'evidence_statement': ""Respondents references to things being 'pointless,' as things would not change anyway; hence, there was no reason to try to do something about noted problems."", 'node_name': 'Belief in systemic stagnation and futility', 'category': 'Limitation', 'node_id': 'c227M02N39'}, 'src_node': {'evidence_statement': 'The Registry was implemented to display, evaluate, and improve wait-time data and to support monitoring, steering, and organizational learning.', 'node_name': 'digital wait time registry', 'category': 'Technology-enable Practice', 'node_id': 'c227M01N16'}}]}, {'l': {'evidence_statement': 'Care managers were reluctant to suggest new or modified measurements or to voice concerns about current ones, saying that it would lead to a greater administrative or care production burden.', 'node_name': 'Administrative burden from Registry engagement', 'category': 'Limitation', 'node_id': 'c227M02N40'}, 'constrainedBy': [{'rel': ({'evidence_statement': 'The Registry was implemented to display, evaluate, and improve wait-time data and to support monitoring, steering, and organizational learning.', 'node_name': 'digital wait time registry', 'category': 'Technology-enable Practice', 'node_id': 'c227M01N16'}, 'be_constrained_by', {'evidence_statement': 'Care managers were reluctant to suggest new or modified measurements or to voice concerns about current ones, saying that it would lead to a greater administrative or care production burden.', 'node_name': 'Administrative burden from Registry engagement', 'category': 'Limitation', 'node_id': 'c227M02N40'}), 'dst_node': {'evidence_statement': 'Care managers were reluctant to suggest new or modified measurements or to voice concerns about current ones, saying that it would lead to a greater administrative or care production burden.', 'node_name': 'Administrative burden from Registry engagement', 'category': 'Limitation', 'node_id': 'c227M02N40'}, 'src_node': {'evidence_statement': 'The Registry was implemented to display, evaluate, and improve wait-time data and to support monitoring, steering, and organizational learning.', 'node_name': 'digital wait time registry', 'category': 'Technology-enable Practice', 'node_id': 'c227M01N16'}}]}, {'l': {'evidence_statement': ""The individuals' ignoring justifications constituted a key mechanism in producing this systemic passivity by obstructing the activities involved in knowledge transfer."", 'node_name': 'Collective passivity toward Registry data', 'category': 'Limitation', 'node_id': 'c227M02N41'}, 'constrainedBy': [{'rel': ({'evidence_statement': 'The Registry was implemented to display, evaluate, and improve wait-time data and to support monitoring, steering, and organizational learning.', 'node_name': 'digital wait time registry', 'category': 'Technology-enable Practice', 'node_id': 'c227M01N16'}, 'be_constrained_by', {'evidence_statement': ""The individuals' ignoring justifications constituted a key mechanism in producing this systemic passivity by obstructing the activities involved in knowledge transfer."", 'node_name': 'Collective passivity toward Registry data', 'category': 'Limitation', 'node_id': 'c227M02N41'}), 'dst_node': {'evidence_statement': ""The individuals' ignoring justifications constituted a key mechanism in producing this systemic passivity by obstructing the activities involved in knowledge transfer."", 'node_name': 'Collective passivity toward Registry data', 'category': 'Limitation', 'node_id': 'c227M02N41'}, 'src_node': {'evidence_statement': 'The Registry was implemented to display, evaluate, and improve wait-time data and to support monitoring, steering, and organizational learning.', 'node_name': 'digital wait time registry', 'category': 'Technology-enable Practice', 'node_id': 'c227M01N16'}}]}, {'l': {'evidence_statement': 'We approached the case as illustrating strategic ignoring rather than mere non-use of a DT.', 'node_name': 'Strategic ignoring of Registry insights', 'category': 'Limitation', 'node_id': 'c227M02N42'}, 'constrainedBy': [{'rel': ({'evidence_statement': 'The Registry was implemented to display, evaluate, and improve wait-time data and to support monitoring, steering, and organizational learning.', 'node_name': 'digital wait time registry', 'category': 'Technology-enable Practice', 'node_id': 'c227M01N16'}, 'be_constrained_by', {'evidence_statement': 'We approached the case as illustrating strategic ignoring rather than mere non-use of a DT.', 'node_name': 'Strategic ignoring of Registry insights', 'category': 'Limitation', 'node_id': 'c227M02N42'}), 'dst_node': {'evidence_statement': 'We approached the case as illustrating strategic ignoring rather than mere non-use of a DT.', 'node_name': 'Strategic ignoring of Registry insights', 'category': 'Limitation', 'node_id': 'c227M02N42'}, 'src_node': {'evidence_statement': 'The Registry was implemented to display, evaluate, and improve wait-time data and to support monitoring, steering, and organizational learning.', 'node_name': 'digital wait time registry', 'category': 'Technology-enable Practice', 'node_id': 'c227M01N16'}}]}, {'l': {'evidence_statement': 'Local systems enabled local analysis but replaced efforts to communicate and correct Registry-wide deficiencies.', 'node_name': 'failure to address system-wide problems', 'category': 'Limitation', 'node_id': 'c227M01N36'}, 'constrainedBy': [{'rel': ({'evidence_statement': 'Some care units developed parallel local systems and used them for analyses intended to improve wait times.', 'node_name': 'parallel, local digital systems', 'category': 'Technology-enable Practice', 'node_id': 'c227M01N17'}, 'be_constrained_by', {'evidence_statement': 'Local systems enabled local analysis but replaced efforts to communicate and correct Registry-wide deficiencies.', 'node_name': 'failure to address system-wide problems', 'category': 'Limitation', 'node_id': 'c227M01N36'}), 'dst_node': {'evidence_statement': 'Local systems enabled local analysis but replaced efforts to communicate and correct Registry-wide deficiencies.', 'node_name': 'failure to address system-wide problems', 'category': 'Limitation', 'node_id': 'c227M01N36'}, 'src_node': {'evidence_statement': 'Some care units developed parallel local systems and used them for analyses intended to improve wait times.', 'node_name': 'parallel, local digital systems', 'category': 'Technology-enable Practice', 'node_id': 'c227M01N17'}}]}]"
c227DS05Q02,"What inherent vulnerability, shortcoming, or failure points the knowledge retention practices face?","What inherent vulnerability, shortcoming, or failure point of  the traditional human-central practices?",2,"MATCH (p:TraditionalHumancentralPractice)-[r:be_constrained_by]->(l:Limitation)
WITH l, COLLECT({src_node:p, rel: r, dst_node: l}) AS constrainedBy
RETURN DISTINCT l,constrainedBy",Not Mentioned,[]
c227DS05Q03,"What inherent vulnerability, shortcoming, or failure points the knowledge retention practices face?",Which limitations the technology-enable practices resolve or at least mitigate the traditional human-central practices have faced?,2,"MATCH (p:TechnologyenablePractice)-[r:mitigate]->(l:Limitation)
WITH l, COLLECT({src_node:p, rel: r, dst_node: l}) AS mitigates
OPTIONAL MATCH (l)-[r:be_constrained_by]-(t:TraditionalHumancentralPractice)
WITH l, mitigates, COLLECT({src_node:l, rel: r, dst_node: t}) AS constrainedBy
RETURN DISTINCT l,mitigates,constrainedBy",Not Mentioned,[]
