Title,Author,Abstract,Keywords,Publication title,Country of publication,Publication year,Source type,Language of publication,DOI Link
Past Present and Future of Simulation in Pediatrics,"Davila U, Price A.","The development of simulation has been evolving in technology and utilization over the last several centuries, with the increased application over the past 2 to 3 decades in the field of pediatrics. Today, simulation-based medical education (SBME) is widely used by a majority of pediatric training programs and is marked by a large variety of technologies and continued interest and availability of research in the field.  The history of simulation in medicine has its origins in fields such as the military, commercial aviation, and NASA. Disciplines, like medicine, where the importance of safe knowledge acquisition and practice is of utmost importance, quickly followed suit. The application of medical simulation to pediatrics had its infancy as an adjunct to obstetrics and surgical training. One of the earliest examples of simulation for the express purpose of medical education is from the late 1700s, where pelvic part-task trainers were developed with a pelvis, glass uterus filled with fluid, and a flexible fetus used to teach midwives delivery skills. Over the next two hundred years, there were continued improvements in the “realism” of part-task trainers and even some full-body mannequins, but the modern era of mannequin trainers had their roots in the field of anesthesia. In the mid-1900s, more sophisticated mannequins were developed. Unfortunately, while these proved to be effective training tools but were far too expensive for mass production. The anesthesia community then led a medical education reform over the coming decades to incorporate simulation-based medical education into the mainstream.   Today, there are numerous simulation centers and hospitals that utilize a variety of human patient simulators that range from low to high fidelity mannequins, the most sophisticated of which are capable of responding to learner stimuli such as drug administration, compressions, voice, physical exam, and even procedural interventions. The simulation armamentarium also includes task trainers, standardized patients, desktop/screen-based, and virtual and augmented reality (VR and AR). Each technology has its utility both alone and in combination, depending on the educational objective hoping to be met.",,StatPearls,Treasure Island (FL),2026,Book Chapter,unknown,
Internet Addiction Status and Related Factors among Medical Students: A Cross-Sectional Study in Western Iran,"Khazaie H, Lebni JY, Abbas J, Mahaki B, Chaboksavar F, Kianipour N, Toghroli R, Ziapour A.","BACKGROUND: In recent years, Internet and social media technology use have emerged as an integral tool of human society, and the evolution of technological integration, cyberspace, and web-technology has become a common practice in educational institutions. Internet usage among students has played an indispensable role in learning behavior; however, the excessive usage of the internet and social media leads to internet addiction. This original study has performed a focalized scrutiny on revealing relationships between internet addiction and associated factors among the students of medicine, dentistry, and pharmaceutical departments. METHODS: This descriptive and analytical study recruited medical students from the Self-governing Education Incubator of Kermanshah. This survey distributed questionnaires among the respondents' three departments, and this statistical data reported on 420 valid responses of the respondents. They represent first and second-semester medical students of the academic year 2017-2018. The study selected medical students by applying Cochran's Sample Size Formula through Stratified Random Sampling and cross-sectional research design. The survey has utilized a demographic questionnaire of Young's Internet Addiction Test (IAT) for the data collection. The study analyzed received data by using SPSS version 23 and performed the descriptive statistics, and analytical statistics (t-test and ANOVA). RESULTS: The results of the present study established that the majority of subjects were female students (53.3%), and the average age was 23.84 ± 2.14, including the students of all departments. Besides, findings specified that the overall mean and standard deviation scores were 3.34 and ±0.88. Internet addiction revealed mean and the standard deviation score measured for all students 3.29 ± 0.73, 3.17 ± 0.92, and 3.57 ± 0.64 correspondingly. The survey results illustrated that medical students' internet addiction substantially correlated with demographic variables, such as age, marital status, the field of study, academic term, significant time of consuming the internet, the key reason of utilizing the internet, and daily usage of the internet (p < .05). CONCLUSION: The results of the study specified that 25% of medical students showed internet addiction. The students are increasingly using the internet, and it has penetrated among students. The design and implementation of adequate educational programs and the application of internet-based efficiency interventions are essential for both knowledge acquisition and medical students' healthy behavior.",university students,Community Health Equity Res Policy,United States,2023,Journal Article,unknown,10.1177/0272684X211025438
Exploring the impact of interactive movement-based anatomy learning in real classroom setting among kinesiology students,"Rabattu PY, Debarnot U, Hoyek N.","Descriptive and functional anatomy is one of the most important sciences for kinesiology students. Anatomy learning requires spatial and motor imagery abilities. Learning anatomy is complex when teaching methods and instructional tools do not appropriately develop spatial and motor imagery abilities. Recent technological developments such as three-dimensional (3D) digital tools allow to overcome those difficulties, especially when 3D tools require strong interactions with the learners. Besides interactive digital tools, embodied learning or learning in motion is an effective method for a wide variety of sciences including anatomy. The aim of this study was to explore the impact of combining movement execution with 3D animation visualization on anatomy learning in a real classroom teaching context. To do so, the results of two groups of kinesiology students during three official assessments were compared. The experimental group (n = 60) learned functional anatomy by combining movement execution with traditional knowledge acquisition (e.g., 3D animations visualization, problem-based learning exercises). The control group (n = 61) had the same material but did not execute the movements during problem-solving exercises. Although no differences were found between both groups on early and mid-semester examinations, significant difference appeared at the end of the semester with an advantage for the experimental group. This exploratory study suggests that embodied learning is beneficial in improving functional anatomy learning. Therefore, it would be interesting to integrate such type of pedagogical approach within the kinesiology curriculum.",spatial abilities,Anat Sci Educ,United States,2023,Journal Article,unknown,10.1002/ase.2172
A Smartphone Application and Education Program for Hearing Health Promotion in High School Teenagers,"Chang JL, Huwyler C, Yoshida N, Henderson Sabes J, Cheung SW.","OBJECTIVES: To assess knowledge retention after video-based hearing health education and measure headphone listening behavior change using a novel smartphone application. METHODS: In this prospective longitudinal study, students participated in video-based hearing health education and hearing screening sessions. Hearing health knowledge was assessed in students and parents after 6 weeks. A novel smartphone application was created to measure daily noise exposure based on volume settings with headphone use and to display the National Institute for Occupational Safety and Health (NIOSH) noise doses with alerts for cumulative daily doses nearing the maximum. RESULTS: Seventy-six teenage students and parents participated. Eighty three percent of participants identified as a racial or ethnic minority and 66% were of low-income socioeconomic status. Hearing health knowledge was retained in students 6 weeks after education and parents' knowledge improved from baseline. The smartphone app was installed on 12 student phones, and 25% of days monitored exhibited noise doses that exceeded the NIOSH maximum. App use for at least 10 days by nine students showed a significant reduction in average daily noise dose and time spent at the highest volume settings during the second-half of app use. CONCLUSIONS: Video-based hearing health education with knowledge question reinforcement was associated with knowledge retention in students and improved parental attitudes and knowledge about hearing conservation. A smartphone app with a real-time display of headphone cumulative noise exposure dose identified at-risk students. The integration of hearing health education, hearing screening, and digital health tools has promised to promote positive behavior changes for long-term hearing conservation. LEVEL OF EVIDENCE: 4 Laryngoscope, 133:2007-2013, 2023.",smartphone application and technology,Laryngoscope,United States,2023,"Research Support, Non-U.S. Gov't",unknown,10.1002/lary.30411
Attitudes of an international student cohort to the Quizlet study system employed in an advanced clinical health care review course,"Zeitlin BD, Sadhak ND.","Computer-based learning applications and mobile technology have transformed many aspects of the educational experience over the last decade, producing software aimed at improving learning efficiency and streamlining the presentation of course materials. One such class of software, purpose-created to take advantage of spaced learning and spaced testing principles, are electronic flashcard applications. We provide a perspective on the novel use of the Quizlet flashcard application in a tertiary educational setting. To reduce cognitive load for international graduate dental students taking a pharmacology review course, we implemented Quizlet, which integrates both spaced learning and self-testing, to improve the student learning experience. This study assessed students' perceptions of the Quizlet flashcard system in a student cohort comprised of two consecutive years' classes (n = 51 students in total). Results indicated broad acceptance of Quizlet based on ease of use of the software and ease of study of the material. Our data provide insight into the use of this common software in a professional healthcare tertiary education setting and further demonstrate the successful application of electronic flashcards for a mixed international student cohort. Further research should include an assessment of the impact of flashcard on long-term knowledge retention in this setting. SUPPLEMENTARY INFORMATION: The online version contains supplementary material available at 10.1007/s10639-022-11371-3.",Higher education,Educ Inf Technol (Dordr),Netherlands,2023,Journal Article,unknown,10.1007/s10639-022-11371-3
A rubric as a tool for summative and formative evaluation in Laboratory Animals Technologist degree at the University of Buenos Aires (Argentina),"Cicale EM, Casanova V, Caturini E, Retamal MC, Greco MC, Gimenez S, Gulin JE.","Laboratory Animals Technologist degree (Técnico Universitario en Gestión Integral de Bioterios) was created in 1989. It is offered jointly by the Faculty of Veterinary Sciences and the Faculty of Pharmacy and Biochemistry at the University of Buenos Aires. The complete programme is organized into 15 courses, including basic and applied sciences, along with specific courses (Técnicas de Bioterio I to V) with a solid practice content that students must achieve.An additional challenge occurs when practices consist of animal handling and procedures, which can be stressful for students and animals. Since traditional evaluation methods may not be the best way to determine the acquisition of knowledge and practical performance, an evaluation rubric is proposed to assess the practices carried out by students.The aspects and criteria to be examined were previously known of by students and teachers. The evaluation levels include: 'Daily report and record-keeping', 'Food and water supply', 'Cleaning and disinfection of areas, Standardized Operational Procedures and routines fulfilment', 'Personnel and supplies circulation', 'Use of personal protection equipment and physical care', 'Fulfilment of tasks in established times', 'Animals procedures and organization of needed materials', 'Animal care' and 'Teamwork camaraderie and organization'.The proposed tool was implemented with good results to achieve the academic objectives while augmenting the confidence for practical expertise, minimizing doubts and uncertainties related to traditional evaluation methods, and providing students with an environment that favours knowledge acquisition and practical skills, establishing standard criteria among the teaching staff, and reducing and refining the use of animals for educational purposes.",teaching and training,Lab Anim,England,2023,Journal Article,unknown,10.1177/00236772221124383
The enterprise's external knowledge acquisition capability and technological diversification: From the perspective of intellectual property strategy,"Chang KC, Jiang Y, Huang C, Xiong X, Chen Z, Lai YC, Chai KC.","Enterprises need intellectual property rights to protect their core knowledge, and technological diversification is an important strategic measure for enterprises to improve innovation performance. From the perspective of external resource acquisition, this study explores the mechanism of external knowledge acquisition capability (internal absorptive capability and external relational learning) on firm's technological diversification. It considers the impact of firm's innovation capability and external environmental uncertainty. The survey data of 258 Chinese pharmaceutical companies were obtained through questionnaire surveys, and various theoretical hypotheses were validated using regression analysis methods. The results show that internal absorptive capacity, external relational learning, and their interaction have a significant positive impact on technological diversification; the innovation capacity and the uncertainty of the external environment also affect enterprises' technological diversification.",technological diversification,Front Psychol,Switzerland,2023,Journal Article,unknown,10.3389/fpsyg.2022.1093362
Promoting Digital Proficiency and Health Literacy in Middle-aged and Older Adults Through Mobile Devices With the Workshops for Online Technological Inclusion (OITO) Project: Experimental Study,"Quialheiro A, Miranda A, Garcia M Jr, Carvalho AC, Costa P, Correia-Neves M, Santos NC.","BACKGROUND: Digital inclusion and literacy facilitate access to health information and can contribute to self-care behaviors and informed decision-making. However, digital literacy is not an innate skill, but rather requires knowledge acquisition. OBJECTIVE: The present study aimed to develop, conduct, and measure the impact, on digital and health literacy, of a digital inclusion program aimed at community dwellers. METHODS: The program targeted the recruitment of people aged 55 and older that owned mobile devices with an internet connection in 3 cities in northern Portugal (Paredes de Coura, Guimarães, and Barcelos). The program was titled the Workshops for Online Technological Inclusion (OITO) project and, in each city, was promoted by the coordinator of municipal projects and organized as an in-person 8-workshop program, using mobile devices, smartphones, or tablets. A quasi-experimental design was used with a nonrandomized allocation of participants in each set of 8 workshops. Sociodemographic, health status, and mobile use information were collected at baseline. Digital and health literacy were measured via the Mobile Device Proficiency Questionnaire and the Health Literacy Scale questionnaires, respectively, at baseline (T1), program completion (T2), and a 1-month follow-up (T3). A self-reported measure of autonomy was evaluated at T1 and T2 using a visual scale. RESULTS: Most participants were women with primary schooling (up to 4 years) aged between 65 and 74 years and retired. The intervention had an 81% (97/120) recruitment rate, 53% (43/81) adherence, and 94% (67/71) satisfaction rate, with 81 participants completing the entire 8-workshop program. Most participants had owned their mobile device for more than one year (64/81, 79%), were frequent daily users (70/81, 86%), and had received their mobile device from someone else (33/64, 52%). Over 80% (71/81) of the participants who completed the intervention used Android smartphones. At baseline, participants had low baseline scores in digital literacy, but medium-high baseline scores in health literacy. They showed significant improvement in digital literacy at T2 and T3 compared to T1, but without a significant difference between T2 and T3, regardless of sex, age, or schooling. A significant improvement in self-reported autonomy was observed at T3 compared with baseline. Regarding health literacy, no significant differences were found at T2 or T3 compared to the baseline. CONCLUSIONS: The feasibility indicators showed that the OITO project methodology had a substantial rate of recruitment and satisfaction. Program participants had significant improvement in digital literacy after 8 workshops and maintained their score 1 month after completing the intervention. There was no significant change in health literacy during the project period.",older adults,JMIR Form Res,Canada,2023,Journal Article,unknown,10.2196/41873
Extended reality in language learning: A cognitive affective model of immersive learning perspective,"Zhi Y, Wu L.","A surge in the interest and implementation of extended reality (XR)-based lessons in language learning has resulted in many related studies. Recent reviews that summarized these studies and the previous studies focus on the technologies used in language-learning settings or the different ways of incorporating XR tools in language-learning activities. However, less work has been done to synthesize XR-based language-learning studies from a language-learning theory perspective. Thus, this study delineates the contour of scholarly literature on XR in language learning using the Cognitive Affective Model of Immersive Learning (CAMIL). The model contains six affective and cognitive factors that lead to XR-based learning: interest, motivation, self-efficacy, embodiment, cognitive load, and self-regulation. This model was adopted in the current study to systematically synthesize the findings from primary studies published between 2017 and 2022 to construct XR explanations on language learning from a cognitive theory perspective. Studies published in 12 indexed privileged journals in the language education and technology field on XR in language learning were reviewed. The results showed that the factors in the CAMIL led to factual, conceptual, and procedural knowledge acquisition and transfer. This study provides some insights into understanding the cognitive outcomes of XR-based language learning by analyzing the findings from previous studies. Suggestions for future studies are proposed in this study.",virtual context,Front Psychol,Switzerland,2023,Review,unknown,10.3389/fpsyg.2023.1109025
"A Large-Scale, Multiplayer Virtual Reality Deployment: A Novel Approach to Distance Education in Human Anatomy","Brown KE, Heise N, Eitel CM, Nelson J, Garbe BA, Meyer CA, Ivie KR Jr, Clapp TR.","The arrival of COVID-19 restrictions and the increasing demand of online instruction options posed challenges to education communities worldwide, especially in human anatomy. In response, Colorado State University developed and deployed an 8-week-long large-scale virtual reality (VR) course to supplement online human anatomy instruction. Students (n = 75) received a VR-capable laptop and head-mounted display and participated in weekly synchronous group laboratory sessions with instructors. The software enabled students to remotely collaborate in a common virtual space to work with human anatomy using an artist-rendered cadaver. Qualitative data were collected on student engagement, confidence, and reactions to the new technology. Quantitative data assessed student knowledge acquisition and retention of anatomical spatial relationships. Results indicated that students performed better in the online course (mean = 82.27%) when compared to previous in-person laboratories (mean = 80.08%). The utilization of VR promoted student engagement and increased opportunities for student interaction with teaching assistants, peers, and course content. Notably, students reported benefits that focused on unique aspects of their virtual learning environment, including the ability to infinitely scale the cadaver and walk inside and around anatomical structures. Results suggested that using VR was equivalent to 2D methods in student learning and retention of anatomical relationships. Overall, the virtual classroom maintained the rigor of traditional gross anatomy laboratories without negatively impacting student examination scores and provided a high level of accessibility, without compromising learner engagement. SUPPLEMENTARY INFORMATION: The online version contains supplementary material available at 10.1007/s40670-023-01751-w.",Virtual reality,Med Sci Educ,United States,2023,Journal Article,unknown,10.1007/s40670-023-01751-w
Using a mobile application for psychiatry training in medical students: a quasi-experimental study,"Zolfaghari M, Shirzadi S, Motamed M.","OBJECTIVE: Microlearning and gamification through mobile technology can significantly enhance knowledge acquisition and satisfaction. Roozbehyar application, was designed using microlearning and gamification approaches for psychiatry clerkship training. METHOD: This quasi-experimental study was conducted in Roozbeh Hospital, in 2021. The intervention group was assigned to the Roozbehyar during a 4-week course. Knowledge and satisfaction were assessed after 4 weeks. RESULTS: We recruited 27 (F/M: 19/8) and 35 students (F/M: 22/13) in the intervention and control groups, respectively. Learning through Roozbehyar was associated with higher scores in the final written exam (p value: 0.031). No difference was seen in the final global assessment scores. The satisfaction scores of the students regarding the content and learners' aspect of the application were above average, yet scores in structural and support aspects were below average. CONCLUSIONS: We highlighted the effect of a microlearning mobile application in increasing knowledge and satisfaction in psychiatry training in medical students.",psychiatry training,Australas Psychiatry,England,2023,Journal Article,unknown,10.1177/10398562231159509
New is not always better: Virtual reality does not necessarily enhance mnemonic processing,"Johnsdorf M, Pham KA, Schmidt T, Truong VL, Wohnig A, Kisker J, Gruber T, Schöne B.","Integrating new technologies such as Virtual Reality (VR) can contribute to increasing efficiency in several areas relevant to society. VR can be applied in various contexts and has the potential to improve mnemonic processes and memory performance. However, the specific conditions under which VR is more beneficial than conventional learning methods remain unclear. To further investigate the value of VR for mnemonic processing, participants performed a memory task under three different conditions. For that task, they were presented with rules regarding the spatial arrangement of building blocks with a written text or a video in 2D on a screen or in 3D/360° with a head-mounted display. Following the learning session, memory performance was measured by a recognition test involving a multiple-choice questionnaire, in which participants had to mark the correct arrangement of building blocks, and a construction test, in which they had to arrange five different building blocks according to the rules learned. Additionally, participants had to arrange 38 building blocks according to the rules in a free recall test the following day. Surprisingly, results revealed no superiority effect for learning in VR. Instead, learning the rules with the text yielded the best memory performance results, indicating that prior experience with conventional learning methods facilitates declarative knowledge acquisition. Considering previous findings regarding cognitive processing in VR, our results suggest that in passive learning, processing the more salient and personally relevant virtual stimuli in the surrounding VR environment requires more attentional resources. Therefore, VR impairs focusing on the relevant declarative information and impedes the transfer of the learned knowledge to different contexts. When considering to implement VR, the value to the particular domain and specific learning task should be taken into consideration: For learning basic declarative information without actively involving the students, conventional learning methods seem sufficient and more efficient for mnemonic processing compared to new technologies.",virtual reality,Front Psychol,Switzerland,2023,Journal Article,unknown,10.3389/fpsyg.2023.1089725
Microlearning activities improve student comprehension of difficult concepts and performance in a biochemistry course,"Nowak G, Speed O, Vuk J.","INTRODUCTION: Students must rapidly learn and retain fundamental basic science knowledge in a doctor of pharmacy curriculum. Active learning stimulates engagement, reinforces concept understanding, and promotes retention of knowledge. The purpose this study was to determine if introducing game-based active recall and critical thinking microlearning activities improved student comprehension of challenging concepts, exam performance, and successful completion of a biochemistry course. METHODS: Microlearning activities were generated using Articulate Storyline software. Questions and problems were embedded in gamification-type activities to reinforce challenging biochemistry concepts and improve critical thinking. Activities were published on Blackboard and student performance was recorded. Students were divided into performance groups using their first exam scores. Student's exam scores were related to results from corresponding microlearning. Statistical analysis of results was performed to compare exam results with outcomes of microlearning activities. RESULTS: Student performance on exams and final scores positively correlated with successful completion of microlearning activities. Students who successfully completed more microlearning activities performed significantly better on all exams in comparison with students who completed few microlearning activities. Students who initially struggled with the material but completed more microlearning improved their performance on exams and passed the course with a higher score. In contrast, students who struggled and completed fewer activities failed to improve their exam and course performance. CONCLUSIONS: Active recall and critical thinking microlearning activities enhanced knowledge retention and comprehension of challenging biochemical concepts. Microlearning scores positively correlated with student exam performance in a biochemistry course, especially amongst students struggling with the material.",Technology,Curr Pharm Teach Learn,United States,2023,"Research Support, Non-U.S. Gov't",unknown,10.1016/j.cptl.2023.02.010
Problem-based learning in medical radiation science education: A scoping review,"Arruzza E, Chau M, Kilgour A.","INTRODUCTION: The current educational and technological environment in medical radiation science is dynamic. Educators must seek both proven and contemporary methods to ensure graduates are equipped for the clinical environment. This scoping review sought to assess the evidence regarding the value of problem-based learning (PBL) as part of medical radiation undergraduate curricula. METHODS: A systematic search of Medline, Emcare, and CINAHL was undertaken. Studies using both quantitative and qualitative methodologies were eligible if they reported the outcomes relating to PBL intervention for medical radiation science students in undergraduate education (diagnostic radiography, radiation therapy, or nuclear medicine). Outcomes included self-perceived benefits, disadvantages, and skills. Screening and data extraction was conducted independently by two reviewers. RESULTS: Eleven studies were included. Data regarding perceived benefits, perceived disadvantages, and skills were gathered. Pre-post studies demonstrated statistically significant findings suggesting better preparedness and improved attitudes for PBL students. Across institutions globally, there is evidence suggesting PBL is positively received by medical radiation students. High satisfaction was experienced amongst participants. Negative feedback included lack of resources, limitations in realism, and issues associated with groupwork. CONCLUSION: PBL may positively impact student satisfaction, knowledge acquisition, and skills, though this necessitates further research. IMPLICATIONS FOR PRACTICE: Medical radiation is an evolving discipline, and problem-based learning poses an educational tool to equip graduates with adaptive qualities.",Radiotherapy,Radiography (Lond),Netherlands,2023,Scoping Review,unknown,10.1016/j.radi.2023.03.008
Are Virtual Reality Serious Video Games More Effective Than Web Video Games?,"Lopez-Fernandez D, Mayor J, Garcia-Perez M, Gordillo A.","Virtual reality is widely used for many educational purposes. However, despite the increasing trend in the use of this technology, it is not yet clear whether it is more effective for learning than other technologies, such as traditional computer video games. This article presents a serious video game to learn Scrum, a methodology widely used in the software industry. The game is available in mobile virtual reality and Web (using WebGL) formats. Both versions of the game are compared in terms of knowledge acquisition and motivation enhancement through a robust empirical study involving 289 students and instruments, such as prepost tests and a questionnaire. The obtained results suggest that both formats of the game are useful for acquiring knowledge and promoting aspects, such as fun, motivation, and engagement. The results also suggest, strikingly, that there is no difference in terms of learning effectiveness between the two versions of the game.",,IEEE Comput Graph Appl,United States,2023,Journal Article,unknown,10.1109/MCG.2023.3244036
Use of the Anatomage Virtual Table in Medical Education and as a Diagnostic Tool: An Integrative Review,Said Ahmed MAA.,"Studies on human anatomy mainly depend on cadaver dissection. New technology devices have progressed to improve anatomy teaching, such as the 3D Anatomage virtual dissection table. There is a shortage and deficiency in information about the uses and benefits of the Anatomage table. The aim of this article was to review and assess the current evidence about the advantages of the Anatomage virtual table in medical education and curricula of medical courses, and its utility in diagnosis. The current study is a comprehensive systematic review. A search was conducted on online medical and scientific databases. Twenty-nine articles relevant to the content of the current research topic were selected. Based on this review, the use of the Anatomage table is valuable for anatomy learning outcomes, and most of the research supported it as an important anatomy tool in addition to cadaveric dissection. The Anatomage table in association with human dissection can improve knowledge retention of anatomy. It is an important tool for understanding organ variation. Anatomage is now considered an important tool for the educational training programs of medical students and residents and for disease diagnosis and prognosis. Anatomage can make the curriculum more interesting and valuable. Utilizing the Anatomage table can help medical and paramedical students and residents by assisting them to understand anatomy in a better way. It will also improve radiological knowledge and facilitate pre-planning for surgeries. Finally, it has a crucial role during exceptional circumstances such as pandemics.",virtual table,Cureus,United States,2023,Review,unknown,10.7759/cureus.35981
Comparing Knowledge Acquisition and Retention Between Mobile Learning and Traditional Learning in Teaching Respiratory Therapy Students: A Randomized Control Trial,"Alhamad BR, Agha S.","PURPOSE: Mobile learning (m-learning) is one of the trends in health professions' education. It has a promising future in education, but it also presents various challenges and risks. This research seeks to highlight some of the greatest accomplishments, opportunities, and issues related to m-Learning in teaching and learning. We believe the findings help us maximize the positive effects of m-Learning while minimizing any potential drawbacks associated with the technological changes taking place in education. The study aimed to compare respiratory therapy students' knowledge acquisition and retention between using m-learning and traditional learning. PARTICIPANTS AND METHODS: Randomized pre-test, post-test, control group design was used. All 3rd year (N = 46) respiratory therapy students in one governmental university in Saudi Arabia were randomly assigned to either intervention or control group. Both groups took the same content of arterial blood gas lecture for 2 hours. The intervention group took the lecture using m-learning; two mobile apps: (1) ABG Book, (2) Arterial Blood Gas (Lite). The traditional learning (lecture-based learning) was used for the control group. The same test was conducted before, immediately after, and two weeks after the lecture. The duration of the test was 30 minutes. The data were analyzed using independent t-test and repeated measured ANOVA using p < 0.05. IRB Approval was obtained. RESULTS: Forty-five students participated. Although no statistically significant difference was found on knowledge acquisition and retention between the two types of learning (p = 0.305, p = 0.904, respectively), it was found among the three time-points within each group (p < 0.001). CONCLUSION: Both m-learning and traditional learning are effective in increasing knowledge acquisition and retention. However, no one is better than the other. Further researches were needed with larger sample size through multi-institutional studies to validate the results of this study.",teaching,Adv Med Educ Pract,New Zealand,2023,Journal Article,unknown,10.2147/AMEP.S390794
"The relationships among Taiwanese youth's polychronicity, multitasking behavior and perceived learning performance in online learning","Luo YF, Kang S, Yang SC, Lu CM.","BACKGROUND: The advancement of digital technology implies the importance of polychronic learning. Since polychronicity is not equivalent to multitasking behavior, they need to be considered separately. However, less research has been explored on how polychronicity is related to multitasking behavior in the educational field. OBJECTIVE: To explore the relationships among polychronicity, multitasking behavior and learning performance (including knowledge acquisition and learning satisfaction) in an online learning environment. METHODS: The relationship among variables was analyzed from 865 responses obtained from a questionnaire survey, and independent sample t tests and SEM analysis were used to examine the research hypotheses. RESULTS: College students showed a higher frequency of multitasking behavior, time tangibility and scheduling preference, and learning satisfaction in multitasking online learning environments than high school students. Additionally, college students were different from high school students on the paths of involvement with people to multitasking behavior (Δ χ (2)= 5.42, p = 0.02) and scheduling preference to learning satisfaction (Δχ (2) = 9.54, p = 0.002). CONCLUSION: The relationship among polychronicity, multitasking behavior and perceived learning performance in an online learning environment varies by student educational stage.",polychronicity,Front Psychol,Switzerland,2023,Journal Article,unknown,10.3389/fpsyg.2023.1131765
Case Cards: A Novel Learner-Centered Initiative to Improve Resident Education in the Pediatric Emergency Room,"Perlman E, Sagalowsky S.","INTRODUCTION: The pediatric emergency department (PED) provides a wealth of learning opportunities for residents. However, delivering dedicated education can be a significant challenge due to considerable variability in day-to-day schedules, volume, cases, time, and resource availability. Case-based and learner-centered teaching models are well suited for ambulatory settings like the emergency department. Using the Kern model, we designed an educational intervention titled ""Case Cards"" to facilitate active learning conversations in pediatric emergency medicine (PEM). Our goal was to improve clinical teaching in the PED to demonstrate self-reported satisfaction, knowledge acquisition, confidence, and commitment among residents rotating in this fast-paced, challenging clinical environment. METHODS:  After general and targeted needs assessments, we developed a compendium of 30 high-yield case cards to facilitate case-based learning conversations between learners and preceptors. Case topics mirror the American Board of Pediatrics Content Outline of Emergent Conditions. The ""Learner Card"" presents a PEM case for the learner to read and hold, while the ""Teacher Card"" contains evidence-based teaching prompts following established learner-centered clinical teaching models to guide and facilitate the case. Post-implementation surveys queried Kirkpatrick New World educational outcomes in a retrospective format. RESULTS: We collected data from 24 pediatric and emergency medicine residents between July 2021 and January 2022. All respondents agreed or strongly agreed that case cards are enjoyable, educational, applicable to clinical practice, enhanced confidence, and would be recommended to others. CONCLUSION: Case cards for learner-centered teaching in the pediatric emergency setting are well-received and demonstrate resident self-reported satisfaction, knowledge, and confidence in core PEM conditions. Having established and readily available teaching topics, such as case cards, can enhance the clinical experience in the PED and other challenging settings and augment clinical exposure to core content. Educators may wish to expand and explore evolving technologies to facilitate learner-centered clinical teaching.",resident education,Cureus,United States,2023,Journal Article,unknown,10.7759/cureus.36944
Impact of Audience Response System in Enhancing Teaching of Anatomy and Physiology for Health Sciences Students at King Saud bin Abdulaziz University for Health Sciences,"Baashar A, Kumar RS, Akhtar SMI, Alyousif SM, Alhassan AI, Townsi N.","PURPOSE: Instructional methods that offer students' opportunity for engagement are essential to develop an active learning environment. This paper aims (1) to assess whether the use of an Audience Response System (ARS) during anatomy and physiology lectures improves students' engagement, knowledge retention and academic achievement and (2) to evaluate the feasibility of introducing ARS as a formative tool from both instructors' and students' perspectives. MATERIALS AND METHODS: This quasi-experimental study was conducted across ten lectures for the second-year Pre-Applied Medical Science (PAMS) and Pre-Medical (PMED) students at the College of Sciences and Health Professions, King Saud bin Abdulaziz University for Health Sciences (KSAU-HS), Jeddah, Saudi Arabia. The ARS was integrated into five lectures, whereas the remaining were conducted without ARS. A comparison of the immediate post-lecture and prior laboratory session quiz scores between the lectures with and without ARS was performed using an independent sample t-test. An online survey was completed by the students as well as informal feedback was taken from the instructors to assess ARS usefulness. RESULTS: A total of 65 PMAS and 126 PMED students participated in the study. Students achieved significantly better scores for ARS lectures than non-ARS lectures: PAMS (p 0.038) and PMED (p 0.018). Students and instructors agreed that ARS was easy to use, allowing students to engage and actively participate in the teaching process by responding to questions and receiving instant and anonymous feedback about their learning progress. CONCLUSION: Employing suitable interactive teaching methods facilitates students' learning and improves their retention of knowledge. Students and instructors positively view the ARS strategy as a means to promote learning in a traditional lecture setting. Increased practice on how to integrate its use into classrooms could lead to further utilization.",medical students,Adv Med Educ Pract,New Zealand,2023,Journal Article,unknown,10.2147/AMEP.S397621
Improved Spatial Knowledge Acquisition through Sensory Augmentation,"Schmidt V, König SU, Dilawar R, Sánchez Pacheco T, König P.","Sensory augmentation provides novel opportunities to broaden our knowledge of human perception through external sensors that record and transmit information beyond natural perception. To assess whether such augmented senses affect the acquisition of spatial knowledge during navigation, we trained a group of 27 participants for six weeks with an augmented sense for cardinal directions called the feelSpace belt. Then, we recruited a control group that did not receive the augmented sense and the corresponding training. All 53 participants first explored the Westbrook virtual reality environment for two and a half hours spread over five sessions before assessing their spatial knowledge in four immersive virtual reality tasks measuring cardinal, route, and survey knowledge. We found that the belt group acquired significantly more accurate cardinal and survey knowledge, which was measured in pointing accuracy, distance, and rotation estimates. Interestingly, the augmented sense also positively affected route knowledge, although to a lesser degree. Finally, the belt group reported a significant increase in the use of spatial strategies after training, while the groups' ratings were comparable at baseline. The results suggest that six weeks of training with the feelSpace belt led to improved survey and route knowledge acquisition. Moreover, the findings of our study could inform the development of assistive technologies for individuals with visual or navigational impairments, which may lead to enhanced navigation skills and quality of life.",wayfinding,Brain Sci,Switzerland,2023,Journal Article,unknown,10.3390/brainsci13050720
Skill Enactment and Knowledge Acquisition in Digital Cognitive Behavioral Therapy for Depression and Anxiety: Systematic Review of Randomized Controlled Trials,"Jackson HM, Calear AL, Batterham PJ, Ohan JL, Farmer GM, Farrer LM.","BACKGROUND: Digital cognitive behavioral therapy (CBT) interventions can effectively prevent and treat depression and anxiety, but engagement with these programs is often low. Although extensive research has evaluated program use as a proxy for engagement, the extent to which users acquire knowledge and enact skills from these programs has been largely overlooked. OBJECTIVE: This study aimed to investigate how skill enactment and knowledge acquisition have been measured, evaluate postintervention changes in skill enactment and knowledge acquisition, examine whether mental health outcomes are associated with skill enactment or knowledge acquisition, and evaluate predictors of skill enactment and knowledge acquisition. METHODS: PubMed, PsycINFO, and Cochrane CENTRAL were searched for randomized controlled trials (RCTs) published between January 2000 and July 2022. We included RCTs comparing digital CBT with any comparison group in adolescents or adults (aged ≥12 years) for anxiety or depression. Eligible studies reported quantitative measures of skill enactment or knowledge acquisition. The methodological quality of the studies was assessed using the Joanna Briggs Institute Critical Appraisal Checklist for RCTs. Narrative synthesis was used to address the review questions. RESULTS: In total, 43 papers were included, of which 29 (67%) reported a skill enactment measure and 15 (35%) reported a knowledge acquisition measure. Skill enactment was typically operationalized as the frequency of enacting skills using the completion of in-program activities (ie, formal skill enactment; 13/29, 45%) and intervention-specific (9/29, 31%) or standardized (8/29, 28%) questionnaires. Knowledge measures included tests of CBT knowledge (6/15, 40%) or mental health literacy (5/15, 33%) and self-report questionnaires (6/15, 40%). In total, 17 studies evaluated postintervention changes in skill enactment or knowledge acquisition, and findings were mostly significant for skill enactment (6/8, 75% of the studies), CBT knowledge (6/6, 100%), and mental health literacy (4/5, 80%). Of the 12 studies that evaluated the association between skill enactment and postintervention mental health outcomes, most reported ≥1 significant positive finding on standardized questionnaires (4/4, 100%), formal skill enactment indicators (5/7, 71%), or intervention-specific questionnaires (1/1, 100%). None of the 4 studies that evaluated the association between knowledge acquisition and primary mental health outcomes reported significant results. A total of 13 studies investigated predictors of skill enactment; only type of guidance and improvements in psychological variables were associated with increased skill enactment in ≥2 analyses. Predictors of knowledge acquisition were evaluated in 2 studies. CONCLUSIONS: Digital CBT for depression and anxiety can improve skill enactment and knowledge acquisition. However, only skill enactment appears to be associated with mental health outcomes, which may depend on the type of measure examined. Additional research is needed to understand what types and levels of skill enactment and knowledge acquisition are most relevant for outcomes and identify predictors of these constructs. TRIAL REGISTRATION: PROSPERO CRD42021275270; https://www.crd.york.ac.uk/prospero/display_record.php?RecordID=275270.",young people,J Med Internet Res,Canada,2023,Systematic Review,unknown,10.2196/44673
Importance of online self-assisted assessments for medical students in knowledge acquisition,"Poleneni SR, Chandrupatla M.","BACKGROUND: Assessment is an important aspect of teaching and learning in medical education. Regular early assessments create scope for improvement in students, and this digital era technology should be utilized for ease of administration. E-assessment involves the usage of technology to create, deliver, collect, and provide feedback to the students. The present study aims to understand the importance of online assessment and the preference of students with difficulties faced and the methods of improvement. METHODS AND MATERIALS: This study was a cross-sectional descriptive study conducted among fifty-six undergraduate medical students, where forty-five objective structured practical questions (OSPEs) were administered to the students in anatomy. After the assessment, feedback was collected in the form of a fifteen-item questionnaire. The responses were graded using a five-point Likert scale and represented in the graphs using Microsoft Excel software. RESULTS: The feedback collected has the following responses. The prosected specimen pictures used in the exam, with pointers and markers, were clear and oriented for which 77% agreed, the pointers and markers were clear and easy to identify for which 79% agreed, and 66% preferred the traditional method of assessment over the online mode of assessment and 48% were neutral on the question of whether E-assessment improves knowledge and skills. Most of the students preferred the traditional method of assessment over the online method of assessment. CONCLUSIONS: Traditional methods of teaching or assessment cannot be replaced by online methods, but technology can be utilized as an addition to regular mode to improve the outcome. Regular early formative assessments help teachers to understand areas of deficiency and help students in improvement. E-assessment can be adapted for formative assessment and regular practice because of their ease of administering and providing feedback simultaneously.",medical education,J Educ Health Promot,India,2023,Journal Article,unknown,10.4103/jehp.jehp_342_22
Game-based learning as training to use a chemotherapy preparation robot,"Garnier A, Bonnabry P, Bouchoud L.","INTRODUCTION: In 2015, our university hospital pharmacy acquired the PharmaHelp robot system to automate part of its chemotherapy production. Complex technical use, downtime periods, and insufficient training caused a drop in motivation and disparities in operators' knowledge. We created a short, playful, standardized, gamed-based training program to address this, and evaluated its impact. METHODS: Operators were classified as trainers or trainees according to their knowledge about Information and Communication Technologies. Before, after the training, and at 6 months (6M), their robot knowledge was assessed on a 0-24-scale, motivation and self-efficacy in using it on 0-to-100 scales. Pairwise comparison t-test with Bonferroni adjustment was used (p < 0.05 considered significant). Satisfaction was measured using a six-point Likert scale. Trainer/trainee teams participated in 2-hour training sessions with three games and a debriefing. For ""Knowing the manufacturing steps,"" cards with the steps were placed in the correct order. For ""Knowing the criteria for using the robot,"" teams guessed whether certain compounds could be used with the robot. For ""Knowing how to handle production errors,"" the answer to each error (taken from real-life issues) was selected from four options. RESULTS: Participants (n  =  14) were very satisfied about sessions' interactivity and playfulness. Knowledge improved from 57% pretraining to 77% (p < 0.005) to 76.6% (6M) (p < 0.05 compared to pretraining). Motivation and self-efficacy, respectively, improved from 57.6% to 86.6% (p < 0.05) to 70.4% (6M) and from 48.5% to 75.6% (p < 0.05) to 60.2% (6M) (p > 0.1 compared to pretraining) (t-test). CONCLUSIONS: This highly appreciated training program efficiently improved knowledge retention out to six months.",pharmacy,J Oncol Pharm Pract,England,2024,Journal Article,unknown,10.1177/10781552231181056
Reviewing the current state of virtual reality integration in medical education - a scoping review protocol,"Mergen M, Meyerheim M, Graf N.","BACKGROUND: Due to an increasing focus of medical curricula on clinical decision-making skills, new learning tools are constantly developed. Virtual reality (VR) is one of the emerging technologies with the potential to improve health professionals' education. Highly realistic learning experiences with repeatable training scenarios can be created within a protected environment that is independent from real patients' presence. Our project ""medical tr.AI.ning"" is following this approach aiming to simulate immersive virtual first-person scenarios with intelligent, interactable virtual patients. So far, VR has been mainly used in surgical training, but there is evidence for effectiveness in training different procedural skills, such as cardiopulmonary resuscitation, knowledge acquisition, and improvement of reasoning and creativity, while still being cost-effective. The objective of this scoping review is to explore the usage and identify key areas of VR applications in the field of medical education. Furthermore, the corresponding requirements, evaluation methods and outcomes, advantages, and disadvantages will be covered. METHODS: This scoping review protocol implements the updated JBI Scoping Review Methodology. In March 2022, a preliminary literature research in PubMed was performed by two independent reviewers to refine search terms and strategy as well as inclusion criteria of the protocol, accounting for actuality and scientific relevance. The final search will be conducted using PubMed, ScienceDirect, Cochrane Library, Web of Science Core Collection, and JBI Evidence Synthesis. Search, study screening, and data extraction will be done in parallel and independently by two reviewers. Discrepancies will be handled by consensus or consulting a third review author. DISCUSSION: With this scoping review, we anticipate collating the range of application of VR in medical education while using a transparent and reproducible search strategy. This may contribute to the design and development of novel educational VR platforms and their integration into medical curricula while pointing out previous omissions and pitfalls.",Virtual reality,Syst Rev,England,2023,"Research Support, Non-U.S. Gov't",unknown,10.1186/s13643-023-02266-6
Varicose Vein Education and Informed coNsent (VVEIN) study: a randomised controlled pilot feasibility study,"Kiernan A, Boland F, Moneley D, Doyle F, Harkin DW.","INTRODUCTION: Doctors have a legal requirement and duty of care to ensure patients are enabled to make an informed decision about their treatment, including discussion of the benefits, risks and alternatives to a procedure. A patient-centred approach to consent has been firmly established in Ireland, and fundamental to this is the ability to engage in a dialogue that offers comprehensible information to patients. Telemedicine has revolutionised the way we can deliver care to patients in the modern era of computers, tablets, and smartphones, and its use has been rapidly expanded. Novel digital strategies to improve the informed consent process for surgical procedures have been increasingly under investigation over the last 10-15 years and may offer a low cost, accessible and tailored solution to consent for surgical interventions. Within vascular surgery, superficial venous interventions have been associated with a high number medicolegal claims and also represents an area within the specialty with rapidly evolving technology and techniques. The ability to communicate comprehensible information to patients has never been greater. Thus, the author's aim is to explore whether it is feasible and acceptable to deliver a digital health education intervention to patients undergoing endovenous thermal ablation (EVTA) to supplement the consent process. METHODS: This is a prospective, single centre, randomised controlled, feasibility trial recruiting patients with chronic venous disease deemed suitable to undergo EVTA. Patients will be randomised to receive either standard consent (SC) or a newly developed digital health education tool (dHET). The primary outcome is feasibility; assessing the recruitment and retention rate of participants and assessing acceptability of the intervention. Secondary outcomes include knowledge retention, anxiety and satisfaction. This feasibility trial is designed to recruit 40 patients, which will allow for a moderate dropout rate. This pilot study will inform the authors of the appropriateness of an adequately powered multicentre trial. DISCUSSION: To examine the role of a digital consent solution for EVTA. This may improve and standardise the consent dialogue with patients and may have the potential to reduce claims related to poor consent processes and disclosure of risks. ETHICAL COMMITTEE REFERENCE: Ethical approval has been sought and received from both the Bon Secours Hospital and RCSI (202109017), on 14 May 2021 and 10 October 2021, respectively. TRIAL REGISTRATION: ClinicalTrials.gov Identifier: NCT05261412 , registered on 1 March 2022.",Venous disease,Pilot Feasibility Stud,England,2023,Journal Article,unknown,10.1186/s40814-023-01336-9
Learning critical thinking skills online: can precision teaching help?,"Tan AJY, Davies JL, Nicolson RI, Karaminis T.","Critical thinking is identified as a key educational outcome in higher education curricula; however, it is not trivial to support students in building this multifaceted skill. In this study, we evaluated a brief online learning intervention focusing on informal fallacy identification, a hallmark critical-thinking skill. The intervention used a bite-sized video learning approach, which has been shown to promote student engagement. Video-based learning was implemented within a precision teaching (PT) framework, which modulates the exposure of individual learners to the learning material to enable them to build 'fluency' in the targeted skills. In one of the learning conditions, PT was applied synergistically with domain-general problem-based training to support generalisation. The intervention consisted of two learning episodes and was administered to three groups (learning conditions) of 19 participants each: a PT fluency-based training group; a PT + group, where PT was combined with problem-based training; and a self-directed learning control group. All three groups showed comparable improvements in fallacy identification on taught (post-episode tests) and unseen materials (post-intervention assessment), with lower-scoring participants showing higher gains than high-scoring participants. The results of the knowledge retention tests a week later were also comparable between groups. Importantly, in the domain-general fallacy-identification assessment (post-intervention), the two PT groups showed higher improvements than the control group. These findings suggest that the integration of bite-sized video learning technologies with PT can improve students' critical-thinking skills. Furthermore, PT, on its own or combined with problem-based training, can improve their skill to generalise learning to novel contexts. We discuss the educational implications of our findings.",Video-based learning,Educ Technol Res Dev,United States,2023,Journal Article,unknown,10.1007/s11423-023-10227-y
Implementation of a hepatitis-themed virtual escape room in pharmacy education: A pilot study,"Krishnan S, Blebil AQ, Dujaili JA, Chuang S, Lim A.","As we enter a world of blended learning in higher education, an increased need for adaptation of teaching strategies to enhance engagement has been recognised to amplify learning outcomes online. Gamification has been identified as a creative tool to engage the current cohort of learners who are also characteristically tech-savvy. To this end, escape room games have gained considerable traction in medical and pharmacy education to promote learning, critical thinking and teamwork. In this pilot study we describe the implementation of a 60-minute, web-based hepatitis-themed escape room game within a Year 3 Pharmacotherapy unit at Monash University. A total of 418 students participated in this activity. Students' knowledge gain on the topic was assessed through a pre- and post-intervention assessment, whereby a statistically significant improvement was seen in the knowledge score following implementation of the gaming activity (58.66% pre-intervention vs. 72.05% post-intervention, p < 0.05). The innovative learning activity was also well perceived by the students. Virtual escape room game is a viable pedagogical approach to teach and reinforce clinical concepts among pharmacy students. With the evolving landscape of education and learner demographics, investment in technology- enhanced game-based learning is a promising trajectory to support students' growth in a learner-centered environment. A comparison between virtual escape room game and traditional teaching will further inform effectiveness of the gamification on long term knowledge retention.",Virtual escape room,Educ Inf Technol (Dordr),Netherlands,2023,Journal Article,unknown,10.1007/s10639-023-11745-1
My hands are running away - learning a complex nursing skill via virtual reality simulation: a randomised mixed methods study,"Plotzky C, Loessl B, Kuhnert B, Friedrich N, Kugler C, König P, Kunze C.","BACKGROUND: Clinical skills training is an essential component of nursing education. However, sometimes education does not sufficiently prepare nurses for the real world. Virtual reality (VR) is an innovative method to complement existing learning strategies, yet few studies investigate its effectiveness. This study compared educational outcomes achieved by three groups learning with either of two different VR simulation variants, with varying technological features, or a video training on the endotracheal suctioning skill. METHODS: The investigated outcomes were knowledge and skill acquisition, learner satisfaction, and technology acceptance. 131 undergraduate nursing students were randomised into three groups, based on the interventions they received. Knowledge was assessed through a pre-post-test design, skill through a post-intervention objective structured clinical examination on a manikin, learning satisfaction and technology acceptance through standardised questionnaires, and qualitative feedback through focus groups. RESULTS: All interventions led to a significant knowledge acquisition, with no significant difference between the groups. The video intervention group performed significantly better than the VR groups in skill demonstration. One of the two VR intervention groups had a significantly higher learner satisfaction than the video group. Technology acceptance was high for both VR groups, with the simpler VR simulation resulting in higher technology acceptance than the one with more experimental features. Students described the VR experience as realistic, interactive, and immersive, and saw the opportunity to practise skills in a safe environment, learn from mistakes, and increase knowledge and confidence. CONCLUSIONS: For the development of VR trainings, we recommend keeping them simple and targeting a specific educational outcome since trying to optimise for multiple outcomes is resource intensive and hard to achieve. Psychomotor skills were easier for participants to learn by watching a video on the procedure rather than practically learning it with the VR hardware, which is a more abstract representation of reality. We therefore recommend using VR as a complementing resource to skills labs, rather than replacing existing learning strategies. Perhaps VR is not ideal for practising practical psychomotor skills at the moment, but it can increase knowledge, satisfaction, motivation, confidence and prepare for further practical training. TRIAL REGISTRATION: Not applicable.",Virtual reality,BMC Nurs,England,2023,Journal Article,unknown,10.1186/s12912-023-01384-9
Applying the Project ECHO Model to Support Implementation and Sustainment of Cognitive Behavioral Therapy for Psychosis,"Kopelovich SL, Blank J, McCain C, Hughes M, Strachan E.","INTRODUCTION: Project Extension for Community Healthcare Outcomes (ECHO) is a teleconsultation model that leverages technology to sustain specialized interventions in underresourced settings. We present the application of the ECHO model to longitudinal training and consultation for community behavioral health providers learning to deliver cognitive behavioral therapy for psychosis, an evidence-based psychotherapy for individuals with psychotic disorders that has poorly penetrated the US mental health system. METHODS: We analyzed within-group change over practitioners' 6-month ECHO participation cycle using the Expanded Outcomes Framework. We evaluated outcomes associated with participation, satisfaction, knowledge acquisition, performance, patient symptom severity, and functional impairment. RESULTS: In the first 3 years, the cognitive behavioral therapy for psychosis ECHO Clinics supported 150 providers from 12 community agencies. Forty percent did not complete the 6-month ECHO calendar, most commonly due to separation from their agency. Participants reported high degrees of satisfaction. Declarative and procedural knowledge increased over the 6-month period. Of the 24 providers who received a fidelity review, 87.5% met or exceeded the competency benchmark within the 6-month period. Clinical outcomes reflected reductions in hallucinations, negative symptoms, depression, mania, and functional impairment, but no reductions were detected in delusions, disorganized speech, or abnormal psychomotor behavior. DISCUSSION: ECHO Clinics offer a mode of providing continuous access to expert instruction, peer-to-peer consultation, and case-based learning that other workforce training models lack. Our evaluation suggests that the ECHO model supports continuous professional development for practitioners, most of whom had indicated inadequate preparation for their role. We observed improved learner and select patient outcomes.",,J Contin Educ Health Prof,United States,2023,Journal Article,unknown,10.1097/CEH.0000000000000511
Factors That Affect Knowledge-Sharing Behaviors in Medical Imaging Departments in Cancer Centers: Systematic Review,"Almashmoum M, Cunningham J, Alkhaldi O, Anisworth J.","BACKGROUND: Knowledge management plays a significant role in health care institutions. It consists of 4 processes: knowledge creation, knowledge capture, knowledge sharing, and knowledge application. The success of health care institutions relies on effective knowledge sharing among health care professionals, so the facilitators and barriers to knowledge sharing must be identified and understood. Medical imaging departments play a key role in cancer centers. Therefore, an understanding of the factors that affect knowledge sharing in medical imaging departments should be sought to increase patient outcomes and reduce medical errors. OBJECTIVE: The purpose of this systematic review was to identify the facilitators and barriers that affect knowledge-sharing behaviors in medical imaging departments and identify the differences between medical imaging departments in general hospitals and cancer centers. METHODS: We performed a systematic search in PubMed Central, EBSCOhost (CINAHL), Ovid MEDLINE, Ovid Embase, Elsevier (Scopus), ProQuest, and Clarivate (Web of Science) in December 2021. Relevant articles were identified by examining the titles and abstracts. In total, 2 reviewers independently screened the full texts of relevant papers according to the inclusion and exclusion criteria. We included qualitative, quantitative, and mixed methods studies that investigated the facilitators and barriers that affect knowledge sharing. We used the Mixed Methods Appraisal Tool to assess the quality of the included articles and narrative synthesis to report the results. RESULTS: A total of 49 articles were selected for the full in-depth analysis, and 38 (78%) studies were included in the final review, with 1 article added from other selected databases. There were 31 facilitators and 10 barriers identified that affected knowledge-sharing practices in medical imaging departments. These facilitators were divided according to their characteristics into 3 categories: individual, departmental, and technological facilitators. The barriers that hindered knowledge sharing were divided into 4 categories: financial, administrative, technological, and geographical barriers. CONCLUSIONS: This review highlighted the factors that influenced knowledge-sharing practices in medical imaging departments in cancer centers and general hospitals. In terms of the facilitators and barriers to knowledge sharing, this study shows that these are the same in medical imaging departments, whether in general hospitals or cancer centers. Our findings can be used as guidelines for medical imaging departments to support knowledge-sharing frameworks and enhance knowledge sharing by understanding the facilitators and barriers.",systematic review,JMIR Hum Factors,Canada,2023,Review,unknown,10.2196/44327
Asynchronous e-learning with technology-enabled and enhanced training for continuing education of nurses: a scoping review,"Kimura R, Matsunaga M, Barroga E, Hayashi N.","BACKGROUND: Asynchronous e-learning has become the mainstream choice since the transformation of learning formats by the coronavirus disease-19 pandemic. This scoping review aimed to examine the technologies used in asynchronous e-learning for the continuing education of clinical nurses and their modes of delivery and effectiveness. METHODS: This scoping review covered the period between 2011 and 2023. Six databases were searched for relevant studies following the Preferred Reporting Items for Systematic Reviews and Meta-Analysis extension for Scoping Reviews (PRISMA-ScR) protocol. RESULTS: Sixty articles met the inclusion criteria. There was a noticeable trend toward using diverse technology-enabled and enhanced training (TEET) options after 2017. The enabling technological approaches, such as interactive online modules (25 articles) and video modules (25 articles), are described in the articles. The most commonly used enhancing technologies were scenario-based learning (nine articles), resource access (eight articles), computer simulation or virtual reality (three articles), and gamification (three articles). Among the outcomes, knowledge acquisition was the most commonly examined outcome (41 articles). CONCLUSIONS: Notably, many interactive TEET modules were used in asynchronous e-learning. There were few studies on gamification, computer simulation or virtual reality, and scenario-based learning (techniques to enhance intrinsic motivation further). However, the adoption of asynchronous e-learning with advanced TEET options is anticipated to increase in the future. Therefore, objective outcome measures are required to determine the effects of such learning methods on knowledge acquisition and behavioral changes.",Technology-enabled and enhanced training,BMC Med Educ,England,2023,Scoping Review,unknown,10.1186/s12909-023-04477-w
Visualisation Approaches in Technology-Enhanced Medical Simulation Learning: Current Evidence and Future Directions,"Dawidziuk A, Miller G, Malawana J.","Technology-enhanced learning (TEL) has been proposed as an approach to minimise the healthcare workforce shortage preventing universal healthcare coverage. Simulation-based medical education is a well-established teaching method. Little is known about effective strategies to translate in-person medical simulation teaching into a virtual world. This work aimed to review the literature on approaches to visualisation in technology-enhanced medical simulation. A systematic search strategy was optimised using three databases: Embase, MEDLINE, and APA PsycInfo. Additional papers were identified through cross-referencing. The last date of this search was 3 January 2022. The articles were analysed qualitatively. The risk of bias was assessed using ROBINS-I and RoB 2 tools. The search yielded 656 results with 9 additional papers identified through cross-referencing. Following deduplication and exclusions, 23 articles were included in a qualitative synthesis of evidence. Offline and online computer-based modules with virtual patient cases or practical skills simulations were identified as the most prevalent clinical simulation teaching modalities. Visualisation approaches included text, images, animations, videos, and 3D environments. Significant heterogeneity of study designs with a moderate risk of bias was established. Based on the current data, the virtual patient scenarios should use natural language input interfaces enriched with video and voice recordings, 3D animations, and short text descriptions to make the patient management experience more lifelike and increase knowledge retention. However, there is no agreed framework for assessing the pedagogical value of these innovations. High-quality randomised controlled trials of TEL-based clinical simulation are essential to advance the field.",Visualisation,Adv Exp Med Biol,United States,2023,Review,unknown,10.1007/978-3-031-30379-1_8
"The Facilitators and Barriers to Digital Health for Managing Nutrition in People With Parkinson's Disease and Their Caregivers: A Formative, Qualitative Study","LoBuono DL, Shea KS, Reed M, Tovar A, Leedahl SN, Xu F, Mahler L, Lofgren IE.","OBJECTIVE: Identify techniques to assist in designing digital health platforms for nutrition services for people with Parkinson's disease and caregivers to improve their quality of life. DESIGN: Semistructured, dyadic interviews with 20 dyads (20 people with Parkinson's disease and 20 caregivers). SETTING: Home visits were conducted in the northeast US. PARTICIPANTS: People with Parkinson's disease and their caregivers were recruited via email, flyers, news articles and announcements at support groups. PHENOMENON OF INTEREST: Identification of facilitators and barriers to using digital health platforms to inform future digital nutrition services. ANALYSIS: Interviews were recorded, transcribed and double-coded using a framework analysis method. RESULTS: Reported digital health platforms utilization facilitators were: knowledge acquisition, convenience, intention to use, socializing, enjoyment, and forced adoption. Barriers included: negative feelings toward technology, lack of access or knowledge, disinterest, product design, frustration and functional reliability, and applying health information. CONCLUSIONS AND IMPLICATIONS: Although dyads often lack knowledge on both how to use technology and nutrition, they are willing to use digital health platforms to increase their nutrition knowledge if platforms are convenient. Based on the identified facilitators and barriers, the added benefits of access and training nutrition digital health platforms must be clearly communicated to end-users to improve their quality of life.",nutrition education,J Nutr Educ Behav,United States,2023,"Research Support, Non-U.S. Gov't",unknown,10.1016/j.jneb.2023.05.252
Assessing Health Students' Attitudes and Usage of ChatGPT in Jordan: Validation Study,"Sallam M, Salim NA, Barakat M, Al-Mahzoum K, Al-Tammemi AB, Malaeb D, Hallit R, Hallit S.","BACKGROUND: ChatGPT is a conversational large language model that has the potential to revolutionize knowledge acquisition. However, the impact of this technology on the quality of education is still unknown considering the risks and concerns surrounding ChatGPT use. Therefore, it is necessary to assess the usability and acceptability of this promising tool. As an innovative technology, the intention to use ChatGPT can be studied in the context of the technology acceptance model (TAM). OBJECTIVE: This study aimed to develop and validate a TAM-based survey instrument called TAME-ChatGPT (Technology Acceptance Model Edited to Assess ChatGPT Adoption) that could be employed to examine the successful integration and use of ChatGPT in health care education. METHODS: The survey tool was created based on the TAM framework. It comprised 13 items for participants who heard of ChatGPT but did not use it and 23 items for participants who used ChatGPT. Using a convenient sampling approach, the survey link was circulated electronically among university students between February and March 2023. Exploratory factor analysis (EFA) was used to assess the construct validity of the survey instrument. RESULTS: The final sample comprised 458 respondents, the majority among them undergraduate students (n=442, 96.5%). Only 109 (23.8%) respondents had heard of ChatGPT prior to participation and only 55 (11.3%) self-reported ChatGPT use before the study. EFA analysis on the attitude and usage scales showed significant Bartlett tests of sphericity scores (P<.001) and adequate Kaiser-Meyer-Olkin measures (0.823 for the attitude scale and 0.702 for the usage scale), confirming the factorability of the correlation matrices. The EFA showed that 3 constructs explained a cumulative total of 69.3% variance in the attitude scale, and these subscales represented perceived risks, attitude to technology/social influence, and anxiety. For the ChatGPT usage scale, EFA showed that 4 constructs explained a cumulative total of 72% variance in the data and comprised the perceived usefulness, perceived risks, perceived ease of use, and behavior/cognitive factors. All the ChatGPT attitude and usage subscales showed good reliability with Cronbach α values >.78 for all the deduced subscales. CONCLUSIONS: The TAME-ChatGPT demonstrated good reliability, validity, and usefulness in assessing health care students' attitudes toward ChatGPT. The findings highlighted the importance of considering risk perceptions, usefulness, ease of use, attitudes toward technology, and behavioral factors when adopting ChatGPT as a tool in health care education. This information can aid the stakeholders in creating strategies to support the optimal and ethical use of ChatGPT and to identify the potential challenges hindering its successful implementation. Future research is recommended to guide the effective adoption of ChatGPT in health care education.",technology,JMIR Med Educ,Canada,2023,Journal Article,unknown,10.2196/48254
Impact of COVID-19 on pediatric emergency fellowship training in Saudi Arabia,"Khobrani A, Kentab O, Algarni A, Ibrahim AA, Bhat JA, Abdulmajeed A, Homaida W, Basheer SE, Akkam A, Aljahany M.","OBJECTIVES: To assess the impact of the COVID-19 pandemic on the academic and clinical processes of pediatric emergency medicine (PEM) fellowship training held by the Saudi Commission for Health Specialties (SCHS). METHODS: A cross-sectional, nationwide, survey-based study was conducted between June and December 2020. PEM program directors as well as fellowship trainees were eligible. The collected data were under the following domains: (1) sociodemographic and work-related characteristics; (2) impact of the COVID-19 pandemic on patient flow and PEM procedures; (3) impact on emergency skills and competence; (4) impact on academic performance; and (5) attitudes toward PEM practice and potential solutions. Monthly reports of PEM visits and procedures were also collected from program directors. RESULTS: A total of 11 PEM program directors and 42 fellows responded. During the pandemic, the number of total ED visits decreased by 70.1%, ED inpatient admissions fell by 57.3%, and the number of intraosseous need insertion and lumbar puncture procedures fell by 76.7% and 62.3%, respectively; the temporal differences in the median frequencies were statistically significant. The pandemic has influenced the knowledge acquisition and leadership skills of one-third of program directors (36.4% and 27.3%, respectively) and the skills and competence of fellows (31.0%). The majority of directors and fellows showed that online classes/webinars were useful (100% and 95.2%, respectively), and there was no need to extend the current fellowship training to compensate for learning deficits (62.7% and 78.6%, respectively). The importance of dedicated modalities to fill in the training gap increased by 62.5% of program directors and 35.7% of fellows. CONCLUSION: The COVID-19 pandemic had significant effects on clinical procedures and academic activities in the PEM fellowship program. The impact was consistently perceived across PEM program directors and fellows. Technology-driven solutions are warranted to mitigate the expected learning and clinical deficits due to reduced clinical exposure.",Pediatric,Int J Emerg Med,England,2023,Journal Article,unknown,10.1186/s12245-023-00518-9
"Technology-Enhanced Preclinical Medical Education (Anatomy, Histology and Occasionally, Biochemistry): A Practical Guide",Yang J.,"The recent explosion of technological innovations in mobile technology, virtual reality (VR), digital dissection, online learning platform, 3D printing, and augmented reality (AR) has provided new avenues for improving preclinical education, particularly in anatomy and histology education. Anatomy and histology are fundamental components of medical education that teach students the essential knowledge of human body structure and organization. However, these subjects are widely considered to be some of the most difficult disciplines for healthcare students. Students often face challenges in areas such as the complexity and overwhelming volume of knowledge, difficulties in visualizing body structures, navigating and identifying tissue specimens, limited exposure to learning materials, and lack of clinical relevance. The COVID-19 pandemic has further exacerbated the situation by reducing face-to-face teaching opportunities and affecting the availability of body donations for medical education.To overcome these challenges, educators have integrated various educational technologies, such as virtual reality, digital 3D anatomy apps, 3D printing, and AI chatbots, into preclinical education. These technologies have effectively improved students' learning experiences and knowledge retention. However, the integration of technologies into preclinical education requires appropriate pedagogical approaches and logistics to align with educational theories and achieve the intended learning outcomes.The chapter provides practical guidance and examples for integrating technologies into anatomy, histology, and biochemistry preclinical education. The author emphasizes that every technology has its own benefits and limitations and is best suited to specific learning scenarios. Therefore, it is recommended that educators and students should utilize multiple modalities for teaching and learning to achieve the best outcomes. The chapter also acknowledges that cadaver-based anatomy education is essential and proposes that educational technologies can serve as a crucial complement for promoting active learning, problem solving, knowledge application, and enhancing conventional cadaver-based education.",Preclinical education,Adv Exp Med Biol,United States,2023,Journal Article,unknown,10.1007/978-3-031-36727-4_4
"Artificial intelligence education: An evidence-based medicine approach for consumers, translators, and developers","Ng FYC, Thirunavukarasu AJ, Cheng H, Tan TF, Gutierrez L, Lan Y, Ong JCL, Chong YS, Ngiam KY, Ho D, Wong TY, Kwek K, Doshi-Velez F, Lucey C, Coffman T, Ting DSW.","Current and future healthcare professionals are generally not trained to cope with the proliferation of artificial intelligence (AI) technology in healthcare. To design a curriculum that caters to variable baseline knowledge and skills, clinicians may be conceptualized as ""consumers"", ""translators"", or ""developers"". The changes required of medical education because of AI innovation are linked to those brought about by evidence-based medicine (EBM). We outline a core curriculum for AI education of future consumers, translators, and developers, emphasizing the links between AI and EBM, with suggestions for how teaching may be integrated into existing curricula. We consider the key barriers to implementation of AI in the medical curriculum: time, resources, variable interest, and knowledge retention. By improving AI literacy rates and fostering a translator- and developer-enriched workforce, innovation may be accelerated for the benefit of patients and practitioners.",teaching,Cell Rep Med,United States,2023,Review,unknown,10.1016/j.xcrm.2023.101230
3D printing as a pedagogical tool for teaching normal human anatomy: a systematic review,"Brumpt E, Bertin E, Tatu L, Louvrier A.","BACKGROUND: Three-dimensional-printed anatomical models (3DPAMs) appear to be a relevant tool due to their educational value and their feasibility. The objectives of this review were to describe and analyse the methods utilised for creating 3DPAMs used in teaching human anatomy and for evaluating its pedagogical contribution. METHODS: An electronic search was conducted on PubMed using the following terms: education, school, learning, teaching, learn, teach, educational, three-dimensional, 3D, 3-dimensional, printing, printed, print, anatomy, anatomical, anatomically, and anatomic. Data retrieved included study characteristics, model design, morphological evaluation, educational performance, advantages, and disadvantages. RESULTS: Of the 68 articles selected, the cephalic region was the most studied (33 articles); 51 articles mentioned bone printing. In 47 articles, the 3DPAM was designed from CT scans. Five printing processes were listed. Plastic and its derivatives were used in 48 studies. The cost per design ranged from 1.25 USD to 2800 USD. Thirty-seven studies compared 3DPAM to a reference model. Thirty-three articles investigated educational performance. The main advantages were visual and haptic qualities, effectiveness for teaching, reproducibility, customizability and manipulability, time savings, integration of functional anatomy, better mental rotation ability, knowledge retention, and educator/student satisfaction. The main disadvantages were related to the design: consistency, lack of detail or transparency, overly bright colours, long printing time, and high cost. CONCLUSION: This systematic review demonstrates that 3DPAMs are feasible at a low cost and effective for teaching anatomy. More realistic models require access to more expensive 3D printing technologies and substantially longer design time, which would greatly increase the overall cost. Choosing an appropriate image acquisition modality is key. From a pedagogical viewpoint, 3DPAMs are effective tools for teaching anatomy, positively impacting the learning outcomes and satisfaction level. The pedagogical effectiveness of 3DPAMs seems to be best when they reproduce complex anatomical areas, and they are used by students early in their medical studies.",Teaching,BMC Med Educ,England,2023,Systematic Review,unknown,10.1186/s12909-023-04744-w
"A content and quality analysis of free, popular mHealth apps supporting 'plant-based' diets","Lee JJ, Ahmed M, Mouhaffel R, L'Abbé MR.","There has been an increased emphasis on plant-based foods and diets. Although mobile technology has the potential to be a convenient and innovative tool to help consumers adhere to dietary guidelines, little is known about the content and quality of free, popular mobile health (mHealth) plant-based diet apps. The objective of the study was to assess the content and quality of free, popular mHealth apps supporting plant-based diets for Canadians. Free mHealth apps with high user ratings, a high number of user ratings, available on both Apple App and GooglePlay stores, and primarily marketed to help users follow plant-based diet were included. Using pre-defined search terms, Apple App and GooglePlay App stores were searched on December 22, 2020; the top 100 returns for each search term were screened for eligibility. Included apps were downloaded and assessed for quality by three dietitians/nutrition research assistants using the Mobile App Rating Scale (MARS) and the App Quality Evaluation (AQEL) scale. Of the 998 apps screened, 16 apps (mean user ratings±SEM: 4.6±0.1) met the eligibility criteria, comprising 10 recipe managers and meal planners, 2 food scanners, 2 community builders, 1 restaurant identifier, and 1 sustainability assessor. All included apps targeted the general population and focused on changing behaviors using education (15 apps), skills training (9 apps), and/or goal setting (4 apps). Although MARS (scale: 1-5) revealed overall adequate app quality scores (3.8±0.1), domain-specific assessments revealed high functionality (4.0±0.1) and aesthetic (4.0±0.2), but low credibility scores (2.4±0.1). The AQEL (scale: 0-10) revealed overall low score in support of knowledge acquisition (4.5±0.4) and adequate scores in other nutrition-focused domains (6.1-7.6). Despite a variety of free plant-based apps available with different focuses to help Canadians follow plant-based diets, our findings suggest a need for increased credibility and additional resources to complement the low support of knowledge acquisition among currently available plant-based apps. This research received no specific grant from any funding agency.",,PLOS Digit Health,United States,2023,Journal Article,unknown,10.1371/journal.pdig.0000360
Flipped classroom assisted by Rain Classroom for anatomy practical classes: Challenges and opportunities of anatomy education,"Wang L, Du B, Fang D, Gao Y, Liu L.","Anatomy practical classes are an essential part of learning human anatomy. The flipped classroom teaching model has been used in medical education in recent years. However, its precise impacts on anatomical knowledge acquisition and learning outcomes remain controversial. With the development of information technology, new educational tools, such as Rain Classroom, have recently attracted much interest. The Rain Classroom is an application that can easily connect students and teachers through smartphones or computers. However, whether and how to apply it to the flipped classroom in anatomy practical classes needs to be evaluated. In this study, we designed a teaching model of flipped classroom assisted by Rain Classroom and carried it out in anatomy practical classes at our university. Results showed that the final exam scores of the experimental group were significantly improved, compared with the control group (p < 0.01); the final exam score was significantly correlated with both the pre-class quiz score (p < 0.05) and the in-class quiz score (p < 0.001). Student satisfaction was measured by a questionnaire on a Likert scale of 1-5. All the mean scores were greater than 4.5, indicating that most students had positive attitudes toward this teaching model. The present study suggests that the Rain Classroom helps support students throughout the learning processes of the flipped classroom, and the model of flipped classroom assisted by Rain Classroom could improve students' learning efficiency and ultimately increase their exam performance in anatomy practical classes.",undergraduate medical education,Anat Sci Educ,United States,2024,Journal Article,unknown,10.1002/ase.2348
Digital Personal Health Coaching Platform for Promoting Human Papillomavirus Infection Vaccinations and Cancer Prevention: Knowledge Graph-Based Recommendation System,"Ammar N, Olusanya OA, Melton C, Chinthala L, Huang X, White BM, Shaban-Nejad A.","BACKGROUND: Health promotion can empower populations to gain more control over their well-being by using digital interventions that focus on preventing the root causes of diseases. Digital platforms for personalized health coaching can improve health literacy and information-seeking behavior, leading to better health outcomes. Personal health records have been designed to enhance patients' self-management of a disease or condition. Existing personal health records have been mostly designed and deployed as a supplementary service that acts as views into electronic health records. OBJECTIVE: We aim to overcome some of the limitations of electronic health records. This study aims to design and develop a personal health library (PHL) that generates personalized recommendations for human papillomavirus (HPV) vaccine promotion and cancer prevention. METHODS: We have designed a proof-of-concept prototype of the Digital Personal Health Librarian, which leverages machine learning; natural language processing; and several innovative technological infrastructures, including the Semantic Web, social linked data, web application programming interfaces, and hypermedia-based discovery, to generate a personal health knowledge graph. RESULTS: We have designed and implemented a proof-of-the-concept prototype to showcase and demonstrate how the PHL can be used to store an individual's health data, for example, a personal health knowledge graph. This is integrated with web-scale knowledge to support HPV vaccine promotion and prevent HPV-associated cancers among adolescents and their caregivers. We also demonstrated how the Digital Personal Health Librarian uses the PHL to provide evidence-based insights and knowledge-driven explanations that are personalized and inform health decision-making. CONCLUSIONS: Digital platforms such as the PHL can be instrumental in improving precision health promotion and education strategies that address population-specific needs (ie, health literacy, digital competency, and language barriers) and empower individuals by facilitating knowledge acquisition to make healthy choices.",vaccine promotion,JMIR Form Res,Canada,2023,Journal Article,unknown,10.2196/50210
How is Big Data reshaping preclinical aging research?,"Fernandez ME, Martinez-Romero J, Aon MA, Bernier M, Price NL, de Cabo R.","The exponential scientific and technological progress during the past 30 years has favored the comprehensive characterization of aging processes with their multivariate nature, leading to the advent of Big Data in preclinical aging research. Spanning from molecular omics to organism-level deep phenotyping, Big Data demands large computational resources for storage and analysis, as well as new analytical tools and conceptual frameworks to gain novel insights leading to discovery. Systems biology has emerged as a paradigm that utilizes Big Data to gain insightful information enabling a better understanding of living organisms, visualized as multilayered networks of interacting molecules, cells, tissues and organs at different spatiotemporal scales. In this framework, where aging, health and disease represent emergent states from an evolving dynamic complex system, context given by, for example, strain, sex and feeding times, becomes paramount for defining the biological trajectory of an organism. Using bioinformatics and artificial intelligence, the systems biology approach is leading to remarkable advances in our understanding of the underlying mechanism of aging biology and assisting in creative experimental study designs in animal models. Future in-depth knowledge acquisition will depend on the ability to fully integrate information from different spatiotemporal scales in organisms, which will probably require the adoption of theories and methods from the field of complex systems. Here we review state-of-the-art approaches in preclinical research, with a focus on rodent models, that are leading to conceptual and/or technical advances in leveraging Big Data to understand basic aging biology and its full translational potential.",,Lab Anim (NY),United States,2023,Review,unknown,10.1038/s41684-023-01286-y
Reverse knowledge transfer in digital era and its effect on ambidextrous innovation: A simulation based on system dynamics,"Ouyang H, Cui X, Peng X, Udemba EN.","Knowledge transfer plays a prominent role in fostering innovation among multinational corporations (MNCs), however, the exploration of reverse knowledge transfer in today's digital era remains insufficient. Therefore, we explore the impact of reverse knowledge transfer on ambidextrous innovation and the process mechanism against the backdrop of digital technology. A system dynamics model of reverse knowledge transfer is constructed from three aspects: knowledge acquisition, knowledge absorption and knowledge application. Our simulation results indicate that the dual embeddedness of multinational R&D centers promotes knowledge acquisition and absorption, enhances the knowledge base of parent companies, and facilitates ambidextrous innovation. In particular, the application of digital technology further promotes the process through knowledge absorption, with the long-term impact more pronounced. This study not only enriches the literature on reverse knowledge transfer but also expands the application of digital technology in the field of MNCs' innovation.",reverse knowledge transfer,Heliyon,England,2023,Journal Article,unknown,10.1016/j.heliyon.2023.e22717
Pro-environmental practice among young population: A scoping review,"Upendra S, Kaur J, Barde S.","INTRO: There is an inequality between pro-environmental knowledge acquisition and behavior. A change in behavior is required to solve both current and future environmental challenges since human behavior has an influence on pro-environmental practices. OBJECTIVE: Of the study was to carry out a critical analysis of current literature on Pro-environmental practices among the Young population. METHOD: The research question formulation on PICO served as the foundation for the search approach. Keywords were searched in different combinations from the popular databases SCOPUS, PubMed, Medline, Google Scholar, EMBASE, Google and Cochrane library Boolean operators (AND and OR) and keywords were employed in the search to avoid oversaturating the data. Fifteen full-text articles were selected for the study. RESULT: Review studies confirmed that youth engagement is highly valued, with evidence from increasing usage of information and communication technologies (education and environmental consciousness among young people. Analysis of pro-environmental practices and environmental behavior has to be given greater attention considering to the adverse impacts of the existing lifestyle on the environment. This made it possible to incorporate and simultaneously explore a variety of variables and effects on environmental practices, furthering the understanding of how these are interpreted. CONCLUSION: This study pointed up and made contributions to the expanding field of environmental practices barriers. The challenges found should be taken into account in its entirety and utilized to directly inform policies and procedures in order to promote adoption for practices reduction and remove the obstacles inhibiting change.",young population,Public Health Nurs,United States,2024,Scoping Review,unknown,10.1111/phn.13274
The impact of human cadaveric dissection on professional identity formation in medical students,"Ong CX, Foo YY, Compton S.","BACKGROUND: As technology advances, some schools are moving away from human cadaveric dissection to teach anatomy, leading to concern regarding the possible loss of a professional identity building experience. This study explored the role of dissection in students' professional identity formation. METHODS: A mixed-methods study was conducted using survey methodology and semi-structured interviews of medical students at an American-style graduate-entry medical school in Singapore. The questionnaire adopted the conceptual framework of the Ring Theory of Personhood and the MacLeod-Clark Professional Identity Scale was used to measure professional identity, followed by semi-structured interviews of students using Braun and Clarke's six-phase reflexive thematic analysis. RESULTS: Respondents did not differ substantively from non-respondents by age, nationality, or ethnicity, and year of entering medical school, however, they were slightly more female dominant. The number of hours of hands-on participation in dissection showed no significant relationship (r(2) = 0.010; p = 0.424) with professional identity formation measured by the MacLeod-Clark Professional Identity Scale. Despite the survey results, semi-structured interviews revealed rich and nuanced findings suggesting the influence of dissection in participants' professional identity formation through deepening students' appreciation of humanistic values and enhancing their notions of patients' personhood. Notably, students without dissection experience did not express these sentiments and were orientated towards knowledge acquisition. CONCLUSION: While our findings do not suggest that dissection strongly impacts students' professional identity formation, students shared thought-provoking experiences which suggest some level of its contribution. Careful consideration of this phenomenon should be exercised prior to removing dissection in favour of technological alternatives.",Professional identity formation,BMC Med Educ,England,2023,Journal Article,unknown,10.1186/s12909-023-04913-x
Group Assessments to Help Build Online Learning Communities in Biomedical Science Distance Learning Programmes,"Millar BC, Purkis H, Moore JE, McClean S, Lowery CJ.","Introduction: Biomedical Science distance learning courses offer flexibility in study while in employment. Asynchronous and self-learning approaches are common within such courses and often student-student interaction is limited. The aims of this study were to establish learning communities, develop confidence in participating in online teamwork and foster an appreciation of transferable skills including digital capabilities through remote group activities. Materials and Methods: Two cohorts of students (n = 20/n = 21) were enrolled in a microbiology module of an IBMS accredited MSc distance learning course. Groups of 4-5 students produced a digital output relating to current global infection-related issues, namely, assignment 1, production of a slide deck, which peers could use as learning resources and assignment 2, a voiceover PowerPoint debate, and infographic, voting assessment and peer/self-marking. Students also prepared reflections using written format and a FlipGrid video-recording. A qualitative content analysis was conducted on reflections from all students. Students completed a pre- and post-assignment survey focused on the development of transferable skills for the biomedical sector. Results: Students' skills and confidence increased following completion of the group assignment, as evident from the pre- and post-questionnaire responses, namely, possession of digital skills and digital creation abilities (29% v 83%), applying for jobs which require digital skills (54% v 89%), talking about examples of using digital media during job interviews (21% v 78%) and demonstration of creativity during assignment tasks (33% v 90%). Critical thinking was more commonly demonstrated during the debate in comparison to the slide deck activity (p = 0.001). The importance of developing digital skills, was higher following completion of the group activities (p = 0.03). Students reflected on the value of the group activities in relation to knowledge acquisition (85%, 86%), collegiality (70%, 71%), digital skills development (80%, 90%), the fact that the activities were enjoyable (70%, 67%) and the development of peer interaction and support (50%, 67%) in relation to assignment 1 and 2, respectively. Discussion: Increasingly digital technologies are being used in the healthcare sector resulting in updated HCPC Standards of Proficiency. This study highlights that virtual group activities promote the establishment of supportive learning communities and the development of transferable skills including digital capabilities for application within the biomedical science workplace.",online,Br J Biomed Sci,Switzerland,2023,Journal Article,unknown,10.3389/bjbs.2023.11891
How people learn: insights for medical faculty,"Cox T, Columbus C, Higginbotham J, Ahmed K.","To increase medical students' and residents' understanding and retention, faculty need to teach from a knowledge standpoint and understanding of how individuals learn. We know from cognitive information processing that learners remember only a small portion of what they read or hear but remember up to 90% of information when strong active learning modalities are included. Faculty also need to be aware of different learning styles-kinesthetic, visual, and auditory-and ensure that they are including methods that can reach all learners. The cognitive and information processing theories of learning provide insights to educators related to building on prior knowledge from learning and limiting the number of points taught so learners can process and retain the information. Strategies such as a flipped classroom model and question clicker technology can assist in reaching learning goals. Fundamental conditions for learning include awareness, interest, motivation, relevance, engagement, reinforcement, and support.",learning styles,Proc (Bayl Univ Med Cent),United States,2023,Review,unknown,10.1080/08998280.2023.2278970
Incorporating Technology in Pharmacy Education: Students' Preferences and Learning Outcomes,"Alhur A, Hedesh R, Alshehri M, Al Qasim S, Alkhaldi R, Bazuhair W, Bin Shamlan W, Alshahrani S, Alshahrani S, Alasiri A, Alshalwi R, Alnefaie S, Alotaibi R, Aljehani RK, Alzahrani L.","Introduction The integration of technology in pharmacy education has led to significant changes, making it essential to examine its impact on student learning outcomes. With the rise of emerging technologies, such as game-based learning and augmented reality, new pedagogical approaches have been introduced. However, these technologies also bring challenges that necessitate well-thought-out responses from educational institutions, especially considering the effects of the COVID-19 pandemic on learning formats. Methods A cross-sectional study was conducted with pharmacy students in the Kingdom of Saudi Arabia, utilizing stratified random sampling for data collection. The study employed a validated questionnaire to gather information on students' use of technology, their preferences, and their perceived learning outcomes. The analysis was carried out using Statistical Product and Service Solutions (SPSS, version 29) (IBM SPSS Statistics for Windows, Armonk, NY), ensuring adherence to the ethical standards set by the institutional review board. Results The study, involving 508 pharmacy students from Saudi Arabia, revealed that a significant majority regularly use technology in their education, particularly online learning management systems and virtual labs, indicating a shift toward more accessible and efficient learning methods. A notable portion of the students acknowledged the beneficial impact of technology on their learning, with 86.3% reporting improved knowledge retention, 92% noting enhanced skills, and 87.1% observing better academic performance. However, the study also uncovered challenges, with about half of the students facing issues mainly related to distractions while finding technological complexity less problematic. The support from educational institutions in addressing these issues was found to be moderate. These findings underscore the crucial role of technology in enhancing pharmacy education while highlighting the need for more comprehensive institutional support and strategic planning to address the challenges faced by students. Conclusions Technology plays a vital role in the modernization of pharmacy education, significantly aiding in knowledge retention, skill development, and academic performance. Despite the widespread use of technology, the varied experiences and challenges encountered by students underscore the need for increased institutional support and strategic planning. Education must adapt alongside technological advancements to cater to the diverse needs of learners, highlighting the importance of further research into the long-term effects and optimal strategies for technology integration in pharmacy education.",technology,Cureus,United States,2023,Journal Article,unknown,10.7759/cureus.50158
Sustaining the future: How green capabilities and digitalization drive sustainability in modern business,"Li Z, Rasool S, Cavus MF, Shahid W.","In recent years, the unprecedented growth in environmental vulnerabilities has made the firms realize the need for environmental protection. With this, the rapid surge for ecological preservation has made worldwide businesses divert their focus toward greener practices that ensure the firm's financial and environmental performance. This study examines the relationships between green management strategies (green dynamic capabilities, internal green supply chain management and green technology adoption), and organizational outcomes, specifically environmental and financial performance. The data was collected from the 471 employees working in the manufacturing firms. Utilizing the Structural Equation Modeling (SEM) method via Smart-PLS, our findings show the importance of integrating green practices in supply chain management, dynamic capabilities, and technology adoption to enhance both environmental and financial outcomes under the moderating role of industry dynamism and green knowledge acquisition.",Technology adoption,Heliyon,England,2024,Journal Article,unknown,10.1016/j.heliyon.2024.e24158
Digital human ergonomics training for remote office workers: Comparing a novel method to a traditional online format,"Aguilar KN, Smith ML, Payne SC, Zhao H, Benden M.","OBJECTIVE: This randomized controlled trial investigated the effectiveness of an online ergonomics training program with a digital human compared to an online ergonomics training program without a digital human. METHOD: Remote office workers (n = 138) were randomly assigned to either a digital human training, a traditional webpage training without a digital human, or a control group. Musculoskeletal discomfort, knowledge retention, and behavior change were measured. RESULTS: The overall group differences for increased behavior change and knowledge retention were statistically significant (p < 0.05). For knowledge retention, the digital human training group showed comparable improvement in knowledge scores compared to the traditional training group. For behavior scores, the traditional training showed improvement compared to the control group. Decreases in musculoskeletal discomfort for all groups were not statistically significant (p > 0.05). CONCLUSION: Digital humans have the potential to meet large-scale remote worker training needs.",Workplace ergonomics,Appl Ergon,England,2024,Randomized Controlled Trial,unknown,10.1016/j.apergo.2024.104239
[Digital technologies in nursing-what can they achieve?],"Wolf-Ostermann K, Rothgang H.","Digital care technologies are becoming increasingly important in long-term care. They encompass all technologies that change processes and products by means of networking and/or sensor technology and include artificial intelligence, that is, processes, methods, and algorithms for learning by means of data and enabling meaningful decisions based on this. Their application ranges from the promotion of professional collaboration, control and management, knowledge acquisition and transfer, interaction and relationships to physical caregiving.Digital care technologies have the potential to simultaneously increase the quality of care and improve working conditions in care. However, there are obstacles to this at various levels: The development of these technologies is often driven by technical possibilities, resulting in products that do not provide any concrete benefits in routine nursing care. During implementation, only the operator is trained; however, there is no organizational development for the systematic integration of these technologies into routine work. In addition, there is a lack of high-quality evaluations showing evidence of the actual benefits to routine work in order to attract potential users to these technologies. Finally, there is no sustainable financing, especially for the maintenance of these technologies.Successful digitization in long-term care therefore requires that technology developers and users, as well as policymakers and scientists, jointly overcome these obstacles. This implies that caregivers are involved in the development process from the outset (co-creation) but also that spaces are created where the effect of digital care technologies can be evaluated in routine caregiving.",Technology,Bundesgesundheitsblatt Gesundheitsforschung Gesundheitsschutz,Germany,2024,Review,unknown,10.1007/s00103-024-03843-3
scEVOLVE: cell-type incremental annotation without forgetting for single-cell RNA-seq data,"Zhai Y, Chen L, Deng M.","The evolution in single-cell RNA sequencing (scRNA-seq) technology has opened a new avenue for researchers to inspect cellular heterogeneity with single-cell precision. One crucial aspect of this technology is cell-type annotation, which is fundamental for any subsequent analysis in single-cell data mining. Recently, the scientific community has seen a surge in the development of automatic annotation methods aimed at this task. However, these methods generally operate at a steady-state total cell-type capacity, significantly restricting the cell annotation systems'capacity for continuous knowledge acquisition. Furthermore, creating a unified scRNA-seq annotation system remains challenged by the need to progressively expand its understanding of ever-increasing cell-type concepts derived from a continuous data stream. In response to these challenges, this paper presents a novel and challenging setting for annotation, namely cell-type incremental annotation. This concept is designed to perpetually enhance cell-type knowledge, gleaned from continuously incoming data. This task encounters difficulty with data stream samples that can only be observed once, leading to catastrophic forgetting. To address this problem, we introduce our breakthrough methodology termed scEVOLVE, an incremental annotation method. This innovative approach is built upon the methodology of contrastive sample replay combined with the fundamental principle of partition confidence maximization. Specifically, we initially retain and replay sections of the old data in each subsequent training phase, then establish a unique prototypical learning objective to mitigate the cell-type imbalance problem, as an alternative to using cross-entropy. To effectively emulate a model that trains concurrently with complete data, we introduce a cell-type decorrelation strategy that efficiently scatters feature representations of each cell type uniformly. We constructed the scEVOLVE framework with simplicity and ease of integration into most deep softmax-based single-cell annotation methods. Thorough experiments conducted on a range of meticulously constructed benchmarks consistently prove that our methodology can incrementally learn numerous cell types over an extended period, outperforming other strategies that fail quickly. As far as our knowledge extends, this is the first attempt to propose and formulate an end-to-end algorithm framework to address this new, practical task. Additionally, scEVOLVE, coded in Python using the Pytorch machine-learning library, is freely accessible at https://github.com/aimeeyaoyao/scEVOLVE.",scRNA-seq data,Brief Bioinform,England,2024,"Research Support, Non-U.S. Gov't",unknown,10.1093/bib/bbae039
Joint online distance learning to complement postgraduate pathology training in preparation for national board examinations,"de Leng B, Helle L, Jokelainen O, Kainulainen M, Kronqvist P, Mol C, Pawelka F, Pohjanen VM, Vincken K.","AIMS: To meet the flexible learning needs of pathology residents preparing for national board examinations, a joint distance learning approach was developed using both asynchronous and synchronous activities with whole slide images, drawing on empirical educational research on online distance learning. METHODS: In a case study of an implementation of the designed joint distance learning approach with a geographically dispersed group of pathology residents in Finland, the participants' perceptions were measured with a 12-item questionnaire covering the value of the learning opportunity, the quality of the sociocognitive processes and their emotional engagement and social cohesion. Communication during the online session was also recorded and analysed to provide objectivity to the self-report data. RESULTS: The effectiveness of joint online learning for knowledge acquisition and preparation for national board examinations was highly rated. However, despite strong emotional engagement during synchronous activities, participants reported minimal interpersonal interaction, which was also reflected in the recordings of the online session. CONCLUSION: Using a technology integration framework and guided by the principles of self-determination theory, joint distance learning is emerging as a beneficial addition to postgraduate pathology programmes in preparation for national examinations. However, to realise the full potential of interpersonal interaction, participants should be prepared for an appropriate mindset.","education, medical",J Clin Pathol,England,2025,Journal Article,unknown,10.1136/jcp-2023-209311
The role of artificial intelligence in knowledge management for medical students and doctors,"Luke WANV, Hooi SC.","The skill of knowledge management empowers practitioners to efficiently integrate and apply knowledge in the clinical context. Current medical knowledge is vast which is beyond the human capacity to retain. Hence, modern-day learning is not just knowledge acquisition, but the organization of knowledge in a retrievable manner. Advancing technology in digital learning spaces and artificial intelligence enables the development of personalized knowledge platforms. Clinicians should find their own ideal spaces for knowledge management from the early stages of their careers, and develop it into a lifelong learning platform, which will eventually lead to better patient care.",,Med Teach,England,2025,Journal Article,unknown,10.1080/0142159X.2024.2336065
Effects of a Serious Smartphone Game on Nursing Students' Theoretical Knowledge and Practical Skills in Adult Basic Life Support: Randomized Wait List-Controlled Trial,"Fijačko N, Masterson Creber R, Metličar Š, Strnad M, Greif R, Štiglic G, Skok P.","BACKGROUND: Retention of adult basic life support (BLS) knowledge and skills after professional training declines over time. To combat this, the European Resuscitation Council and the American Heart Association recommend shorter, more frequent BLS sessions. Emphasizing technology-enhanced learning, such as mobile learning, aims to increase out-of-hospital cardiac arrest (OHCA) survival and is becoming more integral in nursing education. OBJECTIVE: The aim of this study was to investigate whether playing a serious smartphone game called MOBICPR at home can improve and retain nursing students' theoretical knowledge of and practical skills in adult BLS. METHODS: This study used a randomized wait list-controlled design. Nursing students were randomly assigned in a 1:1 ratio to either a MOBICPR intervention group (MOBICPR-IG) or a wait-list control group (WL-CG), where the latter received the MOBICPR game 2 weeks after the MOBICPR-IG. The aim of the MOBICPR game is to engage participants in using smartphone gestures (eg, tapping) and actions (eg, talking) to perform evidence-based adult BLS on a virtual patient with OHCA. The participants' theoretical knowledge of adult BLS was assessed using a questionnaire, while their practical skills were evaluated on cardiopulmonary resuscitation quality parameters using a manikin and a checklist. RESULTS: In total, 43 nursing students participated in the study, 22 (51%) in MOBICPR-IG and 21 (49%) in WL-CG. There were differences between the MOBICPR-IG and the WL-CG in theoretical knowledge (P=.04) but not in practical skills (P=.45) after MOBICPR game playing at home. No difference was noted in the retention of participants' theoretical knowledge and practical skills of adult BLS after a 2-week break from playing the MOBICPR game (P=.13). Key observations included challenges in response checks with a face-down manikin and a general neglect of safety protocols when using an automated external defibrillator. CONCLUSIONS: Playing the MOBICPR game at home has the greatest impact on improving the theoretical knowledge of adult BLS in nursing students but not their practical skills. Our findings underscore the importance of integrating diverse scenarios into adult BLS training. TRIAL REGISTRATION: ClinicalTrials.gov (NCT05784675); https://clinicaltrials.gov/study/NCT05784675.",theoretical knowledge,JMIR Serious Games,Canada,2024,Journal Article,unknown,10.2196/56037
"Improved cardiac auscultation competency interweaving visual, auditory, and tactile stimuli: a preliminary study","Patrizio HA, Phyu R, Kim B, Brolis NV.","METHODS:   A pilot randomized controlled trial was conducted at our institution's simulation center with 32 first year medical students from a single medical institution. Participants were randomly divided into two equal groups and completed an educational module the identification and pathophysiology of five common cardiac sounds. The control group utilized traditional education methods, while the interventional group incorporated multisensory stimuli. Afterwards, participants listened to randomly selected cardiac sounds and competency data was collected through a multiple-choice post-assessment in both groups. Mann-Whitney U test was used to analyze the data. RESULTS: Data were analyzed using the Mann-Whitney U test. Diagnostic accuracy was significantly higher in the multisensory group (Mdn=100%) compared to the control group (Mdn=60%) on the post-assessment (U=73.5, p<0.042). Likewise, knowledge acquisition was substantially better in the multisensory group (Mdn=80%) than in the control group (Mdn=50%) (U= 49, p<0.031). CONCLUSIONS: These findings suggest the incorporation of multisensory stimuli significantly improves cardiac auscultation competency. Given its cost-effectiveness and simplicity, this approach offers a viable alternative to more expensive simulation technologies like the Harvey simulator, particularly in settings with limited resources. Consequently, this teaching modality holds promise for global applicability, addressing the worldwide deterioration in cardiac auscultation skills and potentially leading to better patient outcomes. Future studies should broaden the sample size, span multiple institutions, and investigate long-term retention rates.",simulation,Int J Med Educ,England,2024,Randomized Controlled Trial,unknown,10.5116/ijme.6607.27a6
Artificial cognition vs. artificial intelligence for next-generation autonomous robotic agents,"Sandini G, Sciutti A, Morasso P.","The trend in industrial/service robotics is to develop robots that can cooperate with people, interacting with them in an autonomous, safe and purposive way. These are the fundamental elements characterizing the fourth and the fifth industrial revolutions (4IR, 5IR): the crucial innovation is the adoption of intelligent technologies that can allow the development of cyber-physical systems, similar if not superior to humans. The common wisdom is that intelligence might be provided by AI (Artificial Intelligence), a claim that is supported more by media coverage and commercial interests than by solid scientific evidence. AI is currently conceived in a quite broad sense, encompassing LLMs and a lot of other things, without any unifying principle, but self-motivating for the success in various areas. The current view of AI robotics mostly follows a purely disembodied approach that is consistent with the old-fashioned, Cartesian mind-body dualism, reflected in the software-hardware distinction inherent to the von Neumann computing architecture. The working hypothesis of this position paper is that the road to the next generation of autonomous robotic agents with cognitive capabilities requires a fully brain-inspired, embodied cognitive approach that avoids the trap of mind-body dualism and aims at the full integration of Bodyware and Cogniware. We name this approach Artificial Cognition (ACo) and ground it in Cognitive Neuroscience. It is specifically focused on proactive knowledge acquisition based on bidirectional human-robot interaction: the practical advantage is to enhance generalization and explainability. Moreover, we believe that a brain-inspired network of interactions is necessary for allowing humans to cooperate with artificial cognitive agents, building a growing level of personal trust and reciprocal accountability: this is clearly missing, although actively sought, in current AI. The ACo approach is a work in progress that can take advantage of a number of research threads, some of them antecedent the early attempts to define AI concepts and methods. In the rest of the paper we will consider some of the building blocks that need to be re-visited in a unitary framework: the principles of developmental robotics, the methods of action representation with prospection capabilities, and the crucial role of social interaction.",social robotics,Front Comput Neurosci,Switzerland,2024,Journal Article,unknown,10.3389/fncom.2024.1349408
A study of the impact of the new digital divide on the ICT competences of rural and urban secondary school teachers in China,Zhao W.,"Teachers' competence in information and communication technology (ICT) applications can lead to a deeper integration of technology into the curriculum and improve the quality of education. However, its application and distribution issues could result in resource inequality and social injustice. Based on the ICT competency framework for teachers, the study investigates the variables influencing teachers' ICT competency. A prediction model of teachers' ICT competency is built using empirical data from secondary school teachers in Hebei Province, China, both in urban and rural settings. The study results show that a new digital divide does exist between urban and rural teachers and that differences in digital environment and digital literacy reflecting the new digital divide have different degrees of impact on teachers' ICT competence. Age and subject also affect teachers' ICT competence. In the new era, we can start with knowledge acquisition, knowledge deepening and knowledge creation to improve teachers' ICT competence.",Secondary school teachers,Heliyon,England,2024,Journal Article,unknown,10.1016/j.heliyon.2024.e29186
A Flipped Classroom Pilot in Neonatal Mechanical Ventilation,"Mavis SC, Brumbaugh JE, Carey WA, Kelm DJ.","BACKGROUND: Pediatric residents frequently manage critically ill neonates but have limited systematic training in mechanical ventilation (MV). Competing demands, varying learner levels, and topic complexity contribute to inconsistent education. A blended learning approach may be ideally suited to achieve meaningful learning but has not been described for this topic and learner. OBJECTIVE: To design, implement, and evaluate a flipped classroom for pediatric residents in neonatal MV. METHODS: We used Kern's six-step framework for curricular development to create a flipped classroom curriculum in neonatal MV. Individual prework included interaction with six prerecorded animated whiteboard videos, while in-person learning occurred in small groups at the bedside of a ventilated infant. A mixed-methods evaluation included surveys, quantitative knowledge test scores (before, immediately after, and six months after course completion), and qualitative analysis of participant focus groups. RESULTS: Twenty-six learners participated in the curriculum. Mean knowledge test scores rose and were sustained after course completion (51% baseline, 82% immediate posttest, 90% retention; P < 0.001). Learners identified various design elements, technology affordances, and instructor factors as meaningful, and they identified unexpected impacts of the curriculum beyond knowledge acquisition, including effects on professional identities, interdisciplinary communication skills, and contribution to the culture of safety. CONCLUSION: This curriculum aligned with resident roles, was meaningful to learners, and led to long-term increases in knowledge scores and access to quality education; flipped classroom design using meaningful learning theory and leveraging animated whiteboard technology may be a useful strategy for other highly complex topics in graduate medical education.",technology-enhanced learning,ATS Sch,United States,2023,Journal Article,unknown,10.34197/ats-scholar.2023-0085IN
A Guide to Innovation in Physician Associate/Assistant Education: Using Instructional Technology for Improved Engagement,"Massey A, Stephens B.","For physician associate/assistant (PA) educators, the path of least resistance often is to focus our cognitive energies on topics with which we are most comfortable and to deliver content in the style in which we are most accustomed. The consequence of this approach is that many didactic curricula are delivered in a traditional, lecture-based format, which then aligns with how the faculty were taught. Studies show that lecture-based teaching may not be the most effective and that blending teaching modalities can improve knowledge acquisition. In addition, scheduling several classroom lectures week to week can be challenging, especially in a program that uses numerous guest lecturers to deliver the curriculum. One solution to this problem may be through innovative, engaging resources that enable faculty to deliver content asynchronously. Developing and implementing such tools can be challenging to PA faculty because they are often not formally trained in education nor are they up to date on the most current innovations in educational technology. Furthermore, change can be difficult, and it could seem an insurmountable feat to step outside the comfort zone of a traditional lecture. This work describes a collaboration between PA faculty and a University Instructional Support Specialist where the Analysis, Design, Develop, Implement, Evaluate ADDIE model, a widely used system for developing training tools, was used to create an asynchronous lecture for students in the form of an interactive series of modules to replace a traditional classroom lecture.",,J Physician Assist Educ,United States,2024,Journal Article,unknown,10.1097/JPA.0000000000000586
E-classroom as a Blended Learning Tool: A Structural Equation Modelling Analysis Using Modified Technology Acceptance Model,"Kumar D, Mathur M, Sarkar A, Chauhan M.","BACKGROUND: E-classrooms help teachers save time, keep classes organized, and improve communication with students. This study aims to assess Google Classroom's usefulness in enhancing medical students' knowledge and acceptance of new technology for in-depth learning. MATERIAL AND METHOD: This educational interventional study was carried out on 100 students in the 3rd year of the M.B.B.S., Part 1. After a briefing about Google Classroom and educational topics, enrolled students and faculty were allowed to discuss the topic for two months. Following this, the descriptive approach was utilized to describe the respondents' technology acceptance through the administration of the technology acceptance model (TAM) survey questionnaire. RESULTS: Students were actively involved in discussion, with a 67% response rate. Nearly 85% of students agreed that Google Classroom is a satisfactory way for in-depth knowledge acquisition. On factor analysis, it was observed that the goodness of fit was 0.985, suggesting that the model is acceptable. It was also found that perceived usefulness (PU) had a significant positive effect on motivation towards self-directed learning (SDL), and perceived ease of use (PEOU) had a positive effect on both behavioural intention and actual use. CONCLUSION: Google Classroom is a valuable tool for learning that can enhance active self-learning and increase behavioural intention and actual use. It should be incorporated into day-to-day teaching activities to overcome time constraints.",technology acceptance model,Cureus,United States,2024,Journal Article,unknown,10.7759/cureus.56925
Use of augmented and virtual reality in resuscitation training: A systematic review,"Cheng A, Fijacko N, Lockey A, Greif R, Abelairas-Gomez C, Gosak L, Lin Y; Education Implementation Team Task Force of the International Liaison Committee on Resuscitation (ILCOR).","OBJECTIVES: To evaluate the effectiveness of augmented reality (AR) and virtual reality (VR), compared with other instructional methods, for basic and advanced life support training. METHODS: This systematic review was part of the continuous evidence evaluation process of the International Liaison Committee on Resuscitation (ILCOR) and reported based on the Preferred Reporting Items for Systematic review and Meta-Analysis (PRISMA) guidelines and registered with PROSPERO (CRD42023376751). MEDLINE, EMBASE, and SCOPUS were searched from inception to January 16, 2024. We included all published studies comparing virtual or augmented reality to other methods of resuscitation training evaluating knowledge acquisition and retention, skills acquisition and retention, skill performance in real resuscitation, willingness to help, bystander CPR rate, and patients' survival. RESULTS: Our initial literature search identified 1807 citations. After removing duplicates, reviewing the titles and abstracts of the remaining 1301 articles, full text review of 74 articles and searching references lists of relevant articles, 19 studies were identified for analysis. AR was used in 4 studies to provide real-time feedback during CPR, demonstrating improved CPR performance compared to groups trained with no feedback, but no difference when compared to other sources of CPR feedback. VR use in resuscitation training was explored in 15 studies, with the majority of studies that assessed CPR skills favoring other interventions over VR, or showing no difference between groups. CONCLUSION: Augmented and virtual reality can be used to support resuscitation training of lay people and healthcare professionals, however current evidence does not clearly demonstrate a consistent benefit when compared to other methods of training.",Virtual Reality,Resusc Plus,Netherlands,2024,Review,unknown,10.1016/j.resplu.2024.100643
The Scope of Virtual Reality Simulators in Radiology Education: Systematic Literature Review,"Shetty S, Bhat S, Al Bayatti S, Al Kawas S, Talaat W, El-Kishawi M, Al Rawi N, Narasimhan S, Al-Daghestani H, Madi M, Shetty R.","BACKGROUND: In recent years, virtual reality (VR) has gained significant importance in medical education. Radiology education also has seen the induction of VR technology. However, there is no comprehensive review in this specific area. This review aims to fill this knowledge gap. OBJECTIVE: This systematic literature review aims to explore the scope of VR use in radiology education. METHODS: A literature search was carried out using PubMed, Scopus, ScienceDirect, and Google Scholar for articles relating to the use of VR in radiology education, published from database inception to September 1, 2023. The identified articles were then subjected to a PRISMA (Preferred Reporting Items for Systematic Reviews and Meta-Analyses)-defined study selection process. RESULTS: The database search identified 2503 nonduplicate articles. After PRISMA screening, 17 were included in the review for analysis, of which 3 (18%) were randomized controlled trials, 7 (41%) were randomized experimental trials, and 7 (41%) were cross-sectional studies. Of the 10 randomized trials, 3 (30%) had a low risk of bias, 5 (50%) showed some concerns, and 2 (20%) had a high risk of bias. Among the 7 cross-sectional studies, 2 (29%) scored ""good"" in the overall quality and the remaining 5 (71%) scored ""fair."" VR was found to be significantly more effective than traditional methods of teaching in improving the radiographic and radiologic skills of students. The use of VR systems was found to improve the students' skills in overall proficiency, patient positioning, equipment knowledge, equipment handling, and radiographic techniques. Student feedback was also reported in the included studies. The students generally provided positive feedback about the utility, ease of use, and satisfaction of VR systems, as well as their perceived positive impact on skill and knowledge acquisition. CONCLUSIONS: The evidence from this review shows that the use of VR had significant benefit for students in various aspects of radiology education. However, the variable nature of the studies included in the review reduces the scope for a comprehensive recommendation of VR use in radiology education.",virtual reality,JMIR Med Educ,Canada,2024,Systematic Review,unknown,10.2196/52953
Comparing Conventional Physician-Led Education with VR Education for Pacemaker Implantation: A Randomized Study,"Drozdova A, Polokova K, Jiravsky O, Jiravska Godula B, Chovancik J, Ranic I, Jiravsky F, Hecko J, Sknouril L.","INTRODUCTION: Education of patients prior to an invasive procedure is pivotal for good cooperation and knowledge retention. Virtual reality (VR) is a fast-developing technology that helps educate both medical professionals and patients. OBJECTIVE: To prove non-inferiority of VR education compared to conventional education in patients prior to the implantation of a permanent pacemaker (PPM). METHODS: 150 participants scheduled for an elective implantation of a PPM were enrolled in this prospective study and randomized into two groups: the VR group (n = 75) watched a 360° video about the procedure using the VR headset Oculus Meta Quest 2, while the conventional group (n = 75) was educated by a physician. Both groups filled out a questionnaire to assess the quality of education pre- and in-hospital, their knowledge of the procedure, and their subjective satisfaction. RESULTS: There was no significant difference in the quality of education. There was a non-significant trend towards higher educational scores in the VR group. The subgroup with worse scores was older than the groups with higher scores (82 vs. 76 years, p = 0.025). Anxiety was reduced in 92% of participants. CONCLUSION: VR proved to be non-inferior to conventional education. It helped to reduce anxiety and showed no adverse effects.",virtual reality,Healthcare (Basel),Switzerland,2024,Journal Article,unknown,10.3390/healthcare12100976
Proximie in the operating theatre: evaluation of a virtual operating platform for medical student education,"Schramm DC, Abdul-Hamid A, Ramsden J, Mathew R.","INTRODUCTION: Medical students often hesitate to enter the operating theatre because of poor visibility of the surgical field and anxiety about the theatre environment. In addition, ear, nose and throat (ENT) surgery is underrepresented in many medical curricula. Virtual systems like Proximie offer flexible viewing of surgeries with surgeon commentary, potentially addressing these issues. METHODS: This descriptive survey study aimed to evaluate the use of Proximie as a surgical education tool for delivering ENT teaching to medical students. Live ENT procedures were recorded at the ENT Department of the John Radcliffe Hospital and shared with interested clinical medical students through Proximie accounts. Students were added to a private group chat to ask questions and provided feedback through structured forms, assessing procedural effectiveness and the platform's technology. Live-streaming and recording of procedures were facilitated by ENT surgeons providing commentary. RESULTS: Conducted over four virtual theatre days, the study gathered 52 responses: 96% of students rated Proximie's educational value as 4 of 5 or higher; 57% preferred the virtual experience over physical attendance because of its convenience and the improved view of the surgical field. Students valued the live commentary and showed interest in using Proximie for a broader range of surgeries. Suggested improvements included fixing technical issues, better communication of theatre lists, and expanding surgical specialty coverage. CONCLUSIONS: Proximie has been highly rated by medical students for its effective and engaging approach in the instruction of surgical skills, underscoring its value as an educational tool. Future research is needed to formally assess knowledge acquisition and retention across multiple surgical subspecialties. This work is the first step towards evaluating the utility of virtual operating theatre platforms for medical student education.","Surgical procedures, Operative",Ann R Coll Surg Engl,England,2024,Journal Article,unknown,10.1308/rcsann.2024.0028
A concept for international societally relevant microbiology education and microbiology knowledge promulgation in society,"Timmis K, Hallsworth JE, McGenity TJ, Armstrong R, Colom MF, Karahan ZC, Chavarría M, Bernal P, Boyd ES, Ramos JL, Kaltenpoth M, Pruzzo C, Clarke G, López-Garcia P, Yakimov MM, Perlmutter J, Greening C, Eloe-Fadrosh E, Verstraete W, Nunes OC, Kotsyurbenko O, Nikel PI, Scavone P, Häggblom MM, Lavigne R, Le Roux F, Timmis JK, Parro V, Michán C, García JL, Casadevall A, Payne SM, Frey J, Koren O, Prosser JI, Lahti L, Lal R, Anand S, Sood U, Offre P, Bryce CC, Mswaka AY, Jores J, Kaçar B, Blank LM, Maaßen N, Pope PB, Banciu HL, Armitage J, Lee SY, Wang F, Makhalanyane TP, Gilbert JA, Wood TK, Vasiljevic B, Soberón M, Udaondo Z, Rojo F, Tamang JP, Giraud T, Ropars J, Ezeji T, Müller V, Danbara H, Averhoff B, Sessitsch A, Partida-Martínez LP, Huang W, Molin S, Junier P, Amils R, Wu XL, Ron E, Erten H, de Martinis ECP, Rapoport A, Öpik M, Pokatong WDR, Stairs C, Amoozegar MA, Serna JG.","EXECUTIVE SUMMARY: Microbes are all pervasive in their distribution and influence on the functioning and well-being of humans, life in general and the planet. Microbially-based technologies contribute hugely to the supply of important goods and services we depend upon, such as the provision of food, medicines and clean water. They also offer mechanisms and strategies to mitigate and solve a wide range of problems and crises facing humanity at all levels, including those encapsulated in the sustainable development goals (SDGs) formulated by the United Nations. For example, microbial technologies can contribute in multiple ways to decarbonisation and hence confronting global warming, provide sanitation and clean water to the billions of people lacking them, improve soil fertility and hence food production and develop vaccines and other medicines to reduce and in some cases eliminate deadly infections. They are the foundation of biotechnology, an increasingly important and growing business sector and source of employment, and the centre of the bioeconomy, Green Deal, etc. But, because microbes are largely invisible, they are not familiar to most people, so opportunities they offer to effectively prevent and solve problems are often missed by decision-makers, with the negative consequences this entrains. To correct this lack of vital knowledge, the International Microbiology Literacy Initiative-the IMiLI-is recruiting from the global microbiology community and making freely available, teaching resources for a curriculum in societally relevant microbiology that can be used at all levels of learning. Its goal is the development of a society that is literate in relevant microbiology and, as a consequence, able to take full advantage of the potential of microbes and minimise the consequences of their negative activities. In addition to teaching about microbes, almost every lesson discusses the influence they have on sustainability and the SDGs and their ability to solve pressing problems of societal inequalities. The curriculum thus teaches about sustainability, societal needs and global citizenship. The lessons also reveal the impacts microbes and their activities have on our daily lives at the personal, family, community, national and global levels and their relevance for decisions at all levels. And, because effective, evidence-based decisions require not only relevant information but also critical and systems thinking, the resources also teach about these key generic aspects of deliberation. The IMiLI teaching resources are learner-centric, not academic microbiology-centric and deal with the microbiology of everyday issues. These span topics as diverse as owning and caring for a companion animal, the vast range of everyday foods that are produced via microbial processes, impressive geological formations created by microbes, childhood illnesses and how they are managed and how to reduce waste and pollution. They also leverage the exceptional excitement of exploration and discovery that typifies much progress in microbiology to capture the interest, inspire and motivate educators and learners alike. The IMiLI is establishing Regional Centres to translate the teaching resources into regional languages and adapt them to regional cultures, and to promote their use and assist educators employing them. Two of these are now operational. The Regional Centres constitute the interface between resource creators and educators-learners. As such, they will collect and analyse feedback from the end-users and transmit this to the resource creators so that teaching materials can be improved and refined, and new resources added in response to demand: educators and learners will thereby be directly involved in evolution of the teaching resources. The interactions between educators-learners and resource creators mediated by the Regional Centres will establish dynamic and synergistic relationships-a global societally relevant microbiology education ecosystem-in which creators also become learners, teaching resources are optimised and all players/stakeholders are empowered and their motivation increased. The IMiLI concept thus embraces the principle of teaching societally relevant microbiology embedded in the wider context of societal, biosphere and planetary needs, inequalities, the range of crises that confront us and the need for improved decisioning, which should ultimately lead to better citizenship and a humanity that is more sustainable and resilient. ABSTRACT: The biosphere of planet Earth is a microbial world: a vast reactor of countless microbially driven chemical transformations and energy transfers that push and pull many planetary geochemical processes, including the cycling of the elements of life, mitigate or amplify climate change (e.g., Nature Reviews Microbiology, 2019, 17, 569) and impact the well-being and activities of all organisms, including humans. Microbes are both our ancestors and creators of the planetary chemistry that allowed us to evolve (e.g., Life's engines: How microbes made earth habitable, 2023). To understand how the biosphere functions, how humans can influence its development and live more sustainably with the other organisms sharing it, we need to understand the microbes. In a recent editorial (Environmental Microbiology, 2019, 21, 1513), we advocated for improved microbiology literacy in society. Our concept of microbiology literacy is not based on knowledge of the academic subject of microbiology, with its multitude of component topics, plus the growing number of additional topics from other disciplines that become vitally important elements of current microbiology. Rather it is focused on microbial activities that impact us-individuals/communities/nations/the human world-and the biosphere and that are key to reaching informed decisions on a multitude of issues that regularly confront us, ranging from personal issues to crises of global importance. In other words, it is knowledge and understanding essential for adulthood and the transition to it, knowledge and understanding that must be acquired early in life in school. The 2019 Editorial marked the launch of the International Microbiology Literacy Initiative, the IMiLI. HERE, WE PRESENT: our concept of how microbiology literacy may be achieved and the rationale underpinning it; the type of teaching resources being created to realise the concept and the framing of microbial activities treated in these resources in the context of sustainability, societal needs and responsibilities and decision-making; and the key role of Regional Centres that will translate the teaching resources into local languages, adapt them according to local cultural needs, interface with regional educators and develop and serve as hubs of microbiology literacy education networks. The topics featuring in teaching resources are learner-centric and have been selected for their inherent relevance, interest and ability to excite and engage. Importantly, the resources coherently integrate and emphasise the overarching issues of sustainability, stewardship and critical thinking and the pervasive interdependencies of processes. More broadly, the concept emphasises how the multifarious applications of microbial activities can be leveraged to promote human/animal, plant, environmental and planetary health, improve social equity, alleviate humanitarian deficits and causes of conflicts among peoples and increase understanding between peoples (Microbial Biotechnology, 2023, 16(6), 1091-1111). Importantly, although the primary target of the freely available (CC BY-NC 4.0) IMiLI teaching resources is schoolchildren and their educators, they and the teaching philosophy are intended for all ages, abilities and cultural spectra of learners worldwide: in university education, lifelong learning, curiosity-driven, web-based knowledge acquisition and public outreach. The IMiLI teaching resources aim to promote development of a global microbiology education ecosystem that democratises microbiology knowledge.",sustainability‐sustainable development goals,Microb Biotechnol,United States,2024,Editorial,unknown,10.1111/1751-7915.14456
Analysis of Knowledge and Satisfaction in Virtual Clinical Simulation among Nursing Students: A Mixed Study,"Medel D, Reguant M, Cemeli T, Jiménez Herrera M, Campoy C, Bonet A, Sanromà-Ortíz M, Roca J.","Virtual simulation offers a powerful educational tool with considerable, albeit underexplored potential. This technology immerses students in lifelike digital scenarios, fostering the acquisition of knowledge and skills necessary for their future careers. This study aimed to assess knowledge acquisition and satisfaction outcomes among students using a virtual simulation teaching approach. The specific objectives were (1) to compare pre-and posttest knowledge acquisition, (2) to investigate the influence of prior professional experience on knowledge, and (3) to explore satisfaction levels with virtual simulation. One hundred and fifty-nine nursing students participated in a virtual simulation-based clinical intervention, entailing the resolution of a virtual adult patient hospitalized with respiratory pathology. Sociodemographic data and prior professional experience were collected, and knowledge was evaluated through pre-to-post tests. Satisfaction levels were assessed using open-ended questions. Quantitative data were analyzed using descriptive statistics, Wilcoxon, Mann-Whitney U, and Cohen's tests, while qualitative data underwent keyword-in-context analysis. Significant differences were noted between pre- and posttest knowledge levels, with prior experience showing no significant impact on knowledge acquisition. Participants reported high levels of satisfaction. Lexicometric analysis identified four clusters of words related to the key terms ""simulation"", ""learn"", ""activity"", and ""knowledge"". Virtual clinical simulation effectively enhances knowledge acquisition and fosters satisfaction, with students recognizing the positive impact of this approach on their learning. Consequently, virtual simulation contributes to the training of competent health professionals.",virtual simulation,Nurs Rep,Switzerland,2024,Journal Article,unknown,10.3390/nursrep14020081
Adapting to new challenges in medical education: a three-step digitization approach for blended learning,"Gellisch M, Morosan-Puopolo G, Brand-Saberi B, Schäfer T.","This research work focuses on evaluating the development of our three-step digitization approach, designed to transform traditional lectures into engaging digital learning experiences. Aimed at offering an easy-to-use solution for educators, this approach addresses the pressing challenges of modern educational environments by enhancing accessibility, engagement, and effectiveness of learning through digital means.Quantitative analysis demonstrated a notable increase in knowledge gain for students engaged with the digital format (t(230) = -2.795, p = 0.006) over traditional methods. Additionally, it was observed that the online setting significantly improved concentration levels (t(230) = -5.801, p < .001) and reduced distractions (t(230) = 2.848, p = 0.005). Emotional assessments, based on the Achievement Emotions Questionnaire (AEQ), indicated an elevation in enjoyment (t(230) = -4.717, p < .001) and a reduction in anxiety (t(230) = 9.446, p < .001) within the digital learning environment. A substantial preference for the digital course format was expressed by 61.0% of participants, with 71.4% acknowledging its superior efficiency compared to 14.3% for traditional lectures.Qualitative feedback underscored the digital format's flexibility, comprehensive learning experience, and immediate feedback as key benefits. Nevertheless, nuances such as a preferred understanding in face-to-face interactions and the absence of a social component in digital settings were noted.To conclude, the findings from this study illuminate the significant advantages of the three-step digitization approach in meeting contemporary educational challenges. By facilitating an enhanced knowledge acquisition and fostering a supportive emotional climate, this approach signifies a promising direction for the future of medical education and beyond, fusing the convenience of digital solutions with the depth and engagement of traditional learning methodologies.",Stress and Emotions in Education,BMC Med Educ,England,2024,Journal Article,unknown,10.1186/s12909-024-05503-1
"Neuroanatomical, transcriptomic, and molecular correlates of math ability and their prognostic value for predicting learning outcomes","Liu J, Supekar K, El-Said D, de Los Angeles C, Zhang Y, Chang H, Menon V.","Foundational mathematical abilities, acquired in early childhood, are essential for success in our technology-driven society. Yet, the neurobiological mechanisms underlying individual differences in children's mathematical abilities and learning outcomes remain largely unexplored. Leveraging one of the largest multicohort datasets from children at a pivotal stage of knowledge acquisition, we first establish a replicable mathematical ability-related imaging phenotype (MAIP). We then show that brain gene expression profiles enriched for candidate math ability-related genes, neuronal signaling, synaptic transmission, and voltage-gated potassium channel activity contributed to the MAIP. Furthermore, the similarity between MAIP gene expression signatures and brain structure, acquired before intervention, predicted learning outcomes in two independent math tutoring cohorts. These findings advance our knowledge of the interplay between neuroanatomical, transcriptomic, and molecular mechanisms underlying mathematical ability and reveal predictive biomarkers of learning. Our findings have implications for the development of personalized education and interventions.",,Sci Adv,United States,2024,Journal Article,unknown,10.1126/sciadv.adk7220
Benefits and Barriers of Using Virtual Reality in Teaching Undergraduate Nursing Students: A Scoping Review,"George R, Titus SK.","BACKGROUND: Although studies have been conducted using virtual reality (VR) in nursing education, evidence distinguishing the benefits and barriers of adopting VR pedagogical methods to teach undergraduate nursing students is not well-defined in nursing literature. PURPOSE: To identify current evidence on the benefits and barriers of adopting VR as a pedagogical method in nursing education. METHODS: A scoping review of 6 databases using PRISMA-ScR reporting guidelines. Data were managed using Covidence® software. Table of Evidence illustrates the themes. RESULTS: Seventeen articles identified 5 thematic benefits of VR (knowledge acquisition, student engagement, improved self-confidence, teaching strategy, and cost factors) and 4 barriers (physical discomfort, learning outcome challenges, challenges to integrating into curricula, and technology challenges). CONCLUSIONS: VR is an effective teaching-learning strategy to reinforce nursing concepts and build competencies. It is not a substitute for clinical education.",,Nurse Educ,United States,2024,Scoping Review,unknown,10.1097/NNE.0000000000001660
Concept of the knowledge-based city logistics: Problems and solutions,"Iwan S, Wagner N, Kijewska K, Jensen SA.","Efficient city logistics is essential to build smart sustainable cities where inhabitants' well-being is a priority. Meanwhile, despite the great importance of city logistics processes, their improvement is problematic for many cities. Although solutions from the field of emerging technologies are more and more often used, the question is whether implementing technological tools and filling cities with sensors is a sufficient solution that can solve the problems of intensely growing urban freight transport. The aim of the paper is to examine the role of knowledge management in city logistics and identify barriers to the implementation of knowledge-based city logistics. A key element of the research procedure was an expert survey, to which 31 international experts specialising in city logistics issues were invited, characterised by extensive experience working on research projects in the area of interest. Four knowledge management processes have been transferred to the city logistics area. The results of the study show that the difficulties are observed mainly in the processes of data gathering and knowledge acquisition. The main reason for difficulties in that area is the reluctance of city users, retailers, transport and logistics operators to share information. Identifying these processes as the most problematic is a valuable hint for logistics managers, municipalities and academics. To improve knowledge-based city logistics, it is therefore necessary to focus on these processes and look for the best solutions and new forms of organisational and business support. The solution to the problems identified in the study is the proposal to create a city logistics collaborative knowledge base which is a combination of an IT tool - the CL knowledge management platform, and the Freight Quality Partnership.",,PLoS One,United States,2024,Journal Article,unknown,10.1371/journal.pone.0305563
Virtual simulation training for postpartum hemorrhage in low-to-moderate-volume hospitals in the US,"Minor KC, Bianco K, Mayo JA, Abir G, Judy AE, Lee HC, Leonard SA, Ayotte S, Hedli LC, Schaffer K, Sie L, Daniels K.","BACKGROUND: Maternal mortality in the United States is rising and many deaths are preventable. Emergencies, such as postpartum hemorrhage, occur less frequently in non-teaching, rural, and urban low-birth volume hospitals. There is an urgent need for accessible, evidence-based, and sustainable inter-professional education that creates the opportunity for clinical teams to practice their response to rare, but potentially devastating events. OBJECTIVE: To assess the feasibility of virtual simulation training for the management of postpartum hemorrhage in low-to-moderate-volume delivery hospitals. STUDY DESIGN: The study occurred between December 2021 and March 2022 within 8 non-academic hospitals in the United States with low-to-moderate-delivery volumes, randomized to one of two models: direct simulation training and train-the-trainer. In the direct simulation training model, simulation faculty conducted a virtual simulation training program with participants. In the train-the-trainer model, simulation faculty conducted virtual lessons with new simulation instructors on how to prepare and conduct a simulation course. Following this training, the instructors led their own simulation training program at their respective hospitals. The direct simulation training participants and students trained by new instructors from the train-the-trainer program were evaluated with a multiple-choice questionnaire on postpartum hemorrhage knowledge and a confidence and attitude survey at 3 timepoints: prior to, immediately after, and at 3 months post-training. Paired t-tests were performed to assess for changes in knowledge and confidence within teaching models across time points. ANOVA was performed to test cross-sectionally for differences in knowledge and confidence between teaching models at each time point. RESULTS: Direct simulation training participants (n=22) and students of the train-the-trainer instructors (n=18) included nurses, certified nurse midwives and attending physicians in obstetrics, family practice or anesthesiology. Mean pre-course knowledge and confidence scores were not statistically different between direct simulation participants and the students of the instructors from the train-the-trainer course (79%+/-13 versus 75%+/-14, respectively, P-value=.45). Within the direct simulation group, knowledge and confidence scores significantly improved from pre- to immediately post-training (knowledge score mean difference 9.81 [95% CI 3.23-16.40], P-value<.01; confidence score mean difference 13.64 [95% CI 6.79-20.48], P-value<.01), which were maintained 3-months post-training. Within the train-the-trainer group, knowledge and confidence scores immediate post-intervention were not significantly different compared with pre-course or 3-month post-course scores. Mean knowledge scores were significantly greater for the direct simulation group compared to the train-the-trainer group immediately post-training (89%+/-7 versus 74%+/-8, P-value<.01) and at 3-months (88%+/-7 versus 76%+/-12, P-value<.01). Comparisons between groups showed no difference in confidence and attitude scores at these timepoints. Both direct simulation participants and train-the-trainer instructors preferred virtual education, or a hybrid structure, over in-person education. CONCLUSION: Virtual education for obstetric simulation training is feasible, acceptable, and effective. Utilizing a direct simulation model for postpartum hemorrhage management resulted in enhanced knowledge acquisition and retention compared to a train-the-trainer model.",train-the-trainer,AJOG Glob Rep,United States,2024,Journal Article,unknown,10.1016/j.xagr.2024.100357
Use and Design of Virtual Reality-Supported Learning Scenarios in the Vocational Qualification of Nursing Professionals: Scoping Review,"Steindorff JV, Redlich LM, Paulicke D, Jahn P.","BACKGROUND: Numerous reviews advocate using virtual reality (VR) in educational contexts. This medium allows learners to test experiences in realistic environments. Virtually supported scenarios offer a safe and motivating way to explore, practice, and consolidate nursing skills in rare and critical nursing tasks. This is also cited as one of the reasons why VR can significantly increase the knowledge acquisition of nursing students. Nevertheless, studies are limited in their significance owing to the chosen design. Despite great interest, this results in a low level of confidence in VR as a curricular teaching method for nursing education. Therefore, defining concrete design and didactic-methodological parameters that support teachers in the use and implementation of VR is more relevant. OBJECTIVE: This scoping review aims to provide an overview of significant design aspects for VR scenario conception and its transfer to generalist nursing education to generate value for the development of teaching scenarios and their sustainable implementation in teaching. METHODS: A comprehensive literature search was performed using the MEDLINE (via PubMed) and CINAHL databases, and the PRISMA-ScR (Preferred Reporting Items for Systematic Reviews and Meta-Analyses Extension for Scoping Reviews) checklist was applied. The search was conducted from May to July 2022, using a specific search principle corresponding to the focus and the growing study corpus. A previously defined ""population, concept, and context"" scheme was employed as the basis for the double-blind review of all relevant international German and English publications released up to May 1, 2022. RESULTS: In accordance with the predefined selection procedure, 22 publications were identified. The identified aspects aided in the development of design, didactic, and research recommendations. The intuitive operation of realistically designed VR scenarios, which are standardized, reliable, and modifiable, as well as clear instructions and specific multimodal feedback functions were described positively. The same applied to the linear structure of the sequences with graduated demands and high image quality for increased immersion with low sensory overload. Changes in perspectives, multiuser options, dialogs, and recording functions can contribute to an interactive care practice. On the research side, it is advisable to define VR terminologies. In addition to considering larger samples, varying settings, and financial issues, it is recommended to conduct long-term studies on knowledge acquisition or improved patient outcomes. CONCLUSIONS: VR scenarios offer high potential in the context of nursing education if teachers and learners develop them co-creatively according to design features and implement them by means of a well-conceived concept. VR enables trainees to develop practical skills continuously in a standardized way. In addition, its deployment supports the sensitization of trainees to digital nursing technologies and the expansion of their digital skills in a practical setting. Furthermore, it allows sustainability issues to be addressed.",virtual reality application,JMIR Serious Games,Canada,2024,Scoping Review,unknown,10.2196/53356
Teaching Psychomotor Skills in Undergraduate Nursing Education: An Integrative Review,"Reaves C, Martel M, Rose K.","BACKGROUND: Psychomotor skills, a cognitive and fine motor process, are an essential component to undergraduate nursing education. Currently, no national guidelines exist to guide nursing programs on the best way to educate students to ensure competent and safe practice of psycho-motor skills in the clinical setting. This review sought to determine what methods of education, training, and practice of psychomotor skills enhanced psychomotor skill competency in undergraduate nursing students. METHOD: An integrative review was conducted to determine teaching and practice strategies to support psychomotor skill competence. RESULTS: Four significant categories were identified and included (1) simulation; (2) technology; (3) deliberate practice; and (4) theoretical and collaborative instruction. Overall, simulation and technology were found to be the most effective in psychomotor skill competence. CONCLUSION: Additional research is needed to identify which teaching strategies best support nursing students' long-term knowledge acquisition and competency as they transition into professional practice. [J Nurs Educ. 2024;63(7):421-426.].",,J Nurs Educ,United States,2024,Review,unknown,10.3928/01484834-20240505-01
Can Stress Put Digital Privacy at Risk? Evidence from a Controlled Experiment Examining the Impact of Acute Stress on Privacy Decisions on a Simulated Social Network Site,"Liu Y, Byrne KA, Aly H, Ghaiumy Anaraky R, Knijnenburg B.","Internet and Communication Technologies (ICTs) can foster efficient communication and knowledge acquisition, but there are also tradeoffs in terms of risks to one's privacy. Previous research, including work with the privacy calculus framework, indicates that factors such as perceived risks and benefits of using ICTs, ICT trust, and general privacy concerns can influence individuals' digital privacy-related decisions. One pervasive psychological factor that may potentially alter such privacy-related behaviors is acute stress. Acute stress can promote risk-seeking behaviors and a tendency to prefer immediate rewards over delayed, greater value rewards. However, the effect of acute stress in the applied context of privacy decision making is relatively unknown. Participants (N = 143) in this study were randomly assigned to either an acute stress task (socially evaluated cold pressor task) or an active control task (lukewarm water alone). Results revealed that acute stress condition increased information disclosure, as indexed by accepting more online cookies, sharing one's location more frequently, and revealing greater willingness to self-disclose personal information. In addition, the impact of individuals' levels of perceived risk and benefits, trust, and privacy concern on privacy decision making was examined. However, none of these constructs consistently influenced privacy decisions over and above the effect of stress. Overall, our findings suggest that acute stress has robust, independent influence on privacy decision making.",stress,Cyberpsychol Behav Soc Netw,United States,2024,Journal Article,unknown,10.1089/cyber.2023.0687
Assessing the interplay of presentation and competency in online video examinations: a focus on health system science education,"Sornsenee P, Limsomwong P, Vichitkunakorn P, Sripaew S, Sono S, Sungkaro K, Wongkittithaworn T, Tantisarasart T, Chuchuen P, Sathaporn K, Chantaramanee K.","BACKGROUND: The integration of Health System Science (HSS) in medical education emphasizes mastery of competencies beyond mere knowledge acquisition. With the shift to online platforms during the COVID-19 pandemic, there is an increased emphasis on Technology Enhanced Assessment (TEA) methods, such as video assessments, to evaluate these competencies. This study investigates the efficacy of online video assessments in evaluating medical students' competency in HSS. METHODS: A comprehensive assessment was conducted on first-year medical students (n = 10) enrolled in a newly developed curriculum integrating Health System Science (HSS) into the Bachelor of Medicine program in 2021. Students undertook three exams focusing on HSS competency. Their video responses were evaluated by a panel of seven expert assessors using a detailed rubric. Spearman rank correlation and the Interclass Correlation Coefficient (ICC) were utilized to determine correlations and reliability among assessor scores, while a mixed-effects model was employed to assess the relationship between foundational HSS competencies (C) and presentation skills (P). RESULTS: Positive correlations were observed in inter-rater reliability, with ICC values suggesting a range of reliability from poor to moderate. A positive correlation between C and P scores was identified in the mixed-effects model. The study also highlighted variations in reliability and correlation, which might be attributed to differences in content, grading criteria, and the nature of individual exams. CONCLUSION: Our findings indicate that effective presentation enhances the perceived competency of medical students, emphasizing the need for standardized assessment criteria and consistent assessor training in online environments. This study highlights the critical roles of comprehensive competency assessments and refined presentation skills in online medical education, ensuring accurate and reliable evaluations.",Presentation skills,BMC Med Educ,England,2024,Journal Article,unknown,10.1186/s12909-024-05808-1
Reforming China's Secondary Vocational Medical Education: Adapting to the Challenges and Opportunities of the AI Era,"Tong W, Zhang X, Zeng H, Pan J, Gong C, Zhang H.","China's secondary vocational medical education is essential for training primary health care personnel and enhancing public health responses. This education system currently faces challenges, primarily due to its emphasis on knowledge acquisition that overshadows the development and application of skills, especially in the context of emerging artificial intelligence (AI) technologies. This article delves into the impact of AI on medical practices and uses this analysis to suggest reforms for the vocational medical education system in China. AI is found to significantly enhance diagnostic capabilities, therapeutic decision-making, and patient management. However, it also brings about concerns such as potential job losses and necessitates the adaptation of medical professionals to new technologies. Proposed reforms include a greater focus on critical thinking, hands-on experiences, skill development, medical ethics, and integrating humanities and AI into the curriculum. These reforms require ongoing evaluation and sustained research to effectively prepare medical students for future challenges in the field.",secondary vocational medical education,JMIR Med Educ,Canada,2024,"Research Support, Non-U.S. Gov't",unknown,10.2196/48594
Characterizing the untapped potential of virtual reality in plastic and reconstructive surgical training: A systematic review on skill transferability,"Landau M, Comeaux M, Mortell T, Boyle R, Imbrescia K, Chaffin AE.","Virtual reality (VR) integration into surgical education has gained immense traction by invigorating skill-building in ways that are unlike the traditional modes of training. This systematic review unites current literature relevant to VR in surgical education to showcase tool transferability, and subsequent impact on knowledge acquisition, skill development, and technological innovation. This review followed the PRISMA guidelines and included three databases. Among the 1926 studies that were screened, 31 studies met the inclusion criteria. ChatGPT assisted in generating variables for data extraction, and the authors reached unanimous consensus on 13 variables that provided a framework for assessing VR attributes. Surgical simulation was examined in 26 studies (83.9%). VR applications incorporated anatomy visualization (83.9%), procedure planning (67.7%), skills assessment (64.5%), continuous learning (41.9%), haptic feedback (41.9%), research and innovation (41.9%), case-based learning (22.6%), improved skill retention (19.4%), reduction of stress and anxiety (16.1%), and remote learning (12.9%). No instances of VR integration addressed patient communication or team-based training. Novice surgeons benefited the most from VR simulator experience, improving their confidence and accuracy in tackling complex procedural tasks, as well as decision-making efficiency. Enhanced dexterity compared to traditional modes of surgical training was also notable. VR confers significant potential as an adjunctive teaching method in plastic and reconstructive surgery (PRS). Studies demonstrate the utility of virtual simulation in knowledge acquisition and skill development, though they lack targeted approaches for augmenting training related to collaboration and patient communication. Given the underrepresentation of PRS among surgical disciplines regarding VR implementation in surgical education, longitudinal curriculum integration and PRS-specific technologies should be further investigated.",Virtual reality,JPRAS Open,Netherlands,2024,Review,unknown,10.1016/j.jpra.2024.06.015
Educommunication in Nutrition and Neurodegenerative Diseases: A Scoping Review,"Coutinho KMD, Vale SHL, Bezerril MDS, Reis MKS, Gallego AM, Dantas Coutinho K, Valentim R, Leite-Lais L, de Lima KC.","Neurodegenerative diseases significantly impact individuals' nutritional status. Therefore, nutritional education plays a crucial role in enhancing the understanding of food and nutrition, preventing or minimizing malnutrition, promoting well-being, and empowering patients and caregivers. Educommunication is a methodology that utilizes communication as a pedagogical tool, with the potential to positively enhance the teaching-learning process. This study aims to identify and map educommunication strategies designed to educate caregivers and patients with neurodegenerative diseases about food and nutrition. METHODS: This scoping review followed the JBI Institute Reviewer's Manual. The search was conducted between June 2022 and March 2023 in databases including PubMed/MEDLINE, Embase, Scopus, and Web of Science. RESULTS: Out of 189 studies identified, 29 met the eligibility criteria, and only 3 were suitable for inclusion in this review. CONCLUSION: Studies using educommunication for food and nutrition education are scarce. Despite the limited number of studies included in this review, various educommunication strategies utilizing communication and information technologies were used. Educommunication strategies can facilitate knowledge acquisition in food and nutrition and change behaviors, resulting in health benefits for the participants. More studies on this subject are needed.",nutrition,Int J Environ Res Public Health,Switzerland,2024,Scoping Review,unknown,10.3390/ijerph21081113
Virtual Nephron: Evaluation of a Novel Virtual Reality Educational Tool,"Nakhoul GN, Taliercio JJ, Bassil EH, Arrigain S, Schold JD, Wardrop R, O'Toole J, Nally JV, Bierer SB, Sedor JR, Mehdi A.","INTRODUCTION: Recent technological advancements allowed the development of engaging technological tools. Using ASN funding from the ASN, we developed a 3D Virtual Reality (VR) physiology course entitled DiAL-Neph (Diuretic Action and eLectrolyte transport in the Nephron). We hereby present its evaluation. METHODS: The study consisted of 2 parts: evaluation of knowledge gain, and qualitative evaluation of platform reception. Internal medicine PGY1 residents were randomly assigned into 2 groups: a VR group and a conventional group. Knowledge acquisition was assessed with a post-test administered at the end of the course and repeated within 6 to 12 weeks. Independent t-tests were used to compare the number of correct answers between the groups. A survey and focus groups composed of medicine residents evaluated the platform. Sessions were recorded and transcribed verbatim. Data was analyzed through the content analysis approach by two independent reviewers. RESULTS: Of 117 PGY1 resident participants, 64 were randomized to the VR group and 53 were randomized to the traditional group. Initial test results showed higher scores among VR compared to the traditional group (76.5% correct vs. 68.8%). Seventy-eight PGY1s participated in the follow up testing (46 VR group vs. 32 traditional group) and results showed no significant difference in test results. Greater than 90% of the residents rated the platform positively and 77% preferred it as a teaching method. CONCLUSION: The DiAL-Neph VR platform appeared to improve short-term learning but not long-term retention. Further studies are needed to investigate the impact of such teaching platforms on overall interest in nephrology.",virtual reality,Kidney Int Rep,United States,2024,Journal Article,unknown,10.1016/j.ekir.2024.06.007
Efficacy of virtual reality and augmented reality in anatomy education: A systematic review and meta-analysis,"Salimi S, Asgari Z, Mohammadnejad A, Teimazi A, Bakhtiari M.","Anatomy is the cornerstone of medical education. Virtual reality (VR) and augmented reality (AR) technologies are becoming increasingly popular in the development of anatomy education. Various studies have evaluated VR and AR in anatomy education. This meta-analysis aims to evaluate the effectiveness of VR and AR in anatomical education. The protocol was registered in Prospero. Scopus, PubMed, Web of Science, and Cochrane Library databases were searched. From the 4487 articles gathered, 24 randomized controlled trials were finally selected according to inclusion criteria. According to the results of the meta-analysis, VR had a moderate and significant effect on the improvement of knowledge scores in comparison with other methods (standardized mean difference = 0.58; 95% CI = 0.22, 0.95; p < 0.01). Due to the high degree of heterogeneity (I (2) = 87.44%), subgroup analyses and meta-regression were performed on eight variables. In enhancing the ""attitude,"" VR was found to be more ""useful"" than other methods (p = 0.01); however, no significant difference was found for ""enjoyable"" and ""easy to use"" statements. Compared with other methods, the effect of AR on knowledge scores was non-significant (SMD = -0.02; 95% CI = -0.39, 0.34; p = 0.90); also, in subgroup analyses and meta-regression, the results were non-significant. The results indicate that, unlike AR, VR could be used as an effective tool for teaching anatomy in medical education. Given the observed heterogeneity across the included studies, further research is warranted to identify those variables that may impact the efficacy of VR and AR in anatomy education.",virtual reality,Anat Sci Educ,United States,2024,Systematic Review,unknown,10.1002/ase.2501
AI in obstetrics: Evaluating residents' capabilities and interaction strategies with ChatGPT,"Desseauve D, Lescar R, de la Fourniere B, Ceccaldi PF, Dziadzko M.","In line with the digital transformation trend in medical training, students may resort to artificial intelligence (AI) for learning. This study assessed the interaction between obstetrics residents and ChatGPT during clinically oriented summative evaluations related to acute hepatic steatosis of pregnancy, and their self-reported competencies in information technology (IT) and AI. The participants in this semi-qualitative observational study were 14 obstetrics residents from two university hospitals. Students' queries were categorized into three distinct types: third-party enquiries; search-engine-style queries; and GPT-centric prompts. Responses were compared against a standardized answer produced by ChatGPT with a Delphi-developed expert prompt. Data analysis employed descriptive statistics and correlation analysis to explore the relationship between AI/IT skills and response accuracy. The study participants showed moderate IT proficiency but low AI proficiency. Interaction with ChatGPT regarding clinical signs of acute hepatic steatosis gravidarum revealed a preference for third-party questioning, resulting in only 21% accurate responses due to misinterpretation of medical acronyms. No correlation was found between AI response accuracy and the residents' self-assessed IT or AI skills, with most expressing dissatisfaction with their AI training. This study underlines the discrepancy between perceived and actual AI proficiency, highlighted by clinically inaccurate yet plausible AI responses - a manifestation of the 'stochastic parrot' phenomenon. These findings advocate for the inclusion of structured AI literacy programmes in medical education, focusing on prompt engineering. These academic skills are essential to exploit AI's potential in obstetrics and gynaecology. The ultimate aim is to optimize patient care in AI-augmented health care, and prevent misleading and unsafe knowledge acquisition.",Prompt Engineering,Eur J Obstet Gynecol Reprod Biol,Ireland,2024,Observational Study,unknown,10.1016/j.ejogrb.2024.09.008
Insights into enhanced learning through virtual reality,"Ivanova OP, Shevchenko P, Petrenko KI.","INTRODUCTION: This study investigates the impact of Immersive Virtual Reality (VR) on learning outcomes in radiography training using Virtual Medical Coaching's X-Ray Pro VR software. VR offers immersive experiential learning that may enhance academic performance and professional preparedness. METHODS: The study involved 130 students from two consecutive cohorts: one using traditional training methods and the other using VR software. We employed a mixed-methods approach, integrating quantitative measures of academic performance and clinical competency with qualitative insights into student engagement, enjoyment, and stress levels. The VR group used Virtual Medical Coaching simulation software, while the traditional group used physical simulation machines (Siemens Healthineers) to practice positioning anthropomorphic manikins, adjusting exposure settings, and handling X-ray equipment. Data were collected at four points: immediately post-training and at 1 month, 3 months, and 8 months follow-up. RESULTS: The VR cohort showed significantly higher knowledge retention, work readiness, and lower stress levels compared to the traditional cohort. Among the participants trained in VR, a vast majority (59 out of 65) reported a high level of satisfaction with the immersive nature of the training, emphasizing its realism and direct applicability to clinical scenarios. Quantitative analysis revealed superior performance metrics for the VR group across all measured time points (p < 0.001). Qualitative feedback highlighted enhanced engagement and enjoyment among VR-trained students. CONCLUSION: The results of this study clearly indicate that VR training significantly enhances learning outcomes in radiography education. The VR cohort exhibited higher knowledge retention, work readiness, student engagement, and enjoyment, along with lower stress levels and higher confidence compared to the traditional cohort. These findings support the integration of VR into professional training curricula to improve student performance and engagement.",Virtual reality (VR),J Med Imaging Radiat Sci,United States,2024,Retracted Publication,unknown,10.1016/j.jmir.2024.101767
Enhancing medical education for undergraduates: integrating virtual reality and case-based learning for shoulder joint,"He Y, Wang Z, Sun N, Zhao Y, Zhao G, Ma X, Liang Z, Xia S, Liu X.","BACKGROUND: The integration of Virtual Reality (VR) with Case-Based Learning (CBL) has the potential to revolutionise undergraduate medical education, particularly in complex subjects such as the anatomy and rehabilitation of the shoulder joint. This study aimed to explore the effectiveness of this innovative approach in enhancing learning outcomes and knowledge retention. METHODS: This study employed a parallel-group, assessor-blinded randomised controlled trial (RCT) design. A comprehensive five-week educational programme was developed, combining traditional lecture-based learning with VR-enhanced CBL. The study involved 82 undergraduate students from China Medical University, who were divided into groups receiving different combinations of VR and CBL. Student performance was evaluated through tests and questionnaires. RESULTS: In the anatomy-related courses, the integration of VR technology with CBL yielded significantly higher results (87.71 ± 5.60) compared to traditional methods (82.59 ± 6.64), with a statistically significant difference (P < 0.05). This provides compelling evidence of VR's potential to enhance student engagement and knowledge retention. In the context of physiotherapy-related courses, however, while the test scores of the VR-combined CBL group (81.85 ± 5.99) were marginally higher than those of the traditional CBL group (79.02 ± 7.57), this difference was not statistically significant (P > 0.05). CONCLUSION: The present study provides preliminary evidence for the benefits of incorporating VR into medical education, particularly in anatomy. While the results are promising, further research is needed to explore the optimal integration of VR and CBL in rehabilitation studies and to assess their long-term impact on student learning and clinical performance. TRIAL REGISTRATION: The study was registered with Chinese Clinical Trials Registry (Registration Number: ChiCTR2400089295) on 05/09/2024.",Virtual Reality,BMC Med Educ,England,2024,Randomized Controlled Trial,unknown,10.1186/s12909-024-06103-9
Investigating the effect of video-based training on adherence of surgical positioning standards: a randomized controlled trial,"Silab AN, Fattahi S, Rizevandi P, Mottahedi M.","BACKGROUND: The operating room is a high-risk environment where proper patient positioning is crucial for minimizing injury and ensuring optimal access to surgical sites. This process requires effective collaboration among surgical team members, particularly operating room nurses who play a vital role in patient safety. Despite advancements in technology, challenges such as pressure injuries persist, with a significant incidence rate. Video-based training (VBT) emerges as a promising educational tool, enhancing knowledge retention and fostering a learner-centered approach. This study aims to evaluate the impact of VBT on adherence to surgical positioning standards, highlighting its potential to improve safety protocols in the operating room. METHODS: In this clinical trial, 62 qualified operating room nurses (50 women, 12 men, average age: 28.90 ± 3.75 years) were randomly divided into control and intervention group (n = 31 in each group). The control group only received positioning recommendations, but in the intervention group, in addition to the recommendations, video-based surgical positioning training was performed for 1 month, at least 3 times a week. The performance of nurses in both groups was evaluated through a researcher-made checklist at baseline and post-intervention. RESULTS: Based on findings, there was no significant difference between the two groups in compliance with surgical positioning standards at baseline (p = 0.07). However, after the intervention, compliance scores significantly improved in the VBT group compared to the control group (p < 0.001). The VBT group showed a mean improvement of 62.12 points, while the control group improved by 10.77 points (p < 0.001). CONCLUSIONS: This preliminary study demonstrated a notable improvement in compliance with surgical positioning standards among operating room nurses following VBT intervention. Despite the promising results, the small sample size and preliminary nature of the research necessitate further studies to confirm these findings and assess long-term outcomes. These initial insights highlight the potential of innovative training methods in enhancing surgical practices.",Video-based training,BMC Res Notes,England,2024,Randomized Controlled Trial,unknown,10.1186/s13104-024-06970-x
Enhancing medical training in conflict zones and remote areas through innovation: introducing the Canadian Virtual Medical University Initiative,"Qayumi K, Masoumian Hosseini ST, Masoumian Hosseini M, Nejat A, Salih M, Azimi M, Forqani S, Akbar B, Farooq G, Shafaq N, Rustampoor H, Oryakhil N, Rahmani M, Noora M, Jallah MN, Naebkhil A, Zhwak ZA, Aziz S, Omar FA, Rahimi AM, Mansuri P, Yaftali S, Sadiq N, Payman J, Arifzai A, Azimee MA, Waqef S, Wisbauer S, Guzmán-Laguna J, Ferreres A.","BACKGROUND: The WHO projects a global shortage of 4.3 million physicians by 2030, with the largest deficits in developing and conflict-affected regions. Our aim is to train competent physicians rapidly and affordably through remote education programs. METHODS: We developed an online medical training curriculum with four levels, focusing on different aspects of human body systems using a competency-based, student-centered approach. This study evaluates the first three levels; level four (internship) is outside this scope. The 105 medical students from eight Afghan universities were randomly assigned to nine groups. The curriculum includes Entrustable Professional Activities (EPA) for the cardiovascular system: level 1 covers basic medical sciences, level 2 pathology and basic clinical skills, and level 3 full clinical competencies. EPAs were delivered asynchronously online via Lecturio, CyberPatient, and Zoom. The 30-day intervention included 4 h of weekly online classes for formative assessment, collaborative learning, and evaluation, supervised by medical faculty members. Virtual pre- and post-intervention evaluations used multiple-choice questions and objective structured clinical examination (OSCE). We also conducted a satisfaction survey and open interview forum. Data triangulation from observations, surveys, and interviews validated curriculum effectiveness. The benchmarking method assessed cost-effectiveness. FINDINGS: Pre- and post-intervention analysis showed a significant increase in clinical competencies and knowledge acquisition (P < 0.0001). The CyberPatient intervention improved clinical competency quality (P < 0.0001) and shortened decision-making time (P < 0.001). Cost analysis revealed that a virtual medical university would be 95% more cost-effective than traditional medical education. INTERPRETATION: Integrating virtual technology with modern curriculum concepts in pre-internship years can effectively address healthcare training gaps and enhance education quality for healthcare workers at a low cost. FUNDING: Provided by CanHealth International. A UBC spin-off not-for-profit organization.",Virtual medical school,EClinicalMedicine,England,2024,Journal Article,unknown,10.1016/j.eclinm.2024.102854
Scoping Review: Innovations in Clinical Neurology Education,"Zimmerman WD, Pergakis MB, Gorman EF, Motta M, Jin PH, Salas RME, Morris NA.","Advances in adult learning theory and instructional technologies provide opportunities to improve neurology knowledge acquisition. This scoping review aimed to survey the emerging landscape of educational innovation in clinical neurology. With the assistance of a research librarian, we conducted a literature search on November 4, 2021, using the following databases: PubMed, Embase, Scopus, Cochrane Library, Education Resources Information Center, and PsycINFO. We included studies of innovative teaching methods for medical students through attending physician-level learners and excluded interventions for undergraduate students and established methods of teaching, as well as those published before 2010. Two authors independently reviewed all abstracts and full-text articles to determine inclusion. In the case of disagreement, a third author acted as arbiter. Study evaluation consisted of grading level of outcomes using the Kirkpatrick model, assessing for the presence of key components of education innovation literature, and applying an author-driven global innovation rating. Among 3,830 identified publications, 350 (175 full texts and 175 abstracts) studies were selected for analysis. Only 13 studies were included from 2010 to 2011, with 98 from 2020 to 2021. The most common innovations were simulation (142), eLearning, including web-based software and video-based learning (78), 3-dimensional modeling/printing (34), virtual/augmented reality (26) podcasts/smartphone applications/social media (24), team-based learning (17), flipped classroom (17), problem-based learning (10), and gamification (9). Ninety-eight (28.0%) articles included a study design with a comparison group, but only 23 of those randomized learners to an intervention. Most studies relied on Kirkpatrick Level 1 and 2 outcomes-the perceptions of training by learners and acquisition of knowledge. The sustainability of the innovation, transferability of the innovation to a new context, and the explanation of the novel nature of the innovations were some of the least represented features. We rated most innovations as only slightly innovative. There has been an explosion of reports on educational methods in clinical neurology over the last decade, especially in simulation and eLearning. Unfortunately, most reports lack adequate assessment of the validity and effect of the respective innovation's merits, as well as details regarding sustainability and transferability to new contexts.",,Neurol Educ,,2023,Scoping Review,unknown,10.1212/NE9.0000000000200048
The Treasures of Renal Isle: Evaluating a Gamified Module While Enhancing Student Learning,"Joy S, Rumsey K, Ford M.","INTRODUCTION: Nursing education continues to evolve with the integration of innovative technologies aimed at enhancing student engagement and understanding of complex medical concepts. Gamification, the application of game elements in nongame contexts, emerges as a promising tool in nursing education. METHOD: Faculty members collaborated with instructional designers to develop, The Treasures of the Renal Isles, a gamified module for nursing education. Drawing upon their expertise, faculty provided content knowledge and identified key gaming elements, while designers crafted a virtual world and storyline to contextualize the learning experience. The module was implemented within the curriculum, and student feedback was solicited through the Gameful Experience Scale (GAMEX), a validated tool for assessing gamified learning experiences. Additionally, exam scores were analyzed to determine the gamified module's impact on learning outcomes. RESULTS: Analysis of student responses to the GAMEX tool revealed favorable perceptions of the gamified renal module. Specifically, 77.3% of students believed that the module facilitated their understanding of renal content, indicating its efficacy in knowledge acquisition. Moreover, 71% of students expressed a desire for additional gamified modules, highlighting their engagement and interest in this instructional approach. However, despite positive feedback, no significant differences in test scores were observed postimplementation. CONCLUSION: The findings of this project highlight the potential of gamification as an interactive learning method in nursing education. While the gamified renal module received positive feedback from students regarding its effectiveness in facilitating understanding, the lack of significant improvement in test scores warrants further refinement. By incorporating student feedback and revising the module accordingly, nursing educators can utilize gamification to bridge the gap between theoretical knowledge and clinical judgment. The development of additional gamified modules holds promise for enriching the learning experience and preparing nursing students for the complexities of clinical practice.",undergraduate nursing programs,SAGE Open Nurs,United States,2024,Journal Article,unknown,10.1177/23779608241290683
The impact of an online gamified virtual tour on cognitive enhancement in dental practice management,"Peanchitlertkajorn S, Reynolds PA, Chaisawas M, Krungthong Y, Boonkaew B, Sipiyaruk K.","Dental practice management is usually a mandatory course for both undergraduate and postgraduate programs. However, learners and educators may encounter challenges in gaining experiences in real-life dental practice. The concept of a gamified virtual tour could have potential to improve dental practice management skills. A quasi-experimental study was conducted to evaluate the educational impact of a gamified virtual dental clinic (GVDC) on dental practice management skills among dental undergraduates (UG) and postgraduates (PG). All participants were assigned to complete the GVDC. Pre- and post-knowledge assessments were administered to evaluate knowledge acquisition. A self-administered questionnaire was distributed to investigate user perceptions toward the use of GVDC. There were 20 dental undergraduates and 20 orthodontic residents participating in UG and PG groups, respectively. Both groups demonstrated statistically significant increases in their assessment scores after completing the GVDC (P < 0.001). Although the pre-knowledge assessment score of the PG group was notably higher than that of the UG group (P = 0.041), there was no statistically significant difference in their post-knowledge assessment score (P = 0.491). Participants had positive perceptions of GVDC in terms of usefulness, ease of use, and enjoyment, with no statistically significant differences between the two groups (P > 0.05). Overall, the GVDC demonstrated positive educational impacts on acquiring knowledge and understanding of dental practice management, with participants expressing favorable perceptions of this immersive learning intervention.",Virtual tour,Sci Rep,England,2024,Journal Article,unknown,10.1038/s41598-024-75128-3
The impact of IT change on corporate environmental violations: Toward information asymmetry and stakeholder theory,"Zhu R, Li Q.","As an essential market player, corporations play a crucial role in achieving green and sustainable economic development, while information technology is vital in influencing corporate environmental decision-making. Therefore, using a sample of A-share listed companies in China from 2009 to 2021, we developed a measurement for IT change through computer-aided text analysis to investigate the impacts of IT change on corporate environmental violations. The key findings are as follows: (1) a 1% increase in external or internal IT change can reduce corporate environmental violations by approximately 0.139 and 0.204. (2) IT change influences corporate environmental violations through monitoring and knowledge acquisition mechanisms. (3) IT change significantly affects environmental violations in firms that are large in size, lack government supervision, and adopt cost leadership strategies. (4) IT change complements green credit policies and positively affects firms in non-green credit-restricted industries. To sum up, this paper contributes to understanding the factors that influence corporate environmental decisions and offers insights into promoting the construction of IT change.",Stakeholders,J Environ Manage,England,2024,Journal Article,unknown,10.1016/j.jenvman.2024.123240
Metaverse-based simulation: a scoping review of charting medical education over the last two decades in the lens of the 'marvelous medical education machine',"Popov V, Mateju N, Jeske C, Lewis KO.","BACKGROUND: Over the past two decades, the use of Metaverse-enhanced simulations in medical education has witnessed significant advancement. These simulations offer immersive environments and technologies, such as augmented reality, virtual reality, and artificial intelligence that have the potential to revolutionize medical training by providing realistic, hands-on experiences in diagnosing and treating patients, practicing surgical procedures, and enhancing clinical decision-making skills. This scoping review aimed to examine the evolution of simulation technology and the emergence of metaverse applications in medical professionals' training, guided by Friedman's three dimensions in medical education: physical space, time, and content, along with an additional dimension of assessment. METHODS: In this scoping review, we examined the related literature in six major databases including PubMed, EMBASE, CINAHL, Scopus, Web of Science, and ERIC. A total of 173 publications were selected for the final review and analysis. We thematically analyzed these studies by combining Friedman's three-dimensional framework with assessment. RESULTS: Our scoping review showed that Metaverse technologies, such as virtual reality simulation and online learning modules have enabled medical education to extend beyond physical classrooms and clinical sites by facilitating remote training. In terms of the Time dimension, simulation technologies have made partial but meaningful progress in supplementing traditional time-dependent curricula, helping to shorten learning curves, and improve knowledge retention. As for the Content dimension, high-quality simulation and metaverse content require alignment with learning objectives, interactivity, and deliberate practice that should be developmentally integrated from basic to advanced skills. With respect to the Assessment dimension, learning analytics and automated metrics from metaverse-enabled simulation systems have enhanced competency evaluation and formative feedback mechanisms. However, their integration into high-stakes testing is limited, and qualitative feedback and human observation remain crucial. CONCLUSION: Our study provides an updated perspective on the achievements and limitations of using simulation to transform medical education, offering insights that can inform development priorities and research directions for human-centered, ethical metaverse applications that enhance healthcare professional training.",virtual reality,Ann Med,England,2024,Scoping Review,unknown,10.1080/07853890.2024.2424450
Intellectual property protection intensity and regional technological innovation structure: Based on the perspective of economic complexity theory,"Luo Q, Zhao X.","Exploring the intrinsic link between the intensity of intellectual property protection and the optimization of regional technological innovation structure from the perspective of economic complexity theory. Using panel data and employing the dual fixed effects estimation method, we empirically examine the impact of intellectual property protection strength on innovation factors, the innovation environment, and innovation output. Our study finds that intellectual property protection has a positive incentive effect on knowledge acquisition, knowledge creation, the innovation environment, and substantive innovation, while it inhibits non-substantive innovation. Strong intellectual property protection effectively promotes the optimization of innovation factors, the innovation environment, and innovation output structures, thereby driving the optimization of the regional technological innovation structure. In terms of impact magnitude, the order from high to low is: knowledge creation, substantive innovation, innovation environment, knowledge acquisition, and non-substantive innovation. The ""optimal intensity"" of intellectual property protection significantly promotes the optimization of the regional technological innovation structure, whereas excessively strong or weak intellectual property protection hinders this optimization. Implementing a strategy of innovation-driven development requires further reform and improvement of the national intellectual property protection system to establish the optimal intensity of protection and promote the optimization of the regional technological innovation structure.",Intellectual property protection intensity,Heliyon,England,2024,Journal Article,unknown,10.1016/j.heliyon.2024.e39964
Immersive technology and hand hygiene: scoping review,"Muršec D, Turk SŠ, Rozman U, Lorber M, Fijačko N, Vrbnjak D.","BACKGROUND: The use of immersive technology in healthcare education is on the rise, yet its impact on learner engagement, knowledge retention, and specifically in areas like hand hygiene training, remains underexplored. The aim of this scoping review was to summarize the existing studies of immersive technology in hand hygiene training of healthcare providers and health professions students. METHODS: A scoping review following the Levac et al. framework was conducted. The literature search was performed in databases PubMed, CINAHL Ultimate, ScienceDirect (Elsevier), Web of Science in addition to Google Scholar and ProQuest Dissertation & Theses. The Preferred Reporting Items for Systematic Reviews and Meta-Analysis: Extension for Scoping Reviews (PRIMSA-ScR) guideline was used to report the results. We analysed data using tabular and descriptive summary. RESULTS: In the final analysis 11 studies from seven countries were included. Most of the studies (n = 10, 90,91%) used virtual reality in hand hygiene training of healthcare providers and health professions students. Most studies have found that immersive technology is useful in teaching hand hygiene (n = 6, 54,55%). There are some theories and concepts that support the teaching of hand hygiene with immersive technology, but most of the research is not supported by them. Theories or concepts were included in two studies (18,18%). CONCLUSION: Immersive technology, especially virtual reality, enhances hand hygiene learning and engagement compared to traditional methods. However, most studies lack theoretical support. To advance this field, exploring immersive technology for further research and incorporating relevant theories is encouraged. Additionally, conducting a thorough cost-effectiveness analysis and establishing a robust evaluation framework, encompassing both short-term and long-term outcomes, will be beneficial for a comprehensive understanding of the impact of immersive technology in hand hygiene education.",Usefulness,BMC Med Educ,England,2024,Scoping Review,unknown,10.1186/s12909-024-06320-2
Evaluation of virtual training delivery for health information systems implementation in Canada: A qualitative study,"Karsan I, Hasan H, Jeyakumar T, Ambata-Villaneuva S, Fur K, Hanley I, McClure S, Omar M, Sheriff T, Wiljer D.","INTRODUCTION: As health information systems (HIS) become a critical part of patient care, it is crucial to build an effective education strategy that facilitates the adoption and sustained use of these systems. The COVID-19 pandemic (2019-2023) has contributed to the rapid shift in virtual education and training for healthcare staff. OBJECTIVE: We sought to evaluate the efficacy and long-term sustainability of virtual training for using a HIS by examining opportunities and challenges. METHOD: An exploratory, multimethods study was conducted with staff who had taken part in a virtual HIS training program as part of the clinical transformation journey at a large academic health science center in Canada. The study was guided by the Accelerating the Learning Cycle framework. Data were collected through pre- and post-training surveys, as well as semi-structured interviews. An iterative, inductive, constant comparative analysis approach, outlined by Braun and Clarke, was taken to thematically analyse the data. RESULTS: Of the 33 participants in this study, 13 were educational champions, and 20 were end-users. The pre- and post-training surveys yielded a total of 1479 responses in both groups. Three prominent themes emerged from this study: (1) fostering dynamic facilitation techniques to cultivate an inclusive culture and adapt to diverse learning needs; (2) integrating practical learning activities that contribute to knowledge retention; and (3) ensuring training resources are accessible and consistent for an optimal training experience. CONCLUSION: As HIS continue to be part of the transformation of the healthcare ecosystem, education is vital in preparing healthcare providers to perform their clinical tasks and effectively use these technologies. Findings from this study can be used to inform the development of virtual training that is inclusive and addresses the needs of care providers.",virtual,Health Inf Manag,Australia,2025,Journal Article,unknown,10.1177/18333583241289151
The Use of Peer Teaching in the Online Clinical PBL: The Medical Students' Perspectives,"Romão GS, Rocha SR, Faria Junior M, Durand MT, Bestetti RB.","PURPOSE: To evaluate medical students' perceptions about using peer teaching (PT) in the online Clinical PBL (C-PBL). MATERIALS AND METHODS: The C-PBL used in the Primary care Unit (PCU) of the medical course of the Ribeirao Preto University was adapted to the virtual environment. A PT session was included to enhance students' intrinsic motivation. This cross-sectional study applied a 14-item survey to evaluate the perceptions of 378 medical students from the first to the seventh semester about the use of PT in this context. RESULTS: According to participants' perceptions, the use of PT in the online C-PBL allowed the interactive participation of students and produced satisfactory knowledge acquisition. Preparing and presenting a slideshow and being taught by peers contributed significantly to their learning. The survey used to collect information presented a high internal consistency measured by Cronbach's alpha. CONCLUSION: From the students' perspectives, the use of PT in the online C-PBL was satisfactory and improved learning for peer teachers and learners. This study contributes additional evidence suggesting that PT is an effective teaching strategy in online learning and can be associated with PBL. This finding has implications for curriculum development and the health system.",virtual learning,Adv Med Educ Pract,New Zealand,2024,Journal Article,unknown,10.2147/AMEP.S466697
Simulation in podiatry teaching and learning: A scoping review,"Anning N, Tehan P.","BACKGROUND: In podiatry, there are a variety of clinical tasks that require precision and skill and it is expected that clinicians will obtain these skills during their training. Simulation is a dynamic teaching tool used in healthcare to enhance skill and knowledge acquisition. Currently, the extent and nature of the research on the use of simulation in podiatry teaching and learning are not clear. AIM: A scoping review was conducted to identify the extent and nature of research activity on the use of simulation in podiatry teaching and learning and identify gaps in the existing literature. METHODS: Any research relating to simulation use in podiatry teaching including various designs and focusing on simulations aimed at improving podiatry teaching or learning were eligible for inclusion. A systematic search was conducted on February 14, 2024 of the following databases: Embase (via Embase.com), MEDLINE (via PubMed), CINAHL, and the Web of Science. Additional papers were identified via bibliographies of included studies. Content analysis of content relating to podiatry teaching and learning was performed and grouped into broad themes, then further narrowing to six themes. RESULTS: A total of 21 research studies were deemed eligible for inclusion focusing on diverse aspects of podiatry simulation utilized in high-income countries exclusively. Conducted between 1997 and 2023, these studies were categorized into six key themes: skill improvement, communication and professionalism, clinical competencies and patient safety, educational enhancement, and anatomy and histology education. The simulations, carried out by or assessed for podiatry professionals, staff, or students, ranged from high-fidelity medical mannequins to low-fidelity simulations such as a grapefruit model of a diabetes-related foot ulcer. CONCLUSION: Overall, the findings suggest that simulation teaching in podiatry, whether through direct skill enhancement or through educational impact assessments, holds potential in improving competency, confidence, and educational outcomes in podiatry practice. This scoping review identified a small yet diverse evidence base for simulation modalities in podiatry education, demonstrating gaps in long-term effects and comparative effectiveness studies. It highlights the urgent need for research focused on longitudinal impacts, evaluating various simulation technologies and standardizing best practices to improve podiatry education and align with clinical and patient care needs.",teaching,J Foot Ankle Res,United States,2024,Scoping Review,unknown,10.1002/jfa2.70020
How to Play a Game Properly - Enhancing Obstetrics and Gynecology Education through Gamification: A Scoping Review,"Neubacher M, Siebers P, Wittek A, Recker F.","BACKGROUND: Effective healthcare relies on well-trained professionals, and the quality of their training is dependent on appropriate learning methods and assessment techniques. Gamification, the use of game mechanics in non-game environments, has emerged as a promising strategy in medical education. This review explores the applicability and effectiveness of gamification in obstetrics and gynecology education. METHODS: Adhering to PRISMA guidelines, a comprehensive search was conducted on PubMed, Google Scholar, Embase, and Medline databases from January to March 2023. The search terms included ""medical students OR residents OR physicians OR midwives AND games OR educational games OR serious games AND gynecology OR obstetrics"". The inclusion criteria encompassed studies published in English or German from 1990 to March 2023, focusing on gamification in gynecology and obstetrics education. Data extraction and analysis were structured using the PICOS framework. RESULTS: The review identified various studies demonstrating the effectiveness of gamification in obstetrics and gynecology education. Gaming shows like Jeopardy significantly boosted knowledge retention and engagement. VR technologies, such as Second Life, enhanced emergency and surgical training. Improvisational games improved empathy skills, though requiring reinforcement. Video games and laparoscopy trainers showed promise in enhancing surgical skills, with gamers performing better in initial tasks. Custom-developed games like Play and Learn for Surgeons significantly improved procedural skills. DISCUSSION: Gamification in obstetrics and gynecology education boosts learner engagement, knowledge retention, and practical skills. VR technologies and video games are effective for surgical training, while custom games can enhance specific procedural skills. Further research is needed to optimize and integrate gamification strategies into standard curricula, offering a modern approach to equip healthcare professionals with essential skills and knowledge.",postgraduate education,Geburtshilfe Frauenheilkd,Germany,2024,Scoping Review,unknown,10.1055/a-2379-8729
Bioscience teaching and learning in undergraduate nursing education: A systematic review with narrative synthesis,"Manchester KR, Roberts D.","AIM: To explore the teaching and learning methods used in bioscience education for undergraduate nursing students and evaluate their effectiveness for knowledge acquisition and student satisfaction. BACKGROUND: Understanding bioscience is essential for nurses to provide effective patient care. Despite its importance, students often struggle with the complex content and limited learning time. DESIGN: A mixed-methods systematic review was employed following the PRISMA guidelines. METHODS: Four databases (CINAHL, Medline, Web of Science and PubMed) were searched using keywords related to nursing education and bioscience. Inclusion criteria focused on peer-reviewed studies published from 2003 to 2023 that evaluated teaching or learning methods for bioscience in undergraduate nursing students. A narrative synthesis was conducted. RESULTS: This review includes 98 studies from 28 countries. Active learning methods generally improved student engagement, understanding, and retention of knowledge. Technology-enhanced learning provided immersive and interactive experiences, despite cost and scalability challenges. Traditional teaching methods were valued by students for their insights and application to clinical practice. Blended learning approaches catered to diverse learning preferences and improved learning. CONCLUSIONS: Most teaching and learning approaches appear to improve bioscience education for undergraduate nursing students, supporting short-term improvements in knowledge and student satisfaction. No single active learning method was identified as the most effective. Effective support and learning opportunities both in and out of the classroom are important, as are strategies to allow application of theory to practice. Future research should further evaluate the long-term impact of different teaching and learning methods for bioscience in undergraduate nursing education.",Theory-practice gap,Nurse Educ Pract,Scotland,2025,Systematic Review,unknown,10.1016/j.nepr.2024.104226
Development and Evaluation of a Virtual Reality Program for Immediate Newborn Care Training in Nursing Education: A Feasibility Study,"Hung HY, Wang YW, Hsieh MC, Chen PY, Chang YJ.","INTRODUCTION: Nursing education equips students with the skills necessary to navigate the clinical environment. Repetitive training in complex skills ensures patient and student safety. Immersive virtual reality (VR) offers a realistic and safe environment for such repetitive learning processes. However, the feasibility of integrating such technology into the training of immediate newborn care skills remains unexplored. METHODS: In this feasibility study, the care procedure for immediate newborn care (INC) was standardized and converted into a VR teaching model. Experts and students were then recruited to assess and evaluate the suitability, usefulness and user-friendliness of the INC-VR model. A total of 35 students were recruited and allocated to a VR learning group and a traditional learning group to evaluate the INC-VR model in terms of knowledge acquisition, skill confidence, performance accuracy, and the time required to complete the INC tasks. RESULTS: Thirteen INC care tasks were transformed into a 15-minute INC-VR model, and the suitability, usefulness, and user-friendliness of the model were validated by both students and experts. Furthermore, students in the VR group demonstrated comparable INC knowledge, confidence, and performance accuracy to those in the traditional group, with a more time-efficient learning framework (10.3 minutes vs. 35 minutes). DISCUSSION: The INC-VR model developed herein can supplement traditional teaching to enhance students' learning. This model could provide an accessible platform for additional practice and remediation, addressing the limitations of real-time skill practice opportunities. Therefore, it may also serve as a valuable reference for other institutions developing similar VR educational tools.",,Perspect Med Educ,Netherlands,2024,Journal Article,unknown,10.5334/pme.1538
Assessing the efficacy of mind mapping as a learning technique to enhance information retrieval in nursing students,"Jabade M, Nadaf H.","BACKGROUND: Nursing education, rooted in conventional methods like didactic lectures and clinical experiences, is evolving to incorporate innovative learning strategies. This study delves into the effectiveness of mind mapping, an interactive technique, in enhancing information retrieval skills among nursing students. Departing from linear note-taking, mind maps visually organize information, aligning with contemporary learning theories emphasizing visual and interactive modalities. MATERIALS AND METHODS: Methodologically, a quasi-experimental design with a crossover intervention was employed, involving 144 nursing students in Pune City, Maharashtra; the time taken to conduct the study was 2 months. The study focused on acquired immunodeficiency syndrome and chronic renal failure (CRF), employing pre-tests, post-tests, and long-term retention assessments. RESULTS: Results indicated significantly higher knowledge gains and retention with mind mapping, substantiated by effect size analyses. Student perceptions, assessed through a Likert scale, revealed widespread agreement on mind mapping's clarity, effectiveness, and positive impact on understanding and retention. Challenges included the need for faculty and student training, highlighting the importance of integration and support in educational institutions. CONCLUSION: This study explores the effectiveness of mind mapping as a learning technique in nursing education, aiming to enhance knowledge acquisition, retention, and critical thinking skills, departing from traditional approaches. Results indicate that mind mapping significantly improves knowledge retention compared to conventional methods. Hence, we strongly recommend mind mapping as an integral learning technique in nursing education; this will impact on enhancing knowledge acquisition, retention, and critical thinking skills among nursing students, surpassing the outcomes of traditional methods.",nursing,J Educ Health Promot,India,2024,Journal Article,unknown,10.4103/jehp.jehp_321_24
Evaluating the Effectiveness of Trauma Care and Emergency Preparedness Training Programs on Prehospital Primary Survey Skills: A Systematic Review,"Sajid A, Shakir A, Awan M, Warsha F, Ahmad S, Alsadoun L, Qaiser Aziz M.","This systematic review evaluates the impact of trauma care and emergency preparedness training programs on prehospital primary survey effectiveness. A comprehensive search strategy was employed across multiple databases, including PubMed, Cochrane Library, Embase, and the Cumulated Index to Nursing and Allied Health Literature (CINAHL), focusing on studies involving healthcare professionals such as paramedics, nurses, and emergency medical technicians (EMTs). The review included randomized controlled trials (RCTs), clinical trials, and cohort studies that assessed various training modalities like virtual reality (VR) simulations, case-based learning (CBL), and hands-on workshops. Quality assessment was performed using the Cochrane risk-of-bias (RoB) tool for randomized trials and the Newcastle-Ottawa Scale (NOS) for clinical trials, ensuring methodological rigor and consistency. The findings suggest that CBL significantly improves knowledge retention and prehospital primary survey skills, outperforming other methods such as simulation exercises, which showed mixed results. VR training increased confidence levels but did not demonstrate significant improvements in objective skills compared to traditional methods. The use of supplementary triage assistance teams (physician-nurse supplementary triage team (MDRNSTAT)) was found to be effective during high patient volume hours, though not cost-effective as a daytime strategy. While the review highlights the importance of interactive and scenario-based training programs, limitations such as variability in study designs, publication bias, and language bias were noted, suggesting that caution should be exercised in generalizing the results. Future research should focus on long-term effectiveness, the integration of emerging technologies, and larger, well-designed trials across diverse healthcare settings to strengthen the evidence base.",trauma care,Cureus,United States,2024,Review,unknown,10.7759/cureus.74089
Chatbots for breast cancer education: a systematic review and meta-analysis,"Lin SJ, Sun CY, Chen DN, Kang YN, Hoang KD, Chen KH, Chen C.","BACKGROUND: Effective education and awareness regarding breast cancer are critical. Traditional educational methods often fail to meet the diverse information needs of patients. Patients should be provided with tailored, accessible information to improve their retention and understanding of disease-related information. PURPOSE: This systematic review and meta-analysis evaluated the effectiveness of chatbots for providing breast cancer education. By examining patient satisfaction with and the usability and efficacy of chatbot interventions, this study seeks to support the integration of chatbot technology into cancer education. METHODS: This review, which was conducted in accordance with PRISMA guidelines, included studies from MEDLINE, Embase, and the Cochrane Library up to May 2024. The main inclusion criterion was chatbot interventions for breast cancer education. Meta-analysis was performed using Review Manager and Open Meta-Analyst software. RESULTS: Of the 208 articles initially identified, 6 studies met the inclusion criteria, involving a total of 1342 women with early-stage or at-risk hereditary breast cancer. The meta-analysis revealed that most participants (85 to 99%) reported high satisfaction with chatbot interventions for breast cancer education, with no significant differences in satisfaction compared to genetic counselors or physicians. The chatbot interventions also showed positive effects on knowledge acquisition (mean proportion = 90.8%) and alleviated patients' symptoms significantly more than routine care. CONCLUSION: This study demonstrated that chatbots can effectively provide personalized and interactive educational support, enhancing patients' understanding and retention of disease-related information. The integration of chatbot technology into educational programs can empower patients, ultimately promoting breast cancer awareness and prevention.",Healthcare,Support Care Cancer,Germany,2024,Systematic Review,unknown,10.1007/s00520-024-09096-9
The interactive use of augmented reality for educating the elderly on common age-related eye disease,"Hung YY, Chu WY, Jiang J, Yeung WY, Yan WH, Kwok TO, Chan YK.","BACKGROUND: The prevalence of age-related eye disorders is increasing with the aging of the global population. Community-based visual health education for the elderly has become a crucial intervention. With the advancement of technology, the application of extended reality (XR), such as virtual reality (VR) and augmented reality (AR), in health education has become more popular. This study aims to assess the effectiveness of educating the elderly about common age-related eye disorders through a novel AR-based health education workshop. METHODS: An AR-based education workshop was designed for the elderly to understand the major visual symptoms of several eye diseases and experience the challenges faced by visually impaired people. The effectiveness of the workshop was assessed by conducting pre- and post-activity surveys to measure the knowledge acquisition of the participants from this workshop. RESULTS: The intervention was found to significantly improve knowledge of age-related eye diseases among the elderly, while the participants' age and education level could influence the effectiveness of their knowledge gained from the workshop. CONCLUSIONS: Our study revealed the potential of the use of AR technology in facilitating health education on eye diseases in the elderly. The specific backgrounds and characteristics of target participants and the combination of AR with other pedagogical approaches warrant further investigation to maximize the impact of AR-based workshops in health education in broader healthcare contexts.",Visual health,BMC Geriatr,England,2025,Journal Article,unknown,10.1186/s12877-024-05658-y
"Building a teaching method for ""clinical molecular biology testing technology"" guided by the cultivation of thinking skills","Deng X, Ma N, Hu X, Li Y, He J, Zou G.","The knowledge of ""clinical molecular biology testing technology"" is complex, conceptual expressions are abstract and difficult to understand, and the student's interest in learning is low. This study aimed to evaluate the effectiveness of a cyclic teaching method based on case analysis combined with an exploratory teaching method using mind mapping as an assignment. Students from the 2019 cohort of medical laboratory technology at Hunan University of Chinese Medicine served as the control group and received conventional lecture-based teaching methods. Students from the 2021 cohort served as the test group and were undergoing teaching methods that focused on developing critical thinking skills. Course regular grades, exam scores, teaching evaluations, and questionnaires were used to evaluate the teaching effect. The test group had higher scores than the control group. It is also better in terms of memorization ability and comprehensive analytical ability. However, there were no differences between the two groups in terms of understanding and application ability. The test group showed higher satisfaction in improving knowledge mastery, cultivating learning interest, enhancing logical thinking ability, and utilizing post-class assignments in the form of mind mapping for better knowledge consolidation and expansion than did the control group. The survey results from the test group indicate that a teaching method focused on developing thinking skills has significant effects on stimulating learning interest, improving cognitive ability, and helping to address clinical issues. Combining the cyclic teaching method based on case analysis with the exploratory teaching method using mind mapping as assignments can enhance learning motivation, facilitate knowledge acquisition, and is suitable for teaching in the discipline of ""clinical molecular biology testing technology"".",mind mapping,Biochem Mol Biol Educ,United States,2025,"Research Support, Non-U.S. Gov't",unknown,10.1002/bmb.21883
Impacts of immersive 3D videos on students' surgical learning compared to 2D videos: a randomized controlled trial,"Favier A, Jaafar E, L'Hote R, Gauthier P, Avellino I, Canlorbe G.","BACKGROUND: Unlike other medical specialties, surgery is primarily learned through apprenticeship, by observing surgeons in action during operations. However, the increasing number of medical students and work-hour restrictions limit opportunities for learning in the operating room (OR). These circumstances call for novel technologies, such as immersive video. The objective of this study is to compare knowledge retention, preparedness, and content engagement for surgical learning when watching a surgical video in 3D through a Head-Mounted Display (HMD) versus in 2D video on a conventional screen. MATERIEL AND METHODS: This randomized controlled trial includes 231 fourth-year medical students. Participants watched the same 12 min surgical video, narrated by an expert, presented either in immersive 3D form through an HMD, or in 2D form through a conventional screen. The students completed three questionnaires (previewing, postviewing, and 1 month later), which included questions on knowledge retention, expected preparedness, content engagement, tool engagement, and self-assessment. Statistical analyses were adjusted by including the confounding factors. RESULTS: Immediately after the video, the 3D immersive video group showed a significantly lower knowledge retention score compared to the classic video group (P<0.01). Nonetheless, the 3D immersive video group demonstrated better-expected preparedness as a future resident (P=0.019), greater satisfaction (P=0.033), better stimulation (P<0.001), higher involvement (P<0.001), and a greater perceived ability to identify anatomical structures (P<0.001). After 1 month, participants in the immersive video group reported feeling more prepared (P=0.016), more self-confident (P=0.020), more at ease (P=0.023), and less overwhelmed (P<0.01) than those in the 2D video group. CONCLUSION: Our results showed that 3D surgical immersive video vs. 2D surgical video, enhances the sense of stimulation, satisfaction, involvement, and the perception of having better identified anatomical structures. For early medical school students where access to the OR is limited, this tool appears to a significant step forward in surgical pedagogy. However, the precise understanding of its pedagogical value required further investigation and refinement.",,Int J Surg,United States,2024,Randomized Controlled Trial,unknown,10.1097/JS9.0000000000002146
Extended reality in anesthesia: a narrative review,"Han SH, Kiroff KL, Kinjo S.","The application of extended reality (XR) technology is rapidly expanding in the medical field, including anesthesia. This review aims to introduce the current literature on XR utilization to help anesthesiologists adopt this technology in education and clinical practice. XR is useful for both knowledge acquisition and skill training in a wide range of settings, from students to medical professionals. One of its major benefits is harm reduction through simulation scenarios that allow for immersion in clinical situations and opportunities to practice procedures and tasks. These scenarios often involve both technical and non-technical skills, enabling clinicians to enhance their capabilities without risking patient safety. In clinical settings, XR can also be used with patients to increase familiarity with medical procedures, provide education, and reduce anxiety. XR can also serve as a distraction technique, diverting the patient's attention from medical procedures and enhancing comfort, which may contribute to reduced opioid use. Although the potential benefits of XR in anesthesia have been reported in various educational and clinical contexts, challenges, such as limited financial reimbursement and restricted technical accessibility, remain. With further research and technological advancements, XR technology has the potential for widespread adoption in anesthesia practice.",Virtual reality.,Korean J Anesthesiol,Korea (South),2025,Review,unknown,10.4097/kja.24687
Learning effectiveness of clinical anatomy and practical spine surgery skills using a new VR-based training platform,"Reinhold M, Asal C, Driesen T, Roch J, Jäckle K, Borgmann S, Lehmann W.","INTRODUCTION: As medical education becomes more complex, the demand for advanced teaching and training methods has grown. Technological advancements have opened up new possibilities, particularly in the realm of virtual reality (VR) simulations for training. RESEARCH QUESTION: Our prospective, randomized pilot study aims to assess whether a novel VR-based 3D training platform can effectively teach the knowledge and skills needed for complex spinal surgery, specifically pedicle screw placement. Material and MethodsWe enrolled 25 participants who received either a traditional lecture (control group, n=11) or a VR lecture with identical content featuring 3D/VR anatomical models (VR group, n=14). The VR group also underwent VR simulation for pedicle screw placement. We evaluated their learning through a quiz, a practical skills test, and selfassessment questionnaires. RESULTS: In the theory multiple-choice test, the contral group scored an average of 69% (range 53-87%, SD 0.10), while the VR group scored 66% (range 47-87%, SD 0.11) (p=0.692, independent sample t-test).For the practical DOPS test (pedicle screw placement), the average score was 2.4 points (n=25; range 1-4). The VR group on average scored 2.9 points compared to the control (2 points) (p=0.134). Discussion and Conclusion Our study indicates that teaching with a new 3D VR training tool yields results comparable to traditional methods in terms of knowledge retention. This research supports the platform's effectiveness as an educational resource. Importantly, trainees can apply VR-acquired knowledge to real surgical procedures, which are well-received.",Virtual reality (VR),Brain Spine,Netherlands,2024,Journal Article,unknown,10.1016/j.bas.2024.102826
Case-Based Virtual Reality Simulation for Severe Pelvic Trauma Clinical Skill Training in Medical Students: Design and Pilot Study,"Teng P, Xu Y, Qian K, Lu M, Hu J.","BACKGROUND: Teaching severe pelvic trauma poses a significant challenge in orthopedic surgery education due to the necessity of both clinical reasoning and procedural operational skills for mastery. Traditional methods of instruction, including theoretical teaching and mannequin practice, face limitations due to the complexity, the unpredictability of treatment scenarios, the scarcity of typical cases, and the abstract nature of traditional teaching, all of which impede students' knowledge acquisition. OBJECTIVE: This study aims to introduce a novel experimental teaching methodology for severe pelvic trauma, integrating virtual reality (VR) technology as a potent adjunct to existing teaching practices. It evaluates the acceptability, perceived ease of use, and perceived usefulness among users and investigates its impact on knowledge, skills, and confidence in managing severe pelvic trauma before and after engaging with the software. METHODS: A self-designed questionnaire was distributed to 40 students, and qualitative interviews were conducted with 10 teachers to assess the applicability and acceptability. A 1-group pretest-posttest design was used to evaluate learning outcomes across various domains, including diagnosis and treatment, preliminary diagnosis, disease treatment sequencing, emergency management of hemorrhagic shock, and external fixation of pelvic fractures. RESULTS: A total of 40 students underwent training, with 95% (n=38) affirming that the software effectively simulated real-patient scenarios. All participants (n=40, 100%) reported that completing the simulation necessitated making the same decisions as doctors in real life and found the VR simulation interesting and useful. Teacher interviews revealed that 90% (9/10) recognized the VR simulation's ability to replicate complex clinical cases, resulting in enhanced training effectiveness. Notably, there was a significant improvement in the overall scores for managing hemorrhagic shock (t(39)=37.6; 95% CI 43.6-48.6; P<.001) and performing external fixation of pelvic fractures (t(39)=24.1; 95% CI 53.4-63.3; P<.001) from pre- to postsimulation. CONCLUSIONS: The introduced case-based VR simulation of skill-training methodology positively influences medical students' clinical reasoning, operative skills, and self-confidence. It offers an efficient strategy for conserving resources while providing quality education for both educators and learners.",virtual reality,JMIR Med Educ,Canada,2025,Journal Article,unknown,10.2196/59850
An Iterative Design Method for Advancing Air Traffic Control and Management Training Through Immersive VFR 3D Map Visualization,"Patrick RNC, Lee T, Desmit Z, Carter N.","OCCUPATIONAL APPLICATIONSInnovative tools that align with modern learners' preferences are essential for training in safety-critical professions like Air Traffic Control/Management. This study evaluated a Virtual Reality Visual Flight Rules 3D Map Visualization Tool designed to meet the Federal Aviation Administration's (FAA) modernization goals. The tool immerses trainee in contextually accurate environments, enhancing engagement and self-paced learning. Most subject-matter experts favored 3D learning over traditional approaches, while commenting on potential integration into collegiate and FAA programs to support preparedness. Future research should explore scalability, long-term performance impact, and AI enhancements for personalized training and accessibility. This innovation bridges generational gaps in learning preferences and addresses the timely demand for well-trained certified professional controllers, highlighting the value of accessible self-paced customized training. A contextually accurate, cost-effective training system could improve knowledge acquisition and enable trainees to study beyond traditional classrooms, supporting rapid decision-making and self-efficacy - marking a step forward in occupational training.",virtual reality (VR),IISE Trans Occup Ergon Hum Factors,England,2025,Journal Article,unknown,10.1080/24725838.2025.2449979
Game-thinking; utilizing serious games and gamification in nursing education - a systematic review and meta-analysis,"Nylén-Eriksen M, Stojiljkovic M, Lillekroken D, Lindeflaten K, Hessevaagbakke E, Flølo TN, Hovland OJ, Solberg AMS, Hansen S, Bjørnnes AK, Tørris C.","BACKGROUND: The digital shift in higher education is moving from teacher-focused models to active learning with digital technologies, including the integration of game-based learning strategies. We aim to identify, assess, and summarize the findings of evidence and determine the effectiveness of game-thinking on learning outcomes in nursing education. METHODS: A comprehensive search for relevant literature was conducted between April and May 2022 Seven databases ERIC, Scopus, ProQuest Education Source, MEDLINE, CINAHL, Web of Science, and Embase were utilized to locate original, peer-reviewed papers published in English. The review was conducted and reported in compliance with the Preferred Reporting Items for Systematic Reviews and Meta-Analyses (PRISMA) 2020 guidelines. RESULTS: Overall, 3302 studies were initially screened based on their titles and abstract. From this selection 281 studies were then assessed for full-text eligibility. In the end, 70 studies, consisting of 27 Randomized Controlled Trials (RCTs) and 43 Quasi-experimental studies were included in the review. These studies encompassed data from a total of 8348 participants. The results from the narrative synthesis of the results revealed consistencies across the included studies and their findings. The meta-analysis suggested that game-thinking could be beneficial in nursing education, notably improving students' academic achievement (Pooled ES = 0.99, [95%CI 0.53, 1.44]). The most significant effect of game-thinking on academic achievement was observed in the academic knowledge performance of nursing students (Pooled ES = 1.06, [95%CI 0.55, 1.57]), followed by academic skill performance (Pooled ES = 0.54, [95%CI 0.06, 1.03]). CONCLUSIONS: The systematic review and meta-analysis provide evidence supporting the effectiveness of game-thinking in nursing education. The findings highlight the potential of game-based learning in enhancing nursing education through knowledge acquisition, albeit with a nuanced effect on skill development. As nursing education continues to adapt to the digital era, integration of game-thinking strategies could serve as a valuable method for creating engaging and effective learning experiences for nursing students.",Video Games,BMC Med Educ,England,2025,Systematic Review,unknown,10.1186/s12909-024-06531-7
Enhancing Clinical Medical Education Through Hand Gesture Analogy Teaching: A Narrative Review,"Chen G, Xu M, Wang Q, Xu C, Wang Y, Wu T, Ma Y, Peng L, Ji X.","This narrative review assesses the effectiveness of hand gesture analogy teaching in clinical medical education, addressing the growing demand for innovative pedagogical strategies. Through a comprehensive analysis of existing literature, it evaluates the theoretical foundations, implementation strategies, and practical applications of this method across various domains of medical education. Hand gesture analogy teaching significantly enhances student learning by improving engagement, spatial reasoning, and procedural knowledge retention more effectively than conventional instructional methods. The integration of modern educational technologies and standardized implementation frameworks further amplifies its effectiveness. Despite challenges in standardization and faculty development, this method shows promising potential for transforming medical education by bridging the gap between theoretical knowledge and clinical practice. Evidence-based recommendations are provided for incorporating hand gesture analogy teaching into clinical training programs, supporting its adoption as an innovative pedagogical tool in contemporary medical education.",pedagogical methods,Cureus,United States,2024,Review,unknown,10.7759/cureus.76619
Young TPI: empowering animal-free science among the next- generation of scientists,"G Valverde M, Abarkan FZ, Van Eijden R, Menon JML, Gaio N, Ramchandran A, De Leeuw VC.","Strategies emphasizing animal-free innovation are imperative for the contemporary and future scientific research. They not only address important ethical concerns, but also should directly improve research accuracy and reliability through redirecting scientific inquiry toward more reliable and translatable methodologies. Promotion and encouragement for use of animal-free innovations among the next-generation of scientists, alongside knowledge acquisition and training in the increased capabilities of novel technologies, are fundamental for advancing science and the welfare of animals used for scientific purposes. The Dutch government has promoted initiatives such as Transitie Proefdiervrije Innovatie (TPI) to make the public aware of the current situation. However, the transition towards animal-free innovations will span over more than two generations. In this context, Young TPI emerged as the-first-of-its-kind network comprising young professionals and students dedicated to revolutionizing scientific practices by catalyzing the shift towards animal-free research. Grounded on three pillars - collaboration, awareness-raising, and networking - Young TPI has evolved into a premier youth network in the Netherlands. Boasting over 270 members spanning Dutch 49 institutions, including biotechnology startups and pharmaceutical companies and universities, Young TPI harnesses the diverse expertise of its members to propel a sustainable, future-proof transition and to promote a continuous dialogue with a wide range of stakeholders. This manuscript describes the conception, establishment, and progress of Young TPI from its start to present, detailing its strategy for communication, activities, and funding mechanisms, and ongoing endeavors to enlist new members and forge strategic alliances in pursuit of its mission.",young,Front Toxicol,Switzerland,2025,Journal Article,unknown,10.3389/ftox.2024.1521317
Exploring the impact of AI-enhanced virtual tourism on Tourists' pro-environmental behavior: A stimulus-organism-response model perspective,"Wu S, Wang S.","This study explores the potential of AI-enhanced virtual tourism to promote pro-environmental behavior (PEB) in cultural heritage tourism in China. Employing the stimulus-organism-response (SOR) model, we examine how five stimuli-accessibility, authenticity perceptions, perceived costs, interactive experiences, and knowledge acquisition-affect tourists' attitudes toward AI-enhanced virtual tourism and, consequently, their environmental behaviors. We conducted a partial least squares structural equation modeling (PLS-SEM) using Smart-PLS to analyze the two-wave survey data collected from 223 tourists. Our results confirmed that accessibility, authenticity perceptions, interactivity, and knowledge acquisition significantly influence tourists' attitude, which further influences PEB. The findings contribute to the theoretical understanding of technology-mediated sustainable tourism by highlighting the mediating role of attitude in the relationship between AI-enhanced virtual tourism experiences and PEB. The study provides practical insights for the development of such tourism experiences that not only enhance tourist engagement but also support environmental sustainability.",SOR model,Acta Psychol (Amst),Netherlands,2025,Journal Article,unknown,10.1016/j.actpsy.2025.104773
Can the Use of Artificial Intelligence-Generated Content Bridge the Cancer Knowledge Gap? A Longitudinal Study With Health Self-Efficacy as a Mediator and Educational Level as a Moderator,"Xie Z, Chen R, Ding W.","OBJECTIVES: The cancer knowledge gap represents a significant disparity in awareness and understanding of cancer-related information across different demographic groups. Leveraging Artificial Intelligence-Generated Content (AIGC) offers a promising approach to personalize health education and potentially bridge this gap. This study aimed to evaluate the potential of AIGC to bridge the cancer knowledge gap, assessing the roles of health self-efficacy as a mediator and educational level as a moderator in this relationship. METHODS: A 6-month longitudinal study was conducted using online surveys distributed to undergraduate students in non-medical disciplines at one university and graduate students in medical specialties at another university in China. The study assessed the frequency of AIGC use, health self-efficacy, and cancer knowledge at two time points. RESULTS: The results indicated that AIGC use significantly enhanced cancer knowledge levels and health self-efficacy over time. Educational level notably moderated the effects of AIGC use, with non-medical undergraduate students showing greater gains in knowledge and self-efficacy. Additionally, health self-efficacy mediated the relationship between AIGC use and cancer knowledge, underscoring the importance of health self-efficacy. The study confirms the efficacy of AIGC in narrowing the cancer knowledge gap and enhancing health self-efficacy, particularly among students with lower initial medical knowledge. CONCLUSION: These findings highlight the potential of integrating AIGC tools in cancer education and public health interventions, particularly for individuals at different educational levels. By tailoring digital health resources to varying educational needs, these interventions could enhance cancer knowledge acquisition, improve health self-efficacy, and contribute to better cancer prevention and control outcomes.",longitudinal study,Cancer Control,United States,2025,Journal Article,unknown,10.1177/10732748251319487
Effect of practical training on radiography students' CT exposure knowledge: A study in Japan,Ganjitsuda K.,"INTRODUCTION: Optimizing computed tomography (CT) parameters is crucial to minimize patient dose while maintaining diagnostic image quality. This study investigated the impact of practical education, specifically hands-on experience and clinical placements, on radiography students' knowledge of CT exposure parameters in Japan. METHODS: In 2023, a cross-sectional study was conducted among third- and fourth-year Kagoshima Medical Technology College radiography students. A validated 21-item questionnaire assessed their knowledge of CT exposure parameters, including tube voltage (kVp), milliampere-seconds (mAs), and pitch. Independent-sample t-tests were used to compare the mean knowledge scores between student groups. RESULTS: A total of 126 students participated. Fourth-year students (n = 60) demonstrated significantly higher knowledge of CT parameters than third-year students (n = 66) (t = -5.853, df = 121.279, p < 0.001). Among third-year students, females (n = 24) outperformed males (n = 42) on the knowledge questionnaire (t = -2.435, df = 54.992, p = 0.018). No significant gender-based differences were found in the fourth-year students' knowledge scores (t = 0.199, df = 51.199, p = 0.843). Additionally, no significant difference was observed between fourth-year students who participated in observation- and clerkship-based clinical training (t = 0.042, df = 49.298, p = 0.967). CONCLUSION: Practical education, including clinical placements and on-campus hands-on training, significantly improved radiography students' knowledge of CT exposure parameters. Incorporating practical training early in the curriculum and addressing gender-based differences in learning styles may be crucial for optimizing CT education and promoting radiation safety. Further research is warranted to explore how specific clinical activities and student participation during clinical placements influence knowledge acquisition. IMPLICATIONS FOR PRACTICE: Early integration of hands-on training and attention to learning styles can enhance radiography education, improving safety and competence in CT parameter management.",Radiography education,Radiography (Lond),Netherlands,2025,Journal Article,unknown,10.1016/j.radi.2025.102897
The mind-machine connection: adaptive information processing and new technologies promoting mental health in older adults,"Magalhães SS, Lucas-Ochoa AM, Gonzalez-Cuello AM, Fernández-Villalba E, Pereira Toralles MB, Herrero MT.","The human brain demonstrates an exceptional adaptability, which encompasses the ability to regulate emotions, exhibit cognitive flexibility, and generate behavioral responses, all supported by neuroplasticity. Brain-computer interfaces (BCIs) employ adaptive algorithms and machine learning techniques to adapt to variations in the user's brain activity, allowing for customized interactions with external devices. Older adults may experience cognitive decline, which could affect the ability to learn and adapt to new technologies such as BCIs, but both (human brain and BCI) demonstrate adaptability in their responses. The human brain is skilled at quickly switching between tasks and regulating emotions, while BCIs can modify signal-processing algorithms to accommodate changes in brain activity. Furthermore, the human brain and BCI participate in knowledge acquisition; the first one strengthens cognitive abilities through exposure to new experiences, and the second one improves performance through ongoing adjustment and improvement. Current research seeks to incorporate emotional states into BCI systems to improve the user experience, despite the exceptional emotional regulation abilities of the human brain. The implementation of BCIs for older adults could be more effective, inclusive, and beneficial in improving their quality of life. This review aims to improve the understanding of brain-machine interfaces and their implications for mental health in older adults.",older adults,Neuroscientist,United States,2025,Review,unknown,10.1177/10738584251318948
Comparison of an Emergency Medicine Asynchronous Learning Platform Usage Before and During the COVID-19 Pandemic: Retrospective Analysis Study,"Briggs B, Mulekar M, Morales H, Husain I.","BACKGROUND: The COVID-19 pandemic challenged medical educators due to social distancing. Podcasts and asynchronous learning platforms help distill medical education in a socially distanced environment. Medical educators interested in providing asynchronous teaching should know how these methods performed during the pandemic. OBJECTIVE: The purpose of this study was to assess the level of engagement for an emergency medicine (EM) board review podcast and website platform, before and during the COVID-19 pandemic. We measured engagement via website traffic, including such metrics as visits, bounce rate, unique visitors, and page views. We also evaluated podcast analytics, which included total listeners, engaged listeners, and number of plays. METHODS: Content was designed after the American Board of EM Model, covering only 1 review question per episode. Website traffic and podcast analytics were studied monthly from 2 time periods of 20 months each, before the pandemic (July 11, 2018, to February 31, 2020) and during the pandemic (May 1, 2020, to December 31, 2021). March and April 2020 data were omitted from the analysis due to variations in closure at various domestic and international locations. Results underwent statistical analysis in March 2022. RESULTS: A total of 132 podcast episodes and 93 handouts were released from July 11, 2018, to December 31, 2021. The mean number of listeners per podcast increased significantly from 2.11 (SD 1.19) to 3.77 (SD 0.76; t test, P<.001), the mean number engaged per podcast increased from 1.72 (SD 1.00) to 3.09 (SD 0.62; t test, P<.001), and the mean number of plays per podcast increased from 42.54 (SD 40.66) to 69.23 (SD 17.54; t test, P=.012). Similarly, the mean number of visits per posting increased from 5.85 (SD 3.28) to 15.39 (SD 3.06; t test, P<.001), the mean number of unique visitors per posting increased from 3.74 (SD 1.83) to 10.41 (SD 2.33; t test, P<.001), and the mean number of page views per posting increased from 17.13 (SD 10.63) to 33.32 (SD 7.01; t test, P<.001). Note that, all measures showed a decrease from November 2021 to December 2021. CONCLUSIONS: During the COVID-19 pandemic, there was an increased engagement for our EM board review podcast and website platform over a long-term period, specifically through website visitors and the number of podcast plays. Medical educators should be aware of the increasing usage of web-based education tools, and that asynchronous learning is favorably viewed by learners. Limitations include the inability to view Spotify (Spotify Technology S.A.) analytics during the study period, and confounding factors like increased popularity of social media inadvertently promoting the podcast.",web-based,JMIR Med Educ,Canada,2025,Journal Article,unknown,10.2196/58100
The Influence of Ambient Factors on Emotional Wellbeing of Older Adults: A Review,"Peralta A, Olivas JA, Romero FP, Navarro P.","This work conducts a systematic review following PRISMA guidelines and using software tools like Covidence(®) 2024 and Nvivo(®) 15 for thematic analysis, aiming to examine significant studies on the impact of external factors on the emotional wellbeing of older adults and propose new conclusions and future research directions. In this context, studies using sensors to measure factors such as ambient temperature or lighting are key to understanding their impact on the emotional wellbeing of older individuals. These technologies offer opportunities to monitor and adapt environments in real-time, enabling targeted interventions. It is widely recognised that aspects like noise levels, ambient temperature, or lighting can influence an individual's mood and overall wellbeing; however, it is crucial to further explore the effect of less studied factors. This review not only validates and questions popular beliefs about these factors but also highlights how the results can be useful for designing living environments that enhance the emotional wellbeing of the elderly and for establishing new directions in related research. By addressing these factors, this review provides actionable insights for policymakers, urban planners, and care providers to design environments that enhance the emotional wellbeing of older adults. Furthermore, this study not only validates previous knowledge but also highlights the need for future interdisciplinary interventions that integrate these factors holistically.",sensors,Sensors (Basel),Switzerland,2025,Systematic Review,unknown,10.3390/s25041071
Memory flow-controlled knowledge tracing with three stages,"Huang T, Hu J, Yang H, Hu S, Geng J, Ou X.","Knowledge Tracing (KT), as a pivotal technology in intelligent education systems, analyzes students' learning data to infer their knowledge acquisition and predict their future performance. Recent advancements in KT recognize the importance of memory laws on knowledge acquisition but neglect modeling the inherent structure of memory, which leads to the inconsistency between explicit student learning and implicit memory transformation. Therefore, to enhance the consistency, we propose a novel memory flow-controlled knowledge tracing with three stages (MFCKT). According to information processing theory, we deconstruct learning into: sensory registration, short-term encoding, and long-term memory retrieval stages. Specifically, to extract sensory memory, MFCKT maximizes the similarity between positive augmentation views of learning sequence representations through contrastive pre-training. Then, to transform sensory memory into short-term memory, MFCKT fuses relational and temporal properties of sensory memory through a dual-channel structure composed of attention and recurrent neural networks. Furthermore, for obtaining long-term memory, MFCKT designs a monotonic gating mechanism to compute weights of hidden memory states, and then performs read-write operations on the memory matrix. Finally, MFCKT combines long-term and short-term memory vectors to retrieve latent knowledge states for future performance prediction. Extensive experimental results on five real-world datasets verify the superiority and interpretability of MFCKT.",Time series prediction,Neural Netw,United States,2025,Journal Article,unknown,10.1016/j.neunet.2025.107292
Using Virtual Reality in the Learning of Geomatic Engineering Education,"Perez-Martin E, Lopez-Cuervo Medina S, R Herrero-Tejedor T, Ezquerra-Canalejo A, Lopez-Fernandez D.","Emerging technologies can be effective in enhancing the teaching-learning process. In this paper, virtual reality is used as a tool to support learning and skill acquisition in a subject of geomatics in an engineering degree. The developed tool is an immersive virtual environment that allows access to a first-person observation of the methodology to be followed in the field to carry out the proposed task. In order to validate this tool, a quasi-experiment was performed involving 170 students and several instruments to assess the knowledge acquisition of these students and their perceptions towards the learning experience. The obtained results indicate that the use of virtual reality in the field of geomatics may be a promising means of conveying new knowledge and enhancing learning and competence acquisition in geomatics.",,IEEE Comput Graph Appl,United States,2024,Journal Article,unknown,10.1109/MCG.2024.3507284
Using Hologram-Based Augmented Reality in Anatomy Learning: The TEACHANATOMY Randomized Trial,"Zingg L, Häusler M, Hein J, Jecklin S, Kottner S, Gascho D, Cavalcanti N, Voinov P, Götschi T, Carrillo F, Lagler F, Fürnstahl P, Farshad M.","PURPOSE: Augmented reality (AR) can generate realistic holograms overlaid on the real-word environment to provide an interactive learning experience. However, further research is needed to assess the impact of such technologies on knowledge acquisition. This study aims to evaluate the efficacy of an AR learning application in anatomy education. METHOD: TEACHANATOMY, a controlled, randomized trial, was conducted from September 14-October 24, 2022, at the University of Zurich and the Swiss Federal Institute of Technology. It included first- and second-year medical students with no prior anatomy education and compared learning with an interactive hologram-based AR learning module-incorporating adaptive learning and gamification elements-with traditional learning (TL) methods including textbooks, videos, and online resources. Forty-eight participants were randomly allocated to the AR or TL group. The primary outcome consisted of the scores on the theoretical and practical knowledge tests. Secondary outcomes included adverse health symptoms and user experience. RESULTS: The AR group performed significantly better on both theoretical (median [IQR] scores: AR: 18.8 [16.6-20.0]; TL: 9.4 [7.7-11.3]; P < .001) and practical (AR: 14.0 [12.3-14.7]; TL: 5.0 [4.0-6.0]; P < .001) knowledge tests. The most common adverse health symptoms were headache, reported by 13/24 (54.2%) TL participants and 9/24 (37.5%) AR participants, and fatigue, and experienced by 13/24 (54.2%) TL participants and 2/24 (8.3%) AR participants. All participants evaluated learning with TEACHANATOMY as a positive experience, rating it as efficient and easy to understand. All participants agreed learning with AR can be beneficial in learning anatomy, with 89.6% (43/48) and 100% (48/48) expressing willingness to use AR as a learning tool for theoretical and practical anatomy learning, respectively. CONCLUSIONS: Findings show a short-term learning benefit with the use of the TEACHANATOMY learning application, thus supporting the implementation of interactive hologram-based AR technologies to improve knowledge in anatomy education.",,Acad Med,United States,2025,"Research Support, Non-U.S. Gov't",unknown,10.1097/ACM.0000000000006012
Balancing tradition and innovation: rethinking the dichotomy in anatomy teaching,"Čavka M, Petanjek Z, Zanze Beader M, Mathew T, Brassett C, Nagy AD, Hladnik A.","Medical education has undergone a significant reform in response to evolving health care demands, technological advancements, and emerging research in biomedical and education sciences. The teaching methods in anatomy, a core component of medical education, have notably changed, with traditional cadaveric dissection being increasingly replaced by digital and hybrid alternatives. Despite research indicating no significant difference in short-term knowledge retention between students who engaged in cadaveric dissection and those engaging in alternative methods, dissection uniquely fosters professionalism, empathy, and ethical awareness - traits essential for holistic medical education. This review critically examines the dichotomy between traditional and innovative teaching methods in anatomy education, questioning the assumption that traditional methods hinder progress in modern health care. The findings suggest that changes in medical education are primarily influenced by organizational issues, which frequently results in an incomplete implementation of innovative teaching approaches. The inconsistent application of innovative teaching methods makes it difficult to assess their effectiveness and compare them with traditional methods. Reliable data on their long-term impact can only be generated by randomized controlled trials and longitudinal studies. In the meantime, we need to ensure that current medical students receive high-quality education by incorporating best practices from diverse teaching methods based on valuable insights from experienced educators and current students' learning preferences.",,Croat Med J,Croatia,2025,Review,unknown,10.3325/cmj.2025.66.62
Leveraging Generative Artificial Intelligence to Improve Motivation and Retrieval in Higher Education Learners,"Monzon N, Hays FA.","Generative artificial intelligence (GenAI) presents novel approaches to enhance motivation, curriculum structure and development, and learning and retrieval processes for both learners and instructors. Though a focus for this emerging technology is academic misconduct, we sought to leverage GenAI in curriculum structure to facilitate educational outcomes. For instructors, GenAI offers new opportunities in course design and management while reducing time requirements to evaluate outcomes and personalizing learner feedback. These include innovative instructional designs such as flipped classrooms and gamification, enriching teaching methodologies with focused and interactive approaches, and team-based exercise development among others. For learners, GenAI offers unprecedented self-directed learning opportunities, improved cognitive engagement, and effective retrieval practices, leading to enhanced autonomy, motivation, and knowledge retention. Though empowering, this evolving landscape has integration challenges and ethical considerations, including accuracy, technological evolution, loss of learner's voice, and socioeconomic disparities. Our experience demonstrates that the responsible application of GenAI's in educational settings will revolutionize learning practices, making education more accessible and tailored, producing positive motivational outcomes for both learners and instructors. Thus, we argue that leveraging GenAI in educational settings will improve outcomes with implications extending from primary through higher and continuing education paradigms.",university education,JMIR Med Educ,Canada,2025,Journal Article,unknown,10.2196/59210
Advancing dental education with technology: The integration of smartphone applications in endodontics-A narrative review,"Ourang SA, Sohrabniya F, Sadr S, Kahler WA, Ha WN.","BACKGROUND: Smartphone applications are increasingly used in medical and dental education, offering flexible and interactive learning opportunities. In medicine, these tools enhance knowledge retention, clinical decision-making, and patient care. OBJECTIVE: This review aims to evaluate the role of smartphone applications in endodontic education, assessing their quality, functionality, perceived impact, usability, and impact on learning outcomes. METHODS: A systematic search of the App Store, Google Play, PubMed, and Scopus was conducted to identify relevant applications. The quality assessment of the apps was performed through heuristic evaluation and the uMARS tool. The Inclusion criteria focused on apps designed for endodontic education and clinical practice. RESULTS: From 350 records, 9 applications met the criteria. The heuristic rating for all apps was low to medium, except for Endolit, which demonstrated severe usability issues. Dental Endo Master received the best mean score in the uMARS rating. The selected applications offer diverse functionalities, including educational tools (EndoPrep, Endo Lit, Dental Endo Master, Adat Endodontic Cram Cards, Tooth SOS, Injured Tooth, AcciDent), diagnostic aids (Endo10), and case difficulty assessments (AAE Endo Case). Most apps were available on Android and iOS, with ratings ranging from 4.2/5 to 5/5. DISCUSSION: This study highlights the growing role of smartphone applications in endodontics, particularly in education, clinical support, and patient guidance. While these apps offer interactive learning and diagnostic assistance, their quality varies due to differences in developer expertise, usability, and regulatory oversight. Some excel in engagement and functionality, while others require improvements in customization and accessibility. Ensuring evidence-based development, standardized evaluations, and user-centered design is essential for maximizing their impact on dental education and clinical practice. CONCLUSION: Smartphone applications have transformative potential in endodontic education, enabling flexible learning and improved clinical skills. However, challenges such as inconsistent quality and limited validation require attention. REGISTRATION: No formal registration was required for this narrative review.",smartphone applications,Int Endod J,England,2025,Review,unknown,10.1111/iej.14219
"Immersive insights: A qualitative systematic review and thematic synthesis of views, experiences, health and wellbeing of students and educators using virtual reality in nursing and midwifery education","Odame-Amoabeng S, Akalin A, D'haenens F, Tricas-Sauras S, Chang YS.","BACKGROUND AND OBJECTIVES: As healthcare evolves with technology, the demand for a more skilled nursing and midwifery workforce has increased, making traditional learning alone insufficient. This has driven the adoption of virtual reality (VR) based simulation learning. While VR's effectiveness has been reviewed, student and educator experiences and well-being remain underexplored. This review examined the perspectives of nursing and midwifery students and educators using immersive VR, and its impact on health and well-being. METHODS: A qualitative systematic review was conducted searching across seven databases, CINAHL, Embase, Education Resources Information Centre, MEDLINE, PsycINFO, Scopus, and Web of Science Core Collection, from January 2001 to March 2024. Qualitative evidence on midwifery and nursing students and educators using immersive VR, including head-mounted displays, were included. An adapted Critical Appraisal Skills Programme tool was used to assess study quality. Themes were developed using thematic synthesis. FINDINGS: Forty-five studies from 14 countries were synthesised. VR topics covered skills, competencies, knowledge acquisition, and professional values. Seven analytical themes emerged: impact on health and well-being, constraints to VR use, unique selling points of VR, enhanced productivity in teaching and learning, perceptions of realism in VR, professional development and attitude shifts, and future considerations for VR use. CONCLUSION: While VR provides significant benefits in nursing and midwifery education, its full integration is hindered by practical challenges, and concerns about health and well-being. Effective adoption requires dedicated educator support, student collaboration in content development, clear guidelines, increased institutional investment, and balanced use alongside traditional simulations. Future research should investigate learner and educator perspectives longitudinally to maximise VR's educational potential.",Virtual reality,Nurse Educ Today,Scotland,2025,Systematic Review,unknown,10.1016/j.nedt.2025.106679
Integrating Active Learning Methodologies into Clinical Nutrition Education for Nursing Students: A Quasi-Experimental Study,"Mancin S, Cangelosi G, Sguanci M, Matteucci S, Morenghi E, Lopane D, Cattani D, Cosmai S, Vinciguerra G, Parozzi M, Morales Palomares S, Mazzoleni B.","Background: Clinical nutrition is essential in nursing care, with nurses playing a key role in supporting patients' dietary needs. Aim: To assess the impact of active learning methodologies on clinical nutrition education, focusing on knowledge retention among nursing students. Methods: Using a quasi-experimental research design, we enrolled 131 s-year nursing students. Both groups attended an eight-hour seminar on clinical nutrition, incorporating critical thinking. The experimental group had prior exposure to active learning and ICT in their first-year course, while the control group received traditional teaching. Knowledge was assessed using a validated questionnaire on basic and clinical nutrition. Results: The experimental group scored higher in both basic and clinical nutrition, indicating that active learning improves immediate learning and long-term retention. One year later, they retained significant knowledge, particularly regarding nutrient-disease relationships. Conclusions: Active learning, particularly critical thinking, enhances short- and long-term outcomes in clinical nutrition education. Future studies should refine assessment tools and explore further integration of active learning into nursing curricula.",nursing students,Nurs Rep,Switzerland,2025,Journal Article,unknown,10.3390/nursrep15030077
A Novel Tactile Learning Assistive Tool for the Visually and Hearing Impaired with 3D-CNN and Bidirectional LSTM Leveraging Morse Code Technology,"Puthu Vedu SZ, Altulyan M, Singh PK.","Educating deafblind children is a highly specialized field that requires computer-assisted learning tools to address the challenges of auditory and visual impairments. The objective is to reduce their difficulties in communication with their peers and to empower them to learn independently in a classroom environment. Braille and assistive tools have become profoundly beneficial for deafblind children, serving as an essential means of communication and knowledge acquisition, enabling them to live independently. This study aims to develop an assistive tool that bridges the limitations of conventional tactile methodologies by incorporating the latest artificial intelligence techniques, enabling children to learn with greater ease. The research leverages Morse code technology to facilitate communication with deafblind children. The speaker's lip movements are converted into text using the deep learning techniques of a 3D convolutional neural network and a bidirectional long short-term memory neural network. Experimental evaluations of this text conversion model show a word error rate of 2% and an accuracy rate of 98%. The text is then converted into Morse code and communicated to the deafblind child through a wearable device. The significance of this assistive tool lies in its discreet design, resembling a smartwatch. Adolescents can wear the proposed wearable device confidently without feeling self-conscious or embarrassed.",word error rate,Bioengineering (Basel),Switzerland,2025,Journal Article,unknown,10.3390/bioengineering12030253
How virtual reality is being adopted in anatomy education in health sciences and allied health: A systematic review,"Adnan S, Benson AC, Xiao J.","Virtual anatomy is being increasingly adopted in anatomy education. This systematic review evaluated the literature between January 2000 and August 2024 to understand how virtual reality (VR) in Anatomy Education is implemented in Health Sciences and Allied Health, focusing on learning outcomes and student perceptions. Following registration with the Open Science Framework and adhering to PRISMA guidelines, a comprehensive search across nine databases identified fifteen eligible studies. The learning outcomes assessed included knowledge acquisition, retention, conceptual understanding, and learning confidence, alongside perceptions of VR as a learning tool, user experience, and satisfaction. Fifty percent (4/8) of the studies evaluating knowledge acquisition and retention reported statistically significant improvements following VR adoption. Enhanced conceptual understanding and learning confidence were consistently reported. All studies exploring perceptions highlighted positive views of VR, emphasizing its effectiveness as a learning tool. Additionally, user experience and satisfaction outcomes were uniformly favorable across all studies. Of the eight studies comparing alternative teaching methods, 75% (6/8) reported VR surpassed traditional teaching methods, including lectures, prosections, 2-dimensional (2D) models, 3-dimensional (3D) printing, cadavers, or advanced technologies such as augmented reality (AR). However, VR configurations, comparator modalities, and participant demographics were shown to influence learning effectiveness. Immersive VR dominated as the intervention of choice, while the role of VR controllers in anatomy education was underexplored. This review identifies the potential of VR in anatomy education while also pointing out areas needing further research, particularly the influence of VR hardware configurations and user interaction modalities on learning outcomes.",virtual reality (VR),Anat Sci Educ,United States,2025,Systematic Review,unknown,10.1002/ase.70027
"Evaluation of a customised, AI-focused educational seminar delivered to final year undergraduate radiography students in the UK: A cross-sectional study","Stogiannos N, Skelton E, Kumar S, Ahmed S, Amedu C, Vince C, Schiavottiello M, O'Sullivan C, Malamateniou C.","INTRODUCTION: AI education is essential to facilitate seamless clinical integration. The HCPC in the UK requires all radiographers to have some level of digital skills to maintain safety of clinical practice. This study aimed to evaluate the impact of a dedicated AI seminar on radiography students. METHODS: A dedicated 1.5-h in-person seminar was delivered by an AI vendor to final year undergraduate diagnostic radiography students at a UK University. The course consisted of both theory and practice training. An online survey was built and piloted, consisting of both closed and open-ended questions, to explore their level of knowledge, skills and confidence in AI, before (pre-test) and after the delivery (post-test) of the seminar using a 10-point scale. Pre-test was distributed two weeks before the seminar and post-test was open two weeks after. RESULTS: A total of 68 students answered the pre-test and 31 the post-test survey. Students' theoretical knowledge (Mean = 6.57 vs Mean = 3.85), skills (Mean = 5.39 vs Mean = 3.44) and confidence (Mean = 5.47 vs Mean = 3.43) on AI were all significantly improved after the seminar. Their responses became more focused and specific in the post-test survey. In both surveys students expressed concerns around reliability and accountability of AI, data management and security, patient confidentiality and overreliance on technology in the open-ended questions. They also requested more AI training with hands-on options in their undergraduate degree. CONCLUSION: This study confirms the importance of even brief, but customised educational interventions relating to AI for radiographers. The learning needs to be customised to maximise knowledge retention and applicability and to include both theoretical and practical aspects for consolidation of skills. IMPLICATIONS FOR PRACTICE: These findings will help radiography educators build more focused, tailored AI courses for future students.",Radiography,Radiography (Lond),Netherlands,2025,Journal Article,unknown,10.1016/j.radi.2025.102926
Exploring Extended Reality in Physician Assistant/Associate Educational Training Programs: A State-of-the-Art (Technology) Review,"Waldrop C, Showstark M.","INTRODUCTION: As the world becomes more technology focused, emerging technologies such as extended reality (XR) have been incorporated into medical education over the past few decades. Now that XR is more accessible to physician assistant (PA) education, educators must determine the extent to which XR can improve knowledge retention over current modalities. The purpose of this article was to perform a review of what XR pedagogical approaches are being used in PA education and what value they provide to learning. METHODS: A thorough literature database search conducted by a research librarian identified 228 unique articles published between 2012 and August 2023. These articles were further categorized by date, language, study method, and population sample and further screened for relevance and eligibility. Of the 228 unique articles identified, 8 met the eligibility criteria for this review. RESULTS: The focus of research ranged from XR integration to proof of concept of XR in educational environments. Selected studies used both qualitative and quantitative data. General impressions of XR in PA education reflect its potential to supplement current methods; however, the authors also admit the need for additional critical analysis. DISCUSSION: While there is a paucity of research into this specific topic, multiple studies showed that using XR principles in medical education led to better confidence among students and improved their perception of learning. While there currently is no direct statistically significant evidence to show a superiority of XR over traditional didactic learning, it is important to consider that not all educational tools need to improve outcomes; rather, they can improve student perception, which opens the door to further learning. Future studies should continue to longitudinally evaluate integrating XR into PA programs with a specific focus on knowledge retention.",,J Physician Assist Educ,United States,2025,Review,unknown,10.1097/JPA.0000000000000669
Impact of Mixed Reality (MR) Technologies on Nursing Education: A Systematic Review,"Evgenikos K, Zoulias E, Liaskos J, Malamateniou F.","BACKGROUND: Nursing education dynamics have changed over time and currently demand novel approaches to befit the current intricacies of contemporary healthcare systems. Mixed Reality technologies, including Virtual Reality (VR) and Augmented Reality (AR), provide for an experiential learning immersion and may contribute toward the proper delivery of nursing education. OBJECTIVES: To evaluate the effect of MR technologies on nursing education concerning knowledge acquisition and skill development and student satisfaction in terms of traditional training methods. METHODS: A systematic literature review of peer-reviewed empirical studies published within the last ten years was carried out by using the Preferred Reporting Items for Systematic Reviews and Meta-Analyses (PRISMA) guidelines. PubMed, Web of Science, and Scopus databases were screened up to February 2024. Included studies involved nursing students or professionals in educational settings utilizing MR technologies compared to traditional methods. RESULTS: The search identified 91 studies and we concluded in eight studies that met the inclusion criteria. Overall, the use of MR technologies can enhance learning and clinical skills and student satisfaction. Although, the areas for further investigation are long-term retention of the skill and cost-effectiveness of MR implementation. CONCLUSION: These MR technologies hold promise for transforming nursing education by providing realistic, immersive learning environments. While these offers great potential, detailed consideration with further research is required to address implementation challenges and optimize their use within nursing curricula.",Virtual reality (VR),Stud Health Technol Inform,Netherlands,2025,Systematic Review,unknown,10.3233/SHTI250122
Development and Validation of an Escape Game for Food Safety Education: Gamifying the Management of a Food-borne Health Alert,"Imazaki PH, Lewandowski C, Magana ML, Rohmer M, Bailly JD, David L.","Veterinary training programs in Europe must equip future professionals with essential knowledge and skills in food hygiene and technology to assess, promote, and monitor food safety, as outlined by the World Organization for Animal Health, Directive 2005/36/EC, and the European Association of Establishments for Veterinary Education standards. In France, veterinary education follows a competency-based framework that includes investigating food chain contamination and participating in multidisciplinary crisis management. To address the challenge of teaching practical public health skills, a food safety escape game was developed at the National Veterinary School of Toulouse. This teaching sequence simulates the management of a food-borne outbreak, using gamification to engage students in problem-solving through a realistic scenario. This study details the game's development, implementation, and efficacy evaluation. Student progress was assessed using a pretest and post-test survey, and perceptions were gathered through qualitative feedback. Results showed significant improvements in students' understanding of food-borne outbreak management and increased engagement with the subject. A debriefing session following the game further enhanced knowledge retention and reflection. The findings highlight the effectiveness of gamification and small-group problem-solving exercises, such as serious games, in veterinary public health education. In particular, the results of student questionnaires suggest that teaching health crisis management through an escape game linked to a real-life situation, along with the game's constraints (e.g., competition between groups, time limits), is highly valued and can improve the quality of teaching. This study provides valuable insights for educators aiming to enhance student satisfaction and learning outcomes. Furthermore, it demonstrates that escape games offer an innovative approach to teaching complex public health subjects, helping students grasp key concepts in an interactive way. Future efforts will focus on expanding the game's scope, adjusting difficulty levels, and refining mechanics to better meet the diverse needs of veterinary students and professionals.",veterinary education,J Vet Med Educ,Canada,2025,Journal Article,unknown,10.3138/jvme-2024-0151
Action Maze and Role Playing in comparison: A Randomized Field Trial on simulation-based teaching methodologies in critical care,"Colacci T, Bonavoglia F, Dibattista F, Gargaro V, Taborri S, La Torre G.","BACKGROUND: The training of healthcare professionals requires continuous innovation in teaching methodologies to foster the development of professional skills. The use of simulation in critical care is a proven effective technique, allowing students to acquire and consolidate the necessary knowledge to plan and implement nursing care in clinical practice. Interactive teaching strategies aim to increase student engagement and motivation in order to improve the learning process, decision-making, and critical thinking. New technologies that leverage gamification provide further advancements in interactive learning and represent a valuable and promising tool for training in various healthcare contexts. This study aims to analyze and compare two simulated teaching methodologies, Role Playing and Action Maze, and assess their effectiveness in terms of the acquisition of specific knowledge in the critical care field and the level of satisfaction among nursing students. MATERIALS AND METHODS: A Randomized Field Trial was conducted. A total of 130 third-year nursing students from the Sapienza University of Rome were enrolled in the study, with 60 students from course D and 70 students from course X. An initial lecture was given on nursing care for critical patients. At the end of the lecture, a custom-designed questionnaire was administered to evaluate the knowledge acquired. The students were then randomly allocated into two groups: one group was assigned to Role Playing, and the other to Action Maze. At the end of the two simulated teaching activities, the questionnaire was administered again to assess changing in knowledge. Additionally, two validated scales, the Educational Practice Questionnaire Student Version and the Simulation Design Scale Student Version, were administered to assess student satisfaction and perception regarding the simulation techniques performed. RESULTS: The Wilcoxon signed-rank test with Z=-2.1 and p=0.03, performed on the correct post-intervention responses, was significant with a p-value of <0.05 for the Action Maze group compared to the Role Playing group. The Simulation Design Scale Student Version scale showed a p-value of <0.05 for both the ""teaching methodology"" and ""importance of elements"" sections. The Educational Practice Questionnaire Student Version scale showed a p-value of 0.076 for the evaluation of the ""importance of elements"" section. CONCLUSIONS: The results of the study indicated that the Action Maze simulation teaching methodology was more effective, both in terms of knowledge acquisition and student satisfaction, compared to the Role Playing methodology. Further comparative studies are recommended to evaluate the effectiveness of the Action Maze compared to other simulated teaching methods.",Nursing students; teaching methodology simulation; gamification; action maze; role playing; critical care education,Ann Ig,Italy,2025,Randomized Controlled Trial,unknown,10.7416/ai.2025.2698
Immersive Virtual Reality for Enabling Patient Experience and Enrollment in Oncology Clinical Trials: A Feasibility Study,"Tsai F, Gray L, Mirabella A, Steinbach M, Garrick JM, Barrett NJ, Chao N, Zenhausern F.","Background/Objectives: Informed consent is a crucial part of the clinical trial enrollment process in which patients are asked to understand and provide approval for medical interventions. Consent forms can be complex and hinder patient comprehension, highlighting the need for novel tools to improve the patient enrollment experience. This feasibility study aimed to develop an immersive technology to enroll human subjects in oncology clinical trials and provide 3D avatar-based informed consent in a virtual reality (VR) environment. Methods: Clinical feasibility and the effects of head-mounted VR devices on motion sickness and educational quality were evaluated in adult oncology patients enrolled in an intravenous (IV) port placement intervention study. Participants received before- and after-questionnaires to measure their understanding of the information received in VR. A follow-up questionnaire was given four weeks post-consent to measure knowledge retention. Results: Clinical staff reported that VR technology was manageable to use. Among 16 adult participants, all reported that VR was well tolerated with no motion sickness. The mean pre-intervention knowledge score was 64.6%, with an immediate post-intervention knowledge score of 97.9%. A mean knowledge score of 93.3% four-weeks post-consent was observed among 10/16 participants who completed a follow-up questionnaire. Conclusions: These findings support that VR is well tolerated and effective at delivering information during the informed consent process for oncology clinical trials. Key limitations include the small sample size and single clinical population. Further trials are warranted to compare efficacy over traditional consenting mechanisms and include more diverse clinical populations among a wider participant pool.",virtual and extended reality,Cancers (Basel),Switzerland,2025,Journal Article,unknown,10.3390/cancers17071148
Virtual reality in nursing anatomy education: Benefits and implementation considerations,"Chiu CK, Wei LC.","This letter responds to Jallad's (2024) study on immersive virtual reality (VR) applications in nursing anatomy education. While acknowledging the positive outcomes in student satisfaction and self-directed learning, we discuss important considerations regarding implementation modalities, physical comfort, and knowledge retention. Drawing from recent literature, we highlight the need for careful evaluation of delivery methods and suggest incorporating peer-facilitated learning sessions and long-term follow-up assessments. The letter emphasizes the importance of strategic implementation to maximize educational benefits while minimizing potential drawbacks in VR-based anatomy education.",virtual reality,Anat Sci Educ,United States,2025,Letter,unknown,10.1002/ase.70035
Artificial Intelligence in Medical Education: Transforming Learning and Practice,"Sriram A, Ramachandran K, Krishnamoorthy S.","Artificial intelligence (AI) is reshaping medical education by enhancing learning strategies, improving training efficiency, and offering personalized educational experiences. Traditional teaching methods, such as classroom lectures and clinical apprenticeships, face numerous challenges, including information overload, teaching quality variability, and standardisation difficulties. AI presents innovative, data-driven, and adaptive solutions to overcome these limitations, making medical training more effective and engaging. This study explores how AI can be applied in the field of medical education, also focusing on personalized learning, virtual simulations, assessment methods, and curriculum development. Additionally, it examines the challenges and ethical concerns surrounding AI integration in medical training. A comprehensive literature review was conducted to analyze various AI-driven advancements in medical education. The study delves into adaptive learning platforms, AI-powered simulations, automated assessments, and chatbot-assisted learning. It also reviews recent technological developments to assess AI's impact on medical training and its future potential. AI enhances medical education by tailoring learning experiences to individual student performance, thereby improving knowledge retention and engagement. Virtual simulations and augmented reality provide immersive, hands-on training in a safe environment. Automated assessments facilitate efficient evaluation by offering instant feedback and grading, while AI-driven chatbots assist students in self-directed learning and clinical decision-making. Additionally, AI aids in developing dynamic, data-driven curricula that evolve with the latest medical advancements. However, concerns about data privacy, bias in various AI algorithms, over-reliance on technology, and accessibility disparities must be addressed. AI revolutionises medical education by fostering efficiency, interactivity, and personalized learning. However, its responsible implementation requires addressing ethical and logistical challenges. Future research should focus on ensuring AI fairness, equitable access, and integration with immersive technologies to optimize medical training further.",virtual simulations,Cureus,United States,2025,Review,unknown,10.7759/cureus.80852
TCM Academy-Online Platform for Acupuncture and Traditional Chinese Medicine Education: Advancing Global Standards,"Maimon Y, Traiber G.","OBJECTIVE: This article presents the educational strategies and global impact of the TCM Academy (TCMA), an online platform established to advance global standards in Acupuncture and Traditional Chinese Medicine (TCM) education. METHODS: TCMA integrates evidence-based pedagogy, a multidisciplinary teaching team, and innovative e-learning techniques-including video chunking, interactive quizzes, and worksheets. The curriculum is built upon three pillars: Western medicine, Chinese medicine, and evidence-based research. Specialized certificate programs, such as Oncology and Pediatric Acupuncture, are delivered via recorded lectures, live webinars, and real-time assessments. The platform utilizes technology to track learner progress and enhance engagement and retention. RESULTS: Since its launch, TCMA has collaborated with over 100 international experts, offering more than 1200 hours of online content. Its Oncology Acupuncture program has graduated over 700 students worldwide, including medical doctors and TCM practitioners. The annual international oncology symposium draws more than 1,300 participants. Feedback indicates improved practitioner confidence, knowledge retention, and clinical application. Tools to support motivation, time management, and accessibility have mitigated common challenges in online education, fostering an inclusive learning environment across six continents. CONCLUSION: TCMA demonstrates that high-quality, scalable online education in TCM is achievable and impactful. Its model supports and advances global standardization of acupuncture training, enhances clinical practice, and fosters a collaborative international community. The platform serves as a benchmark for future online integrative medical education, combining technological innovation with clinical depth to shape the future of TCM and integrative healthcare.",online teaching,Med Acupunct,United States,2025,Journal Article,unknown,10.1089/acu.2024.0122
Factors Influencing Educators' Perspectives on Accepting Extended Reality in Health Care Education: Qualitative Study,"Khlaif Z, Salama N, Hamamra B, Mousa A.","BACKGROUND: Palestinian higher education institutions face limitations in providing interactive practical training for medical education. Extended reality (XR), which encompasses virtual reality and augmented reality, is increasingly recognized for addressing these challenges by offering immersive learning experiences. OBJECTIVE: This study investigates the factors influencing the acceptance and adoption of XR in health care education within Palestinian universities, exploring its potential to transform traditional teaching methods. METHODS: A qualitative approach was used in this study to collect data through semistructured interviews and artifacts from the participants. The participants of the study were 25 faculty members from 2 large Palestinian universities who teach in the field of medical sciences. RESULTS: Three primary categories-external, internal, and design-related factors-emerged as pivotal in influencing XR adoption. Professional development, technical support, and infrastructure were key external enablers. Internally, prior experience with digital tools and positive attitudes had a significant impact on the adoption of XR. Design factors, including ease of use and interactivity, played a crucial role but also posed challenges for less tech-savvy educators. Despite barriers such as cost and technical issues, XR demonstrated notable benefits, including enhanced learning outcomes, improved knowledge retention, and the ability to simulate complex medical scenarios. CONCLUSIONS: XR technologies offer transformative potential for health care education in Palestine. By addressing challenges and leveraging XR's strengths, educational institutions can foster innovation and improve student engagement and skill acquisition. The study contributes to the theoretical understanding of technology acceptance in education by identifying the interplay of external, internal, and design factors. Practically, it emphasizes strategic investments in infrastructure, professional training, and institutional policies to optimize XR integration.",health care education,JMIR Med Educ,Canada,2025,Journal Article,unknown,10.2196/65042
Effectiveness of Different Teaching Modalities in Human Gross Anatomy Education,"Mooney A, Thompson NE, Hoffmann S.","With increasing cost and time constraints, anatomy education has shifted away from classic dissection in favor of more effective teaching modalities. Here we investigated different teaching modalities on test performance and student satisfaction in the human gross anatomy laboratory at the New York Institute of Technology College of Osteopathic Medicine (NYITCOM). The anatomy laboratory for first-year osteopathic students at NYITCOM was divided into stations including radiology, case-based learning, prosection, and dissection. Content covered at those stations was tested via anatomy laboratory examinations, comprised of computer-based identification and multiple-choice questions. Our data encompassed 459 first-year medical students taking anatomy in 2022 at both NYITCOM campus sites (Arkansas and New York). We coded 355 exam questions by teaching modality used in the anatomy laboratory. Questions covered in multiple modalities were classified as 'mixed'. Performance among modalities was analyzed using a three-way ANOVA. Prosection-based questions (mean = 75.6) performed significantly worse than dissection (mean = 83.4, p < 0.01) and mixed-modality (mean = 80.7, p < 0.01). There was no significant difference in performance on material taught through dissection, radiology, case-based activity and mixed modalities. In addition, we investigated the effect of an instructor at the case-based activity station using repeated measures ANOVA. Our results indicate that case-based activity stations performed better without an instructor present (mean = 77.4 v. 72.7; p < 0.05). This study showed that teaching via prosection results in poorer performance than other teaching modalities and that dissection or hybrid models appear more effective in knowledge retention. Contrary to actual performance, students rated prosection as the most effective teaching modality. These results come at a critical time when COVID-19 has accelerated the shift away from dissection in favor of virtual methods.",teaching effectiveness,Clin Anat,United States,2025,Journal Article,unknown,10.1002/ca.24287
Effect of Virtual Reality Simulation on Anatomy Learning Outcomes: A Systematic Review,"Odogwu TS, Abuelgassem Hagahmed Mohamed E, Mishu L, Umahi I.","Anatomy education serves as a foundational pillar in medical training, equipping students with critical knowledge of human structure and function essential for clinical practice. Traditional pedagogical approaches, such as cadaveric dissection, anatomical models, and textbook-based learning, have been the cornerstone of medical education for decades. However, these methods face challenges, including limited accessibility (e.g., resource-intensive setups), ethical concerns (e.g., participant privacy), and difficulties in visualizing complex three-dimensional structures (e.g., dynamic systems). Recent advancements in immersive technologies, particularly virtual reality (VR), present a transformative opportunity to enhance anatomy education by offering interactive, scalable, and engaging learning experiences. This systematic review aimed to comprehensively evaluate the efficacy of VR simulation in improving medical students' learning outcomes in anatomy education, comparing its effectiveness to conventional teaching methodologies. This systematic review was conducted in strict accordance with Preferred Reporting Items for Systematic Reviews and Meta-Analyses (PRISMA) and Cochrane guidelines to ensure methodological rigor. A comprehensive literature search was performed across six major medical databases, including PubMed, Cochrane Library and Web of Science, encompassing studies published between January 2019 and February 2024. The search strategy employed a combination of MeSH terms and keywords related to ""virtual reality"", ""anatomy education"", and ""medical students"". Study selection was guided by the Population, Intervention, Comparison, Outcome and Study (PICOS) framework, with inclusion criteria focusing on randomized controlled trials, quasi-experimental studies, and comparative analyses evaluating VR-based anatomy instruction for medical students. The Cochrane risk-of-bias tool was used to assess study quality and potential bias. Due to significant heterogeneity in study designs and outcome measures, a narrative synthesis approach was adopted to integrate findings thematically rather than through meta-analysis. The review included 14 studies with a total of 961 participants, predominantly medical students across various training stages. Among the included studies, 71% demonstrated statistically significant improvements in anatomy learning outcomes with VR compared to traditional methods, including enhanced spatial understanding, knowledge retention, and learner engagement; 21% of the studies reported no significant difference in learning efficacy between VR and conventional approaches, while only 7% found VR simulation only partially effective, citing technical limitations and a steep learning curve as barriers. Subgroup analyses suggested that VR was particularly beneficial for visualizing complex anatomical regions (e.g., neuroanatomy, musculoskeletal structures) and for students with limited prior exposure to cadaveric dissection. However, variability in VR platform design, assessment tools and instructional integration underscored the need for standardized implementation frameworks. The review generally indicated the benefits of VR simulation in anatomy education, but larger studies are needed to fully explore its potential in medical anatomy training. Future studies should rigorously evaluate VR implementation in anatomy education to provide more comprehensive evidence of its strengths and weaknesses for medical teaching.",virtual reality in medical education,Cureus,United States,2025,Review,unknown,10.7759/cureus.81893
Assessing Immersive Virtual Reality as Learning Tool for Surgical Trainees,"Dorey T, Nicholas J, Leydorf SD, Scarola S, Broda A, Turcotte J, Ridel T, Gandsas A.","BACKGROUND AND OBJECTIVES: As the availability of consumer-level virtual reality (VR) technology increases, an opportunity to enhance surgical education emerges. This study sought to evaluate the performance of immersive VR (iVR) against standard 2-dimensional (2D) training videos, vis-à-vis procedure knowledge, procedural confidence, and first-time hands-on performance, along with assessment of the user experience with iVR. METHODS: Participants naïve to the procedure for insertion of a central venous catheter underwent baseline assessment of their knowledge and confidence related to that procedure. They were then randomly assigned, in a 1:1:1 fashion, to 1 of 3 formats of a central line training video; standard 2D, desktop VR and iVR. Participants completed a postintervention knowledge and confidence assessment, as well as a live, hands-on simulation of the procedure. The simulation was scored by 2 blinded observers. Participants were also asked about their subjective experience with VR. RESULTS: Forty-three participants completed the full study protocol. With regard to knowledge and confidence assessment, using an immersive format was deemed more engaging by all participants, and did not negatively impact knowledge acquisition or procedural confidence. There was a trend toward significantly higher performance on hands-on simulation for participants training using an iVR format (P = .054). CONCLUSIONS: iVR is a useful adjunct in procedural training. It is well-tolerated by users and more engaging than 2D video. It may improve hands-on skills acquisition without negatively impacting knowledge acquisition or artificially inflating procedural confidence. Larger scale studies are needed to assess this technology more thoroughly.",Virtual reality,JSLS,United States,2025,Randomized Controlled Trial,unknown,10.4293/JSLS.2025.00021
Insights from the global education survey on the use of VR-haptics in dental education,"Bencharit S, Quinn B, Sittoni-Pino MF, Arias-Herrera S, Schick SG, Rampf S, Byrne S, Shazib MA, Örtengren U, Lam WYH, Liukkonen M, Rice D, Nagasawa M, Ranauta A, Zafar S, Bágyi K, Greany TJ, Luai AF, Øilo M, Rederiene G, Stolberg R, Gül G, Tricio J, Chau RCW, Pantea M, Mutluay M, Lingström P, Klein O, Usta SN, Suominen L, Felszeghy S.","BACKGROUND: Haptics-enhanced virtual reality (VR-haptics), a supplementary tool for traditional oral health training, shows promise in enhancing knowledge acquisition, manual dexterity, performance, and student well-being. AIM: The aim of this study was to understand dental educators' perceptions and needs regarding the acceptability and application of VR-haptics in dental education, as well as to gather suggestions for system improvements. METHODS: In this global cross-sectional study, the VR-Haptic Thinkers Consortium used a 28-item online questionnaire distributed to 1,023 participants by August 1, 2024. The survey included questions on general demographics, multiple choice and five-point Likert-style questions, and open-ended questions. RESULTS: A total of 378 responses were collected from 156 institutions. 57% of respondents had a dental doctorate degree and 59% had a PhD. VR-haptic trainers were used more often in preclinical training (94% of responses) than clinical training (46%). The three most common course types with VR-haptics incorporation were restorative, prosthodontic, and endodontic courses. Most respondents thought that the best approach to implementing VR-haptics is alongside phantom head training in the preclinical stage (58%). A third of the feedback on the challenges in VR-haptics utilization in dental training highlighted a need for further hardware and software development, while more than one-fourth cited economic issues in system acquisition and housing, and another one-fourth reported low acceptance of the technology among educators and students. The most mentioned enhancement requests for dental trainers were more diverse training scenarios (20%), improved software (19%) and hardware (19%) elements, and advancements in AI-based personalized training and monitoring (18%). Additionally, 10% of respondents suggested gamification features. CONCLUSIONS: VR-haptic technology is constantly evolving and will likely become more and more accepted as an integral part of dental hand skill development to complement traditional preclinical training. Future research and development should emphasize transitioning from preclinical to clinical restorative, prosthodontic, endodontic, and implantology procedures as part of individualized education and patient care.",virtual reality,Front Dent Med,Switzerland,2025,Journal Article,unknown,10.3389/fdmed.2025.1576646
From Cadavers to Codes: The Evolution of Anatomy Education Through Digital Technologies,Al-Rubaie A.,"This review examines the shift from traditional anatomy education to the integration of advanced digital technologies. With rapid advancements in digital tools, such as 3D models, virtual dissections, augmented reality (AR) and virtual reality (VR), anatomy education is increasingly adopting digital environments to enhance learning. These tools offer immersive, interactive experiences, supporting active learning and knowledge retention. Mobile technology and cloud computing have further increased accessibility, allowing flexible, self-paced learning. Despite challenges like educator resistance and institutional barriers, the continued innovation and integration of digital tools have the potential to transform anatomy education and improve medical outcomes.",Virtual reality (VR) pedagogical strategies,Med Sci Educ,United States,2024,Review,unknown,10.1007/s40670-024-02268-6
Quantum leap in medical mentorship: exploring ChatGPT's transition from textbooks to terabytes,"Chokkakula S, Chong S, Yang B, Jiang H, Yu J, Han R, Attitalla IH, Yin C, Zhang S.","ChatGPT, an advanced AI language model, presents a transformative opportunity in several fields including the medical education. This article examines the integration of ChatGPT into healthcare learning environments, exploring its potential to revolutionize knowledge acquisition, personalize education, support curriculum development, and enhance clinical reasoning. The AI's ability to swiftly access and synthesize medical information across various specialties offers significant value to students and professionals alike. It provides rapid answers to queries on medical theories, treatment guidelines, and diagnostic methods, potentially accelerating the learning curve. The paper emphasizes the necessity of verifying ChatGPT's outputs against authoritative medical sources. A key advantage highlighted is the AI's capacity to tailor learning experiences by assessing individual needs, accommodating diverse learning styles, and offering personalized feedback. The article also considers ChatGPT's role in shaping curricula and assessment techniques, suggesting that educators may need to adapt their methods to incorporate AI-driven learning tools. Additionally, it explores how ChatGPT could bolster clinical problem-solving through AI-powered simulations, fostering critical thinking and diagnostic acumen among students. While recognizing ChatGPT's transformative potential in medical education, the article stresses the importance of thoughtful implementation, continuous validation, and the establishment of protocols to ensure its responsible and effective application in healthcare education settings.",personalized learning,Front Med (Lausanne),Switzerland,2025,Review,unknown,10.3389/fmed.2025.1517981
Impact of a WeChat-based intervention on nurses knowledge and practice in peripheral venous catheter insertion,"Hu AZ, Yin XY, Luo C, Lu LA, Lai HL, Liu L.","Peripheral intravenous catheter (PIVC) insertion is a constituted a routine invasive clinical procedure predominantly performed by nursing staff in hospital settings. While essential for short-term intravenous therapy administration, this intervention carried inherent risk of procedure-related complications due to its invasive characteristics. Consequently, enhancing nurses' clinical knowledge and operational competencies in PIVC placement and maintenance emerged as a critical determinant of patient safety and therapeutic outcomes. The aim of this study was to investigate the impact of knowledge and behaviour on nurses' implementation of peripheral intravenous catheters via a WeChat push-based service. The findings provided empitical evidence to guide the formulation of targeted nurse education programs and optimize training strategies, thereby contributing to healthcare service quality improvement and enhanced patient safety protocols. This study enrolled 144 nurses from a tertiary general hospitalin China, conducted between March and September 2024. To align with clinical practices in China and ensure data validity, the research team revised the survey instruments based on three national standards: the Chinese version of the Standard Guide to Practice Standards for Intravenous Infusion Therapy (2021 edition), the Standard of Practice for Intravenous Therapy Nursing Techniques (WS/T 433-2023), and the Clinical Nursing Practice Guidelines for Common Complications of Intravenous Catheters, supplemented by a systematic review of relevant domestic literature. For the intervention group, targeted educational content on PIVC placement was developed and delivered through the WeChat platform. Participants received 2-3 concise messages teice daily over a 10-day period. Both the intervention and control groups underwent standardized assessments of PIVC knowledge and clinical skills at three time points: preintervention, postintervention, and 4-week follow-up. This study enrolled 123 nurses, with 64 assigned to the intervention group and 59 to the control group. At baseline, no significant difference existed in mean knowledge (4.38 vs. 4.53, P > 0.05) or practice scores (8.60 vs. 9.03, P > 0.05) between the the two groups. Following the intervention, the intervention group demonstrated significantly higher knowledge scores than the control group both immediately postintervention (8.55 vs. 4.54, P < 0.001) and 4 weeks postintervention (8.17 vs. 5.20, P < 0.001). Within the intervention group, knowledge scores immediate postintervention were marginally higher than those at 4-week postintervention (8.55 vs. 8.17). Similary, the intervention group achieved significantly higher practice scores than the control group at both follow-up timepoints: immediate postintervention (12.08 vs. 8.68, P < 0.001) and 4 weeks postintervention (11.90 vs. 8.74, P < 0.001). On the other hand, the mean scores of the nurses' practical manoeuvres were slightly higher in the immediate postintervention period than at 4 weeks postintervention (12.08 vs. 11.90). In contrast, the control group showed no significant differences in knowledge or practice scores across all assessment timepoints (all P > 0.05). The WeChat-based educational intervention model singnificantly enhanced nurses' knowledge acquisition and clinical practice proficiency in PIVC placement. These findings suggest that implementing such technology-driven pedagogical approaches in nursing education systems could effectively support the long-term objectives of sustaining quality improvement in clinical care and advancing professional competency development.",WeChat,Sci Rep,England,2025,Journal Article,unknown,10.1038/s41598-025-03430-9
Who's Who in Zoology: transversal application of gamification and new technologies in university teaching,"Galan-Elvira J, Palau-Irisarri P.","INTRODUCTION: In today's hyperstimulating digital environment, shaped by social media and artificial intelligence, education struggles to retain students' attention. Traditional teaching models risk obsolescence if they fail to adapt to rapidly evolving societal dynamics. However, this context offers an opportunity to innovate while maintaining academic rigor. METHODS: To enhance student engagement and modernize the learning experience, we implemented various gamification tools in the Biology course of the Veterinary Medicine degree. Strategies included a zoology-themed version of the classic game ""Who's Who?"", the use of the Kahoot! platform to review practical content, and interactive sessions designed to promote debate and teamwork in solving complex problems. The impact of these methods was assessed through academic performance data and student surveys focusing on engagement, knowledge acquisition, subject interest, and perceptions of the teaching team. RESULTS: The introduction of gamified teaching strategies yielded highly positive results. Students reported increased motivation, deeper interest in the subject matter, and a more favorable perception of the teaching team. Moreover, a clear improvement in academic performance was observed, with higher average grades compared to previous years. DISCUSSION: Our findings support gamification as a valuable tool in higher education, particularly in science-based courses. By aligning teaching methods with students' expectations and cognitive habits, educators can improve both learning outcomes and classroom dynamics. Gamification offers a means to deliver rigorous content in an engaging format, helping bridge the gap between traditional education and today's fast-paced, digital society.",veterinary education,Front Vet Sci,Switzerland,2025,Journal Article,unknown,10.3389/fvets.2025.1596906
Mixed Reality in Undergraduate Nursing Education: A Systematic Review and Meta-Analysis of Benefits and Challenges,"Guillen-Aguinaga L, Rayón-Valpuesta E, Guillen-Aguinaga S, Rodriguez-Diaz B, Montejo R, Alas-Brun R, Aguinaga-Ontoso E, Onambele L, Guillen-Aguinaga M, Guillen-Grima F, Aguinaga-Ontoso I.","Background: Nursing Schools are incorporating Mixed Reality (MR) into student training to enable them to confront challenging or infrequently encountered scenarios in their practice and ensure their preparedness. This systematic review evaluates the benefits and challenges of implementing MR in nursing curricula. Materials and Methods: A search was conducted in PubMed, WOS, Scopus, Embase, and CINAHL for studies published between 2011 and 2023. The search strategy used was ""(nurses OR nurse OR nursing) AND mixed reality AND simulation"". Inclusion criteria required that studies focus on undergraduate nursing students and be written in English or Spanish. Exclusion criteria included reviews, bibliometric studies, and articles that did not separately report undergraduate nursing student results. Quality was evaluated with the JBI Critical Appraisal Checklist for Qualitative Research and the Newcastle-Ottawa Scale. A meta-analysis was conducted on studies with control groups to compare MR's effectiveness against traditional teaching methods. Results: Thirty-three studies met the inclusion criteria. MR was widely used to improve clinical judgment, patient safety, technical skill acquisition, and student confidence. The meta-analysis found that MR reduced anxiety (Cohen's d = -0.73, p < 0.001). However, its impact on knowledge acquisition and skill development was inconsistent. There was no improvement over traditional methods (p = 0.466 and p = 0.840). Despite positive qualitative findings, methodological variability, small sample sizes, and publication bias contributed to mixed quantitative results. The main challenges were cybersickness, usability, high costs, and limited institutional access to MR technology. Conclusions: Although MR can help nursing education by decreasing students' anxiety, its efficacy remains inconclusive. Future research should use larger, randomized controlled trials to validate MR's role in nursing education.",virtual reality,Nurs Rep,Switzerland,2025,Review,unknown,10.3390/nursrep15050137
Training and Assessing Teamwork in Interprofessional Virtual Reality-Based Simulation Using the TeamSTEPPS Framework: Protocol for Randomized Pre-Post Intervention Study,"Lehmann M, Mikulasch J, Poimann H, Backhaus J, König S, Mühling T.","BACKGROUND: Interprofessional teamwork is essential for patient outcomes in emergency medicine; yet, effective training in this area is scarce. Virtual reality (VR) provides a promising, resource-efficient solution for simulating emergency scenarios and facilitating interprofessional collaboration. While VR-based training has shown benefits for medical skill and knowledge acquisition, assessing teamwork within such environments remains a challenge due to the lack of validated measurement tools. Existing teamwork assessment instruments, developed for physical simulations, may not fully apply to VR due to differences in communication modalities, interaction mechanics, and observer perspectives. OBJECTIVE: This study aims to adapt and validate the TeamSTEPPS framework to assess teamwork in VR-based training. Subsequently, these adapted instruments will enable the investigation of whether interprofessional teamwork can be successfully trained in VR scenarios. METHODS: Prior to the study, measurement instruments for subjective (Teamwork Perceptions Questionnaire) and objective teamwork quality (Team Performance Observation Tool, TPOT) will be adapted and validated for use in VR scenarios. Validation of the adapted version of the Team Performance Observation Tool includes expert consensus via a modified Delphi method as well as validity and reliability testing using recorded VR teamwork sessions. The study itself is designed as a prospective pre-post study with a planned enrollment of 65 nursing and 65 medical students working in randomly assigned interprofessional teams. On 3 timepoints (day 1, day 8, and day 15), participants engage in a VR scenario simulating 1 out of 3 different emergency medical conditions (esophageal variceal bleeding, exacerbated chronic obstructive pulmonary disease, and atrial fibrillation due to urinary tract infection). As an intervention, a structured training video on successful teamwork according to the TeamSTEPPS concept is shown on day 8 immediately before the second VR scenario. Teamwork is assessed objectively with the adapted version of the Team Performance Observation Tool and subjectively with the adapted Teamwork Perceptions Questionnaire. Medical performance will be recorded automatically by the VR software based on the medical measures conducted by the team. RESULTS: As of May 2024, a total of 28 interprofessional teams have been enrolled. Data analysis will begin in late 2025. CONCLUSIONS: This study addresses the challenge of adapting teamwork assessment tools to VR environments and may provide insights into the potential of VR-based training for improving interprofessional collaboration in medical education. Future research could include a control group to measure the effects of team training more rigorously or use more enhanced technologies (eg, natural language processing) to capture the full range of teamwork behavior. INTERNATIONAL REGISTERED REPORT IDENTIFIER (IRRID): DERR1-10.2196/68705.",virtual reality,JMIR Res Protoc,Canada,2025,Journal Article,unknown,10.2196/68705
"Game on or game over? Gamification from 360-degree perspective, perception, confidence, and challenges in simulation based nursing education: mixed-method study","Kotp MH, Bassyouny HAA, Aly MA, Ibrahim RK, Hendy A, Attia AS, Mekdad AK, Hafez AA, Farghaly Abdelaliem SM, A Baghdadi N, Hendy A, Ismail HA.","BACKGROUND: Gamification has emerged as a transformative approach in nursing education, especially within simulation-based learning environments. It is recognized for enhancing student engagement, knowledge retention, and confidence. Despite its potential, limited research has explored the perceptions and confidence of nurse educators and students, as well as the challenges encountered during its implementation. The study aimed to assess the perceptions and confidence of nurse educators and nursing students towards integrating gamification into simulation-based nursing education, identify implementation barriers, and develop and validate two psychometric tools: the Gamification Perception Assessment Tool and the Nurse Educator Confidence Tool. METHODS: A convergent mixed-methods design was utilized, involving 115 nurse educators and 317 nursing students from eight nursing institutions in Cairo. Quantitative data were collected using the newly developed tools, which underwent rigorous validation through Exploratory Factor Analysis (EFA), Confirmatory Factor Analysis (CFA), and reliability testing. Qualitative data were collected via semi-structured questionnaires and interviews with nurse educators and analyzed thematically to explore implementation challenges. RESULTS: The overall mean perception score was 34.8 ± 8.4 for nursing students and 36.3 ± 7.9 for nurse educators, with the majority of participants in both groups showing a high perception level (61.7% for educators and 58.9% for students). Nurse educators displayed moderate to high confidence, which was significantly influenced by their experience and prior training. A strong positive correlation (r = 0.711, p = 0.001) was found between perception and confidence. The psychometric tools demonstrated high reliability (Cronbach's α = 0.68-0.85) and model fit. Thematic analysis revealed barriers such as institutional policy gaps, limited IT support, and lack of training. CONCLUSION: Gamification is positively perceived and fosters educator confidence in simulation-based nursing education. However, successful implementation requires institutional support, faculty training, and standardized evaluation tools to overcome existing challenges and optimize educational outcomes. The study provides validated tools and empirical insights into gamification in nursing education. CLINICAL TRIAL NUMBER: Not applicable.",Students,BMC Nurs,England,2025,Journal Article,unknown,10.1186/s12912-025-03253-z
Personality Traits and Empathy in Relation to Attitudes About Communication Between Medical Students and Patients,"Grebenisan LM, Sima-Comaniciu A, Lukacs EE, Nireștean A, Strete GE, Marchean H, Abalasei BL, Cotruș A, Boacă AC, Marinescu I, Mihai A.","The medical profession requires continuous knowledge acquisition, effective communication skills, an appropriate level of empathy, and a personality profile that can support high-quality patient care. (1) The purpose of this study was to research whether there are associations or correlations between personality dimensions, empathy, and the attitudes of medical students regarding the learning of communication skills. (2) We conducted a pilot study with 267 first- and sixth-year medical students from the George Emil Palade University of Medicine, Pharmacy, Sciences, and Technology of Targu Mures as the subjects. The students were evaluated using the DECAS personality inventory, the Romanian communication skills ability scale, and Toronto empathy scale. (3) Our results showed that regarding the level of empathy (p = 0.09) and positive attitudes related to communication skills (p = 0.52), there were no statistically significant differences between first- and sixth-year medical students. On the other hand, in the case of negative attitudes, it was observed that there was a statistical significance (p = 0.0003). It was also observed that there was a positive association between agreeableness and empathy (OR = 6.12, p < 0.0001) and a negative association between emotional stability and empathy (OR = 0.45, p = 0.01). Correlations were also found between positive attitudes related to communication skills with patients and the personality dimensions of conscientiousness (r = 0.21, p = 0.0004) and agreeableness (r = 0.15, p = 0.01), as well as between negative attitudes related to communication skills with patients and the agreeableness dimension (r = -0.23, p = 0.0001) and emotional stability dimension (r = -0.13, p = 0.02). Furthermore, the two proposed models confirmed the influence that personality and empathy have on attitudes towards learning communication skills. (4) The findings of this study show that both the personality structure and the empathy of a student are linked to their attitudes about communication.",personality,Behav Sci (Basel),Switzerland,2025,Journal Article,unknown,10.3390/bs15050683
Teaching Methodologies for First Aid in Physical Education in Secondary Schools: A Systematic Review,"Parada-Espinosa JM, Ortega-Gómez S, Ruiz-Muñoz M, González-Silva J.","Background: First aid training in secondary education enhances emergency preparedness and supports public health. Despite its inclusion in many school curricula, there is no consensus on the most effective teaching methodologies. This systematic review aims to compare instructional strategies used in first aid training during Physical Education and evaluate their impact on students' knowledge, practical skills, and confidence. Methods: A systematic review was conducted in accordance with PRISMA 2020 guidelines. Six databases (SCOPUS, Web of Science, ERIC, DIALNET, MEDLINE, and PsycINFO) were searched up to December 2024. Eligible studies were quasi-experimental or observational, involved students aged 11-18, and focused on first aid instruction within Physical Education. Methodological quality was assessed using the PEDro scale. Results: Eleven studies with a total of 3069 students aged 11-18 were included. Active and technology-based methodologies outperformed traditional approaches, improving knowledge acquisition (10.2-30.5%) and practical skill development (18.6-42.3%). Long-term retention ranged from 14.2% to 45.8%, with longer interventions yielding better outcomes. Gamification, simulations, and peer learning improved CPR quality and boosted student confidence. However, most studies assessed only short-term outcomes, limiting conclusions about sustained learning. Conclusions: Active methodologies, particularly gamification, simulation, and cooperative learning, enhance knowledge retention, practical skills, and confidence in providing first aid. Although the results were consistently positive, methodological heterogeneity and limited long-term follow-up reduce their generalizability. Further high-quality, longitudinal research is needed to identify the most effective and sustainable strategies. These findings support integrating first aid training into Physical Education as a public health initiative to strengthen emergency preparedness in schools.",simulation,Healthcare (Basel),Switzerland,2025,Review,unknown,10.3390/healthcare13101112
Enhancing Neuroanatomy Teaching with DSI Studio's Fiber Reconstruction Technology,"Zeng J, Shi L, Liu Y, Yang J, Zhang L, Song H, Zhao Y, Yang J, Cheng X, Lu L.","BACKGROUND: DSI Studio is an advanced imaging software specifically designed for the analysis of diffusion magnetic resonance imaging (dMRI). Its key features, which include fiber reconstruction, fiber tracking, and 3D visualization, have established its significant role in neuroscience research. OBJECTIVE: A solid understanding of spatial relationships is crucial for students studying anatomy. However, there has been limited research in Chinese medical education regarding the integration of 3D imaging technology into anatomical instruction. To address this gap, we conducted an innovative study utilizing DSI Studio to enhance neuroanatomy education. METHODS: An innovative study was conducted utilizing DSI Studio for fiber reconstruction and 3D visualization in neuroanatomy workshops. A total of 38 students participated in hands-on sessions, with 13 completing pre-training surveys and 19 completing post-training surveys. The students' understanding of neuroanatomy prior to training, as well as their performance and experiences during the neuroanatomy learning process, were systematically recorded. Additionally, the effectiveness of DSI Studio software in enhancing neuroanatomy learning was assessed in conjunction with the reconstruction capabilities of the software. RESULTS: The application of DSI Studio significantly improved students' visualization of neural structures, surpassing traditional teaching limitations. It enhanced their understanding of three-dimensional brain anatomy, boosted enthusiasm, and improved learning efficiency. The workshops supported the students' progression through the knowledge acquisition phases-understanding, mastery, and application. CONCLUSION: DSI Studio demonstrates potential as an educational tool in neuroanatomy, offering a supportive and flexible learning environment conducive to achieving learning objectives. Our findings preliminarily support the adoption of DSI Studio's fiber reconstruction technology in undergraduate medical education.",spatial understanding ability,Adv Med Educ Pract,New Zealand,2025,Journal Article,unknown,10.2147/AMEP.S522454
The potentials and challenges of integrating generative artificial intelligence (AI) in dental and orthodontic education: a systematic review,"Baxmann M, Kárpáti K, Baráth Z.","BACKGROUND: Generative AI technologies offer significant opportunities to enhance orthodontic education by improving knowledge retention, clinical decision-making, and skills training. This systematic review aimed to evaluate the impact of generative AI tools in orthodontic education, focusing on knowledge retention, decision-making, and practical skills. METHODS: A comprehensive literature search was conducted across PubMed, Cochrane Library, ERIC, CINAHL, and IEEE Xplore from January 2010 to December 2023. Studies evaluating the integration of generative AI in dental and orthodontic education were included. Seventeen studies met the inclusion criteria. Risk of bias was assessed using the Cochrane Risk of Bias Tool and the Newcastle-Ottawa Scale, with the GRADE approach used to evaluate evidence quality. RESULTS: Generative AI improved knowledge retention and clinical decision-making through adaptive learning pathways and real-time feedback. Barriers included limited faculty training, technical infrastructure deficits, and educator resistance. CONCLUSIONS: Generative AI holds transformative potential for orthodontic education but requires addressing practical and ethical challenges. Future research should focus on longitudinal studies to validate long-term impact and explore integration strategies.",Orthodontics,BMC Oral Health,England,2025,Systematic Review,unknown,10.1186/s12903-025-06070-7
"[Digital higher education in the first COVID-19 semester. A survey of teachers in public health, medicine and nursing]","Marchwacka MA, Kugler J, Schaal T, Tolks D.","BACKGROUND: The coronavirus disease 2019 (COVID-19) pandemic has driven the digitisation in higher education institutions. At the same time, digital higher education teaching faced the challenge of designing teaching in the context of pre-existing resources, digital and didactic skills, and available technical infrastructure. OBJECTIVE: The aim of the survey was to assess the assessment/evaluation of digital teaching, which has largely or completely replaced face-to-face teaching as a result of the COVID-19 pandemic, from the perspective of lecturers in public health, medicine and nursing. MATERIALS AND METHODS: The cross-sectional survey took place online from June to August 2020 and data were collected via www.soscisurvey. The written survey was conducted among members of the German Society for Public Health (DGPH) and the Digitisation Committee of the Society for Medical Education (GMA) and the Education and Counselling Sections of the German Society for Nursing Science (DGP), and the Teaching Working Group of the German Society for Medical Sociology (DGMS) (n = 100). RESULTS: In terms of the use of digital technologies in the courses, presentation tools ranked first, followed by learning management systems, video content and digital texts. With regard to the use of tools, participants most frequently mentioned various video conference tools). The creation of instructional videos was affirmed by 53% of the respondents; voting tools were mentioned as unknown by over 50%. Digital infrastructure of the universities, lack of didactic advice/support and legal questions (rights of use, data protection) were cited as challenges. CONCLUSION: New technology is mainly used for knowledge acquisition, knowledge transfer, rarely for activating students and designing collaborative teaching and learning arrangements as well as redesigning learning tasks and learning processes (individualised learning). Which of the currently tested digital teaching and learning formats will be increasingly used in university teaching in the future depends on many factors, including digital competence and the willingness of teachers and students to help develop the digital learning culture.",Technological resources,Pravent Gesundh,Germany,2023,Journal Article,unknown,10.1007/s11553-022-00937-1
Is Virtual Interprofessional Education Effective?: Three Years' Outcomes from Nine Health Professional Programs' Experience,"Saad AH, Stewart M, Banfill K, Chojnacki R, Garwood C, Greer JM, McQueen J, Moul A, Walczyk M, Maher S.","AIMS: During the pandemic, health professional programs shifted to virtually deliver the various components of their curricula including interprofessional education (IPE) offerings. An urban public College of Pharmacy and Health Sciences moved its interprofessional pain management workshop to virtual delivery. This workshop focused on preparing its participants to embrace the interprofessional competencies of roles/responsibilities, ethics/values, effective communication, teamwork, and the core concepts of safe and equitable pain treatment to address the complex needs of patients in pain. The purpose of this study was to evaluate the outcomes of this virtual interprofessional pain management workshop over multiple years. METHODS: Professional students from medical laboratory science, nurse anesthesia, occupational therapy, pathologists' assistant, pharmacy, physical therapy, physician assistant, radiologic technology, and radiation therapy technology programs (n=1,047) were included. The workshop consisted of a presentation reviewing the roles and responsibilities of represented professions in pain management, a small group case-based activity, and an interprofessional panel of experts' discussion of pain management. To achieve the purpose of this study, the impact of the interprofessional education workshop on the students' learning was captured via multiple assessment tools including changes in 1) knowledge acquisition, 2) interprofessional behaviors and skills (Interprofessional Collaborative Competency Attainment Survey, ICCAS), and 3) post-workshop achievement of learning objectives and evaluation of workshop activities. RESULTS: It was found that a virtual interprofessional pain management workshop was consistently effective in enhancing health professional students' knowledge, attitudes, and perceptions related to collaborative pain management. Participants showed a statistically significant improvement in knowledge about other professions from pre- to post-workshop for the entire group. Significant improvements were observed across all measured ICCAS subscales, including communication, collaboration, roles and responsibilities, patient-centered care, and conflict management/team functioning. Overall, participants perceived significant improvements in the learning objectives for within group comparisons. Notably, the virtual delivery format resulted in sustainable gains over 3 years, highlighting the potential of virtual IPE to overcome logistical barriers and provide an accessible and effective platform for interprofessional learning. CONCLUSION: A virtual interprofessional workshop was effective in enhancing students' knowledge and skills in collaborative pain management.",,J Allied Health,United States,2025,Journal Article,unknown,
From virtual to reality: application of a novel 3D printing hollow model for early-stage lung cancer in the clinical teaching of thoracoscopic sublobar resection,"Yang D, Miao Y, Li L, Yu Q, Guo Q, Li H, Zhang X, Cheng S, Li J, Zhang K.","BACKGROUND: The integration of medical-engineering interdisciplinary technology has transformed clinical skills and anatomical knowledge teaching. Three-dimensional printing (3DP), an innovative tool, shows promise in enhancing surgical training and anatomical understanding. This study evaluates the educational efficacy of a 3DP lung cancer model optimized for surgery in teaching thoracoscopic sublobar resection. METHODS: A total of 62 clinical interns were randomly assigned into two groups: a 3D visualization (3DV) model group and a 3DP model group. Pre- and post-teaching test scores were compared to assess the effectiveness of both models in enhancing anatomical knowledge and surgical skills. Additionally, feedback was collected from the interns regarding the advantages of each model. RESULTS: There was no significant difference in the pre-teaching test scores between the two groups (P > 0.05). However, post-teaching scores in the 3DP group were significantly higher than those in the 3DV group (P < 0.05). Survey feedback revealed that the 3DV group excelled in convenience (P < 0.001), while the 3DP group demonstrated superiority in the ease of knowledge acquisition and understanding of vascular spatial relationships (P < 0.001). No significant differences were found between the two groups regarding model intuitiveness and identification of the lung segment range influenced by the safety margin (P > 0.05). CONCLUSION: The 3DP model, featuring a transparent hollow sublobar boundary, significantly improved comprehension of complex anatomical relationships and enhanced teaching outcomes in surgical skills. It offers an innovative and effective tool for teaching thoracoscopic sublobar resection, with potential applications in surgical navigation.",sublobar resection,Front Oncol,Switzerland,2025,Journal Article,unknown,10.3389/fonc.2025.1526592
Advancements in orthopaedic medical Education: Exploring novel teaching strategies - A qualitative systematic review,"Roy M, Nandini D, Murugan J, Khanna M, Patro BP, Jayan AK.","BACKGROUND: The evolution of orthopaedic medical education has been significantly influenced by the integration of innovative teaching methods aimed at addressing the challenges of traditional learning models. Emerging pedagogical strategies such as simulation-based learning, flipped classrooms, problem-based learning (PBL), and peer teaching have demonstrated improved student engagement, knowledge retention, and clinical competency. However, the global adoption of these innovations faces barriers, particularly in resource-limited settings. METHODS: This study explores the impact of novel teaching strategies in orthopaedic education through an extensive literature review and evaluation of current trends. The study methodology follows systematic analysis guidelines registered under PROSPERO (ID: CRD420251007591). Key parameters assessed include student engagement, knowledge retention, and clinical skill development. RESULTS: Findings indicate that simulation-based learning enhances surgical skill acquisition by offering repetitive practice opportunities in a controlled environment. The flipped classroom model improves conceptual understanding by allowing pre-class learning and interactive in-class application. PBL and peer teaching foster critical thinking, collaborative learning, and problem-solving skills. Despite financial and logistical challenges, institutions implementing these strategies report significant improvements in training outcomes. CONCLUSION: Innovative teaching strategies in orthopaedic education are crucial for enhancing training efficiency, student engagement, and clinical competency. However, global implementation requires overcoming technological, financial, and faculty training barriers. The findings emphasize the need for continued research and adaptation of these methods to ensure widespread accessibility and effectiveness in orthopaedic training programs.",,J Clin Orthop Trauma,India,2025,Journal Article,unknown,10.1016/j.jcot.2025.103059
The effectiveness of immersive virtual reality as a student-centered tool for learning neuroanatomy: A single-blind randomized controlled trial with physiotherapy students,"García-Robles P, Obrero-Gaitán E, Cortés-Pérez I, Ibancos-Losada MDR, Díaz-Fernández Á, Osuna-Pérez MC.","Neuroanatomy is a crucial component of the physiotherapy curriculum, but its complexity can lead to ""neurophobia"" among students. Immersive virtual reality (IVR) offers an innovative alternative to traditional methods by providing interactive and realistic three-dimensional images of neurological structures. We aim to evaluate the effectiveness of IVR for learning neuroanatomy and to assess student satisfaction and motivation. We conducted a single-blind randomized controlled trial with 67 second-year physiotherapy students. Besides didactic lectures, students were randomly assigned to one of two groups. The first was an IVR group (n = 34), in which students studied autonomously using the MetaQuest 2 IVR device with the SharecareYOU VR application (60 min), after having received instructions on how to use it (30 min). The second group (n = 33) followed a traditional learning approach using anatomical atlases and textbooks (90 min). Knowledge retention was assessed through an 18-item questionnaire, while satisfaction, perceived usefulness, and usability of the IVR headset were evaluated using other questionnaires. Evaluations were carried out immediately after the intervention, and four weeks later. The IVR group demonstrated significantly higher knowledge retention overall (p < 0.001) as well as in specific areas, such as theoretical understanding, spatial location, and labeling of brain areas (p < 0.001). No statistically significant differences were maintained 4 weeks after the intervention (p = 0.37). Additionally, IVR students reported greater satisfaction (p < 0.001) and found it useful for learning (p < 0.001) without adverse events. Our findings show that IVR is a safe supplementary tool that is more effective for enhancing neuroanatomical education in physiotherapy than textbooks and atlases.",virtual reality,Anat Sci Educ,United States,2025,Randomized Controlled Trial,unknown,10.1002/ase.70068
Strategic HRM and SME innovation: a chain mechanism of learning-resilience pathway and nonlinear environmental dynamism,"Wang J, Zhang J, Zhao Y.","In an increasingly competitive business environment, organizational innovation has become crucial for enterprises seeking to establish and maintain a competitive advantage. This study aims to investigate how SHRM drives innovation in SMEs through the chain mediation of organizational learning and resilience, while exploring the nonlinear moderating role of environmental dynamism. Grounded in dynamic capability theory, we propose a three-dimensional framework that integrates internal organizational mechanisms with external environmental contingencies. Utilizing a three-wave survey design with 256 technology-focused SMEs in China's Yangtze River Delta region, we employed hierarchical regression analysis and bootstrap mediation tests to validate hypothesized relationships. The findings indicate that SHRM significantly contributes to promoting organizational innovation in SMEs. Organizational learning (as a knowledge-building process) and resilience (as an adaptive capacity) sequentially mediate this relationship, forming an internal ""learning-resilience"" mechanism in which knowledge acquisition fosters robust adaptation, thereby synergistically enhancing innovation capability development. Furthermore, environmental dynamism exhibits a significant inverted U-shaped moderating effect: moderate levels amplify SHRM's innovation-enhancing effects, whereas excessive dynamism diminishes its efficacy, revealing a ""dynamic-changing"" boundary condition. Theoretically, this study advances dynamic capability theory by unraveling the synergistic interplay between internal capability-building processes and external environmental contingencies. Practically, this study provides actionable insights for SME managers to strategically allocate human resources, cultivate learning-resilience capacities, and adaptively respond to environmental turbulence, thereby fostering sustainable innovation in volatile markets.",organizational resilience (OR),Front Psychol,Switzerland,2025,Journal Article,unknown,10.3389/fpsyg.2025.1584489
Usability of Mixed Reality for Naloxone Training: Iterative Development and Field Testing of ReviveXR,"Jayawardene W, Magnuson R, Kumbalatara C, Kase M, Park A, Goodson A, Barrows S, Bolinski R, Willett J.","Background/Objectives: The increased availability of naloxone underscores the urgent need for scalable, effective training interventions. While current training modalities show promise, critical challenges persist, particularly regarding the development of interactive, self-efficacious platforms that mitigate anxiety in real-world overdose response, especially among laypersons. Therefore, this study aimed to develop and evaluate the usability and acceptability of a novel, self-paced mixed reality-based training tool (ReviveXR). Methods: ReviveXR was designed using the Apple Vision Pro spatial computing headset and Unity platform, employing mixed reality technology to facilitate interaction with virtual overdose scenarios while maintaining awareness of the physical environment. The intervention included a simulated tutorial and interactive modules on overdose response, rescue breathing, and chest compressions. Field testing was conducted in two rounds across various settings with a heterogeneous sample (N = 25), including individuals who use drugs, bystanders, first responders, and technology specialists. Data collection involved pre- and post-intervention surveys and qualitative interviews. Results: Participants demonstrated significant improvements in knowledge related to overdose recognition, naloxone administration, rescue breathing, and chest compressions. ReviveXR increased participants' confidence and intent to help overdose victims while reducing uncertainty during overdose reversal. Participants were predominantly from rural areas and primarily identified as White and male. Qualitative feedback emphasized the platform's heightened engagement, realism, patient responsiveness, and capacity to enhance knowledge acquisition and behavioral preparedness compared with conventional training approaches. Conclusions: ReviveXR offers a scalable, cost-effective, engaging alternative to traditional naloxone training programs, demonstrating strong feasibility across diverse environments and participants. ReviveXR holds considerable promise for expanding and enhancing community overdose response capacities and training healthcare professionals and first responders.",virtual reality,Healthcare (Basel),Switzerland,2025,Journal Article,unknown,10.3390/healthcare13121449
Evolving Perceptions and Attitudes to Adopting Generative AI in Professional Settings: Multicenter Longitudinal Qualitative Study of Senior Chinese Hospital Leaders,"Zhi Z, Zhao J, Li Q, Li Q, Xu M, Zuo Y, Wang M, Liu J, Guan J, Wang J.","BACKGROUND: The rapid evolution of generative artificial intelligence (GenAI) is transforming health care globally. In China, hospitals are rapidly embracing digital transformation. Senior leaders are pivotal in influencing and deciding the adoption of GenAI technologies in professional settings. However, evidence on their perceptions and attitudes and how they evolve over time is lacking. OBJECTIVE: This study aims to investigate senior Chinese hospital leaders' perceptions relating to GenAI and their attitudes toward adopting GenAI technologies in professional settings and to document how their perspectives evolve. METHODS: A longitudinal, descriptive qualitative study was conducted using a phenomenological approach. Senior leaders, including hospital directors/deputies and department heads/deputies, from 3 tertiary hospitals across the Hebei, Guangdong, and Sichuan provinces were purposively sampled. Data were collected through semistructured telephone interviews at two time points (baseline and 6 months later). Interview transcriptions were analyzed using Colaizzi's method to extract themes related to knowledge acquisition, attitudinal shifts, and evolving barriers and facilitators to GenAI adoption. RESULTS: A total of 32 participants were interviewed in August 2024 and February 2025, including 11 (34.4%) participants from Hebei, 12 (37.5%) from Sichuan, and 9 (28.1%) from Guangdong. Their roles included 8 (25%) hospital directors/deputies and 24 (75%) department heads/deputies. The analysis of the interview transcriptions revealed three primary themes. First, participants' understanding of GenAI improved markedly over time as they engaged with diverse information sources and gained practical experience. Second, despite widespread support for personal use, senior leaders shifted from initial reluctance to formal institutional adoption. Third, initial obstacles, such as limited technical literacy and resource constraint concerns, diminished over time, while new drivers, including peer influence and technological breakthroughs such as DeepSeek, emerged to catalyze adoption. CONCLUSIONS: Senior Chinese hospital leaders' perceptions and attitudes toward GenAI have evolved significantly over time. Improved knowledge through diverse information channels has enhanced their comprehension and shifted their stance from cautious personal experimentation toward formal institutional adoption. The dynamic interplay between diminishing obstacles and emerging catalysts, notably the influence of peer practices and technological breakthroughs such as DeepSeek, underscores the potential for transformative change in health care management. Targeted educational initiatives, pilot projects, and robust policy frameworks are needed to facilitate GenAI integration.",technology adoption,J Med Internet Res,Canada,2025,Multicenter Study,unknown,10.2196/75531
AI-Powered Problem- and Case-based Learning in Medical and Dental Education: A Systematic Review and Meta-analysis,"Wei H, Dai Y, Yuan K, Li KY, Hung KF, Hu EM, Lee AHC, Chang JWW, Zhang C, Li X.","INTRODUCTION AND AIMS: Advances in artificial intelligence (AI) technology have generated a revolution in medical and dental education, which may offer promising solutions to tackle the challenges of traditional problem-based learning (PBL) and case-based learning (CBL). The objective of this study was to assess the available evidence concerning AI-powered PBL/CBL on students' knowledge acquisition, clinical reasoning capability and satisfaction. METHODS: An electronic search was carried out on PubMed, MEDLINE, the Cochrane Central Register of Controlled Trials and Web of Science. Clinical trials published in English with full text available, which implemented AI technologies in PBL/CBL in the medical/dental field and evaluated knowledge acquisition, clinical reasoning and/or satisfaction were included. The quality assessment was conducted using RoB 2 by two calibrated assessors. Data synthesis and meta-analysis were performed, the standardised mean difference (SMD) or standardised mean (SM) and 95% confidence intervals (CIs) were calculated, and heterogeneity was quantified. RESULTS: Six randomized controlled trials were included, with an overall risk of bias judged to have 'some concerns'. For knowledge acquisition, 4 studies were included in the meta-analysis. A low heterogeneity (I² = 20%) was detected and a fixed-effect model was utilised. Compared with the control group, the AI intervention significantly improved knowledge acquisition by 46% (95% Cls [0.18-0.73], P = .001). For clinical reasoning capability, due to methodological and measurement heterogeneity among studies, statistical analysis was not feasible. Three studies were selected for the meta-analysis of students' satisfaction. Heterogeneity was moderate (I² = 32%), and a generic inverse variance method was selected. The pooled SM score was 0.7 (95% Cls [0.47-0.92]), and the overall effect was statistically significant (P < .00001). CONCLUSION: Despite limitations such as the limited number of included studies and the overall risk of bias concerns, AI-powered PBL/CBL has the potential to enhance students' knowledge acquisition and learner satisfaction compared to traditional learning approaches. CLINICAL RELEVANCE: Not applicable.",Problem-based learning,Int Dent J,England,2025,Systematic Review,unknown,10.1016/j.identj.2025.100858
Online Outcomes of a Pediatric Neuro-Oncology Course for Multidisciplinary Healthcare Professionals in Low- and Middle-Income Countries,"Berg F, Andujar A, Chatman G, Rodríguez-Galindo C, Qaddoumi I, Moreira DC.","Online and hybrid pediatric oncology training programs, such as the St. Jude Global Academy's Neuro-Oncology Training Seminar (NOTS), aim to address gaps in educational opportunities. This study examined the online components of the 2022 and 2023 NOTS, using mixed methods to assess strengths, limitations, and areas for improvement specific to the distance learning components. NOTS participants are required to complete 9 weeks of online modules. Participants were invited to evaluate their online learning experience which included both quantitative and qualitative measures related to participant perceptions of the course. Descriptive statistics were used to analyze quantitative results, and qualitative responses underwent thematic analysis. A total of 153 participants from 30 institutions participated in the online modules of the 2022 and 2023 NOTS. Among all participants, 106 (69.1%) completed the online course with a passing score of 70% or higher, and 83 completed the online evaluation. Pre-recorded lectures, rated highly by 73.5% of respondents, were appreciated for their content quality and flexibility. Live meetings were also of importance, with many participants requesting an expansion of interactive online sessions in future iterations of NOTS. Participants also felt the online learning activities (e.g., research projects and case discussions) were important and recommended more frequent knowledge assessments throughout the online modules and long-term follow-up. While most participants found the course duration of online components appropriate, some suggested adjustments to pacing and improved access to content. This study expands on the potential of technology-facilitated pediatric hematology-oncology education in LMICs by offering flexible and accessible learning formats. The findings suggest that blended learning models, interactive content, and incorporating peer and expert feedback can enhance knowledge retention and learner satisfaction among online participants.",Pediatric oncology,J Cancer Educ,England,2025,Journal Article,unknown,10.1007/s13187-025-02681-4
Traditional medical education under siege: the revolutionary integration of virtual reality and gamification in medical escape rooms,"Rafi A, Habibi A, Kalantarion M.","BACKGROUND: Active learning approaches that promote participation, critical thinking, and practical competency are becoming more and more necessary in medical and nursing education. Virtual reality (VR) and gamification, especially in the context of escape rooms, have become popular instructional technology in response to these issues. The interactive, scenario-based learning environments provided by these tools encourage motivation, teamwork, and decision-making. The impact and transformative possibilities of incorporating virtual reality and gamified escape rooms into medical and nursing education are examined in this paper. METHODS: The use of virtual reality (VR), gamification, and escape rooms in medical and nursing education was investigated using a thorough narrative literature review. In order to give a comprehensive and holistic overview of new subjects, this method was selected. Keywords like ""escape room,"" ""digital escape room,"" ""online escape room,"" ""gamification,"" ""game-based education,"" ""virtual reality in medical education,"" ""medical student,"" ""nursing education,"" ""nursing student,"" and ""nursing staff"" were used in the January 10, 2025, search across Web of Science, PubMed, ERIC, and Scopus. English-language publications from the past ten years that addressed virtual reality, gamification, or escape rooms in medical or nursing education were included in the inclusion criteria. Non-relevant papers, non-peer-reviewed literature, and research with unclear methodology or no empirical data were among the exclusion criteria. 25 studies were chosen for a thorough assessment after a rigorous screening process based on methodological rigor and relevance. RESULTS: The total number of retrieved articles in Google Scholar, PubMed, Scopus, and Web of Science on January 10, 2025, was 172. After removing 64 duplicate articles, 108 papers were screened by experts. After this investigation, 25 articles were extensively reviewed for the results section. The findings from the selected studies can be categorized into four main areas: enhancing clinical decision-making, improving teamwork and collaboration, increasing knowledge retention and engagement, and reducing stress in high-pressure scenarios. These studies, summarized in Table 1, highlight the effectiveness of escape rooms and VR-based training in medical and nursing education, particularly in emergency medicine, pharmacy, radiology, internal medicine, and psychiatry. CONCLUSION: The integration of VR and gamified escape rooms in healthcare education presents a promising approach to improving clinical training and competency development among medical students, nursing students, and healthcare professionals. The findings underscore the need for further research and implementation of these tools to enhance experiential learning and optimize medical education outcomes. By leveraging gamification and VR simulations, medical training programs can bridge educational gaps and improve patient care delivery in both traditional and remote learning environments. CLINICAL TRIAL NUMBER: Not applicable.",Virtual reality,BMC Med Educ,England,2025,Review,unknown,10.1186/s12909-025-07367-5
Making It Active: A Cohort Study of a Large-Group Learning Session to Improve Nutrition-Related Knowledge and Skills for Second-Year Medical Students,"Schneider GW, Bisschops J, Bhoite P, Moulik S.","INTRODUCTION: Despite the well-established role of nutrition in preventing and managing chronic diseases, medical education often lacks sufficient training in nutrition counseling. To address this gap, the Florida International University Herbert Wertheim College of Medicine introduced a 2-hour, case-based active learning session on diabetes-related nutrition education. This cohort study evaluates the session's effectiveness in improving students' knowledge of nutritional therapy for diabetes, evidence-based research methods, and the role of social determinants of health (SDOH). METHODS: The study followed two cohorts of second-year medical students from the Classes of 2024 and 2025. Students participated in a session that combined an introductory lecture with two small-group case-based exercises. Interactive technology-enhanced quizzes assessed pre- and post-session knowledge on diabetes nutrition, research methodology, and SDOH considerations. Additionally, end-of-course surveys evaluated students' perceptions of learning. Statistical analyses included the Two-Proportion Z-Test for quiz results and the Mann-Whitney U Test for survey responses. RESULTS: Significant improvements were observed in students' knowledge of nutritional management for diabetes and evidence-based research strategies (p < 0.05). However, no significant changes were found in SDOH-related knowledge, likely due to high pre-session baseline scores. End-of-course surveys indicated positive student perceptions of the session, with scores largely stable across cohorts, though perceptions of nutritional guidance benefits were slightly lower in the Class of 2025 (p = 0.0282). DISCUSSION: The case-based active learning session effectively enhanced knowledge acquisition and was well-received by students while requiring minimal faculty involvement. Future research should assess long-term retention and integrate nutrition education longitudinally across the curriculum.",social determinants of health,J Med Educ Curric Dev,United States,2025,Journal Article,unknown,10.1177/23821205251356096
The impact of Information and Communication Technology (ICT) on learning outcomes in early childhood and primary education: a meta-analysis of moderating factors,"Ruijia Z, Wenling L, Xuemei Z.","The role of Information and Communication Technology (ICT) in fostering the learning and development of young children and primary school students has become a pivotal focus in contemporary education. This study adopts a meta-analytic approach to systematically synthesize and evaluate findings from 30 recently published studies on the use of ICT in early childhood and primary education. The analysis reveals that ICT has a significant positive effect on student learning, particularly in enhancing language skills (effect size = 0.24) and subject knowledge acquisition (effect size = 0.59). Additionally, the analysis highlights the moderating effects of variables such as intervention duration and application type, emphasizing the need for context-specific implementation strategies. A random-effects model was employed to account for between-study variability, providing robust empirical evidence to inform the design and application of ICT in basic education. The study further recommends that future research prioritize the development of tailored digital resources, the evaluation of long-term impacts, and the exploration of contextual adaptability to fully realize the potential of ICT in enhancing the learning and development of young children and primary school students.",student learning and development,Front Psychol,Switzerland,2025,Review,unknown,10.3389/fpsyg.2025.1540169
Effect of virtual reality educational program on critical thinking disposition among nursing students in Egypt: a quasi-experimental pretest-posttest design,"Gabr MAM, Sleem WF, El-Wkeel NS.","BACKGROUND: Education has continuously evolved to keep pace with advancements in information technology. Virtual reality (VR) has emerged as an innovative and effective learning approach that enhances student engagement, particularly in developing problem-solving and critical thinking skills. Since its introduction in the early 1980s, VR has gained increasing attention in nursing education due to its potential to improve learning outcomes and skill acquisition. However, there is a need for further research to explore its impact on critical thinking disposition among nursing students. METHODS: This quasi-experimental pretest-posttest study was conducted with a convenience sample of 190 nursing students from Damietta University's Faculty of Nursing. Participants were assessed on their critical thinking disposition and VR-related knowledge at three time points: before the intervention, immediately after, and two months post-intervention. AIM: The VR-based educational program aimed to improve students' critical thinking disposition and assess their knowledge of virtual reality before, during, and after the program. RESULTS: A statistically significant improvement in students' mean scores for critical thinking disposition was observed across all evaluations (p < 0.001). The effect size (η²p ≥ 0.14) indicated a substantial impact, reinforcing the effectiveness of the VR-based educational program in fostering higher-order cognitive skills. Additionally, students demonstrated increased retention of VR-related knowledge when assessed immediately after the program and again after two months. CONCLUSIONS: This study highlights the transformative potential of VR as an educational tool in nursing. VR-based learning promotes active engagement, knowledge retention, and skill development in a safe and controlled environment. By integrating VR programs into nursing education, institutions can enhance students' critical thinking, collaboration, and communication skills, ultimately preparing them for real-world clinical practice. Given these findings, educational institutions should consider incorporating VR technology to support the continuous development of essential nursing competencies. TRIAL REGISTRATION: This study is formally registered on ClinicalTrials.gov (Identifier Code: NCT06622811; Registration Date: 01/10/2024).",Virtual reality,BMC Nurs,England,2025,Journal Article,unknown,10.1186/s12912-025-03488-w
From Surface to Deep Learning: Gamified Mobile Education for Subcutaneous and Intramuscular Injection Skills,"Tamer Z, Kavuran E.","The aim of this study was to investigate the effect of a game-based mobile application on nursing students' skills in administering subcutaneous (SC) and intramuscular (IM) injections. Nursing education traditionally involves both theoretical and practical components. With the advent of digital technologies, innovative methods such as game-based learning have been introduced to enhance practical skills and knowledge retention in nursing education. This study explores the use of a mobile application designed to improve students' competence in SC and IM drug administration. This was an experimental study conducted during the 2021-2022 academic year. It involved a study group of 64 students who received training through a simulation game system and a control group of 65 students who underwent traditional training methods. Data were collected using the Self-Demonstration Form, the Study Process Questionnaire, and the Skills Performance List for Subcutaneous and Intramuscular Administration. The study focused on assessing the impact of game-based learning on students' performance and learning approaches. The study group showed significantly greater improvements in learning approaches and medication administration skills compared to the control group. Deep learning scores increased from 31.39 ± 6.23 to 45.05 ± 5.46 in the study group, versus 31.78 ± 5.68 to 37.02 ± 4.17 in the control group (p < 0.01). SC and IM administration scores improved significantly in the study group (SC: 22.50 ± 15.46 to 42.45 ± 11.66, p = 0.015; IM: 27.75 ± 15.98 to 59.45 ± 12.95, p < 0.001) compared to the control group. Scenario-based analyses also showed significant performance gains in the study group across all scenarios (p < 0.05). The HEM-SC-IM game-based mobile application proved effective in improving nursing students' skills in administering SC and IM injections. The interactive and engaging nature of game-based learning provides a valuable educational experience, promoting deeper understanding and practical skills development. This study supports the integration of educational technology in nursing curricula to enhance learning outcomes.",Practical skills development,Med Sci Educ,United States,2025,Journal Article,unknown,10.1007/s40670-025-02323-w
Effectiveness of Gamified Teaching in Disaster Nursing Education for Health Care Workers: Systematic Review,"Bai S, Zeng H, Zhong Q, Cao L, He M.","BACKGROUND: With the continuous advancement of medical technology and the frequent occurrence of disaster events, the training of health care workers in disaster nursing has become increasingly significant. However, traditional training methods often struggle to engage learners' interest and enthusiasm, making it challenging to simulate emergencies in real-life scenarios effectively. Gamification, as an innovative pedagogical approach that enhances the enjoyment and practicality of learning through the incorporation of game elements, has garnered considerable attention in the realm of disaster nursing education for health care workers in recent years. This review systematically evaluates its effectiveness and explores its advantages in improving training outcomes. OBJECTIVE: This review aims to evaluate the effectiveness of gamified teaching methodologies in disaster nursing education and to identify the outcome of 16 indicators used in existing studies. METHODS: This study was conducted following the PRISMA (Preferred Reporting Items for Systematic reviews and Meta-Analyses) guidelines, using the PICO-SD framework (Population, Intervention, Control, Outcome, Study Design) to establish the inclusion criteria. The researchers systematically searched 8 databases on February 10, 2025, including the Cochrane Library, PubMed, CINAHL (EBSCO), Embase, Web of Science, CNKI, Wanfang, and SCOPUS. Ultimately, 16 quasi-experimental studies investigating the application of gamified teaching in disaster nursing education were included in the analysis. For randomized controlled trials (RCTs), the Cochrane Risk of Bias Assessment Tool (RoB 2.0) was used for quality assessment; for quasi-experimental studies, the Joanna Briggs Institute Risk of Bias Tool for Non-Randomized Intervention Studies was used for methodological quality evaluation. Given the heterogeneity of study designs and the diversity of study indicators, this study used a narrative synthesis to integrate the findings. RESULTS: The studies included in this review comprised 1 RCT and 15 quasi-experimental designs. Six gamified formats exhibited positive outcomes. The effectiveness of these formats was assessed through various metrics, including theoretical knowledge (14 studies), practical skills (11 studies), learner satisfaction (9 studies), knowledge retention (4 studies), and self-efficacy (2 studies). All formats demonstrated improvements in knowledge and skills, with high levels of satisfaction reported. However, data on long-term retention were limited. CONCLUSIONS: Gamification teaching methods have shown significant potential to enhance core competencies such as emergency response, decision-making, and teamwork in disaster nursing education and have been effective in reinforcing learning engagement through elements such as cooperation, competition, scoring, and scenario simulation. However, there is a lack of standardized assessment frameworks for skill acquisition, longitudinal studies tracking behavior in real-life scenarios, and rigorous RCTs comparing it with traditional instruction. Although the existing evidence has not systematically confirmed its full effectiveness, based on the findings, this paper provides practical recommendations for developing and implementing gamified teaching strategies in disaster nursing education to enhance students' knowledge acquisition and practice.",systematic review,J Med Internet Res,Canada,2025,Systematic Review,unknown,10.2196/74955
It's virtually a normal delivery! Revolutionising obstetric teaching with emerging technologies,"Cheng H, Liu C, Khoo ET, Kanneganti A, Choolani M, Gosavi AT.",,virtual reality,Ann Acad Med Singap,Singapore,2025,Journal Article,unknown,10.47102/annals-acadmedsg.202564
Deep knowledge tracing and cognitive load estimation for personalized learning path generation using neural network architecture,"Tong C, Ren C.","This paper presents a novel approach for personalized learning path generation by integrating deep knowledge tracing and cognitive load estimation within a unified framework. We propose a dual-stream neural network architecture that simultaneously models students' knowledge states and cognitive load levels to optimize learning trajectories. The knowledge state tracking module employs a bidirectional Transformer with graph attention mechanisms to capture complex relationships between knowledge components, while the cognitive load estimation module utilizes multimodal data analysis to dynamically assess mental effort during learning activities. A dual-objective optimization algorithm balances knowledge acquisition with cognitive load management to generate paths that maintain optimal challenge levels. Experimental evaluations across multiple educational domains demonstrate that our approach outperforms existing methods in prediction accuracy (87.5%), path quality (4.4/5), and learning efficiency (24.6% improvement). The implemented system supports real-time adaptation based on performance and cognitive state, resulting in reduced frustration, higher engagement, and improved knowledge retention. This research contributes to both theoretical understanding of learning processes and practical implementation of next-generation adaptive educational technologies.",Personalized learning,Sci Rep,England,2025,Journal Article,unknown,10.1038/s41598-025-10497-x
The combined impact of AI and VR on interdisciplinary learning and patient safety in healthcare education: a narrative review,Chance EA.,"INTRODUCTION: The increasing integration of Artificial Intelligence (AI) and Virtual Reality (VR) in healthcare education offers innovative ways to enhance collaborative learning and improve patient safety. This narrative review examines the synergistic impact of AI-powered virtual reality (VR) simulations, such as those used in surgical training and patient communication, on knowledge acquisition, clinical skill development, and collaborative competencies among healthcare students. It also explores long-term knowledge retention, ethical considerations within virtual scenarios, and the psychological impact of high-stakes simulations on learner resilience. METHODS: This review is distinguished by its exhaustive literature search, which spanned PubMed, CINAHL, Scopus, Google Scholar, and other pertinent databases, to identify studies published between 2005 and 2024. The distinct focus on AI and VR interventions in healthcare education, particularly those with outcomes related to interdisciplinary learning or patient safety, distinguishes this review. Data were thematically analyzed across domains, including adaptive learning, technical skill development, teamwork, patient safety, and ethics. RESULTS: The findings of this review carry significant practical implications. Five key themes emerged: adaptive learning (n = 17), immersive skill development (n = 10), teamwork enhancement (n = 10), patient safety (n = 18), and ethical considerations (n = 21). These themes underscore the potential of AI and VR in healthcare education. AI-driven adaptive systems enabled personalized VR training, enhancing engagement and knowledge retention. Real-time AI feedback during simulations improved decision-making in safe, controlled environments. Interdisciplinary team simulations enhanced communication and collaboration, which are crucial for effective clinical care. Ethical modules embedded in VR scenarios promoted moral reasoning. Several studies also reported increased learner confidence in performing clinical procedures following VR training, suggesting enhanced preparedness for practice. CONCLUSION: The integration of AI and VR holds the potential to revolutionize healthcare education, fostering personalized, immersive, and ethically informed learning. These technologies enhance technical proficiency and equip students with the complex demands of modern clinical practice. Strategic implementation can contribute to error reduction, improved patient outcomes, and a culture of safety. However, the journey is not over. Continued research is crucial for assessing the long-term outcomes and cost-effectiveness of these educational innovations, as well as for keeping pace with the rapidly evolving field of AI and VR in healthcare education.",Virtual reality (VR),BMC Med Educ,England,2025,Review,unknown,10.1186/s12909-025-07589-7
Innovative Application of Mobile Health Management Combined with the Teach-Back Method in the Rehabilitation of Pelvic Floor Muscle in Postpartum Women with Urinary Incontinence,"Xiao X, Zhang CH, Yang YM, Yan WW, Li XJ, Shang HL.","INTRODUCTION AND HYPOTHESIS: This study aimed to evaluate the combined effect of the teach-back method and a mobile application on maternal pelvic floor muscle rehabilitation, with a focus on reducing urinary incontinence and establishing an optimal health education approach. METHODS: From January 2022 to January 2023, a total of 90 postpartum women were randomly assigned to either a control or an intervention group. The control group received standard pelvic floor exercises and health education, while the intervention group received additional education utilizing the teach-back method in conjunction with a mobile application. Outcomes assessed included urinary incontinence, pelvic floor muscle function, knowledge acquisition, and exercise compliance. RESULTS: The intervention group demonstrated significantly better outcomes compared to the control group in primary measures. Specifically, the degree of urinary incontinence, as assessed by the 1-h urine pad test, was lower in the intervention group (3.2 ± 1.1 g) than in the control group (4.8 ± 1.3 g), and pelvic floor muscle function, measured by the Oxford muscle strength score, was higher in the intervention group (4.2 ± 0.6 grade) compared to the control group (3.1 ± 0.8 grade) (p < 0.01). For secondary outcomes, the knowledge mastery rate was higher in the intervention group (82.0%) than in the control group (66.4%), and exercise compliance was also significantly improved in the intervention group (p < 0.05). Additionally, the severity of urinary incontinence was found to be negatively correlated with pelvic floor muscle function, while increased awareness was identified as a positive predictor of compliance. CONCLUSIONS: The teach-back method combined with mobile apps can effectively reduce the degree of urinary incontinence, promote the recovery of pelvic floor function, and improve rehabilitation cognition and compliance. The research reported in this publication was approved by the self-funded research project of Handan Bureau of Science and Technology, Hebei Province, China,project number: 22422083030ZC.",Teach-back method,Int Urogynecol J,England,2025,Randomized Controlled Trial,unknown,10.1007/s00192-025-06229-4
Effectiveness of m-Learning in Enhancing Knowledge Retention for Nurses' Lifelong Learning: Quasi-Experimental Study,"Cunha DJ, Machado P, Padilha JM.","BACKGROUND: The current information and communication technologies, digital literacy, and ease of access to communication and information devices by nurses provide them with new ways and intention to access information for technical-scientific updating, ensuring the quality and safety of health care. Mobile learning (m-learning) offers a flexible and accessible alternative for continuing professional education, overcoming barriers such as time constraints and financial burden. OBJECTIVE: This study aimed to evaluate the effectiveness of m-learning in nurses' knowledge retention of chronic obstructive pulmonary disease self-management, using a Massive Open Online Course with integrated virtual clinical simulation. METHODS: A quasi-experimental pre- and posttest study was conducted, with no control group, among 168 nurses from a Portuguese hospital. The intervention included an asynchronous online course with 13 modules. Knowledge retention was assessed by comparing the mean scores before and after the course. RESULTS: The results indicated a significant increase in knowledge retention. The participants' average score increased from 59.97% in the initial assessment to 84.05% in the final assessment (P<.001). Nurses with a master's degree exhibited a higher level of basic knowledge than those with a bachelor's degree. The course completion rate was 93.45%, reflecting significant engagement attributed to gamification and clinically relevant content. CONCLUSIONS: This study confirms the effectiveness of m-learning in improving knowledge retention in nursing. This strategy is a valuable approach to lifelong learning, promoting quality and safety in delivering health care. m-learning is useful in nurses' lifelong learning, offering flexibility and more effective support for clinical practice. Integrating virtual simulation and gamification boosted motivation and reduced drop-out rates, highlighting the potential of m-learning in lifelong learning in health care.",nursing,JMIR Nurs,Canada,2025,Journal Article,unknown,10.2196/72957
Game-based learning in orthopaedics: A comprehensive review,"Chung MMT, Leung F, Wong JSH, Wong TM.","Game-based learning (GBL) has emerged as a transformative approach in medical education. It has a useful role in orthopaedic education, where the acquisition of both complex knowledge and technical skills is paramount. This comprehensive literature review explored the current modalities of GBL in orthopaedic training, including gamified knowledge review and formative assessment, gamification of surgical training tasks, simulation-based training game, and virtual and augmented reality (VR/AR) games. Gamification of knowledge review and formative assessment platforms incorporates game elements such as leaderboards and challenges into educational activities, fostering learners' engagement during knowledge acquisition. Gamification of surgical training tasks provides an alternative to traditional mode of learning inside operating theatres via gamified approaches such as timed practice, puzzle games and escape rooms. Simulation-based games provide structured environments for practicing surgical techniques, offering objective assessments and feedback to identify areas for improvement. VR/AR technologies further enhance orthopaedic education by creating immersive, interactive simulations that mimic clinical scenarios, enabling trainees to build foundational surgical skills in a safe, controlled environment. Furthermore, this article discusses the benefits and limitations of GBL, and the future directions of development in the context of orthopaedics. GBL modalities have demonstrated significant benefits, including improved psychomotor skills, cognitive engagement, and motivation among trainees. However, barriers such as high costs, technical challenges, and the ceiling effect, where additional training yields diminishing returns, limit widespread adoption. Additionally, long-term outcomes such as skill retention and transferability to live surgery require further investigation. Future advancements in GBL are expected to integrate cutting-edge technologies like artificial intelligence and haptic feedback into VR/AR systems, enhancing realism and effectiveness. With wider adoption, more accessible innovations and development of standardized orthopaedic training frameworks incorporating GBL modalities, GBL can be an important adjunct in preparing the next generation of orthopaedic surgeons in the modern era of orthopaedic education.",Simulation training,J Clin Orthop Trauma,India,2025,Journal Article,unknown,10.1016/j.jcot.2025.103109
Robotics Use in the Care and Management of People Living With Diabetes Mellitus: A Scoping Review,"Al Bayrakdar A, Dragone M, Colquhoun G, McConnell A, King M, Paterson R.","BACKGROUND: Diabetes prevalence is rising and projected to affect 783 million globally by 2045. Effective diabetes self-management relies on diabetes knowledge, lifestyle modifications, and health care support; yet global health care workforce shortages hinder the provision of adequate care. Socially assistive technologies, such as robots or artificial intelligence, are proposed as potential solutions to meet rising demands. AIM AND METHODS: To map the current literature on Socially Assistive Robots for diabetes care, identifying robotic types, barriers and enablers to use, and impact on health-related outcomes. A scoping review using Arskey and O'Malley's Framework was conducted, screening studies published between 2013 and 2025 across key databases and extracting data using COVIDENCE. RESULTS: Twenty-two studies met the inclusion criteria, mostly focused on children with type 1 diabetes. Studies were largely conducted in Europe, cross-sectional, and with small sample sizes. Socially assistive robots demonstrated high acceptability, especially among younger children, positively affecting knowledge acquisition, self-management, and self-efficacy. Personalized interactions, gamified features, and emotional responsiveness were key enablers of engagement. However, engagement waned over time, particularly when participants' practical and emotional expectations were unmet. Barriers included usability challenges, privacy concerns, and lack of customization. Economic and sustainability evaluations were absent. CONCLUSIONS: Despite growing evidence for robotics in diabetes care, research remains methodologically limited and focused primarily on younger populations. Future studies should include adults, employ multi-faceted robotics designs, and be adequately powered to assess acceptability and efficacy across diverse groups, facilitating broader application in diabetes care.",social robot,J Diabetes Sci Technol,United States,2025,Review,unknown,10.1177/19322968251356298
Improvement of English-Chinese bilingual learning by integrating semantic analysis and neural machine translation,"Zhao Y, Wang Q.","To improve the effectiveness of English-Chinese bilingual learning, this study introduces an optimization model that combines semantic analysis with neural machine translation (NMT). A series of comprehensive experiments were conducted to evaluate its performance. The results demonstrated that the proposed model outperformed existing approaches across multiple key metrics, including reading comprehension, translation accuracy, and learning efficiency. Specifically, the optimized model achieved a reading comprehension score of 85.0, a grammar accuracy rate of 82.5%, and a vocabulary score of 80.1. For translation performance, it attained a sentence-level accuracy of 84.3%, paragraph coherence of 81.5%, and a cultural understanding score of 78.9. In terms of learning efficiency, the model reduced average learning time to 45.3 min, reached a knowledge retention rate of 80.2%, and improved autonomous learning ability to 78.5%. Learner satisfaction also improved, with an interest level score of 4.3, a teaching method satisfaction score of 4.0, and an overall satisfaction score of 4.2 (on a 5-point scale). Compared with rule-based translation systems and models using word embeddings or basic neural networks, the proposed model demonstrated clear advantages in all areas of evaluation. Overall, this study offers a valuable contribution to the advancement of computer-assisted language learning technologies.",Neural machine translation,Sci Rep,England,2025,Journal Article,unknown,10.1038/s41598-025-12614-2
'Removing a Blindfold': Perspectives of Physical Therapists After Completing the PEAK-Portuguese E-Learning Course,"Almeida Silva HJ, Saragiotto BT, Fernandes LG, Perea JPM, Ferrari AV, Locatelli IP, Hinman RS, Salvini TF.","PURPOSE: Physical therapists report reduced confidence and skills in delivering evidence-based knee osteoarthritis care. The Physiotherapy Exercise and Physical Activity for Knee Osteoarthritis (PEAK) is a free online course available in four languages that aims to train physical therapists in evidence-based practice for managing knee osteoarthritis. The Portuguese adaptation (PEAK-PT) has not been evaluated yet. This study explored the facilitators and barriers reported by physical therapists after completing the PEAK-PT e-learning course. MATERIALS AND METHODS: This qualitative study with semi-structured interviews involved 20 Portuguese-speaking physical therapists. Participants were predominantly females with an average age of 34 years who had completed the PEAK-PT 3 months before the interview. Data were analysed using a content analysis method proposed by Bardin. RESULTS: Five themes were identified as facilitators: (1) Knowledge acquisition and transmission, (2) Interactive and visually appealing resource, (3) Language accessibility, (4) Partially self-paced and (5) Increased clinical confidence online and offline. Three themes were identified as barriers: (1) Lack of formal recognition of completion, (2) Language inaccessibility and (3) Time constraint. CONCLUSION: The PEAK-PT elicited positive experiences related to content organisation and presentation, learning outcomes and clinical confidence. Physical therapists may benefit from this tool to provide evidence-based education to individuals with knee osteoarthritis.",physical therapy,Musculoskeletal Care,England,2025,Journal Article,unknown,10.1002/msc.70163
Problem-Based Learning and Case-Based Learning in Clinical Practical Teaching for Gynecology Residents: A Narrative Review,"Zhu Y, Zhang J, Fei J, Fang H, Zhang Z.","BACKGROUND: Gynecology residency training necessitates a robust educational framework to cultivate clinical competency, critical thinking, and problem-solving skills. Traditional lecture-based teaching methods are deficient in fostering active learning and clinical decision-making. Problem-based learning (PBL) and case-based learning (CBL) have emerged as learner-centered approaches that enhance medical education by integrating theoretical knowledge with clinical practice. This review aims to explain the efficacy, implementation frameworks, challenges, and comparative value of PBL and CBL in gynecology residency education, and explores the role of instructional technology integration. METHODS: A systematic literature search was conducted across PubMed, ERIC, Scopus, Embase, and EBSCO (January 2010-January 2025) using keywords: ""problem-based learning"", ""case-based learning"", ""gynecology education"", ""residency training"". Inclusion criteria encompassed studies on PBL/CBL interventions in gynecology residency with qualitative/quantitative outcomes. Ten articles met the criteria after screening. RESULTS: Both PBL and CBL significantly outperform in enhancing clinical decision-making, differential diagnosis, knowledge retention, procedural planning, and long-term knowledge application. PBL utilizes open-ended problems to cultivate self-directed learning, critical thinking, and collaborative problem-solving (eg, managing complex AUB etiologies). CBL employs structured clinical cases to bridge theoretical knowledge with practical application, improving diagnostic reasoning and patient management skills. Key implementation frameworks involve careful pre-session preparation, facilitator-guided discussions on authentic cases, and structured feedback. Challenges include significant faculty time for case design/facilitation, resource intensity, and competency assessment. PBL fosters deep theoretical understanding, while CBL excels in clinical skill translation. Integrating both approaches creates a balanced curriculum. Augmenting PBL/CBL with simulation, flipped classrooms, mobile learning, and AI enhances accessibility, personalization, and procedural skill practice. CONCLUSION: PBL and CBL are transformative pedagogical strategies for gynecology residency training, effectively developing competencies needed for complex clinical practice. Successful implementation requires rigorously designed cases, faculty trained in facilitative guidance, and strategic technology integration. These approaches prepare residents not only as skilled technicians but as adaptable, patient-centered practitioners capable of navigating evolving healthcare challenges. Investment in faculty development and technology-enhanced PBL/CBL models is crucial for advancing gynecologic education globally.",problem-based learning,Adv Med Educ Pract,New Zealand,2025,Review,unknown,10.2147/AMEP.S534053
"Assessing medical students' attitudes, performance, and usage of ChatGPT in Jeddah, Saudi Arabia","Alammari D, Alamari E, Alamri R, Alharbi R, Felimban J, Aljohani J.","BACKGROUND: ChatGPT, an advanced AI language model, has the potential to significantly enhance medical education by supporting clinical decision-making, facilitating knowledge acquisition, and improving learning outcomes. However, there remains a gap in understanding the risks and concerns surrounding the use of ChatGPT, as well as its impact on the quality of medical education in Jeddah, Saudi Arabia. This study investigates the role of ChatGPT in local medical education, offering insights into medical students' attitudes and performance concerning the integration of AI into the medical curriculum. METHODS: This cross-sectional study was conducted from March to May 2024. It was approved by the institutional review board. An online survey was distributed to medical students in Jeddah to collect data on their awareness of ChatGPT and its impact on their attitudes and performance. The survey, which included 28 items across 2 sections was developed. For data analysis, Statistical Package for Social Sciences (SPSS) software (version 27.0) was used to conduct statistical analysis. RESULTS: The final sample comprised 420 participants, of whom 84.3% had heard of ChatGPT, while 74.9% had used it prior to the study. The majority of participants were aged 18-21 (50.5%). Higher GPA and academic progression were significantly associated with greater awareness and performance related to ChatGPT. Additionally, privacy concerns, willingness to incorporate ChatGPT into learning and research, and perceptions of its ease of use were significantly correlated, with a p-value < 0.05. CONCLUSION: The findings indicate a generally positive perception of ChatGPT among medical students, particularly as they progress in their studies. Associations were observed between ChatGPT usage and students' academic standing and attitudes toward AI. While the ease of use was appreciated, concerns regarding privacy, ethical implications, and data security were also prominent, reflecting global trends. Further longitudinal and experimental research is necessary to better understand the educational implications of ChatGPT and to ensure its responsible integration into medical curricula.",medical students,Front Artif Intell,Switzerland,2025,Journal Article,unknown,10.3389/frai.2025.1577911
Can the mind perception of perceived artificial intelligence-generated content alleviate involution anxiety? A longitudinal study with social support as a mediator,Xie Z.,"Involution anxiety, characterized by heightened stress and competition in educational and professional settings, is a significant psychological trait in contemporary society. However, under the backdrop of Artificial Intelligence-Generated Content (AIGC), this issue has not been extensively discussed. Building on mind perception theory and social support theory, this research collected 1126 valid surveys and conducted a longitudinal study over two waves within two interaction scenarios - virtual companionship and knowledge acquisition. This study investigates whether the mind perception of perceived AIGC can alleviate involution anxiety, with social support as a mediating variable. Results from cross-lagged panel analysis revealed that in the virtual companionship scenario, mind perception significantly reduced involution anxiety over time (β from -0.205 to -0.221, p < 0.001) and positively predicted perceived social support (β from 0.297 to 0.323, p < 0.001), which also negatively predicted involution anxiety (β from -0.346 to -0.390, p < 0.001). In contrast, in the knowledge acquisition scenario, mind perception unexpectedly increased involution anxiety (β from 0.190 to 0.218, p < 0.05), and its association with social support was non-significant. However, social support still showed a negative association with involution anxiety (β from -0.243 to -0.276, p < 0.001). These findings suggest that AIGC's impact on involution anxiety is complex and scenario-dependent, emphasizing the importance of context in the integration of AI technologies into human social dynamics.",social support,Psychol Health Med,England,2025,Journal Article,unknown,10.1080/13548506.2025.2543906
"Multidimensional pedagogical framework for interprofessional education: Blending classroom, high fidelity and extended reality simulation","Mikkonen K, Liaw SY, Spirgienė L, Subočius A, Ignatavičius P, Blažauskas T, Riklikienė O.","The growing complexity of healthcare systems and the imperative for collaborative practice underscore the pressing need to innovate interprofessional education. This paper presents a multidimensional pedagogical framework that integrates blended classroom-based learning, high-fidelity simulation (HFS), and AI-enhanced extended reality (XR) technologies to develop interprofessional competences and improve preparedness for emergency care. Grounded in socio-constructivist and student-centred educational theories, the approach combines theoretical knowledge acquisition with immersive and experiential learning environments that reflect the realities of clinical practice. HFS provides a controlled setting to cultivate critical thinking, decision-making, and collaborative skills. In parallel, AI-enhanced XR introduces adaptive, gamified scenarios that foster digital competence, emotional resilience, and situated cognition. Together, these elements form a cohesive educational strategy that prepares nursing, midwifery, and medical students for high-stakes clinical situations such as anaphylaxis and trauma care. The framework contributes to enhanced patient safety, learner engagement, and the cultivation of future-ready professionals. It also responds to international calls for digital transformation and innovation in healthcare education. By harmonising traditional teaching methods with emerging technologies, this framework offers a globally relevant, scalable solution for advancing interprofessional learning across diverse healthcare contexts.",Simulation,Nurse Educ Today,Scotland,2025,Journal Article,unknown,10.1016/j.nedt.2025.106838
Innovative Applications of Technology-Assisted Health Education: A New Approach to Promoting Health Knowledge,"Hu WP, Yeh JH, Mu SC, Chiang TC.","The integration of digital technology into health education is revolutionizing knowledge dissemination and public engagement. Traditional health education methods, such as lectures, pamphlets, and static images, often fail to captivate learners and ensure long-term knowledge retention. This study explores the use of a virtual dissection table as an interactive tool for public health education, leveraging 3D anatomical visualization to enhance comprehension, engagement, and knowledge retention. This study examines the effectiveness of technology-assisted learning in improving public health literacy.",Virtual Dissection Table,Stud Health Technol Inform,Netherlands,2025,Journal Article,unknown,10.3233/SHTI251354
Technology Integration in Syrian Medical Education From the Perspective of Students and Faculty: A Cross-Sectional Evaluation,"Hassoun S, Dashash M, Baddour A.","BACKGROUND: Technology-enhanced learning (TEL) has become increasingly vital in global medical education, offering significant advantages in knowledge acquisition, communication, motivation, and student engagement. In Syria, a country facing prolonged crises, there is an urgent need to evaluate the integration of technology within medical education to address institutional limitations and support student learning. OBJECTIVE: The aim of this study is to evaluate the awareness, perceived challenges, and needs regarding the integration of technology in medical education from the perspectives of students and faculty at Syrian medical colleges. METHODS: A cross-sectional survey was conducted during the 2023-2024 academic year across Syrian universities. Stratified random sampling was used to recruit 500 medical students and 200 faculty members. Two tailored, self-administered questionnaires were used, covering motivation, perceived benefits, challenges, and suggestions for technology integration. Validity was assessed through expert review and pilot testing (n=30), and internal consistency was confirmed (Cronbach α=0.6-0.7). Quantitative data were analyzed using descriptive statistics, t tests, ANOVA, and Kruskal-Wallis tests. RESULTS: Among medical students, 94% (470\500) agreed that integrating technology into medical education is essential, with similar agreement from 93.5% (187\200) of faculty. No significant differences were found in student responses based on specialization (P=.32) or university type (P=.11). Likewise, faculty perspectives did not significantly differ by academic qualification or years of experience (P>.05). There were several perceived benefits; for instance, 93.2% (n=466) of students reported that technology kept them up to date with new developments, 88% stated it enhanced research skills, and 86.8% found TEL more enjoyable than traditional learning methods. Most respondents (95% n=475) said TEL created a flexible, interactive environment. Among faculty, 77% (n=154) agreed TEL improves clinical skill development. Respondents noted there were some challenges; specifically, 57% (n=285) of students cited poor internet service, 33% (n=165) noted the financial burden, and 82.2% (n=411) called for behavioral guidelines. Among faculty, 85.5% (n=171) cited lack of institutional support and 90% (n=180) emphasized the need for training. Both groups supported the development of communication platforms, curriculum revisions, and faculty development programs. CONCLUSIONS: There is a strong consensus among Syrian medical students and faculty on the value and necessity of integrating technology in medical education. Despite infrastructure and administrative challenges, both groups recognize TEL as a powerful tool for improving clinical competencies, student motivation, and academic engagement. Institutional commitment, curricular reform, and tailored training are essential to achieving sustainable, effective technology integration.",technology-enhanced learning environments,JMIR Form Res,Canada,2025,Journal Article,unknown,10.2196/76958
Blended learning in practice-intensive medical education: A qualitative exploration of undergraduate medical imaging technology students' experiences,"Xiong Y, Wu N, Zhang Z, Wu W, Zhang X, Wang X, Peng G, Li W, Huang Y, Wang J, Sun J, Liu C, Yu R.","INTRODUCTION: Blended learning is increasingly adopted in health professions education, yet its efficacy in practice-intensive fields like Medical Imaging Technology (MIT) remains underexplored. This study investigates undergraduate MIT students' perceptions of blended learning, with particular focus on its influence on engagement, academic performance, and skill acquisition. METHODS: This study employed a descriptive phenomenological design to explore students' lived experiences in a blended learning environment. Sixteen undergraduate students (8 females, 8 males) from various academic years at Chongqing Medical University participated. All had prior exposure to blended learning in at least two courses. Data were collected via semi-structured interviews and analyzed using thematic analysis to identify recurring themes. RESULTS: Students highlighted the flexibility and accessibility of blended learning, emphasizing the advantages of recorded lectures, multimedia resources, and self-paced study for mastering complex theoretical concepts. However, significant limitations were identified: lack of hands-on practice with imaging equipment, reduced peer interaction, and challenges in maintaining self-discipline in autonomous online settings. These factors hindered engagement and development of practical competencies essential to MIT training. CONCLUSION: While blended learning supports theoretical knowledge acquisition through flexible and diverse learning resources, it falls short in cultivating essential practical skills for MIT students. An overreliance on virtual modalities without adequate hands-on training risks compromising clinical readiness. IMPLICATIONS FOR PRACTICE: To enhance its effectiveness in MIT education, blended learning should be strategically integrated with in-person clinical practicums and structured mentorship. Incorporating interactive simulations, guided skill labs, and real-time feedback mechanisms can bridge the gap between theory and practice, ensuring students are better equipped for professional clinical environments.",Student engagement,Radiography (Lond),Netherlands,2025,Journal Article,unknown,10.1016/j.radi.2025.103115
A Gamified Cardiometabolic Health Curriculum Utilizing a Student Response System for Internal Medicine Residents,"Hsieh JJ, Bagha Z, Weintraub S, Jnani J, Block L.","INTRODUCTION: Cardiovascular disease is frequently addressed in primary care, and professional association guidelines dictating the standard of care frequently change. Teaching clinical practice guidelines to residents remains important to promote knowledge retention and subsequent implementation in patient care. Gamification utilizes social elements and technology to promote accessible and active learning that enhances learner confidence, engagement, and knowledge. Data assessing gamification in teaching guideline-based care remains limited. We evaluated a gamified cardiometabolic health curriculum utilizing a student response system (SRS) to assess the benefits of gamification in teaching guidelines to internal medicine residents.  Methods: We developed a gamified cardiometabolic health curriculum for categorical residents in internal medicine utilizing KAHOOT!® (Oslo, Norway). KAHOOT!® is an SRS where learners utilize their mobile devices to answer questions. Speed and accuracy contributed to placement on a digital leaderboard. Our curriculum consisted of one academic half-day with five 45-minute virtual didactics reviewing guideline-based management of type 2 diabetes mellitus (T2DM), hypertension, hyperlipidemia, metabolic-associated fatty liver dysfunction (MAFLD), and weight management. KAHOOT!® was selected to promote ease of participation. The gamified format was compared to a traditional slide-based format. Residents are randomly assigned one of five clinic groups. Three groups received the gamified format, and two received the traditional format, without crossover. Residents were invited to complete anonymous pre- and post-surveys, which collected quantitative data such as Likert scale ratings of confidence and satisfaction with learning and test performance. RESULTS: All residents (108 of 108) received the curriculum. Around 59% (64) received the gamified format, and 44 (41%) received the traditional format. Pre-post surveys were compared via a matched analysis. Anonymous surveys were matched via a code provided by each resident, and residents who completed only one of the two surveys were excluded. Likert scale ratings of confidence in management increased for hypertension, hyperlipidemia, MAFLD, and weight management, but not for T2DM, likely as T2DM had the lowest number of matched resident pairs analyzed. Comparing gamified and traditional formats, there was no difference in the post-curricular change in absolute score on board-style questions or increase in Likert scale ratings of confidence. A majority of residents (90.9%) who received the gamified format found it engaging, while a minority (14.2%) of residents who received the traditional format found it engaging. Analysis was limited by a low response rate of 21.6%. Anonymous pre-post surveys limited the assessment of non-response bias and whether respondent characteristics differed from those of non-respondents. DISCUSSION: A gamified format was similar to a traditional format in increasing resident confidence in managing cardiometabolic health conditions and knowledge of guidelines. A gamified format was felt to be more engaging. Although the low response rate limits generalizability, we present initial data supporting the efficacy of a virtual gamified curriculum utilizing an SRS to teach clinical practice guidelines. Future avenues for study include assessments of long-term knowledge retention and whether engagement translates to increased learner participation.",virtual learning,Cureus,United States,2025,Journal Article,unknown,10.7759/cureus.87718
Need for generational shift in teaching methods and its application in orthopedics: Why medical education should keep up with GenerationZ,"Priyanshu, Barik S, Dubepuria A, Mohabey A, Madegowda A, Das LS.","The rapid integration of Generation Z (GenZ) into medical education has highlighted the need for a transformative shift in teaching methodologies, particularly in specialized fields like orthopedics. As digital natives, GenZ learners-born between 1995 and 2010-exhibit distinct preferences for interactive, technology-driven, and self-directed learning, rendering traditional lecture-based models increasingly obsolete. This scoping review explores the pedagogical implications of GenZ's learning traits and advocates for a generational shift in orthopedic education to align with their cognitive styles and career aspirations. GenZ students thrive in environments that use digital tools such as virtual reality, augmented reality, and gamified platforms, which provide immersive, risk-free surgical simulations and improve procedural mastery. Microlearning techniques, including bite-sized videos and infographics support their shorter attention spans and improve retention of complex topics like fracture classifications and biomechanics. Collaborative learning strategies, such as team-based problem-solving and peer-teaching models, resonate with their preference for social interaction and teamwork. Additionally, adaptive learning systems powered by artificial intelligence offer personalized study plans, addressing individual strengths and weaknesses. The review demonstrates the importance of early clinical exposure and simulation-based training to bridge theory and practice, encouraging pragmatic, career-ready professionals. Educators, particularly millennials, must embrace digital fluency and mentorship to create learner-centered environments. By integrating these innovations-flipped classrooms, gamification, and on-demand resources-orthopedic education can lead to engagement, knowledge retention, and clinical preparedness. Ultimately, this generational shift is imperative to equip future orthopedic surgeons with the skills demanded by modern healthcare. Embracing technology, interactivity, and personalized learning will redefine training approaches, ensuring optimal educational outcomes and patient care for the next generation of medical professionals.",Teaching,J Clin Orthop Trauma,India,2025,Journal Article,unknown,10.1016/j.jcot.2025.103139
Effectiveness of a Learning Pathway on Food and Nutrition in Amyotrophic Lateral Sclerosis,"Coutinho KMD, Rabelo H, Fernandes F, Coutinho KD, Valentim RAM, Dias AP, Valentim JLRDS, Batista NADN, Romão MH, Cunha PSD, Cunha-Oliveira A, Henriques S, de Melo LP, Vale SHL, Leite-Lais L, de Lima KC.","Background/Objectives: Health education plays a vital role in training health professionals and caregivers, supporting both prevention and the promotion of self-care. In this context, technology serves as a valuable ally by enabling continuous and flexible learning. Among the various domains of health education, nutrition stands out as a key element in the management of Amyotrophic Lateral Sclerosis (ALS), helping to prevent malnutrition and enhance patient well-being. Accordingly, this study aimed to evaluate the effectiveness of the teaching and learning processes within a learning pathway focused on food and nutrition in the context of ALS. Methods: This study adopted a longitudinal, quantitative design. The learning pathway, titled ""Food and Nutrition in ALS,"" consisted of four self-paced and self-instructional Massive Open Online Courses (MOOCs), offered through the Virtual Learning Environment of the Brazilian Health System (AVASUS). Participants included health professionals, caregivers, and patients from all five regions of Brazil. Participants had the autonomy to complete the courses in any order, with no prerequisites for enrollment. Results: Out of 14,263 participants enrolled nationwide, 182 were included in this study after signing the Informed Consent Form. Of these, 142 (78%) completed at least one course and participated in the educational intervention. A significant increase in knowledge was observed, with mean pre-test scores rising from 7.3 (SD = 1.8) to 9.6 (SD = 0.9) on the post-test across all courses (p < 0.001). Conclusions: The self-instructional, technology-mediated continuing education model proved effective in improving participants' knowledge about nutrition in ALS. Future studies should explore knowledge retention, behavior change, and the impact of such interventions on clinical outcomes, especially in multidisciplinary care settings.",online learning,Nutrients,Switzerland,2025,Journal Article,unknown,10.3390/nu17152562
The impacts of augmented reality teaching tools in health professional education,"Chow AK, Sharmin N.","OBJECTIVE: Augmented reality (AR) has successfully facilitated clinical training in health professional education. This technology can also accelerate non-clinical classroom education by improving students' spatial understanding and mental rotation skills, essential for many health professional education programs, including dental hygiene. However, this use has been relatively less explored and evaluated. This review investigates the effectiveness of AR-based tools in non-clinical didactic teaching. METHODS: A literature search was conducted in 3 databases using the search terms ""augmented reality,"" ""classroom teaching,"" and ""health professional education."" Articles were screened first by the title and then by full-text review to identify reports that met the inclusion criteria and were relevant to the research questions. RESULTS: Nineteen articles were included in the narrative review. AR Magic Mirror and ARBOOK were found to be the 2 most-used AR tools in didactic teaching. AR-based teaching tools can reduce cognitive loads and improve knowledge acquisition, spatial understanding, mental rotation skills, attention, motivation, confidence, and satisfaction. DISCUSSION: AR tools can significantly improve students' learning experiences compared to traditional teaching methods in health professional education. As most AR-based teaching tools are focused on teaching anatomy, many health professional education programs can benefit from these tools. However, qualitative exploration of student and faculty perspectives and development costs are absent from the literature. CONCLUSION: Didactic learning of basic science concepts such as anatomy is essential to many health professional education programs, including dental hygiene. Dental hygiene can largely benefit from incorporating AR-based teaching tools into classroom education.",teaching method,Can J Dent Hyg,Canada,2025,Review,unknown,
Toward an Understanding of the Lack of Transmission of Facts About Human Papillomavirus: Qualitative Case Study,"Bitar H, Alismail S.","BACKGROUND: Human papillomavirus (HPV) is the primary cause of cervical cancer, a largely preventable disease. Although extensive information about HPV is available and could help women prevent infection, a widespread lack of knowledge transmission hinders many women in Saudi Arabia from taking necessary preventive steps. Previous studies have reported low levels of HPV awareness among women in Saudi Arabia, highlighting the importance of understanding the barriers to effective information dissemination. Identifying the factors that influence the transmission of HPV-related knowledge is essential for designing targeted and impactful public health interventions. OBJECTIVE: This study aimed to explore the factors that either block or facilitate the transmission of HPV-related facts among women in Saudi Arabia, using the HPV facts transmission model as a theoretical framework. METHODS: A qualitative case study design was used, involving semistructured interviews with 20 women in Saudi Arabia aged 23 to 42 years. Participants were recruited using convenience and snowball sampling. The data were analyzed using pattern matching to assess how participant responses aligned with 11 predefined propositions from the HPV facts transmission model, which integrates individual and social influences on health information-seeking behavior. RESULTS: Of the 11 propositions, 8 (73%) were supported by the data. Five were individual-level factors (personal need to learn, stigma, language barriers, technology use, and individual qualities), while 3 were social-level factors (social promotion, social support, and cultural norms). These factors were classified as barriers, resources, or both, depending on their influence on women's intention to seek HPV-related knowledge. For instance, personal motivation, curiosity, and digital access facilitated knowledge acquisition, while stigma, limited Arabic-language resources, and conservative social norms served as major deterrents. Three propositions (social structure, suppression structure, and interaction or collaboration) did not align with participant experiences and were excluded from the final model. CONCLUSIONS: Understanding these barriers and resources is essential for developing targeted interventions to improve HPV knowledge dissemination. Strategies should include culturally appropriate awareness campaigns, accessible Arabic-language educational materials, and the integration of digital tools to encourage confidential learning. Addressing stigma through community engagement and structured education programs can further enhance HPV fact transmission, ultimately supporting informed decision-making and preventive health behaviors among women in Saudi Arabia.",lack of knowledge,JMIR Cancer,Canada,2025,Journal Article,unknown,10.2196/64183
Restructuring Physical Therapy Education After COVID-19: A Narrative Review on the Global Perspectives and the Emerging Role of Hybrid Learning Models,Kikuchi K.,"The COVID-19 pandemic rapidly transformed physical therapy (PT) education from traditional face-to-face instruction to online and hybrid models worldwide. While online education effectively supports theoretical knowledge acquisition, it falls short in developing hands-on clinical skills, highlighting the necessity of integrating in-person training. Various countries reported benefits and challenges of online learning, including issues with learning environments, faculty ICT skills, and student motivation. Hybrid education models combining online lectures with practical face-to-face sessions emerged as optimal solutions. Future PT education requires flexible, sustainable, and learner-centered approaches grounded in educational technology and human-centered design. Key priorities include standardizing hybrid models, enhancing faculty support, reforming assessment methods, and ensuring equitable access to digital resources. Overall, PT education faces a pivotal opportunity to evolve into a resilient system balancing educational quality with accessibility and adaptability, guided by comprehensive, evidence-based strategies.",student motivation and engagement,Cureus,United States,2025,Review,unknown,10.7759/cureus.88034
Effect of simulation-based perioperative education on the acquisition of self-competence and knowledge among undergraduate student nurses: a randomised controlled study,"Bwanali RK, Msiska G, Urstad KH, Bø B, Chimwaza A.","BACKGROUND: Perioperative nurses need knowledge of surgical processes, medical and surgical conditions, anaesthesia, and the technological advancements that are necessary in managing patients. In Malawi, lack of access to specialised training and poor learning conditions in hospitals compromise the ability of student nurses to acquire the required knowledge and competencies, highlighting a need for innovations in the teaching and learning of perioperative nursing. Studies have demonstrated that simulation offers many advantages as a teaching strategy. Therefore, this study aimed at assessing the effect of simulation-based perioperative nursing education among undergraduate student nurses. METHODS: This study utilised a test‒retest randomised controlled trial to assess the effect of simulation-based education on the acquisition of self-competence and knowledge. The study utilised an adapted Malawian student version of the Perceived Perioperative Competence Scale-Revised (PPCS-R) for self-competence and a knowledge test to assess the gain in knowledge. The World Health Organisation’s Surgical Safety Checklist (WHO SSCL) was implemented in a simulated hernia repair scenario with a total of 52 student nurses. RESULTS: The findings of this study showed that the simulation of the WHO SSCL significantly improved self-competence and knowledge acquisition. CONCLUSION: These findings suggest that student nurses can improve their self-competence and acquire new knowledge by participating in the simulation of the WHO SSCL. Additionally, using the WHO SSCL-based simulation could enhance knowledge and promote the use the checklist. SUPPLEMENTARY INFORMATION: The online version contains supplementary material available at 10.1186/s12912-025-03751-0.",Simulation,BMC Nurs,England,2025,Journal Article,unknown,10.1186/s12912-025-03751-0
Enhancing Educational Outcomes Through Hybrid Simulation Methods,"Arroyo S, Garcia A.","PURPOSE: To investigate long-term effectiveness of immersive virtual reality (VR) compared with traditional learning methods in a radiography education program through a comparative longitudinal analysis. METHODS: For 3 years, educational outcomes, such as student engagement and knowledge retention, were assessed to determine the effects of hybrid simulation methods incorporating immersive VR. The study used Virtual Medical Coaching's X-Ray Pro VR software to integrate VR into the curriculum. RESULTS: The data and graphical analyses substantiate the effectiveness of the hybrid learning model over traditional physical methods in terms of academic and practical performance metrics, affective measures, and career preparedness. Students using a hybrid of VR and physical simulations had significantly higher mean posttest scores, mean practical exam scores, career readiness, internship performance, mean motivation level, and mean engagement level compared with the students who only used physical simulation machines (P < .001). DISCUSSION: The significant improvements in student engagement and retention observed in this study suggest that VR can effectively address some of the limitations of traditional learning methods. The immersive nature of VR might provide a more engaging and interactive learning environment, leading to better educational outcomes. These findings support the potential for VR to be a valuable tool in higher education, particularly in fields that benefit from simulation-based training. However, further research is needed to explore the practical challenges of implementing VR at scale and to evaluate its effectiveness across various educational disciplines. CONCLUSION: This study uniquely contributes to the literature by providing empirical evidence of the sustained benefits of VR in educational settings, highlighting its potential to transform learning experiences and outcomes. The implications of these results suggest the need for educational institutions to consider integrating VR technologies strategically into their curricula to optimize teaching and learning effectiveness.",virtual reality,Radiol Technol,United States,2025,Journal Article,unknown,
The analysis of producers' technology investment intentions within the framework of extended theory of planned behavior,"Mirza E, Bayramoğlu Z, Doğan HG, Candemir S, Ganiyusufoğlu A, Edirneligil A.","This study is based on the Theory of Planned Behavior and expands this main framework by including the constructs of education, knowledge acquisition and access to financial resources. In this study conducted on 270 farmers in Konya -an important agricultural region of Turkey-, a stratified sampling design was employed with a survey instrument adapted from previously validated measurements. Robust reliability and validity were confirmed for constructs related to attitude, subjective norms, perceived behavioral control, knowledge acquisition and access to financial resources through Partial Least Squares Structural Equation Modeling approach. The results obtained show that attitude, subjective norms and knowledge acquisition significantly increase the perceived behavioral control of farmers. On the other hand, there is an indirect relationship between perceived behavioral control and technology investment intention through the access to finance, which indicates that access to financial resources emerges as a pivotal factor determining technological investment intentions. These results imply that it is important to improve the farmers' financial capacity and information support to promote technology adoption. In this context, policy makers and agencies working in the field of agricultural development need to spearhead the process of the financial barriers and knowledge resources, by first selecting credit facilities, providing government subsidies and later knowledge transfer.",Türkiye,Acta Psychol (Amst),Netherlands,2025,Journal Article,unknown,10.1016/j.actpsy.2025.105455
"Retraction: Stimulating brand innovation strategy via knowledge acquisition, market orientation, and strategic capability using social media within China's online technology industry",Frontiers Editorial Office.,[This retracts the article DOI: 10.3389/fpsyg.2022.860307.].,,Front Psychol,Switzerland,2025,Retraction Notice,unknown,10.3389/fpsyg.2025.1675454
"The impact of an artificial intelligence enhancement program on healthcare providers' knowledge, attitudes, and workplace flourishing","Nofal HA, Mohamed AE, Almadani N, Mahfouz R, Bahri HA, Ali HT, Elrafey DS.","BACKGROUND: The integration of AI into healthcare influences healthcare providers' knowledge, attitudes, and workplace flourishing, grounded in key theoretical frameworks. Social cognitive theory suggests AI-enhanced programs may shape knowledge acquisition and decision-making. The Theory of Planned Behavior helps explain how perceptions of AI affect professional attitudes. Meanwhile, workplace flourishing aligns with positive organizational psychology, emphasizing autonomy and engagement factors potentially impacted by AI adoption. We aimed to examine the impact of artificial intelligence enhancement programs on the knowledge, attitudes, and workplace flourishing of healthcare providers. METHODS: The present study was a quasi-experimental study conducted on healthcare providers at Zagazig University Hospital. The data was gathered using a self-administered three-domain tool, including an artificial intelligence knowledge domain, general attitudes toward artificial intelligence domain, and a workplace flourishing domain. RESULTS: Regarding the artificial intelligence technologies knowledge, attitude, and flourishing at work scales, post-intervention scores of all domains showed a statistically significant increase compared to pre-intervention, with a percent increase in knowledge score, attitude, and flourishing at work score were 123.14, 74.28, and 10.63%, respectively. Post-intervention attitude score was significantly positively correlated with knowledge score (p = 0.001). In addition, age and years of experience were negatively correlated with changes in knowledge and attitude. CONCLUSION: Artificial intelligence training is essential for enhancing healthcare providers' knowledge and alleviating their concerns regarding its integration into healthcare. CLINICAL TRIAL REGISTRATION: Identifier PACTR202403647083094; https://pactr.samrc.ac.za/TrialDisplay.aspx?TrialID=27347.",workplace,Front Public Health,Switzerland,2025,Journal Article,unknown,10.3389/fpubh.2025.1639333
The Effect of Time Lapse Between Online Lectures and Clinical Practice on Medical Students' Performance in an Orthopedics Hybrid Course,"Bvonpanttarananon J, Anusitviwat C, Yuenyongviwat A, Yuenyongviwat V.","INTRODUCTION: The integration of technology in medical education has led to the adoption of hybrid teaching methods, combining online lectures with traditional face-to-face clinical practice. While this approach offers flexibility and safety, it raises questions about the impact of potential time lapses between theoretical learning and hands-on experience. This study aimed to investigate the effect of the time interval between online lectures and on-site clinical practice on medical students' performance in orthopedic rotation. METHODS: A retrospective study was conducted on 116 fifth-year medical students who completed their orthopedic rotation during the 2021/2022 academic year. Students underwent a one-week online course followed by three weeks of on-site clinical practice, with varying time lapses (0-38 weeks) between these periods. Performance was assessed through examinations including key features test (KF), multiple-choice questions (MCQ), multiple-essay questions (MEQ), objective structured clinical examination (OSCE), and long case examination. Spearman's rank correlation was used to analyze the relationship between time lapse and examination scores. RESULTS: The analysis revealed a significant negative correlation between the time lapse duration and KF scores (p < 0.05). However, no significant associations were found between time lapse and scores in MCQ, MEQ, OSCE, or long case examinations (p > 0.05). CONCLUSION: This study demonstrates that the time lapse between online lectures and clinical rotation in orthopedic education significantly impacts students' performance in key features tests. However, other examination scores remained unaffected. These findings highlight the need for careful scheduling and potential interventions to mitigate the effects of extended time lapses on specific aspects of medical knowledge retention and application in orthopedic education.",orthopedics hybrid course,Adv Med Educ Pract,New Zealand,2025,Journal Article,unknown,10.2147/AMEP.S537509
Perceptions of rural maternal and child health workers on using smartphone-based virtual patients to evaluate perinatal depression screening abilities: a qualitative study,"Wang H, Li R, Xu F, Yan F, Tang S, Sun M.","AIMS: This study aims to explore the perceptions of maternal and child health (MCH) workers regarding the use of smartphone-based virtual patients (VPs) to assess perinatal depression (PND) screening abilities and to collect feedback for iterative enhancement of the VPs. DESIGN: A qualitative study employing inductive content analysis to identify key themes from the responses of MCH workers. SETTING: The study was conducted in six counties across Yueyang City and Yiyang City, Hunan Province, between November 2023 and January 2024. METHODS: The MCH workers who completed the VPs test were selected through convenience and purposive sampling to participate in semistructured interviews via video conferencing. A total of 40 MCH workers completed semistructured individual interviews. Qualitative content analysis was carried out using NVivo 12.0 software. RESULTS: The participants identified two primary themes with 12 subthemes. The first theme, perceived usefulness of smartphone-based VPs, comprises six subthemes reflecting participants' perceptions that VPs supported PND knowledge acquisition, deepened understanding of screening procedures, provided opportunities to practise communication, facilitated screening practice and supported ongoing learning related to PND. The second theme, challenges of smartphone-based VPs, includes six subthemes: operational difficulties, increased workload and time demands, usability and interface limitations, insufficient health education content, restricted access to assessment results and limited diversity of PND case scenarios. CONCLUSIONS: Our study indicates that while smartphone-based VPs are well-received by MCH workers and perceived as beneficial for PND screening practice, operational challenges and procedural ambiguities remain. Addressing these barriers is essential to maximise the potential of smartphone-based VPs in supporting PND screening. Future research should focus on refining the interfaces and procedures of smartphone-based VPs to better support rural MCH workers nationwide.",Public health,BMJ Open,England,2025,Journal Article,unknown,10.1136/bmjopen-2024-096475
A compendium for the 2024 APA Guidelines for the Practice of Telepsychology: Guideline applications and resources,"Perle JG, Smucker-Barnwell S, Morland LA, Villalobos BT, Moore HD, Frye WS, Wright CV, Loew MM, Wright SD.","Originally conceptualized as eight guidelines within the American Psychological Association's (APA's) 2013 Guidelines for the Practice of Telepsychology, field evolution and advancement in research necessitated revision. The 2024 APA Guidelines for the Practice of Telepsychology revised, updated, and expounded upon the original document to yield 11 guidelines focusing on competence of the psychologist; informed consent; data security, management, and transmission; data disposal; documentation; interjurisdictional practice; clinical best practices; testing and assessment; emergencies; supervision/training; and emerging technologies. The document aimed to guide psychologist's practices through broad discussions of relevant competencies. However, the task force recognized that psychologists may also benefit from supplemental-specific information on application of the broad competencies. The current discussion is designed as a compendium, created to provide psychologists with specific examples of educational targets for knowledge acquisition to foster adherence to the 2024 APA Guidelines for the Practice of Telepsychology. Resources for further learning of each guideline are also provided. (PsycInfo Database Record (c) 2026 APA, all rights reserved).",,Am Psychol,United States,2026,Journal Article,unknown,10.1037/amp0001579
Application of head-mounted display-based augmented and mixed reality in nursing education: a scoping review,"Kang R, Zhang B, Fu S, Tong L, Jin S, Wang Y, Xiao Q.","BACKGROUND: With Generation Z becoming the primary group of nursing learners and the increasing shortage of nursing education resources, augmented reality and mixed reality based on head-mounted displays are being used more and more in nursing education. However, the current application landscape and the proper usage of these concepts remain unclear. Therefore, this study aims to conduct a scoping review to explore the current applications of head-mounted display-based augmented reality and mixed reality in nursing education and to clarify the definitions and usage of the concepts of augmented reality and mixed reality, ultimately providing directions for future applications and research. METHODS: Based on the five-stage framework and PRISMA-ScR guidelines, a comprehensive collection and summarization of evidence regarding the application of head-mounted display-based augmented reality and mixed reality in nursing education were conducted. The databases retrieved include CNKI, Wanfang Database, VIP, CBM, PubMed, Cochrane Library, Embase, CINAHL, Web of Science, Scopus, IEEE Xplore, ACM Digital Library, and Ei. The languages of the included literature are Chinese and English. The retrieval was up to October 2024. RESULTS: A total of 44 studies were included in this review, covering three types of head-mounted displays: immersive head-mounted displays, smart glasses, and smartphone-based head-mounted displays. The main application areas were skills training and knowledge acquisition. Most of the studies were feasibility studies, though they also included some efficacy studies and research on personal experiences. In addition, these studies often employed vague or inconsistent definitions of augmented reality and mixed reality. CONCLUSIONS: Despite various explorations in the application of head-mounted display-based augmented reality and mixed reality in nursing education, there is still room for improvement in the relevant theory and utilization of this technology. In the future, interventions should use the three dimensions (observation of reality, real - virtual interaction, and fidelity of virtuality) described in detail, rather than simply employing the concepts of augmented reality or mixed reality. Efforts should be concentrated on developing and implementing head-mounted displays combined with other technologies that boast enhanced performance and cost - effectiveness, and further validating their effectiveness.",Simulation,BMC Nurs,England,2025,Journal Article,unknown,10.1186/s12912-025-03413-1
Application of a hybrid virtual-physical teaching model integrating mixed reality and 3D printing in clinical joint orthopedic education,"Wang H, Xu A, Hua W, Ye Z, Lu L.","OBJECTIVE: The diagnosis and treatment of arthropathic orthopaedic conditions are inherently linked to anatomical structures, necessitating strong spatial visualization abilities in students. Providing intuitively accessible methods for students to master specialized knowledge presents a formidable challenge for educators. This study aims to evaluate the pedagogical value of integrating 3D-printed model with mixed reality (MR) technology in clinical orthopaedic surgery education. METHODS: Thirty-six senior clinical medical undergraduates were randomized into two groups. The experimental group underwent training using the combined 3D- printed model and mixed reality (MR) technology, while the control group received traditional instruction. Learning outcomes were evaluated through standardized Objective Structured Clinical Examination (OSCE) assessments and questionnaires. Correlation analysis was conducted between total OSCE scores and questionnaire scores. RESULTS: The experimental group achieved significantly higher OSCE scores compared to the control group (p < 0.05). Questionnaire analysis indicated that a majority of students in the experimental group perceived the integrated 3D printing and mixed reality (MR) teaching approach as innovative. They also reported significant improvements in anatomical comprehension, interest stimulation, teacher-student interaction, knowledge retention, learning efficiency, and practical skills (p < 0.05). Furthermore, OSCE total scores demonstrated strong positive correlations with all questionnaire subdomains (r > 0.8, p < 0.001). The strongest correlation was observed between learning efficiency and OSCE total scores (r = 0.918). CONCLUSION: Integrating 3D-printed model and MR technology into orthopedic joint surgery clinical teaching significantly boosts student performance, learning efficiency, and overall teaching quality, demonstrating strong potential for wider application.",virtual-physical integration,Front Surg,Switzerland,2025,Journal Article,unknown,10.3389/fsurg.2025.1638619
Observing a robot peer's failures facilitates students' classroom learning,"Chen L, Cai Y, Fang Y, Yang Z, Xia D, You J, Xiao S, Song Y, Zhan L, Chen J, Sun L.","According to productive failure (PF) theory, experiencing failure during problem-solving can enhance students' knowledge acquisition in subsequent instruction. However, challenging students with problems beyond their current capabilities may strain their skills, prior knowledge, and emotional well-being. To address this, we designed a social robot-assisted teaching activity in which students observed a robot's unsuccessful problem-solving attempts, offering a PF-like preparatory effect without requiring direct failure. We conducted two classroom-based studies in a middle school setting to evaluate the method's effectiveness. In study 1 (N = 135), we compared three instructional methods-observing robot failure (RF), individual problem-solving failure, and direct instruction-in an eighth-grade mathematics lesson. Students in the RF condition showed the greatest gains in conceptual understanding and reported lower social pressure, although no significant differences were found in procedural knowledge or knowledge transfer. Follow-up study 2 (N = 110) further validated the method's effectiveness in supporting knowledge acquisition after a 2-week robot-involved adaptation phase, when the novelty effect had largely subsided. Students confirmed their perception of the robot as a peer, and they offered positive evaluations of its intelligence and neutral views of its anthropomorphism. Our findings suggest that observing the robot's failure has a comparable, or even greater, effect on knowledge acquisition than experiencing failure firsthand. These results underscore the value of social robots as peers in science, technology, engineering, and mathematics education and highlight the potential of integrating robotics with evidence-based teaching strategies to enhance learning outcomes.",,Sci Robot,United States,2025,Journal Article,unknown,10.1126/scirobotics.adu5257
Effect of an Online Module on Leadership on the Knowledge Acquisition of Nursing Students: A Pilot Randomized Clinical Trial Study,"da Fonseca JF, da Silva MCB, Pereira VDSL, da Silva GPD, Duarte FHDS, de Araújo GSMM, da Silva JA, Dantas RAN, Dantas DV.","Objective: To evaluate the effect of an online educational module on leadership upon the knowledge acquisition of nursing students. Methods: The research was conducted in two phases: methodological and experimental. In the methodological phase, specialists validated the content and appearance of the module, as well as the content of the problem situation. In the experimental phase, a pilot randomized clinical trial was conducted with 14 sixth-semester nursing students from the Federal University of Rio Grande do Norte, divided into two groups: experimental (seven students), who accessed the online module, and control (seven students), who participated in a conventional, face-to-face expository lecture within the Nursing Department. Results: The results indicated significant advancements in leadership skills, particularly in the experimental group. This group demonstrated a notable increase in the appreciation of interpersonal skills, rising from 57.14% in the pretest to 85.71% in the post-test. Regarding the mediation of ethical conflicts, 85.71% of the control group and 100% of the experimental group opted for open debate in the post-test, evidencing a participatory approach. Furthermore, the experimental group showed improvement in self-identification as a leader, increasing from 42.86% to 57.14%, suggesting a positive impact on the development of leadership self-perception. Conclusion: The online educational module on leadership had a positive effect on the knowledge acquisition of nursing students, evidenced by a significant increase in knowledge and skills related to leadership. Trial Registration: Brazilian Clinical Trials Registry (ReBEC): RBR-2dfqmr2.",nursing,J Nurs Manag,England,2025,Randomized Controlled Trial,unknown,10.1155/jonm/3769545
The impact of virtual versus mannequin-based simulation on undergraduate nursing students' preparedness for early recognition of clinical deterioration: A systematic review,"Rajasekaran R, Zhao L, Cleary S, Harland J.","AIM: The paper examined the current evidence on the impact of virtual simulation compared with mannequin-based simulation learning on undergraduate nursing students' ability to recognise and manage clinical deterioration. BACKGROUND: Simulation-based learning is widely used in nursing education to enhance clinical decision-making. Mannequin-based simulation has been the standard, as emerging virtual simulation technologies offer new opportunities for experiential learning. However, the comparative effectiveness of these approaches in preparing students for clinical deterioration remains unclear. DESIGN: Systematic review and narrative synthesis on the outcomes of using mannequin-based and virtual simulation among undergraduate nursing students in the context of clinical deterioration were conducted. METHODS: A comprehensive search was performed following PRISMA guidelines across multiple databases, including PubMed, CINAHL, EMBASE, PsycINFO, Web of Series and ProQuest. The focus included quantitative studies, such as randomised controlled trials and quasi-experimental trials from 2013 to 2023, that compared virtual simulation to other simulation methods. The methodological quality of the included studies was assessed using the Joanna Briggs Institute Critical Appraisal Tool and a narrative synthesis was conducted. RESULTS: Fourteen studies met the inclusion criteria. The notable advantages of using virtual simulation include improved clinical performance, enhanced assessment, increased adaptability for larger group practice and knowledge retention. However, limitations included the absence of immediate debriefing, reduced realism and technological challenges that impacted virtual simulation. CONCLUSION: This review highlights the strengths of mannequin-based and virtual simulation methods in clinical deterioration management, with marked differential outcomes in realism and anxiety among undergraduate nursing students.",Virtual reality simulation,Nurse Educ Pract,Scotland,2025,Systematic Review,unknown,10.1016/j.nepr.2025.104563
Gamification Strategies in Undergraduate Nursing Education: A Systematic Review Protocol,"Elia RA, Colangelo M, Cerrone V, Pace D, Andretta V.","Background/Objectives: In recent years, the use of gamification has been growing in health education. In undergraduate nursing programs, it aims to enhance motivation, engagement, knowledge retention, and professional competencies. However, the evidence often combining nursing students with other disciplines or focusing on specific tools rather than the broader concept. This systematic review will synthesize the impact of gamification strategies on educational outcomes in undergraduate nursing education. Methods: This protocol was written according to PRISMA-P guidelines and is registered in PROSPERO (CRD420251117719). Eligible studies will include randomized controlled trials, quasi-experimental, and observational designs involving undergraduate nursing students exposed to gamification interventions in classroom, online, or clinical training settings. Comparators may include traditional lecture-based instruction or other non-gamified methods. We will search the PubMed, CINAHL, PsycINFO, Web of Science, Scopus, and Google Scholar databases, covering January 2010 to July 2025, without language restrictions. Two reviewers will independently screen studies, extract data, and assess risk of bias using Cochrane RoB-2, ROBINS-I, and JBI Critical Appraisal Tools. Where possible, a meta-analysis will be conducted; otherwise, findings will be synthesized narratively. Results: Not applicable; this is a protocol. Findings will be synthesized as specified in the Methods. Conclusions: This review will provide a comprehensive synthesis of gamification's effectiveness in undergraduate nursing education, identifying the most effective strategies and the contexts in which they perform best.",student engagement,Nurs Rep,Switzerland,2025,Journal Article,unknown,10.3390/nursrep15090331
Power from the playground: Power-FULL Biofilms - a hands-on classroom activity using microbial fuel cells and electroactive biofilms to generate electricity,"Bird H, Reeder J, Day J, Heidrich E, Theodosiou P.","Power-FULL Biofilms is a 5-week, hands-on outreach workshop designed to introduce KS2 students (ages 7+) to microbiology, electricity, and renewable energy. Students build their own microbial fuel cells (MFCs) using inexpensive plastic components and then inoculate these with mud from their school playground. The MFCs are fed with a simple food source and monitored as an electroactive biofilm develops; they produce electrical current. In the final session, the MFCs are connected together to power a small electronic device, proving we can get power from the playground. This activity builds on previous outreach initiatives like Powerful Soil and Blast a Biofilm, adapting complex microbiological ideas into a fun, age-appropriate format. Sessions combine structured instruction with storytelling, vocabulary development, and hands-on experimentation. Conducting the workshop at a UK primary school showed high levels of engagement and knowledge retention. Teachers praised the balance between challenge and support, and students responded enthusiastically to using real scientific equipment and terms, a way to introduce foundational science, technology, engineering, and mathematics concepts through real-world experimentation.",science communication,J Microbiol Biol Educ,United States,2025,Journal Article,unknown,10.1128/jmbe.00144-25
A new program for systematically enhancing cognitive reserve in healthy adults: A pilot randomized active-controlled clinical trial,"Kotliar C, Olmos L, Koretzky M, Jauregui R, Delía T, Cingolani O.","OBJECTIVE: To evaluate the effectiveness of the Mental Training Tech 24.5 (MTT24.5) cognitive stimulation program, designed to enhance cognitive performance and neuroplasticity in healthy adults. BACKGROUND: Cognitive decline is a significant concern in aging populations, with research suggesting that neuroplasticity and cognitive reserve can be enhanced through targeted cognitive training. The MTT24.5 program aims to stimulate brain function through a combination of new knowledge acquisition (DATA) and learning techniques (TECHS), organized into a systematic algorithm. This approach may offer a novel way to prevent or mitigate age-related cognitive decline. DESIGN: Pilot clinical study, active-controlled, open randomization. SETTING: Adults from the general population with no clinical cognitive deterioration, recruited from three sites within the Autonomous City of Buenos Aires and its metropolitan area. PARTICIPANTS: 120 volunteers were enrolled, of which 76 participants (56 in the intervention group, 20 in the control group) met the study requirements and selected a site closest to their residence. METHODS: The MTT24.5 program consists of 12 weekly in-person sessions (totaling 24.5 hours), during which participants learned 40 knowledge units (DATA) and 100 learning techniques (TECHS). These were organized into binomials, where each unit of DATA was paired with 3-4 TECHS. Pre- and post-intervention assessments included medical history, lifestyle factors, cognitive reserve scale, Addenbrooke's Cognitive Examination-Revised (ACE-R), and Mini-Mental State Examination (MMSE). RESULTS: The mean age was 59 years for both groups. Baseline ACE-R scores were comparable (91.3). The global cognitive score increased by 4.6 points (5%) in the intervention group compared to a decrease of 0.5 points in the control group (p < 0.001). The most significant improvement was observed in the memory domain (2.4 points, 11.4% increase) versus a 0.3-point increase in the control group (p < 0.007), with secondary improvements in verbal fluency, language, and visuospatial skills. Notably, participants with baseline ACE-R scores below 85 showed greater improvements (p < 0.003). The effects were consistent across various phenotypic factors, such as age, sex, chronic disease distribution, and lifestyle. CONCLUSIONS: The MTT24.5 program, based on a systematic algorithm for acquiring new knowledge and skills, significantly enhances cognitive reserve and overall cognitive performance, particularly in individuals with lower baseline cognitive scores. These findings suggest that structured cognitive stimulation could play a critical role in preventing cognitive decline and promoting cognitive health in healthy adults. Given the promising results, future studies involving larger populations and long-term follow-up are essential to validate these effects and explore the potential for mitigating age-related cognitive decline and enhancing quality of life. REGISTRATION: The study was registered in accordance with local regulations at the National Council for Scientific and Technological Research (CONICET) - Institute of Biomedical Research (BIOMED), and also in the National Ethics Committee, and at clinicaltrials.gov (NCT06549517).",,PLoS One,United States,2025,Randomized Controlled Trial,unknown,10.1371/journal.pone.0331193
RTPhy-ChatBot: A RAG-Based intelligent assistant for radiotherapy physics using LLaMA3 and AAPM reports,"Wei S, Hu A, Wang Z, Meng X, Yu L, Yang B, Qiu J.","BACKGROUND: Medical physics plays a crucial role in radiotherapy, with ongoing technological advancements aimed at improving treatment outcomes. However, the rapid pace of innovation presents challenges for medical physicists, who must continuously acquire and integrate complex information for effective decision-making and communication. PURPOSE: To support efficient knowledge acquisition, we developed RTPhy-ChatBot, an intelligent assistant tailored to radiotherapy physics. The objective was to create a reliable and precise tool to assist medical physicists in their daily work. METHODS: The knowledge base for RTPhy-ChatBot was constructed from publications by the American Association of Physicists in Medicine (AAPM), which were converted into markdown format, segmented, and embedded using the bge-base-en-v1.5 model. RTPhy-ChatBot employed the Meta-LLaMA3-8B-Instruct model for response generation. We compared its performance with several commercial large language models (LLMs) across 20 template questions and evaluated the impact of zero-shot chain-of-thought (CoT) reasoning. In addition to expert scoring by senior medical physicists, we conducted Rouge score analysis against synthesized reference answers. RESULTS: RTPhy-ChatBot demonstrated strong performance in answering radiotherapy physics questions. Across 20 questions, it achieved an average score of 4.0 ± 0.9, compared to 3.9 ± 1.1 for Gemini-2.0-Flash, 4.0 ± 1.4 for GPT-4o, and 3.8 ± 1.2 for Moonshot-v1. It excelled in questions involving specific quality assurance standards. Rouge analysis yielded scores of 0.5127 (Rouge-1), 0.2119 (Rouge-2), and 0.2748 (Rouge-L), closely matching commercial LLMs. CONCLUSIONS: RTPhy-ChatBot proved to be an effective intelligent assistant for radiotherapy physics, delivering accurate, referenced responses grounded in AAPM publications. Despite lacking online access, it matched or exceeded the performance of commercial LLMs in domain-specific tasks. This pilot study highlights the potential of domain-specific assistants in supporting clinical workflows.",retrieval‐augmented generation,J Appl Clin Med Phys,United States,2025,Journal Article,unknown,10.1002/acm2.70263
"Extended Reality in Health Care Simulation: Current State, Challenges, and Future Directions","Cieslowski B, Anderson M, Brown KM, Guido-Sanz F, Hallmark BF, Wells-Beede E, Konzelmann J, Belk WB, Smeltzer S, Mallala S, Carter ML, Mahdy ZA, Doran J, Derner D, Polson J, Burtch K, Chesney T, Rickerby C, Landis AM, Patel AP.","BACKGROUND: Extended reality (XR) technologies are increasingly integrated into health care simulations. XR enables immersive, interactive, and multisensory learning experiences that enhance skill acquisition, knowledge retention, and interprofessional collaboration. PROBLEM: Despite growing interest, educators should address challenges, such as cognitive load management, inconsistent standards, accessibility barriers, and cost-effectiveness, to optimize the potential of XR. APPROACH: The authors in this Technology Overview synthesize evidence and provide expert discussion to explore the current state, challenges, and future directions of XR. OUTCOMES: The resulting recommendations highlight best practices in XR integration, including guidance on modality selection, curricular alignment, strategies to minimize cognitive overload, and future trends. CONCLUSIONS: XR has the potential to enhance nursing and health care education by supporting immersive, scalable, and learner-centered experiences. The future of XR depends on strategic efforts to enhance realism, usability, and integration. Priorities include intuitive design, adaptive artificial intelligence, advanced haptics, cost-effectiveness, and improved accessibility to support learning.",virtual reality,Nurse Educ,United States,2025,Journal Article,unknown,10.1097/NNE.0000000000001996
Application of educational interventions based on gamification in prenatal healthcare: A systematic review of randomized controlled trials,"Mehrabi R, Tavassoli T, Askari F.","Gamification takes advantage of game designs to add dynamicity to educational environments and develop students' sociocognitive skills. As technological advances continue to shape many aspects of life, incorporating gamification into prenatal education has emerged as an innovative approach. Therefore, the present study aimed to review the use of educational interventions based on gamification in prenatal care. In the present study, studies indexed in PubMed, Scopus, ScienceDirect, Google Scholar, and Web of Science databases were searched for until March 2023. The main keywords and synonyms of gamification and pregnancy were used to search for studies. The inclusion criteria were English language studies with a gamification intervention and RCT. Abstracts of studies or conferences, book chapters, review articles, and non-randomized studies were excluded from the study. The Jadad scale was used to assess the quality of the studies. Five clinical trials were reviewed. The effects of gamification-based education were divided into four categories: effectiveness of gamification in acquiring knowledge, effectiveness of gamification in increasing prenatal healthcare, emotional and psychological benefits, and compliance with prenatal healthcare advice. Gamification can positively affect pregnancy outcomes through increasing knowledge retention, improving attitudes, promoting healthy behaviors, and reducing stress and anxiety.",randomized controlled trial,J Educ Health Promot,India,2025,Review,unknown,10.4103/jehp.jehp_473_24
Certainty-based marking in multiple-choice assessments in physiology: a web-based implementation using an AI assistant,"Suryavanshi C, Nayak KR.","Certainty-based marking (CBM) requires students to indicate their certainty levels alongside their answers. CBM has been shown to enhance self-assessment and metacognitive awareness. This study aimed to explore the implementation of CBM in multiple-choice assessments in physiology. The CBM assessment tool was developed with an artificial intelligence (AI) assistant, Claude 3.5, with prompts focused on functional rather than technical requirements. The assessment consisted of 15 multiple-choice questions (MCQs), which were administered as a pretest and posttest during a small group teaching session to first-year medical students. Following the assessment, students completed a survey to evaluate their perceptions regarding the format, knowledge-gap identification, and overall acceptability. Answers from 195 students were analyzed, and significant improvements were observed in performance measures and certainty indices from the pretest to the posttest. Most students (80.9%) found the certainty scale beneficial, and 78.3% changed their answers after reflecting on their certainty. CBM demonstrated metacognitive benefits, with 86.4% of students better recognizing their knowledge gaps and 85.8% feeling more aware of their learning progress. About 73% of students preferred the CBM format and expressed greater engagement (82.8%) than traditional MCQs. CBM implemented through a web-based platform functioned as an assessment tool and an instructional intervention that enhanced students' metacognitive awareness and self-monitoring skills in physiology education. Our study focused on a single physiology topic and showed improvements in knowledge retention and certainty calibration. However, further longitudinal studies across multiple topics are needed to determine whether students maintain these self-assessment skills over time.NEW & NOTEWORTHY To introduce certainty-based marking (CBM) to novice students, a custom web-based multiple-choice question (MCQ) test was developed with assistance from an artificial intelligence (AI) tool. This enhanced accessibility and allowed for data collection to evaluate and analyze student performance. The integration of AI in creating this assessment tool highlights the potential of technology to improve educational practices, especially in designing various assessment strategies.",metacognitive awareness,Adv Physiol Educ,United States,2025,Journal Article,unknown,10.1152/advan.00087.2025
"Virtual simulation experiments in medical education: technology acceptance, learning outcomes, and motivational impacts","Li K, Li Q, Wang L, Wang X, Ding X, Liu B.","BACKGROUND: Virtual Simulation Experiments (VSE) are increasingly applied in medical education, yet their role in medical microbiology remains underexplored. This study evaluated a VSE system designed for the isolation, culture, and identification of enteric pathogens, framed by Self-Determination Theory (SDT) and the Unified Theory of Acceptance and Use of Technology 2 (UTAUT2). METHODS: Ninety medical students were randomly assigned to either a VSE group or a traditional teaching group. Outcomes were assessed through operational skill and knowledge tests, supplemented by qualitative feedback. RESULTS: The VSE group achieved higher scores in operational skills (89.6 ± 5.2 vs. 81.8 ± 6.3, p < 0.01) and knowledge retention (87.4 ± 4.4 vs. 81.8 ± 5.0, p < 0.01). Students reported that VSE’ immersive environment and instant feedback enhanced satisfaction and autonomy, aligning with SDT. CONCLUSIONS: VSE significantly improved learning outcomes in medical microbiology and promoted intrinsic motivation. These findings provide empirical support for integrating VSE into medical curricula and highlight the need for further research on its long-term and broader educational impact. SUPPLEMENTARY INFORMATION: The online version contains supplementary material available at 10.1186/s12909-025-08025-6.",Virtual simulation experiment,BMC Med Educ,England,2025,Journal Article,unknown,10.1186/s12909-025-08025-6
Utilization patterns of AI chatbots among physical therapy students: A multicountry cross-sectional study,"El-Sobkey SB, Al-Amir Mohamed D, ElKholy M, Abdeldayem T, Fawzy A, Ahmed YF, El Khatib A, Khalid H, Alharbi MD, Fathy K, Takey K, Abdallah M.","OBJECTIVES: To describe usage patterns of artificial intelligence (AI)-powered chatbots (AICs) among physical therapy (PT) students and explore the associations between students' demographic and academic characteristics and their patterns of AIC utilization. METHODS: A multicountry cross-sectional survey was conducted from September 2024 to May 2025 across five PT programs in Egypt, KSA, and Lebanon. A convenience sample of 500 PT students (100 per university) completed a questionnaire assessing demographic data, academic characteristics, types of AICs used, duration and frequency of use, course types, and educational tasks. Academic levels were categorized into three groups (junior, intermediate, senior). Data were analyzed using descriptive statistics, chi-square tests, and analysis of variance, with significance set at p < 0.05. RESULTS: The mean age of participants was 20.3 years and 53.2 % of participants were female. Participants had a mean cumulative grade point average percentage (CGPA%) of 83.3 %. Most participants were junior-level students (43 %). ChatGPT was the most frequently used AIC (98.4 %). Students reported using AICs for up to 4 years, with an average of 11.35 months. The most frequent task was topic explanation (89.8 %), followed by knowledge acquisition (69.6 %). Theoretical courses were the predominant context for AIC use (55.6 %), whereas practical (5.8 %) and clinical (3.6 %) courses were less frequently associated. Course type significantly influenced the type of academic task performed with AICs (p < 0.05), with theoretical courses associated with all tasks. CONCLUSIONS: PT students demonstrated high engagement with AICs, primarily for theoretical course tasks such as topic explanation and resource acquisition. Practical and clinical course engagement were limited, possibly due to the nature of required competencies and reliance on human interaction. ChatGPT dominated usage. Educators should be aware of these patterns to support balanced integration of AICs in PT education, enhancing cognitive skill development while preserving essential human interactions in practical and clinical learning environments.",Students,J Taibah Univ Med Sci,Saudi Arabia,2025,Journal Article,unknown,10.1016/j.jtumed.2025.08.005
Acceptance and feasibility of virtual reality for teaching adult basic life support in older populations,"Ocampo Cervantes AB, Lopez Lopez CA, Greif R, Semeraro F, Pardo Rios M, Fijačko N.","BACKGROUND: Virtual reality (VR) is emerging in adult Basic Life Support (BLS) training, but its acceptance among older adults has not been fully studied. This study aimed to develop expert-informed BLS content for both VR and laptop formats, and to evaluate the feasibility, usability, knowledge acquisition, satisfaction, and cybersickness of these platforms among older adult learners. METHODS: A two-phase mixed-methods study was conducted. Five experts co-developed and validated a VR/laptop-compatible adult BLS scenario based on the 2021 European Resuscitation Council guidelines. This scenario was then tested by older adults who voluntarily participated in either VR- or laptop-based training at a public technology event in Spain. Post-training, we measured knowledge acquisition, usability, satisfaction, user experience, and cybersickness. Comparative statistics and regression analyses were performed to evaluate learning outcomes and predictors. RESULTS: Five experts developed a consensus-based adult BLS decision tree with 10 scenes and six questions. A total of 583 adults (mean age 72.3 ± 4.8 years) took part in the BLS training evaluation. Those in the VR group (n = 415) outperformed those in the laptop group (n = 168) in key steps, including initiating CPR (58 % vs 41 %, p < 0.001) and using an AED (49 % vs 23 %, p < 0.001). VR participants rated usability of VR-training as excellent (73.8 ± 4.2), expressed high satisfaction and realism. Cybersickness was low (13.1 %). VR training predicted higher knowledge scores (β = 5.8, p < 0.001), and increased scores by 5.8 points over laptop training. VR participants were 2.3 times more likely to answer BLS questions correctly (OR = 2.3, 95 % CI: 1.6-3.2, p < 0.001). CONCLUSION: VR could improve adult BLS knowledge in older adults, with high levels of acceptance and positive user experience. Future work should enhance accessibility and reduce discomfort.",Virtual reality,Resusc Plus,Netherlands,2025,Journal Article,unknown,10.1016/j.resplu.2025.101111
ECSA: Mitigating Catastrophic Forgetting and Few-Shot Generalization in Medical Visual Question Answering,"Jia Q, Liu S, Chen M, Li T, Yang J.","Objective: Medical Visual Question Answering (Med-VQA), a key technology that integrates computer vision and natural language processing to assist in clinical diagnosis, possesses significant potential for enhancing diagnostic efficiency and accuracy. However, its development is constrained by two major bottlenecks: weak few-shot generalization capability stemming from the scarcity of high-quality annotated data and the problem of catastrophic forgetting when continually learning new knowledge. Existing research has largely addressed these two challenges in isolation, lacking a unified framework. Methods: To bridge this gap, this paper proposes a novel Evolvable Clinical-Semantic Alignment (ECSA) framework, designed to synergistically solve these two challenges within a single architecture. ECSA is built upon powerful pre-trained vision (BiomedCLIP) and language (Flan-T5) models, with two innovative modules at its core. First, we design a Clinical-Semantic Disambiguation Module (CSDM), which employs a novel debiased hard negative mining strategy for contrastive learning. This enables the precise discrimination of ""hard negatives"" that are visually similar but clinically distinct, thereby significantly enhancing the model's representation ability in few-shot and long-tail scenarios. Second, we introduce a Prompt-based Knowledge Consolidation Module (PKC), which acts as a rehearsal-free non-parametric knowledge store. It consolidates historical knowledge by dynamically accumulating and retrieving task-specific ""soft prompts,"" thus effectively circumventing catastrophic forgetting without relying on past data. Results: Extensive experimental results on four public benchmark datasets, VQA-RAD, SLAKE, PathVQA, and VQA-Med-2019, demonstrate ECSA's state-of-the-art or highly competitive performance. Specifically, ECSA achieves excellent overall accuracies of 80.15% on VQA-RAD and 85.10% on SLAKE, while also showing strong generalization with 64.57% on PathVQA and 82.23% on VQA-Med-2019. More critically, in continual learning scenarios, the framework achieves a low forgetting rate of just 13.50%, showcasing its significant advantages in knowledge retention. Conclusions: These findings validate the framework's substantial potential for building robust and evolvable clinical decision support systems.",visual feature extraction,Tomography,Switzerland,2025,Journal Article,unknown,10.3390/tomography11100115
A gamified metaverse platform (Mammoverse) for breast health education: A mixed-methods study,"Li R, Wong SY, Duan B, Kahn SM.","BACKGROUND: Breast cancer is one of the most common cancers among women globally, but there is a lack of public knowledge about breast health, and traditional health education methods are insufficiently interactive and difficult to sustain motivation for learning. Metaverse is a 3D immersive environment that allows real-time interaction through digital bodies. Integration of metaverse and gamification technologies provides new solutions to enhance learning. OBJECTIVE: The objective of this study is to evaluate the immediate and short-term effects of a gamified metaverse platform (Mammoverse) on breast health knowledge, and to explore how key design elements influence users' learning motivation and behavioural intentions. METHODS: This explanatory sequential mixed-methods study was conducted between December 2024 and March 2025 with 36 women aged 20-30 years. Participants completed a single 20-minute experience with the Mammoverse platform and were assessed on breast health knowledge at baseline, immediately post-intervention, and 4 weeks later using Friedman and Wilcoxon signed-rank tests. Semi-structured interviews were conducted post-intervention and analysed thematically to explore user experience and motivation. RESULTS: Knowledge scores improved significantly post-intervention and at 4-week follow-up compared to baseline (17.44 ± 0.97 and 15.72 ± 1.83 vs 8.97 ± 2.57, P < 0.001). Qualitative data confirmed that immersive and gamified features - such as points, challenges, and achievements - enhanced user motivation and knowledge acquisition. CONCLUSION: The Mammoverse platform excelled in enhancing immediate and short-term retention of women's breast health knowledge, reflecting the advantages and potential of gamified metaverse technology in the field of breast health education, which is worthy of further dissemination and research.",metaverse,Digit Health,United States,2025,Journal Article,unknown,10.1177/20552076251390466
Beyond Lectures: Reimagining Psychiatric Didactics for the Age of AI,"Elkrief L, Hudon A, Briganti G, Lespérance P.","The increasing use of generative large language models (LLMs) necessitates a fundamental reevaluation of traditional didactic lectures in medical education, particularly within psychiatry. The specialty's inherent diagnostic ambiguity, biopsychosocial complexity, and reliance on nuanced interpersonal skills demand an educational model that transcends mere information transfer, focusing instead on cultivating sophisticated clinical reasoning. This viewpoint argues for a shift from passive knowledge transmission to active, facilitated development of higher-order thinking, aligning with the Bloom taxonomy. We describe four core propositions: (1) shifting foundational knowledge acquisition to faculty-curated asynchronous artificial intelligence (AI)-assisted micromodules; (2) transforming synchronous time into ""Ambiguity Seminars"" for discussing nuanced cases, biopsychosocial formulation, and ethical dilemmas, leveraging faculty expertise in guiding reasoning; (3) integrating live LLM critical interaction drills to develop prompt engineering skills and critical appraisal of AI outputs; and (4) realigning assessment methods (eg, objective structured clinical examinations [OSCEs], reflective writing) to evaluate clinical reasoning and integrative skills rather than rote recall. Successful implementation requires comprehensive faculty development, explicit institutional investment, and a phased approach that addresses scalability across varying resource settings. This reimagined approach aims to cultivate clinical wisdom, equipping psychiatric trainees with adaptive reasoning frameworks essential for excellence in an AI-mediated future.",medical education,JMIR Med Educ,Canada,2025,Journal Article,unknown,10.2196/78110
International approaches to orthopaedic sports injury education: Advancing clinical practice through global collaboration,"Migliorini F, Lucenti L, Mercurio M, Puddu L, Bardazzi T, Eschweiler J.","Sports injuries represent a growing global health challenge, placing substantial demands on healthcare systems and requiring multidisciplinary management. As orthopaedic sports trauma becomes increasingly complex, high-quality education and standardised training are essential to improve prevention, diagnosis, and treatment outcomes. This narrative review aims to analyse current educational models and training pathways in orthopaedic sports injury management worldwide, evaluate the role of technological innovations, and highlight opportunities for international collaboration to enhance clinical practice and education. A wide spectrum of training methods is currently employed, ranging from traditional time-based models to modern competency-based curricula. Innovations such as virtual and augmented reality, simulation-based learning, and e-learning have demonstrated promising results in surgical skill acquisition and knowledge retention. International fellowships and consensus frameworks further contribute to the harmonisation of training standards. However, disparities persist in access to educational resources, healthcare infrastructure, and implementation of new technologies, particularly in low- and middle-income countries. To meet the demands of contemporary orthopaedic sports medicine, educational strategies must evolve through global collaboration, integration of emerging technologies, and commitment to equity. Standardised, multidisciplinary, and evidence-informed training models are needed to ensure optimal patient care and professional competence across diverse healthcare environments.",Surgical education,J Clin Orthop Trauma,India,2025,Journal Article,unknown,10.1016/j.jcot.2025.103178
Virtual and Augmented Reality in Anatomy Education: Exploring New Horizons,"Nikas D, Toumanidou M, Vergados D, Mariolis-Sapsakos T, Tsolis N, Filippou D, Troupis T, Koumenis A, Kalemikerakis I, Karakatsanis S, Dimakakos E.","This review explores how virtual and augmented reality technologies are transforming medical education and clinical practice, particularly in anatomy instruction. Virtual and augmented reality technologies are reshaping our perception and interaction with anatomical structures. Their integration into medical practice has introduced opportunities in diagnostics, surgical training, rehabilitation, and patient education. With the increasing number of U.S. Food and Drug Administration approvals, these technologies offer a transformative shift in the teaching and practice of medicine. Virtual environments facilitate detailed anatomical visualization, offering students and trainees immersive and interactive experiences. This paper highlights the role of these technologies in enhancing educational methods, improving knowledge retention, and overcoming traditional limitations, such as the scarcity of cadavers. CONCLUSION: Virtual and augmented reality offer novel educational tools in the health sciences, providing cost-effective, accessible, and innovative approaches to anatomy education and clinical application. Further research is required to elucidate the benefits of these technologies in the education and training of medical students.",Virtual Reality,Acta Med Acad,Bosnia and Herzegovina,2025,Review,unknown,10.5644/ama2006-124.481
Immersive virtual reality based on head-mounted display in medical education: a systematic review,"Zhang W, Ding Z, Bakaev M, Razumnikova O, Kludacz-Alessandri M, Wu J.","INTRODUCTION: Immersive virtual reality (IVR) based on head-mounted displays (HMD), can construct virtual learning environments for medical education. This study aims to explore the application and effectiveness of IVR in medical education. METHODS: This review followed the PRISMA guidelines and searched the databases of Web of Science, Springer Link, PubMed, IEEE Xplore, and Science Direct for controlled experimental studies published between January 1 2017 and October 1, 2025 on the application of IVR to medical education. RESULTS: 36 studies satisfied the inclusion criteria. Among them 34 reported significantly better objective learning outcomes and 29 showed more positive subjective feedback. The findings suggest that IVR is particularly effective in areas such as clinical surgery training, anatomy education, medical skill development, and nursing education. IVR demonstrates long-term effects in medical knowledge acquirement. CONCLUSIONS: The systematic review reveals that IVR is particularly effective in practice-based medical education. It highlights that VR demonstrates superior long-term knowledge retention and knowledge enhancement. A comprehensive evaluation of IVR use in medical education requires additional perspectives from teachers, and consideration from the dark side of IVR, i.e., technology-induced stress and time. Future IVR implementation in medical education calls for more efforts to address challenges in user adaptability, cost, privacy and regulatory compliance.",Virtual simulations,BMC Med Educ,England,2025,Systematic Review,unknown,10.1186/s12909-025-08154-y
Assessing the use of VR as a tool for teaching hypoxia in preclinical medical education: a mixed-methods study focusing on student experience and learning,"Lim JJ, Valter K, Estaphan S.","Virtual reality (VR) has revolutionized medical education, yet its specific efficacy in teaching medical physiology remains underexplored. Conveying the complexities of physiological responses to hypoxia through traditional teaching methods poses logistical challenges, potentially hindering students' deep understanding. This study investigates the impact of incorporating VR into preclinical medical physiology teaching, focusing on students' self-reported 1) knowledge acquisition and understanding of body responses to hypoxia, 2) VR technology acceptance and satisfaction, and 3) overall learning experience. In 2022, an Australian National University (ANU) Medical School teaching enhancement grant funded data collection to develop a comprehensive storyboard for a VR hypoxia simulation program. With support from the school's Technology-Enhanced Learning and Teaching team and the university's Center for Learning and Teaching, we created an in-house limited prototype focusing on key aspects of the scripted VR simulation module to test its feasibility and perceived usefulness within our Medicinae ac Chirurgiae Doctoranda (MChD) program. The module was integrated into a year 1 practical session, followed by a two-part series of data collection, comprising a questionnaire and video interviews. The questionnaire used a mixed-methods approach, including five-point Likert scale closed-ended questions rating VR perceived usefulness and ease of use and open-ended questions allowing participants to provide qualitative responses. Interviews delved deeper into users' experience, interactivity, collaboration, realism, practicality, knowledge acquisition, improvement suggestions, and overall technology and learning satisfaction. Although the implemented intervention did not represent the full range of features envisioned for the final program, preliminary findings from the first round of data collection via questionnaires (n = 45/96) reported positive user experiences. Sixty percent of responses showed agreement [agree (n = 22) and strongly agree (n = 5)] that learning outcomes were clear and aided by VR. Qualitative findings revealed higher motivation to use VR for learning as a complementary tool to traditional approaches and an intuitive interface. Thematic analysis identified improvement opportunities, including clearer user instructions, enhancing hypoxia symptom discernibility, and refining visual resolution. These insights will inform the next study phase, refining features to improve the overall learning experience and address technical challenges. Grounded in constructivist learning theory and technology acceptance frameworks, our findings leverage realistic VR simulations to enhance knowledge acquisition and understanding of complex physiological responses.NEW & NOTEWORTHY Medical students' perceived usefulness of virtual reality (VR) in hypoxia physiology is strongly linked to the clarity of learning objectives and their alignment to the module content. Other key factors that contribute to positive attitudes toward VR include its novelty, fun and excitement, and embodied cognition.",virtual reality,Adv Physiol Educ,United States,2026,Journal Article,unknown,10.1152/advan.00031.2025
Evaluation of knowledge acquisition and perceptions of teaching foundational cancer biology to grades 7-12 through interactive didactic sessions and a bingo game,"Adepoju A, Grachan JJ, Soto-Greene ML, De Lorenzo MS.","Early exposure to science, technology, engineering, and mathematics (STEM) through pathway programs leads to increased interest in its various fields, and games can improve knowledge acquisition and increase motivation. This study explored the effects of implementing new sessions on cancer biology and pathophysiology that included a bingo game in two different pathway programs for middle and high school-aged students. Ninety-six students participated in a new two-part cancer biology session taught by medical school faculty. One program's session was held in person, and one was held virtually. The study evaluated student perceptions of the sessions and their interest levels through pre- and postsessions surveys and knowledge acquisition through a multiple-choice quiz administered at three time points: before the lecture, before the bingo game, and after the bingo game. A one-way repeated-measures ANOVA with Bonferroni post hoc analysis found a statistically significant (P < 0.001) increase from presessions to postsessions quiz scores but not between the individual time points. Whereas postsessions surveys showed that 65.06% of students reported an increased interest in pursuing a career in science, pre- to postsessions data showed a slight decrease in interest in areas such as health care and pathology. There were also significant differences in some perceptions based on the program, including content difficulty and usefulness of different session components. Supplementation of a bingo game to STEM-based pathway programs can make complex content more approachable to younger students and increase knowledge acquisition. Early exposure can initiate interest in STEM and health professions.NEW & NOTEWORTHY Integration of gamified learning into STEM pathway programs, especially in regard to cancer biology and pathophysiology, can improve knowledge acquisition and enjoyment of the content.",youth pathway programs,Adv Physiol Educ,United States,2026,Journal Article,unknown,10.1152/advan.00096.2025
Lessons Learned: Transitioning From Cadaveric Dissection to Virtual Anatomy and Point-of-Care Ultrasound in Physician Assistant Education,"Stone JD, McNeal P.","INTRODUCTION: The traditional use of cadaveric dissection in Human Anatomy education for Physician Assistant students has been increasingly challenged by the need for greater clinical relevance, flexibility, and cost efficiency. In response, our program transitioned to a modernized anatomy curriculum incorporating virtual anatomy tools and point-of-care ultrasound (POCUS) to enhance learning and better prepare students for clinical practice. METHODS: We replaced cadaveric dissection with a combination of the Virtual Human Dissector, Sectra Anatomy Table, and POCUS. Implementation strategies included structured faculty development workshops, hands-on training sessions, and early communication with incoming students. Anatomy instruction was redesigned to integrate clinical imaging and real-time ultrasound scanning to promote active learning and application of anatomical knowledge. RESULTS: Initial feedback from students indicated high levels of engagement, satisfaction, and perceived relevance to clinical practice. Challenges included faculty adaptation to new technologies and student expectations regarding traditional anatomy instruction. These were mitigated through deliberate onboarding processes and early exposure to the new curriculum model. A longitudinal evaluation is currently underway to assess knowledge retention and clinical application outcomes over time. DISCUSSION: Transitioning to virtual anatomy and POCUS-based instruction offers a clinically meaningful, flexible, and sustainable alternative to cadaveric dissection. Our experience demonstrates that such curricular innovations can enhance, rather than diminish, basic science education, better aligning anatomy instruction with the competencies required in modern clinical settings.",,J Physician Assist Educ,United States,2025,Journal Article,unknown,10.1097/JPA.0000000000000699
AI Empowers Traditional Physical Education Teaching in Higher Vocational Education: Exploring New Paths for the Integration of Health Education,"Han X, Zhou X.","This study evaluates an AI-guided atomization sensing system designed to integrate adaptive health education into vocational physical education. A quasi-experimental design was conducted with 356 participants allocated to either an intervention group (n = 178) or a control group (n = 178). The system used wearable atomization sensors (monitoring respiratory patterns, ambient temperature, and motion) connected to an AI engine that applied rule-based and machine-learning logic to adjust instructional content in real time-for example, reducing complexity or switching to audiovisual demonstrations when signs of fatigue were detected. Sessions were delivered in classroom settings twice per week for six weeks, with surveys administered immediately before and after the intervention. Five outcomes were assessed using validated instruments: knowledge retention, engagement, behavioral intention, self-efficacy, and technology acceptance. Statistical analyses included ANOVA, paired-sample t-tests, Pearson correlations, and χ(2) tests, with results reported as F(df1, df2), p, η(2), and 95% confidence intervals where applicable. The intervention group achieved significantly greater improvements than the control group in knowledge retention (Δ = +21.7 vs. +10.6; F(1, 354) = 46.21, p < 0.001, η(2) = 0.21), engagement (F(1, 354) = 39.87, p < 0.001, η(2) = 0.18), behavioral intention (F(1, 354) = 42.55, p < 0.001, η(2) = 0.19), self-efficacy (F(1, 354) = 27.63, p < 0.001, η(2) = 0.13), and technology acceptance (F(1, 354) = 35.12, p < 0.001, η(2) = 0.17). These findings demonstrate that combining real-time sensing with AI-guided decision support provides a reproducible, adaptive framework for enhancing health education outcomes in vocational PE settings.",,J Vis Exp,United States,2025,Video-Audio Media,unknown,10.3791/69071
Clicking one dot opens a whole new world: a qualitative study on using knowledge graphs in surgical nursing education,"Liu F, Shen M, Shen Y, Wan P, He T.","BACKGROUND: The integration of intelligent technologies in surgical nursing education offers opportunities to enhance learning outcomes and address challenges in mastering complex topics. Knowledge graphs serve as a visual and interactive learning tool. It represents a novel approach to improving systematic thinking and enhancing knowledge retention in blended teaching models. AIM: This study explored nursing undergraduates' experiences with a knowledge graph platform in surgical nursing education, focusing on perceptions of its usefulness and ease of use, factors influencing engagement, and suggestions for improvement. METHODS: A qualitative descriptive study approach was employed to investigate the experiences of 13 nursing students. Semi-structured interviews were conducted after completing a surgical nursing course. The interviews were guided by the Unified Theory of Acceptance and Use of Technology 2 (UTAUT2). Data were analyzed using reflexive thematic analysis to identify key themes related to knowledge graph use. RESULTS: The analysis identified three main themes: (1) Developing conceptual clarity through knowledge integration, where knowledge graphs helped students build systematic thinking, discover learning pathways, and enhance post-class review efficiency; (2) Stimulating interest through enriched content, where enriched and well-organized content increased students' interest and enthusiasm for independent study; and (3) Navigating challenges and envisioning opportunities, where participants reported technical and access limitations, a need for richer content, and requests for clearer usage guidance. CONCLUSION: Knowledge graphs offer innovative intelligent technology integration within blended nursing education. These tools cultivate systematic thinking, enhance surgical nursing knowledge and skill development, and enrich the comprehensive learning experience. Future studies should explore sustained educational outcomes, broaden technological capabilities, and examine cross-contextual adaptability.",UTAUT2,BMC Med Educ,England,2025,Journal Article,unknown,10.1186/s12909-025-08226-z
The MIND model a microlearning AI-integrated instructional design for enhanced learning outcomes,"Monib WK, Qazi A, Apong RA, Santos JH, Mahmud MM.","In recent years, microlearning has gained significant attention due to technological advancements such as generative AI (GenAI), diverse learner needs, and a growing emphasis on improving learning outcomes. However, designing effective microlearning content remains challenging, as existing instructional design frameworks are inadequate for optimising learning outcomes. Therefore, this study developed a novel Microlearning AI-Integrated Instructional Design (MIND) Model to support effective instructional design to enhance learning outcomes. The model is grounded in multiple theoretical foundations, primarily the Technological Pedagogical Content Knowledge (TPACK) framework and the Factors Influencing Learning Outcomes (FIL) framework. To validate the MIND model, a mixed-methods approach was used with an intervention consisting of microlearning modules, comparing the MIND model (experimental group) with the ADDIE model (control group). Quantitative analysis using ANCOVA revealed that the MIND model significantly outperforms the ADDIE model in supporting effective instructional design to enhance learning outcomes, such as increased knowledge acquisition, understanding of module content, and improved knowledge application. Furthermore, t-test results indicated that learning outcomes within the MIND model group were consistent across gender, employment status, and locality, demonstrating inclusivity and accessibility. Kruskal-Wallis test showed a difference in learning outcomes across age groups, with younger learners achieving higher outcomes. Thematic analysis of qualitative data revealed that the modules developed using the MIND model featured media richness, interaction, engagement, self-concept, motivation, and satisfaction, contributing to learning outcomes. The MIND model serves as an innovative instructional design model that guides stakeholders in designing micro modules while remaining adaptable to conventional approaches, supporting flexible integration of cutting-edge technologies across formal, non-formal, and informal learning.",Microlearning,Sci Rep,England,2025,Journal Article,unknown,10.1038/s41598-025-24910-y
In-theatre demonstration of laparoscopic retroperitoneal anatomy as an educational tool for final-year MBBS students: a novel quasi randomized experiment,"Bhattacharjee R, Pandey S, Jana M, Ganjiwale J, Raithatha N, Nimbalkar S.","INTRODUCTION: Traditional methods of teaching anatomical landmarks and their clinical and surgical significance often exhibit low retention rates. Medical educators have consistently sought to integrate innovative pedagogical approaches in response to evolving educational needs. The advent of multimedia technologies has significantly enhanced engagement and retention in learning, thus promoting a deeper contextual understanding in various clinical settings. AIMS: To compare the effectiveness of laparoscopic interactive demonstration of retroperitoneal vascular anatomy against traditional classroom teaching among medical students concerning knowledge acquisition, memory consolidation, and their perception of the teaching method. DESIGN: A prospective single-center, two-arm, Quasi-randomized Educational Intervention Trial (allocation ratio 1:1) assigned 152 final-year undergraduate medical students to either the intervention (live interactive schooling) or the control group (conventional classroom teaching). The primary outcome measured was an enhancement in fundamental pelvic retroperitoneal anatomy, which was assessed by administering pre- and post-test questionnaires of equal difficulty. Feedback forms were used to compare the acceptability and perception of the novel and traditional methods. Statistical analysis was performed using STRATA 14.4, paired t-tests for pre- and post-test comparisons, and Likert scale responses for feedback analysis. RESULTS: Both groups had comparable mean pretest scores. Post-test, the novel-method group demonstrated a significantly greater improvement (8.67±2.81) than the conventional group (5.74±3.18), with a mean difference of 2.93 (95% CI: 1.96-3.90; P<.001) and a large effect size (Cohen's d=0.98), which reflected the principal outcome measure. At six-month follow-up, performance declined in both groups (P=.064). Student feedback indicated greater enthusiasm and acceptability for the novel approach. CONCLUSION: Live interactive educational techniques were found to be effective, acceptable, and more student-oriented than traditional teaching-learning methods. TRIAL REGISTRATION: Clinical Trials Registry-India, CTRI/2024/02/062476URL: https://ctri.nic.in/.",uterine artery occlusion,AJOG Glob Rep,United States,2025,Journal Article,unknown,10.1016/j.xagr.2025.100572
Application of problem-based learning combined with three-dimensional visualization reconstruction technology in trauma orthopedics teaching and its impact on teaching satisfaction,"Xue G, Chen S, Xie J, Yang M, Wang Z.","BACKGROUND: Trauma orthopaedics presents unique challenges in medical education due to complex fracture morphology and the limitations of traditional lecture-based approaches. Problem-Based Learning (PBL) emphasizes active participation and clinical reasoning, while three-dimensional visualization reconstruction technology (3D-VRT) enhances spatial understanding of anatomy and fracture patterns. However, the combined application of PBL and 3D-VRT in trauma orthopaedics education has not been fully evaluated. METHODS: A single-blinded randomized controlled trial was conducted at the First Affiliated Hospital of Wannan Medical College, enrolling 50 clinical medical students between July 2023 and June 2024. Students were randomly assigned to the control group (traditional teaching, n = 25) or the experimental group (PBL combined with 3D-VRT, n = 25). Teaching effectiveness was assessed by written examinations, practical skill evaluations, a critical thinking disposition inventory, student evaluations of teaching methods, and a teaching satisfaction questionnaire. RESULTS: Before the intervention, baseline performance showed no significant difference between the two groups. After the intervention, the experimental group demonstrated higher written examination scores (84.72 ± 2.39 vs. 79.52 ± 2.21, mean difference = 5.20, 95% CI: 3.62–6.78, P < 0.01) and practical operation scores (86.68 ± 2.22 vs. 79.24 ± 2.96, mean difference = 7.44, 95% CI: 5.82–9.06 P < 0.01) compared with the control group. Critical thinking ability scores were higher in the experimental group across all seven dimensions (total score 361.36 ± 11.46 vs. 256.96 ± 8.89, mean difference = 104.4, 95% CI: 95.1–113.7, P < 0.05). Student evaluations of teaching effectiveness (17.84 ± 1.12 vs. 10.72 ± 1.59, mean difference = 7.12, 95% CI: 5.51–8.73, P < 0.05) and overall teaching satisfaction (85.92 ± 4.34 vs. 74.96 ± 5.64, mean difference = 10.96, 95% CI: 8.24–13.68,P < 0.05) were also improved in the experimental group. CONCLUSION: The integration of PBL with 3D-VRT was associated with improved knowledge acquisition, practical skills, critical thinking ability, and teaching satisfaction among medical students in trauma orthopaedics education. This blended approach addresses the limitations of traditional teaching and offers a promising strategy for improving educational outcomes in trauma orthopaedics. SUPPLEMENTARY INFORMATION: The online version contains supplementary material available at 10.1186/s12909-025-08364-4.",Trauma orthopaedics,BMC Med Educ,England,2025,Journal Article,unknown,10.1186/s12909-025-08364-4
Pecha Kucha in medical education: a narrative literature review,"Oluic S, Milutinovic S, Gligorevic S, Brezic N, Correa BHM, Hassan M, Bartlett B, Labban ME, Wedzina W, Delibasic M, Oluic J, El-Din M.","This review aims to explore the use and educational impact of the Pecha Kucha presentation format in medical education, as well as its integration with active learning methodologies. A comprehensive literature search was conducted in Medline, Embase, ScienceDirect, and Scopus to identify studies that assessed Pecha Kucha in undergraduate, postgraduate, or patient education. Fourteen English-language studies published up to September 2024 were included. Studies were evaluated for design, participant population, learning outcomes, and pedagogical integration. The selected studies employed quantitative, qualitative, and mixed-method approaches. Most studies reported positive educational outcomes, including improved knowledge retention, clearer communication, and enhanced learner engagement. Pecha Kucha was particularly effective when integrated with self-directed, problem-based, case-based, or team-based learning strategies. Participants, including students, residents, and patients, highlighted the format's value in promoting concise, visually engaging presentations, although some noted difficulties adapting to its strict timing constraints. Pecha Kucha is a promising educational tool that incites active learning, efficient communication, and engagement in medical education. When combined with other pedagogical strategies, it contributes to a more dynamic and student-centered learning environment.",Teaching methods,Korean J Med Educ,Korea (South),2025,Review,unknown,10.3946/kjme.2025.358
Reimagining Graduate Study With Generative Artificial Intelligence-Supported Study Strategies: A Doctor of Nursing Practice Student's Perspective,"Silva KA, Sheets DM.","Background: Artificial intelligence (AI) is transforming higher education by offering accessible tools that enhance comprehension and efficiency. While AI use in clinical decision-making is expanding, little research explores how Doctor of Nursing Practice (DNP) students use AI to support their academic learning. Objective: The aim of the study was to describe a DNP student's experience using a generative AI tool to supplement traditional study strategies and improve learning outcomes. Methods: This case narrative outlines how Chat Generative Pre-trained Transformer (ChatGPT), an AI tool, was integrated into a first-year DNP student's daily study routines for concept simplification, reinforcement through repetition, and clarification of complex content. The approach is evaluated against academic performance, clinical feedback, and alignment with the American Association of Colleges of Nursing Essentials. Results: ChatGPT improved study efficiency, enhanced understanding of complex material, and supported academic and clinical performance. The tool aligned with core nursing competencies by promoting critical thinking, personalized learning, and ethical technology use. Conclusions: When used responsibly and verified against reliable sources, AI tools can supplement traditional learning methods in nursing education. Implications for Nursing: By using AI as a study tool, graduate-level nursing students can strengthen critical thinking, improve knowledge retention, and support the development of confident, self-directed advanced practice nurses who are prepared for modern clinical practice.",self-directed learning,J Dr Nurs Pract,United States,2025,Journal Article,unknown,10.1891/JDNP-2025-0058
Evaluating the effectiveness of continuing professional development training program: a retrospective cohort study,"Farid D, Lumibao J, Safar F, Kassem L, Gul Z, Hams SA, Al Abiad M.","BACKGROUND: Continuing Professional Development (CPD) is essential for enhancing the competencies of healthcare professionals in healthcare settings. Without continuous training, quality of services and patient safety might be at risk. METHODS: This quantitative retrospective cohort study analyzed paired pre- and post-test data from 538 participants across three independent CPD (Healthcare Quality and Risk Management (HQRM), Central Sterile Supply Department (CSSD), Accident Prevention for Healthcare Professionals (APHP)) delivered over 48 sessions between 2023 and 2024. Data on participant attendance, knowledge acquisition (self-assessment ratings and pre- and post-course examinations), and participant survey feedback post courses were analyzed. RESULTS: The analysis showed that around 46.7% of participants were nurses, 36.8% allied health practitioners, 9.7% physicians, 4.7% dentists and 2.3% pharmacists, with 97.4% coming from governmental institutions. The participants’ self-perception of the courses, based on the self-assessment questionnaire, indicates a strong belief in the courses’ value and impact. All three courses resulted in highly statistically significant knowledge acquisition (p < .001). The mean pre-test scores improved by 38.3 to 67.1% points. Overall satisfaction was high, and participants self-reported improved competence with ratings above 96%. Key themes gathered from qualitative assessment revealed that participants plan to further professional development, implementation of new strategies in their work, and continued self-assessment to monitor progress. Future CPD topics suggested were advanced clinical skills, patient-centered care, telemedicine, and the integration of technology in healthcare. CONCLUSIONS: The courses were perceived as relevant to professional practice and associated with higher post-test knowledge scores. Future research, incorporating longitudinal follow-up is warranted to establish the definitive causal link between this training and sustained improvements in professional practice. SUPPLEMENTARY INFORMATION: The online version contains supplementary material available at 10.1186/s12909-025-08415-w.",Training,BMC Med Educ,England,2025,Journal Article,unknown,10.1186/s12909-025-08415-w
"Digitalization through the use of Ren'Py-Based interactive learning experiences in physiotherapy and rehabilitation education: a randomised, controlled, single-blind study","Koçyiğit A, Cavlak U.","BACKGROUND: Advances in health professions education increasingly emphasize the use of digital technologies to enhance student engagement and support diverse learning needs. In physiotherapy training, particularly in technically complex subjects like electrotherapy, conventional instruction may fall short in fostering active learning and knowledge retention. Game-based platforms such as Ren'Py offer an opportunity to integrate interactive, scenario-based learning into the curriculum. This study aimed to assess the impact of Ren'Py-based digital materials on learning outcomes by comparing conventional, digital, and hybrid teaching models in an undergraduate electrotherapy course. METHODS: This single-blind, three-arm randomized controlled trial was conducted between October-December 2024 at the Department of Physiotherapy and Rehabilitation. Eighty second-year physiotherapy students who had not previously taken the course were randomly assigned via computerized sequence to one of three groups: Conventional Education Group (CEG, n = 23), Digital Education Group (DEG, n = 29), or Conventional and Digital Education Group (CaDEG, n = 28). Instructional delivery included theoretical and practical sessions, followed by theoretical and practical exams. Outcomes included exam scores, the Cognitive Load Scale, the Attitude Scale Towards the Physiotherapy Profession, and the Educational Materials Motivation Survey. The data were analyzed using SPSS 27.0 package program. The parametric ANOVA test was used for normally distributed data, and the nonparametric Kruskal-Wallis test was used for nonnormally distributed data. Post-hoc analyses were performed using the Bonferroni test for normally distributed data and the Dunn-Bonferroni test for non-normally distributed data. A p < 0.05 level of significance was accepted for all findings. RESULTS: Theoretical exam scores were similar between groups (CI(95%) = 0.00 to 0.07; p = 0.616), but practical exam scores were significantly different (CI(95%) = 0.03 to 0.30; p < 0.001); both CEG and CaDEG performed better than DEG (CI(95%) = 2.22 to 18.01, p = 0.007 and CI(95%)=-18.51 to -3.52, p = 0.002, respectively). In ASTPP scores, no significant difference was observed between the groups in pre-training, post-training, post-pre-training differences, and in within-group comparisons in any of the CEG, DEG and CaDEG groups (CI(95%) = 130.13 to 136.16, p = 0.858; CI(95%) = 131.91 to 137.08, p = 0.511; CI(95%)=-1.27 to 3.97, p = 0.852; CI(95%)=-4.59 to 3.63, p = 0.987; CI(95%)=-7.31 to 5.10, p = 0.335; CI(95%)=-5.22 to 0.57, p = 0.075, respectively). Cognitive load was significantly higher in the CEG group compared to DEG and CaDEG (CI(95%)=-2.04 to 0.09, p = 0.020; CI(95%)=-0.01 to 2.11, p = 0.016, respectively). IMMS scores were significantly higher in the CaDEG group than in CEG (CI(95%) = 1.77 to 30.32, p = 0.022). CONCLUSION: Face-to-face and hybrid models were more effective than digital-only instruction for developing practical skills in physiotherapy education. The hybrid model also reduced cognitive load and increased motivation. These findings suggest that integrating tools like Ren'Py into conventional instruction may enhance learning when used as a complement. Further studies with larger samples and extended durations are recommended. TRIAL REGISTRATION: This study was retrospectively registered on ClinicalTrials.gov (NCT07274839).",Physiotherapy education,BMC Med Educ,England,2025,Journal Article,unknown,10.1186/s12909-025-08474-z
Effectiveness of Educational Hypermedia for Teaching Obstetric Risk Classification: Randomized Clinical Trial,"Morais Soares FM, Kélen Lima G, Cristina Negri E, Leite de Oliveira L, Sousa Braga FL, de Fátima Fernandes MN, Nunes de Miranda FA.","The lack of clinical skills in reception and obstetric risk classification among nursing students has prompted the use of innovative educational technologies. In this scenario, educational hypermedia has emerged as a promising strategy for enhancing interactive learning and developing clinical reasoning. This study evaluated the effectiveness of an educational hypermedia in teaching obstetric risk reception and classification among third-year undergraduate nursing students at a private university in northeastern Brazil. This was a cluster-randomized clinical trial with 2 parallel groups (intervention and control), each with 30 participants. The intervention group used educational hypermedia after theoretical and practical classes, whereas the control group followed only traditional strategies. The primary outcome was knowledge gain, measured by pre-intervention and post-intervention tests. Both groups showed an improvement in performance, but the intervention group obtained a significantly higher average in the post-test (P=.001), with a high effect size (Cohen d=1.131), in contrast to a small effect in the control group. In addition, the students' evaluation using the LORI scale showed high satisfaction with the quality of the hypermedia (mean=4.77). The results indicate that hypermedia is an effective and complementary tool to traditional teaching, promoting greater knowledge retention and stimulating clinical reasoning in the context of obstetrics.",randomized controlled trial,Comput Inform Nurs,United States,2025,Journal Article,unknown,10.1097/CIN.0000000000001408
Enhancing theoretical BLS knowledge with virtual reality: a randomized controlled trial in medical students,"Tannemann N, Tsarenko O, Herbstreit F, Gestmann M, Brenner T, Szalai C.","BACKGROUND: High-quality cardiopulmonary resuscitation (CPR) training, including both technical and non-technical skills, is essential for medical students. Virtual reality (VR) offers immersive learning environments that may enhance traditional teaching methods. This study investigates the impact of a single VR session prior to an Advanced Life Support (ALS) course on knowledge and performance of basic life support skills among medical students. METHODS: In this single blind randomized controlled trial, 126 fourth-year medical students with prior Basic Life Support (BLS) training were assigned to either an intervention group (n = 66) with an additional 3-part immersive VR session covering BLS theory and practice or a control group (n = 60) receiving standard preparation. All participants underwent a seminar based on advanced life support principles as dictated by the European Resuscitation Council (ERC) and International Liaison Committee on Resuscitation (ILCOR) guidelines. Theoretical knowledge was assessed via multiple-choice questionnaires at three time points (baseline, post-course, 12 weeks later). Practical skills were evaluated through an Objective Structured Clinical Examination (OSCE). Data were analyzed using Wilcoxon tests, repeated-measures ANOVA, and linear mixed models. Student evaluations were used to gauge subjective satisfaction with the scenario during teaching. RESULTS: No significant differences were observed between groups at baseline. The intervention group demonstrated significantly greater gains in knowledge at both post-course (p < 0.01) and follow-up (p = 0.04). However, no significant differences were found in OSCE performance. The VR group's improvement over time was significantly higher, suggesting a positive effect of VR on knowledge retention. Students were satisfied with the addition of a VR scenario in the teaching format. CONCLUSION: A single VR session prior to ALS training enhanced theoretical knowledge but did not significantly affect practical performance. Students were open to integration of the technology into training, so that VR may serve as a valuable adjunct in CPR education. Further research is needed to evaluate its long-term impact and the optimal integration method into curricula.",Simulation training,Resusc Plus,Netherlands,2025,Journal Article,unknown,10.1016/j.resplu.2025.101169
Validating the Effectiveness of a VR-based and Haptic Technology-based Operating Room Simulation Program Among Nursing Students,Kim HY.,"This study aimed to validate the effectiveness of a virtual reality (VR) and haptic technology-based simulation program for operating room nursing education among undergraduate nursing students. Providing students with hands-on experience in the operating room is challenging due to safety, ethical, and logistical constraints. Therefore, this study explored immersive simulation as a viable alternative. We used a nonequivalent control group pretest-posttest design, with 78 nursing students divided into an experimental and a control group. The intervention group engaged in a simulation program that involved VR headsets and haptic gloves, allowing hands-on practice of perioperative nursing tasks in a virtual setting, while the control group received online-based perioperative nursing education reflecting the standard instructional approach used at the participating institution. Outcome measures included knowledge acquisition, confidence in performing nursing tasks, learning presence, learning flow, and learning satisfaction. Results showed that the simulation program significantly improved participants' confidence, presence, flow, and satisfaction, compared to the control group; however, no significant difference was observed in knowledge acquisition. These findings suggest that integrating haptic-enhanced VR simulation education into nursing curricula can effectively foster immersive, experiential learning and improve key educational outcomes. Further studies are recommended to optimize feedback mechanisms and assess knowledge improvement through alternative evaluation tools.",virtual reality,Comput Inform Nurs,United States,2025,Journal Article,unknown,10.1097/CIN.0000000000001452
Mapping the Landscape: A Systematic Review of Technology Trends in Medical Education and Competency Development,"Toofaninejad E, Mirzaei S, Mahdavi Shakib A, Gholipour Morad Dashtaki D, Raoufian H, Mirmoghtadaie Z, Sohrabi S.","Medical education has undergone significant transformations, driven by rapid technological advancements. This systematic review aims to map and analyze educational technology trends from the late 1970s to 2024, tracing their evolution and their Impacts on competency development. Following PRISMA guidelines, a comprehensive search was conducted across seven databases in August 2024, yielding 18 studies published between 1978 and 2024 for qualitative, thematic synthesis. The findings indicate that technology integration has evolved through distinct trends. While simulation-based approaches were most frequently reported to enhance clinical reasoning and psychomotor skills, blended learning was highlighted for enabling flexible delivery, and other technologies, such as e-learning platforms and Web 2.0 tools, also played significant roles in supporting knowledge acquisition and collaborative learning. Despite these benefits, high costs, infrastructure limitations, and the need for specialized faculty training were identified as persistent barriers to adoption. In conclusion, the literature review indicates that technological trends have enriched medical education by fostering interactive, accessible, and flexible learning environments. Future strategies must therefore focus on developing scalable, cost-effective solutions. A dedicated systematic review of AI's trajectory and impact is strongly recommended as a critical next step, building upon the historical foundation laid by this study.",systematic review,Adv Med Educ Pract,New Zealand,2025,Review,unknown,10.2147/AMEP.S561949
Enhancing Competencies of Nursing Students in Pain Management Education Through Artificial Intelligence (AI): A Narrative Review,"Martis RR, Pai MS, Mahadeva R, Mathias EG, Ramoo V, Dewi YS, Arulappan J, Nagasampige M, Ur R.","BACKGROUND: Effective pain management is a vital aspect of quality nursing care, requiring sound knowledge, assessment skills, clinical judgment, and patient-centered communication. With advances in healthcare technology, Artificial Intelligence (AI) is emerging as a powerful educational tool to enhance competency-based learning in pain management. OBJECTIVES: This narrative review explores how AI integration in nursing education impacts the development of pain management competencies among nursing students. MATERIALS AND METHODS: A comprehensive literature search was conducted across PubMed, Scopus, and Google Scholar using keywords such as ""artificial intelligence,"" ""pain management,"" ""nursing education,"" and ""competencies."" Of the 172 studies identified, nine met the inclusion criteria after screening using Rayyan software. RESULTS: The selected studies highlight key AI applications including simulation-based learning, real-time feedback, clinical decision support, personalized modules, and automated assessment tools. These approaches help develop core competencies such as accurate pain assessment, critical thinking, reflective practice, and patient education. AI also enhances engagement through interactive and tailored learning experiences, supporting better knowledge retention. CONCLUSION: Integrating AI into pain management education equips nursing students with essential clinical skills, promoting higher competence and confidence in managing pain. Ongoing research is vital to explore both the benefits and potential challenges of AI integration to ensure its safe and effective use in nursing curricula. NURSING PRACTICE IMPLICATIONS: AI enhances the accuracy in pain assessment, supports clinical decisions, encourages reflective practice, and fosters empathy. It prepares nurses for digital healthcare environments and contributes to improved patient outcomes.",Pain management and Nursing education,Pain Manag Nurs,United States,2025,Review,unknown,10.1016/j.pmn.2025.11.025
The Application Value of Three-Dimensional Reconstruction Technology in Liver Surgery Teaching,"Zhang H, Wu X, Luo F, Huang J.","INTRODUCTION: To explore the application value of three-dimensional (3D) reconstruction technology in liver surgery teaching. METHODS: A randomized controlled trial was conducted involving 50 physicians rotating through the Department of Hepatobiliary Surgery at Foshan Fosun Chancheng Hospital between January 2023 and June 2024. Participants were randomly assigned to a traditional teaching group (n = 25) or a 3D teaching group (n = 25). The 3D teaching group utilized 3D reconstruction technology to create dynamic liver models, combined with virtual surgical planning and surgical videos for teaching, while the traditional teaching group used conventional anatomical atlases, physical models, and surgical videos. Both groups received instruction from senior attending physicians, with consistent faculty, syllabi, clinical cases, and total teaching hours. Teaching effectiveness was evaluated through standardized assessments and questionnaires. RESULTS: Standardized assessments revealed significantly higher written test scores, practical operation scores, and total scores in the 3D group compared to the traditional group (p < 0.001). Questionnaire results indicated that the 3D teaching group scored significantly higher in 5 core dimensions, including teaching method satisfaction, learning interest stimulation, knowledge acquisition efficiency, learning motivation, and content mastery (p < 0.001). CONCLUSIONS: 3D reconstruction technology significantly enhances student learning motivation and facilitates a shift in teaching methodology from traditional passive knowledge acquisition towards a novel model of active exploratory learning. This interactive approach holds promise as a core teaching methodology for standardized liver surgery education.",three-dimensional reconstruction,J Surg Educ,United States,2026,"Research Support, Non-U.S. Gov't",unknown,10.1016/j.jsurg.2025.103847
Facilitators and Barriers to Adoption of Mobile Learning Technologies in Undergraduate Health Professional Education in Clinical Environments: A Scoping Review,"Huertas-Zurriaga A, Dobrowolska B, Chrzan-Rodak A, Fessl A, Dennerlein S, Herbstreit S, Martínez-Gaitero C, Cabrera E; on the behalf of 4D Project Consortium.","The increasing adoption of digital education, including mobile learning (mLearning), is transforming the training of future health professionals, offering advantages such as improved accessibility, timeliness, and affordability. While mLearning enhances clinical training by providing flexible access to information and supporting practical skills development, challenges such as inadequate resources and resistance from staff and patients need to be addressed for successful integration. This review aims to explore the factors for successful adoption of mLearning in clinical placements, providing valuable insights to inform best practices in its implementation. A scoping review was conducted in accordance with the Preferred Reporting Items for Systematic Reviews and Meta-Analysis extension for scoping reviews (PRISMA-ScR). Arksey and O'Malley and Joanna Briggs Institute (JBI) methodology was applied. Searching 6 electronic databases plus manual searching returned 5178 articles, with 76 articles included in analysis. All studies were published between 2008 and 2024, with a significant proportion originating from Canada (n = 12), the United States (n = 12), the United Kingdom (n = 11), and Australia (n = 11). The majority of the studies involved nursing (n = 47) and medical (n = 24) students. The analysis revealed 6 facilitators and 6 barriers. It identified positive attitudes toward mobile applications, highlighting their role in enhancing education in clinical environment, organizing training, and improving patient care. However, barriers such as the absence of regulations, ethical concerns, and technical issues were also noted, along with the need to address information literacy and skills. Mapping research regarding facilitators and barriers for introducing mobile learning technologies into undergraduate education in clinical environment has helped in creating a set of solutions which are capable to ensure the success and sustainability of mLearning. These solutions should be considered at the innovation's design, implementation, and post-implementation stages to guarantee its effectiveness in education in clinical environments. This may help to enhance the learning experience, improve knowledge retention, and develop clinical skills, while providing a cost-effective solution for clinical training programs for healthcare professions. This, in turn, has positive implications for quality of care provided.",Scoping review,J Med Syst,United States,2026,Scoping Review,unknown,10.1007/s10916-025-02325-6
"Exploring the Multidimensional Advantages of Productive Failure in Cultivating Clinical Thinking, Collaboration, Stress Management, and Learning Retention in Resident Physicians","Ding Y, Wang H, Wang X, Angula LN, Fang N.","The Productive Failure (PF) technique is an educational strategy that uses collaborative problem-solving to facilitate resident physicians' understanding of new concepts. A novel implementation of this approach is PF simulation, in which they engage in simulation before receiving comprehensive teaching on the involved aspects. PF commences with the generation and consolidation phases, where resident physicians develop and analyze the advantages and constraints of various Representations and Solution Methods. These are followed by the knowledge assembly phases, respectively. Wherein physicians gain essential concepts by organizing their representations and thoughts in alignment with established responses. PF is deliberately designed to induce failure in problem-solving; however, in the following review, this process of failure can help resident physicians better acquire target ideas. The crucial aspect of PF design is that throughout the problem-solving phase, physicians receive no instructional support or scaffolding. Explicit failure-driven scaffolding is an alternative method for enhancing the efficacy of preparatory problem-solving. This narrative review examines the theoretical foundation of PF and its role in collaboration, clinical reasoning development, stress management, and knowledge retention among resident physicians. Using cognitive psychology, clinical reasoning theories, and reflective practice, we examined how PF helps people learn from failure, shift from traditional teaching to retain knowledge long-term, and develop flexible skills in complex clinical settings. Highlighting these components underscores the significance of practical simulations, varied information sources, and systematic feedback in cultivating these competencies. The role of PF in medical education policy suggests ways to integrate it into future training models to address current curriculum gaps. Future directions for PF in medical education include individualized learning, interdisciplinary collaboration, and the integration of future technologies such as virtual reality (VR). PF constitutes a viable educational approach for augmenting the clinical and cognitive competencies of resident physicians, equipping them with the intricacies of contemporary medical practices.",stress management,Adv Med Educ Pract,New Zealand,2025,Review,unknown,10.2147/AMEP.S546816
Digital Solutions in HF Education: What Can Patients and Clinicians Gain?,"Castiello T, Hill L, Man S, Elseidy S, Griffin D, Schuuring MJ.","PURPOSE OF REVIEW: Heart failure (HF) imposes an expanding global health burden, necessitating innovative approaches to education for both patients and clinicians. This review evaluates the evolving landscape of digital health tools in HF education and examines how these technologies may enhance accessibility, personalisation, and engagement in contemporary care. RECENT FINDINGS: Emerging evidence demonstrates that digital solutions-ranging from remote educational platforms and interactive applications to AI-assisted learning and immersive reality technologies-can meaningfully improve patient self-management, support clinician knowledge acquisition, and strengthen overall care quality. These tools offer substantial advantages, including remote access to high-quality information, dynamic and interactive learning experiences, and opportunities for continuous monitoring. Nonetheless, challenges persist, particularly regarding equitable access, digital literacy, data quality, and integration into existing clinical workflows. Digital technologies hold considerable promise in optimising HF education for both patients and clinicians. When effectively implemented, they have the potential to improve patient outcomes, enhance clinical decision-making, and support more efficient healthcare delivery. Continued innovation-particularly in AI, virtual and augmented reality, and personalised learning systems-will be essential to address remaining limitations and fully realise the transformative potential of digital HF education.",Self-management,Curr Heart Fail Rep,United States,2026,Review,unknown,10.1007/s11897-025-00738-5
Mixed reality neurosurgical simulations and adult learning theories: a systematic review,"Giraldo JP, Dholaria N, Williams N, Michaels C, Ehredt RB, Fotias DJ, Cho SS, Sonntag VKH, Uribe JS.","BACKGROUND: Neurosurgical education relies on rigorous training to help learners develop technical proficiency and neuroanatomical comprehension. Traditional teaching methods, such as cadaveric dissections and live surgical observations, face limitations associated with accessibility, cost, and ethical concerns. Mixed reality (MR), an emerging technology within extended reality, offers an interactive and immersive approach to surgical training. This review examines the effectiveness of MR in neurosurgical education through established adult learning theories, aiming to determine the optimal integration model for enhancing trainee skill acquisition and knowledge retention. METHODS: A systematic literature search of MEDLINE, Scopus, Embase, and Cochrane databases was conducted. The search included studies of MR applications in neurosurgical education aligned with adult learning theories. A total of 341 articles were identified, with 18 meeting the inclusion criteria after screening. Studies were categorized based on their integration of adult learning theories, including experiential learning, constructivism, behaviorism, cognitivism, and self-directed learning. Data extraction focused on MR applications, assessment metrics, and performance improvements among trainees. RESULTS: The review found that MR-based neurosurgical training improved spatial understanding, procedural accuracy, and trainee engagement. Experiential learning was the most frequently applied model (18 studies), followed by constructivism (15 studies), behaviorism (7 studies), and cognitivism (6 studies). Studies on cranial procedures demonstrated enhanced spatial cognition and motor skills, whereas studies exploring spinal procedures, such as pedicle screw placement, showed increased precision and greater trainee confidence. Although no studies explicitly emphasized andragogy or connectivism, MR's integration of feedback mechanisms and real-time simulation was found to facilitate skill refinement and knowledge retention. CONCLUSIONS: MR-based neurosurgical training aligns effectively with theories of adult learning, particularly experiential and constructivist learning. The technology enhances procedural accuracy and spatial awareness, contributing to improved neurosurgical education. Although MR accelerates the learning curve, randomized controlled trials are needed to evaluate its long-term impact on surgical performance. Incorporating MR into neurosurgical curricula could revolutionize training by fostering active learning, optimizing skill acquisition, and improving patient safety.",Virtual simulation,J Clin Neurosci,Scotland,2026,Systematic Review,unknown,10.1016/j.jocn.2025.111839
[Exploration and Practice of Constructing a New Ecology of Experimental Stomatology Practice Teaching Driven by Digital Intelligence],"Zhang Y, Zheng Q, Wang Y, Zhang M, Shen J, Hao A, Han X, Ye L.","The innovative development of integrating digital technology with education has created a new framework and ecosystem for stomatology education. Taking the innovative ecological construction of experimental teaching at West China School of Stomatology, Sichuan University as a representative case, we systematically explored the innovative pathways and practical paradigms for experimental teaching in stomatology empowered by digital intelligence across multiple dimensions, including knowledge acquisition, clinical competency development, and evaluation of experimental teaching. A 4-wheel-driven stomatology experimental teaching system comprising intelligent-guided learning, intelligence-enhanced critical thinking, intelligence-enabled practice, and intelligent evaluation was established by West China School of Stomatology. By organically integrating technologies such as artificial intelligence, virtual simulation, and mixed reality, this system promotes a shift in the teaching paradigm from a ""credit-oriented"" approach to a ""competency-oriented"" paradigm. This transformation helps achieve seamless integration and a closed-loop process encompassing knowledge internalization, clinical reasoning, skills training, and comprehensive evaluation in experimental teaching. Practice demonstrates that this system effectively enhances students' self-directed learning skills, precision in clinical operations, and interdisciplinary diagnostic reasoning, providing valuable insights and references for advancing the application of digital technologies in the training of stomatology professionals.",Virtual simulation,Sichuan Da Xue Xue Bao Yi Xue Ban,China,2025,Journal Article,unknown,10.12182/20251360302
Cinematic Rendering in Anatomy Education: Revolutionizing Visual Learning,"Sarangi PK, Narayan RK, Nikhileswar K, Panda S.","Cinematic Rendering (Siemens Healthliners, Erlangen, Germany) is an advanced imaging technique that converts radiological data into highly realistic 3D visualizations, offering a transformative tool for anatomy education. Traditional teaching methods often lack spatial clarity and interactivity, limiting students' understanding of complex anatomical relationships. Cinematic Rendering overcomes these challenges by providing lifelike detail, dynamic exploration, and the ability to visualize real patient cases and pathological changes. This enhances knowledge retention, spatial comprehension, and clinical reasoning. The technology also supports remote collaboration and offers an ethical alternative to cadaver-based teaching. As medical schools begin adopting Cinematic Rendering, emerging virtual and augmented reality applications are expected to further expand its educational impact. Overall, Cinematic Rendering represents a significant advancement in anatomical teaching, delivering immersive, accurate, and clinically relevant learning experiences.",radiology-based teaching,Cureus,United States,2025,Editorial,unknown,10.7759/cureus.99250
Continuance intention to use mobile learning among college students: integrating quality factors and the expectation confirmation model,"Qiu X, Wu J, Li H.","In light of the exponential rise of mobile device usage and advancements in information technology, mobile learning has ascended as an integral conduit for information and knowledge acquisition among educators and learners. Based on the expectation confirmation model, this study examines the mechanisms by which quality factors influence the continuance intention toward mobile learning among university students. A random sampling methodology was employed, yielding a robust sample of 278 students across three educational institutions in Jiangxi Province. A Partial Least Squares Structural Equation Modeling approach was used to analyze the data. The outcomes manifested significant positive associations across all relationships, with the exceptions being between system quality and perceived usefulness, information quality and confirmation, and service quality and perceived usefulness. Additionally, the study found no gender differences in the correlations between perceived usefulness and continuance intention or satisfaction and continuance intention. Based on these findings, the authors present suggestions for educational institutions, educators, system designers, and researchers to enhance the continuance intention to use mobile learning among college students.",Quality,Sci Rep,England,2026,Journal Article,unknown,10.1038/s41598-026-35949-w
Workflow-embedded AI as a cognitive scaffold: A randomized trial on knowledge retention and diagnostic competency in undergraduate radiology education,"Li J, Zhao H.","BACKGROUND: Traditional didactic methods in medical imaging education, predominantly reliant on static images (non-augmented, traditional PACS workflow that requires manual, unguided search and interpretation), consistently fail to bridge the theory-practice divide, contributing to high diagnostic error rates. While the integration of artificial intelligence (AI) with Picture Archiving and Communication Systems (PACS+AI) offers transformative potential, robust evidence quantifying its impact on longitudinal competency development remains scarce. OBJECTIVE: This study aims to quantitatively evaluate the efficacy of a cognitively optimized PACS+AI framework versus conventional PACS in enhancing radiology education across four critical domains: theoretical knowledge, clinical decision-making competencies, AI acceptance, and knowledge retention. METHODS: In a prospective single-blind randomized controlled trial (RCT), 110 medical imaging undergraduates were randomized to PACS+AI (n = 55) or standard PACS (n = 55) groups. Theoretical knowledge was assessed using validated item-bank assessments; clinical decision-making competencies were evaluated through lesion detection, anatomical localization, diagnostic accuracy, and report completeness; AI acceptance was measured using the Technology Acceptance Model (TAM); and knowledge retention was tracked through immediate, 1-month, and 3-month follow-up assessments. The PACS+AI framework provided three core cognitive support functions: automated lesion annotation, structured diagnostic prompting, and workflow-contextualized feedback. RESULTS: The PACS+AI group demonstrated significantly superior outcomes across all domains: theoretical knowledge retention was substantially higher (79.3 % vs. 19.7 % at 3 months, P < 0.001, d=1.95); clinical decision-making competencies showed progressive improvement with large effect sizes (Δ=12.4-18.1, all P < 0.001, d=1.88-2.48); AI acceptance scores were significantly elevated across all TAM constructs (all P < 0.001, d>1.9); and knowledge retention was maintained longitudinally with amplified effects over time. CONCLUSION: The PACS+AI framework significantly enhances radiology education by optimizing cognitive load distribution, resulting in sustained knowledge retention, superior clinical decision-making competencies, and heightened AI acceptance. This integrated teaching model effectively bridges the gap between theory and practice, cultivates professionals adaptable to the artificial intelligence environment, and aligns with the core needs of the new generation of medical education.",Workflow-embedded learning,Eur J Radiol Open,England,2026,Journal Article,unknown,10.1016/j.ejro.2026.100724
Virtual clinical simulation as a pedagogical strategy in healthcare learning: Evidence and gap map,"Lino MM, Engler JC, Guesser JC, Castro LSEPW, Flôr JDS, Amadigi FR, Oriá MOB, Silva AR, Díaz DA.","AIM: To map and characterize, systematically, the volume, scope and distribution of systematic review evidence on virtual clinical simulation in healthcare education, describing the educational outcomes assessed, the contexts and modalities where virtual simulations have been implemented and the main evidence gaps identified. BACKGROUND: Virtual clinical simulations are increasingly used to support healthcare education and training. However, existing evidence on their effectiveness remains fragmented, with variations in methodological quality and scope. DESIGN: Evidence and Gap Map (EGM) following Campbell Collaboration Guidance. METHODS: A systematic search was conducted across nine databases and two gray literature sources. Eligible studies included systematic reviews examining healthcare professionals or students using virtual simulations. Data were extracted using the PICOS framework and reviewed independently by two researchers. Methodological quality was assessed using AMSTAR-2 and confidence in findings was appraised using CERQual. RESULTS: A total of 118 reviews met inclusion criteria: 91 systematic, 25 scoping and 2 umbrella reviews. Most were published within the past four years and originated from high-income countries. We identified seven categories across the results: (1) Learning and Knowledge Acquisition; (2) User Perception; (3) Development of Technical Skills; (4) Simulation Performance; (5) Development of Practical Skills; (6) Transfer to Real Clinical Practice; and (7) Program Effectiveness. More than half of the systematic reviews were rated as low or critically low quality, with only 10 % achieving high methodological rigour. CONCLUSIONS: Virtual clinical simulations demonstrate potential to enhance learning outcomes in healthcare education. However, evidence is limited by uneven methodological quality, concentration in high-income settings and a lack of research on emerging technologies and long-term educational impacts. Future high-quality, comparative studies are needed to strengthen the evidence base.",Virtual Clinical Simulation,Nurse Educ Pract,Scotland,2026,Systematic Review,unknown,10.1016/j.nepr.2026.104713
The effectiveness of virtual reality for K-12 foreign language learning: a systematic review of recent randomized controlled trials,"Sun L, Song X.","BACKGROUND: Despite the increasing adoption of immersive Virtual Reality (VR) in K-12 educational settings, there is a notable absence of systematic, high-quality experimental research evaluating its efficacy in facilitating foreign language acquisition. METHODS: Following a systematic search of five databases that yielded 1,054 records, six randomized controlled trials (RCTs) met the inclusion criteria. Because of considerable heterogeneity, a narrative synthesis was conducted following the Synthesis Without Meta-analysis (SWiM) guideline, with findings structured into a primary contrast (VR vs. non-VR) and a secondary analysis (VR vs. VR designs). RESULTS: The primary contrast analysis indicated that VR interventions generally had a positive effect compared to non-VR controls, particularly for vocabulary and listening. A notable finding was a consistent positive effect for VR in promoting long-term knowledge retention. The risk of bias evaluation indicated that each of the included studies was classified as presenting ""some concerns"". CONCLUSION: Across a small and heterogeneous set of recent RCTs, immersive VR shows promising effects, especially for long-term retention. However, the evidence for immediate learning gains is inconclusive. A more critical finding is the profound heterogeneity and methodological concerns within the evidence base, which preclude any single, overarching conclusion about VR's effectiveness.",virtual reality,Front Psychol,Switzerland,2026,Systematic Review,unknown,10.3389/fpsyg.2025.1714481
What should AI explain to you? Visions of older adults regarding explainable AI,van Leersum CM.,"BACKGROUND AND OBJECTIVES: Artificial intelligence (AI) combined with smart sensors or conversational agents are becoming part of our lives, and have the potential to improve aging in place by supporting independent living. Trust and willingness to use AI seem essential for actual embedding. Explainable AI (XAI), originating from the recognition that AI infrastructures often operate in an opaque, ""black boxed"" way, might assist in understanding the underlying logic of AI-made decisions. However, it is unknown what older adults think about XAI and what they consider as needed explainability. RESEARCH DESIGN AND METHODS: I conducted 28 semi-structured interviews to explore XAI in the worlds of older adults. Inductive analysis was applied to analyze what do older adults know about AI and how do they imagine our society with AI? What is XAI to them and how do they value explainability? FINDINGS: The analysis resulted in nine themes: four regarding the knowledge on AI of older adults, including definitions, knowledge acquisition, attitudes, and expectations, and five themes were leading for the views on XAI in which XAI is not desirable, XAI is necessary, or collaboration is preferred. DISCUSSION AND IMPLICATIONS: The visions of XAI are different from current technological discourses. For older adults, XAI is not only technological, but a constellation between humans and machines. Most argue that a form of joint decision-making is important. As a follow-up, it seems recommended to explore the enactment of XAI in real life, and investigate the form or degree of XAI needed and for whom.",Gerontechnology,Gerontologist,United States,2026,Journal Article,unknown,10.1093/geront/gnaf308
Effectiveness of fully immersive virtual reality-based simulation training on objective knowledge acquisition in acute coronary syndrome/ST-elevation myocardial infarction emergency management: a pre-post-intervention study,"Einloft J, Russ P, Bedenbender S, Meyer HL, Morgenschweis ML, Ganser A, Jerrentrup A, Hirsch MC, Grgic I.","AIMS: Effective management of emergencies, particularly acute coronary syndrome (ACS), demands rapid, guideline-based interventions to optimize outcomes. However, many medical students and young professionals report feeling unprepared due to limited hands-on experience. Virtual reality (VR) presents a promising training tool, though its efficacy remains unproven. METHODS AND RESULTS: In this single-center study, 247 medical students were assigned to three different guidance modes to manage a virtual ST-elevation myocardial infarction patient using the Simulation-based Training of Emergencies for Physicians using Virtual Reality (STEP-VR) application. A pre-post-test design, based on European Society of Cardiology (ESC) guidelines, was used to evaluate learning outcomes. Our results showed a significant increase in knowledge after the training. Students in the tutor-moderated 'human guidance' group demonstrated the greatest knowledge improvement ( M =  + 24%, SD = 13% ), being significantly better than the 'no guidance' group ( M = 14% , SD = 9% ). However, there was no significant difference between the 'human guidance' group and the 'integrated guidance' group ( M =  + 19%,  SD = 14% ), which used an embedded learning mode within STEP-VR. To evaluate the potential impact on clinical performance, we calculated composite quality indicators based on ESC-defined metrics. Consistently, we found a significant improvement in these indicators [clinical quality indicators (CQI) 0.47 (pre) vs. 0.76 (post) and 0.8 (post), respectively], with no significant difference between the 'human guidance' and 'integrated guidance' groups. CONCLUSION: In conclusion, our findings demonstrate that VR-based acute coronary syndrome/ST-elevation myocardial infarction training is both operationally feasible and educationally effective. Notably, integrated guidance yielded outcomes comparable to tutor-led instruction, underscoring the potential of this approach as a platform for independent, extracurricular learning. While our data suggest VR training may support clinical performance, future studies with objective assessments are needed to confirm its real-world value.",VR-based simulation training,Eur Heart J Digit Health,England,2025,Journal Article,unknown,10.1093/ehjdh/ztaf094
Application of renal pathology three-dimensional animation in clinical clerkship teaching for medical students: a randomized-controlled trial,"Zhang Q, Xie Y, Ding F, Ma S, Wang W.","OBJECTIVES: Teaching renal pathology, characterized by complex spatial relationships and dynamic pathological processes, poses significant challenges. Traditional methods such as static slides often fail to convey these concepts effectively. This study evaluated the efficacy of custom-developed renal pathology three-dimensional (3D) animations in enhancing learning outcomes and satisfaction during students’ internal medicine clerkships in nephrology. METHODS: A randomized controlled trial was conducted. 93 students undertaking nephrology clerkships were randomly assigned 1:1 to either a conventional teaching group or a 3D animation group (intervention group). The intervention group utilized specifically developed 3D animations depicting renal microstructure and the dynamic progression of common pathologies. Teaching effectiveness was assessed via pre- and post-teaching written examinations. Student and faculty satisfaction with the 3D animations was evaluated using 5-point scale questionnaires. RESULTS: Baseline knowledge scores were comparable between groups. Post-teaching scores were significantly higher in the 3D animation group, representing a greater score improvement (34.5 ± 34.8 vs. 19.1 ± 32.4, p = 0.03). Over 95% of students in 3D animation group rated the 3D animations superior to traditional slides for vividness and conceptual understanding, 89% reported increased learning initiative and outcomes. Faculty unanimously agreed animations improved structural explanation clarity and student attentiveness. CONCLUSIONS: Incorporating 3D renal pathology animations significantly improved knowledge acquisition and achieved exceptionally high satisfaction among students and faculty during internal medicine clerkships. This approach effectively addresses traditional teaching difficulties in renal pathology, enhances engagement, and promotes self-directed learning. It offers a valuable model for teaching complex spatial and dynamic biomedical concepts in medical education. TRIAL REGISTRATION: Chinese Clinical Trial Registry ChiCTR2500112643, 2025-11-18, retrospective registration. SUPPLEMENTARY INFORMATION: The online version contains supplementary material available at 10.1186/s12909-026-08663-4.",Teaching effectiveness,BMC Med Educ,England,2026,Journal Article,unknown,10.1186/s12909-026-08663-4
The impact of generative AI health knowledge acquisition on adolescents' physical activity: the mediating role of exercise self-efficacy and the moderating effect of health information literacy,"Sun Q, Gou H, Xiang L, Hu C, Fang Y.","BACKGROUND: This study investigates the impact of generative artificial intelligence health knowledge acquisition (GAI-HKA) on adolescents' physical activity (PA), with a focus on the mediating role of exercise self-efficacy (ESE) and the moderating role of health information literacy (HIL). METHODS: Using stratified cluster random sampling, a total of 2,306 valid questionnaires were collected from 10 secondary schools across five cities in southern China. Data were obtained using the self-developed Generative AI Health Knowledge Acquisition Scale, the Adolescent Exercise Self-Efficacy Scale, the Health Information Literacy Scale, and Liang's revised Physical Activity Rating Scale. Structural equation modelling with PROCESS v3.5 macro (5,000 bootstraps) was employed to test direct, mediating, and moderating effects. RESULTS: GAI-HKA was significantly and positively associated with adolescents' PA (β = 0.376, p < 0.001). ESE partially mediated this relationship (indirect effect = 0.065, 95% CI [0.052, 0.079]). HIL positively moderated the pathway from GAI-HKA to ESE (interaction term β = 0.079, p < 0.001); the effect was more substantial among adolescents with high HIL (β = 0.367) compared with those with low HIL (β = 0.209). CONCLUSION: GAI-HKA directly enhances adolescents' PA and indirectly promotes exercise behavior through strengthening ESE. Moreover, higher HIL amplifies the positive effect of AI-based health knowledge on ESE. These findings suggest that schools and families should integrate efforts to cultivate adolescents' information literacy and efficacy beliefs when promoting AI-based health interventions, thereby maximizing the benefits of digital technologies in fostering youth physical activity.",physical activity,Front Public Health,Switzerland,2026,Journal Article,unknown,10.3389/fpubh.2025.1705265
Virtual Reality in Training and Assessment Among Clinical Students and Lecturers at a Nigerian University: A Phenomenological Study,"Komolafe AO, Ijarotimi OA, Okunola OA, Adetutu OM, Oluwatope AO, Abiona O, Agunbiade OM, Ayinde AT, Aregbesola SB, Akinwale OB, Kolawole BA, Idowu L, Adediwura AA, Otuyemi OD.","BACKGROUND: Virtual reality (VR) technology is increasingly used in health care professionals' education as a novel tool for teaching, learning, and assessment. OBJECTIVE: This study explored the experiences of clinical students and lecturers with VR for training and assessment at a Nigerian institution. It also explored students' perceptions of the usefulness of VR in improving their clinical abilities, knowledge retention, engagement, and overall learning experience. METHODS: A qualitative research study was conducted among 24 clinical students and 8 clinical lecturers. A developed Virtual reality model to TRain and Assess Clinical Students (VTRACS) was used to train and assess clinical students using clinical scenarios. Data were collected through 4 focus group discussions conducted among the clinical students and 8 in-depth interviews conducted among the clinical lecturers. Trustworthiness was maintained, and ethical approval for the study was obtained. The focus group discussions and in-depth interviews were audio-recorded, transcribed verbatim, and analyzed using NVivo (version 11; QSR International). RESULTS: Many of the participants had no previous experience with VR in teaching and learning activities, but judging from their engagement with VTRACS, they defined VR as an alternative learning method (alternative to the traditional physical method). Major themes emerging from the study were expression of excitement, simple and useful innovation, proficiency enhancement, challenges with innovation, and uniformity. The clinical students adjudged VTRACS as an educational supplement with a feeling of unlimited learning access, enhancing clinical abilities while positively impacting their confidence and reducing clinical errors. The participants also described the objectivity and standardization of clinical scenarios as drivers of uniformity in training and assessment of clinical students. The participants were, however, concerned about the loss of empathy with the use of VTRACS, which may negatively impact the affective domain of learning. CONCLUSIONS: The use of VR in the teaching and assessment of clinical students at a Nigerian university is perceived as a complementary method of learning that increases skill acquisition, provides unlimited access to training, and enhances proficiency. While VR is considered to be engaging and beneficial to health care professionals' education, there is a need for its effective incorporation into clinical courses and mitigation of challenges such as cost and technology to ensure the realization of the full potential of VR in health care professionals' education.",virtual reality,JMIR Med Educ,Canada,2026,Journal Article,unknown,10.2196/75021
The role of epistemic beliefs in predicting ChatGPT adoption and avoidance in higher education,"Urhahne D, Kehle L, Dietrich L, Kremer K.","AI-based tools such as ChatGPT are currently reshaping the landscape of higher education and significantly impacting student learning and academic achievement. With such powerful tools, individuals might get the impression of being guided by an omniscient epistemic authority that can be trusted absolutely and has the right answer to every question. However, little empirical research has yet addressed how these epistemic beliefs are associated with the adoption or avoidance of ChatGPT in higher education. Based on the theoretical frameworks of Hofer and Pintrich (1997) as well as Schommer (1990), we conducted a questionnaire study to assess epistemic beliefs about generative artificial intelligence and its adoption or avoidance. The sample consisted of 185 students (74.6% female) with an average age of 22.50 years from a German university. The questionnaire assessed the source and certainty of knowledge, the justification of knowledge claims, and the speed of knowledge acquisition. Results show that students' epistemic beliefs strongly predict their adoption of ChatGPT and moderately predict their avoidance of it. Epistemic beliefs thus emerge as an important factor in explaining learners' engagement with generative AI in higher education.",Higher education,Acta Psychol (Amst),Netherlands,2026,Journal Article,unknown,10.1016/j.actpsy.2026.106334
"Augmented reality and embodied learning: effects of embodiment degrees on students' learning achievement, cognitive load, and technology acceptance","Suo X, Yin B, Feng X.","INTRODUCTION: Embodiment in augmented reality has attracted increasing attention in educational research. This study investigated how the degree of embodied experience in augmented reality affects high school students' learning achievement, cognitive load, and technology acceptance. METHODS: Drawing on embodied cognition and the Cone of Experience, augmented reality learning tasks were designed with different degrees of embodied experience and implemented in biology instruction on cell structure. A total of 122 Chinese high school students participated and were assigned to either low- or high-embodiment augmented reality experiences. Data were analyzed using analyses of covariance, with learners' prior knowledge scores entered as a covariate to control for pre-existing differences in knowledge level. RESULTS: Students who engaged in high-embodiment augmented reality achieved better learning performance in both knowledge retention and transfer, and they also reported significantly lower cognitive load. In terms of technology acceptance, high-embodiment augmented reality enhanced perceived usefulness, while low-embodiment augmented reality was associated with higher perceived ease of use. DISCUSSION: These findings demonstrate that the degree of embodiment in augmented reality experiences differentially influences learning achievement, cognitive load, and technology acceptance, offering empirical evidence and practical guidance for optimizing embodied augmented reality design in education.",technology acceptance,Front Psychol,Switzerland,2026,Journal Article,unknown,10.3389/fpsyg.2025.1712261
"Ethical Knowledge, Challenges, and Institutional Strategies Among Medical AI Developers and Researchers: Focus Group Study","Fantus S, Li J, Wang T, Tang L.","BACKGROUND: As artificial intelligence (AI) becomes increasingly embedded in clinical decision-making and preventive care, it is urgent to address ethical concerns such as bias, privacy, and transparency to protect clinician and patient populations. Although prior research has examined the perspectives of medical AI stakeholders, including clinicians, patients, and health system leaders, far less is known about how medical AI developers and researchers understand and engage with ethical challenges as they develop AI tools. This gap is consequential because developers' ethical awareness, decision-making, and institutional environments influence how AI tools are conceptualized and deployed in practice. Thus, it is essential to understand how developers perceive these issues and what supports they identify as necessary for ethical AI development. OBJECTIVE: The objectives of the study were twofold: (1) to examine medical AI developers' and researchers' knowledge, attitudes, and experiences with AI ethics; and (2) to identify recommendations to enhance and strengthen interpersonal and institutional ethics-focused training and support. METHODS: We conducted 2 semistructured focus groups (60-90 minutes each) in 2024 with 13 AI developers and researchers affiliated with 5 US-based academic institutions. Participants' work spanned a wide variety of medical AI applications, including Alzheimer disease prediction, clinical imaging, electronic health records analysis, digital health, counseling and behavioral health, and genotype-phenotype modeling. Focus groups were conducted via Microsoft Teams, recorded, and transcribed verbatim. We applied conventional qualitative content analysis to inductively identify emerging concepts, categories, and themes. Coding was performed independently by 3 researchers, with consensus reached through iterative team meetings. RESULTS: The analysis identified four key themes: (1) AI ethics knowledge acquisition: participants reported learning about ethics informally through peer-reviewed literature, reviewer feedback, social media, and mentorship rather than through structured training; (2) ethical encounters: participants described recurring ethical challenges related to data bias, patient privacy, generative AI use, commercialization pressures, and a tendency for research environments to prioritize model accuracy over ethical reflection; (3) reflections on ethical implications: participants expressed concern about downstream effects on patient care and clinician autonomy, and model generalizability, noting that rapid technological innovation outpaces regulatory and evaluative processes; and (4) strategies to mitigate ethical concerns: recommendations included clearer institutional guidelines, ethics checklists, interdisciplinary collaboration, multi-institutional data sharing, enhanced institutional review board support, and the inclusion of bioethicists as members of the AI research team. CONCLUSIONS: Medical AI developers and researchers recognize significant ethical challenges in their work but lack structured training, resources, and institutional mechanisms to address them. Findings of this study underscore the need for institutions to consider embedding ethics into research processes through practical tools, mentorship, and interdisciplinary partnerships. Strengthening these supports is essential to preparing the next generation of developers to design and deploy ethical AI in health care.",medical,J Med Internet Res,Canada,2026,Journal Article,unknown,10.2196/79613
Disaster Medicine Training for Medical Students in Lebanon: Quasi-Experimental Comparison of e-Learning and Face-to-Face Modalities,"Msheik A, Peralta R, Al Mokdad Z, Bartulec C, Abou-Abbas L, Anani D, Al Mawla H, Salame H, Moussa M, Bahattab A.","BACKGROUND: Despite global advocacy for its integration into medical curricula, disaster medicine (DM) education remains underdeveloped, especially in fragile settings where such training is urgently needed. In Lebanon, a country facing political and economic crises, students face significant barriers to in-person education. OBJECTIVE: This study aims to evaluate the effectiveness of e-learning versus face-to-face (F2F) approaches in improving knowledge retention and provides insight into the practical considerations of implementing DM courses in such settings. METHODS: This quasi-experimental study used a Solomon 4-group design to evaluate e-learning and F2F DM courses for second- to fifth-year medical students at the Lebanese University. A total of 205 participants, stratified by academic year, were divided between the 2 modalities. Knowledge was assessed before the course, after the course, and at 1-month follow-up. Confidence, competency, and satisfaction were evaluated after the course using validated tools. RESULTS: Of 205 participants, 56.6% (n=116) favored e-learning. Both modalities improved knowledge and knowledge retention, with no significant difference between the 2 groups. Fifth-year students achieved the highest gains in knowledge, particularly in the e-learning group. Similarly, no significant difference in satisfaction was observed across modalities, although F2F was preferred overall, except among fifth-year students, who preferred e-learning. Confidence levels were also similar across both modalities, but F2F scored higher for skills like triaging. Feedback emphasized the relevance of the course and advocated for integration of DM into the medical curriculum, and adding practical sessions. CONCLUSIONS: Integrating DM education into the fifth-year curriculum, prior to externship, can enhance preparedness and promote knowledge retention and application in real-world disaster settings. The study shows that e-learning is an effective modality for improving knowledge acquisition and retention in DM. Although feasibility and efficiency were not measured directly, the successful delivery of the course to geographically dispersed students suggests potential practical advantages. Combining F2F practical sessions for specific targeted topics in a blended curriculum is recommended to further enhance medical students' confidence for future disaster response. These findings support broader policy efforts to institutionalize DM in medical curricula, particularly in fragile and resource-limited settings.",teaching methods,JMIR Med Educ,Canada,2026,Journal Article,unknown,10.2196/80409
Postgraduate medical education in Ukraine: Addressing modern challenges,"Shapovalov S, Zinchenko O, Petukhova I, Kas I.","OBJECTIVE: Aim: To synthesize the principles of distance learning for medical professionals based on a review of the literature and the authors' own experience, and to identify optimal algorithms and tools for the online training of physicians during the war in Ukraine. PATIENTS AND METHODS: Materials and Methods: The authors' experience in delivering distance education to physicians was systematized and summarized. The literature analysis was conducted using PubMed, Google Scholar, Web of Science, and Scopus databases, regulatory legal acts and practical experience of training physicians in wartime conditions. The newest publications up to 5 years old or the most thorough publications that vividly described the essence of the topic were chose. When searching for information on the features of the current educational platforms used in PGME we used the following combinations of keywords: ""distance education"", ""postgraduate medical education"", ""modern challenges"", ""war in Ukraine"". 32 sources were selected that fully corresponded to the results of the request. CONCLUSION: Conclusions: Modern technologies have significantly transformed the system of postgraduate medical education (PGME). The challenges of war, pandemic, and other global crises have underscored the necessity for the widespread and effective use of digital tools. Analysis indicates that distance learning technologies represent a vital solution for maintaining the quality of PGME. However, their successful implementation requires addressing technical, organizational, and methodological challenges. A comprehensive approach is essential, involving the development of new standards for distance learning, upgrades to technical infrastructure, and the active collaboration of all stakeholders. Utilizing widely adopted, reliable, and accessible information and communication technologies (ICT) in the pedagogical process enables the successful overcoming of contemporary challenges in medical education. The rapid adaptation of both instructors and medical trainees to new modes of knowledge acquisition helps maintain high teaching standards, ensures stability and continuity of training, and facilitates effective feedback.",war in Ukraine,Wiad Lek,Poland,2025,Review,unknown,10.36740/WLek/214417
"The role of extended reality technologies in hygiene education and training: a systematic review of applications, benefits, and challenges","Meşe EA, Basmaci F, Bulut AC, Topallı D, Şenel F, Cagiltay NE.","BACKGROUND: The emergence of the Metaverse and Extended Reality (XR) technologies, including Virtual Reality (VR), Augmented Reality (AR), and Mixed Reality (MR), has created innovative opportunities for healthcare education and training. These immersive technologies show promise in enhancing infection prevention and control, especially during infectious disease outbreaks. OBJECTIVES: This systematic review aims to evaluate the current application of XR technologies in infection control education, identifying key trends, benefits, and limitations of VR and AR-based interventions. METHODS: A comprehensive literature search was conducted on January 12, 2025, for the Web of Science and PubMed databases using keywords related to hygiene, infection prevention, and XR technologies. An initial pool of 162 articles was screened, resulting in 38 studies that met inclusion criteria. These studies were descriptively analyzed to assess their contributions, focus areas, and outcomes. RESULTS: The review indicates most studies show XR tools effectively improve practical skills, behaviors, or attitudes, while a smaller number reveal limited or no significant gains, especially in knowledge and compliance. This result shows that XR tools have the potential to improve knowledge retention, practical skills, and provide real-time feedback, outperforming traditional training methods. XR tools specifically enhanced hand hygiene, proper use of personal protective equipment, and emergency response training, areas critical during outbreaks like COVID-19. Nevertheless, widespread adoption remains limited due to the need for more long-term efficacy data and strategies for integrating XR into standard curricula. To fully realize this potential, it is essential to address existing limitations related to cost, safety, and validation, while establishing robust frameworks for curriculum integration and policy implementation. CONCLUSION: XR technologies play a crucial role in advancing infection control education by offering potential benefits for healthcare training and education. Future research should prioritize evaluating long-term outcomes and developing effective implementation strategies to facilitate broader adoption, maximize their educational impact and, and mitigate potential barriers. CLINICAL TRIAL NUMBER: Not applicable.",Virtual reality,BMC Infect Dis,England,2026,Systematic Review,unknown,10.1186/s12879-026-12630-1
Creation of the Sonntag Virtual Reality Laboratory: A Framework for Innovation in Neurosurgical Training and Global Education,"Giraldo JP, Cho SS, Farber SH, Godzik J, Ehredt RB, Michaels C, Fotias DJ, Sonntag VKH, Uribe JS.","BACKGROUND AND OBJECTIVES: Neurosurgical education requires innovative approaches to meet the demands of an evolving field and adequately train the next generation of surgeons. The Sonntag Virtual Reality Laboratory (SVRL) was established to transform neurosurgical education by harnessing immersive technologies such as virtual reality (VR), augmented reality (AR), and mixed reality (MR). Inspired by the legacy of Dr Volker K. H. Sonntag, the SVRL aims to enhance skill acquisition and knowledge retention through high-fidelity simulations, interactive anatomic modules, and advanced spine procedure training. METHODS: A multidisciplinary team of neurosurgeons, medical educators, and technology experts collaborated to align SVRL development with core educational goals. The initial phase focused on curriculum design and assessment metrics, followed by the creation of customized VR, AR, and MR modules targeting essential neurosurgical procedures and concepts. All of these modules underwent iterative testing and refinement to ensure educational value and clinical relevance. RESULTS: The SVRL has produced innovative applications, including a VR-based freehand pedicle screw placement application, an MR scoliosis module, an ultrarapid artificial intelligence-driven spine model, and a comprehensive VR pathology library. Trainee feedback has been positive, citing improvements in decision-making, technical proficiency, and conceptual understanding. Engagement with SVRL tools has been associated with an increased interest in neurosurgical topics and enhanced learner confidence. CONCLUSION: The SVRL represents a forward-thinking approach to neurosurgical training. By offering immersive, scalable, and globally accessible educational experiences, the SVRL breaks down traditional learning barriers. Its early success highlights the potential to reshape surgical education and improve the preparedness of future neurosurgeons worldwide.",Virtual,Oper Neurosurg,United States,2026,Journal Article,unknown,10.1227/ons.0000000000001893
How does ICT self-efficacy of undergraduate students influence the intention to use ICT?,"Liu M, Yang G, Tang J.","The role of Information and Communication Technology (ICT) in tourism education is pivotal in preparing students for a digitally driven industry. While ICT tools enhance learning through online platforms, simulations, and data analytics, students differ markedly in their willingness to engage with these tools. This study examines how ICT self-efficacy influences undergraduate tourism students' intention to use ICT, with ICT knowledge acquisition as a mediator and organizational ICT support as a moderator. Drawing on Social Cognitive Theory, we employed a quantitative design and analyzed survey data from 450 tourism students at a Chinese university using partial least squares structural equation modeling (PLS-SEM). The results show that ICT self-efficacy has both direct and indirect positive effects on use intention through ICT knowledge acquisition, and that perceived organizational ICT support strengthens the links between self-efficacy and both knowledge acquisition and use intention. The structural model explains 54% of the variance in use intention, indicating substantial explanatory power. These findings highlight the joint importance of psychological resources and institutional support in fostering ICT adoption in tourism education and suggest targeted strategies for building students' digital competencies.",Use intention,Acta Psychol (Amst),Netherlands,2026,Journal Article,unknown,10.1016/j.actpsy.2026.106303
Leveraging AI-enabled learning health systems to advance value-based health care: A conceptual framework,"Ko DG, Tachinardi U, Warm EJ, Kissela BM.","ISSUE: Despite rapid innovation, health care systems face a persistent 17-year gap between evidence discovery and implementation, undermining efforts to deliver value-based care. Bridging this ""know-do gap"" is essential to improving outcomes and reducing waste. Existing Learning Health System (LHS) frameworks often lack mechanisms to institutionalize learning at speed and scale. CRITICAL THEORETICAL ANALYSIS: We propose an AI-enabled LHS framework that leverages artificial intelligence (AI) to connect micro-level clinical learning with macro-level organizational decision-making. Grounded in organizational learning theory, our model illustrates how AI accelerates knowledge capture, conversion, and institutionalization via continuous, bidirectional feedback loops. AI enables real-time learning cycles, linking patient-provider data (""micro"") to system-wide insights and policy adjustments (""macro""), and back to point-of-care decision support. INSIGHT/ADVANCE: Our framework advances the LHS paradigm by adding speed, scale, and micro↔macro integration. Unlike earlier models, it centers AI not as an adjunct but as a foundational learning engine. Case examples from UCHealth and Mass General Brigham show how AI can drive real-time operational learning and institutional memory through structured governance and data infrastructure. PRACTICE IMPLICATIONS: To implement an AI-LHS, organizations should (1) assess readiness and align on value-based goals; (2) invest in data infrastructure and interoperability; (3) cultivate a learning culture by engaging clinicians and staff; (4) embed AI into continuous improvement cycles with interdisciplinary governance; (5) adopt a sociotechnical approach integrating people, processes, and technology; and (6) ensure safeguards for equity, privacy, and security. These steps allow systems to reduce lag between insight and impact, accelerating value-based care transformation.",value-based care,Health Care Manage Rev,United States,2026,Journal Article,unknown,10.1097/HMR.0000000000000472
Incorporating virtual reality in undergraduate internal medicine education: a scoping review of current evidence and implementation strategies,"Nagdy HM, Massoud FT, Moheyeldin SA, Basha MY, Hassan SM, El-Kassas M.","BACKGROUND: Virtual reality (VR) is increasingly recognized as a valuable tool in undergraduate medical education. It offers immersive, interactive environments that support experiential learning and skill development. However, its specific application in internal medicine education remains variably described. This scoping review aims to explore how VR is currently implemented in undergraduate internal medicine education, identify its educational outcomes, and highlight associated advantages, limitations, and gaps in literature. METHODS: Following the Joanna Briggs Institute (JBI) methodology and PRISMA-ScR guidelines, we conducted a comprehensive search of eight databases, including PubMed, Scopus, Web of Science, and Embase. Studies were included if they addressed the use of VR in internal medicine education among undergraduate medical students. Data were extracted and analyzed thematically. RESULTS: Of 1343 records screened, 9 studies published between 2017 and 2024 met the inclusion criteria. Studies originated from diverse countries and employed immersive and non-immersive VR technologies. Applications included teaching clinical reasoning, procedural skills, and emergency management. VR was associated with improved student engagement, satisfaction, and knowledge retention. Key advantages included scalability, safety, and cost-effectiveness. Limitations included technical challenges, limited physical interaction, and high initial costs. Few studies assessed long-term outcomes or included diverse, low-resource settings. CONCLUSION: VR is a promising adjunct to traditional internal medicine education, enhancing learner engagement and skill acquisition. However, its integration requires addressing technical barriers, ensuring faculty training, and expanding research to include diverse educational contexts and long-term effectiveness.",Virtual simulation,BMC Med Educ,England,2026,Scoping Review,unknown,10.1186/s12909-025-08536-2
A systematic review and meta-analysis of pedagogical trends and impact in neuroanatomy education,"Zainuddin MZ, Jayasooriya LB, Jayapala D, Wijayawardhana S, Samaranayake JE, Hernandez-Salazar B, Nathan V, Narayan A, Rajapaksha H, Mohan TPKA, Ho PF, Ting C, Mak MYN, Chan NL, Lou R, Ker Woon C, Villar-Puchades R, Abeyrathna P, Paton GJ, Mayhew J, Massey JS, Pamidi N, Hoppe CC, Gonsalvez DG, Stephens GC, Lazarus MD, Mathangasinghe Y.","Neuroanatomy is notoriously challenging to learn and often contributes to ""neurophobia."" Traditional instruction has relied on lectures and dissection, but newer pedagogical innovations are increasingly adopted. Despite this, comparative evidence to guide best practices is limited. This systematic review and meta-analysis aimed to synthesize the literature on neuroanatomy teaching interventions, and quantitatively assess pooled effects on (1) short-term knowledge retention, (2) long-term knowledge retention, and (3) learner satisfaction. Following PRISMA guidelines, we searched PubMed, EMBASE, MEDLINE, Scopus, and Web of Science for studies published between January 2000 and February 2025. Eligible studies described defined neuroanatomy teaching interventions for post-secondary learners. Those reporting knowledge or satisfaction outcomes were included in the meta-analysis. Two reviewers independently performed screening, extraction, and methodological quality assessment using the MERSQI. Random-effects meta-analyses generated pooled standardized mean differences (SMDs) with 95% confidence intervals (CIs). From 11,438 records, 195 studies met inclusion for qualitative synthesis, most often involving digital/web-based applications (n = 38), immersive technologies (n = 22), or 3D models (n = 18). Overall methodological quality was moderate. Students valued interventions promoting 3D reasoning, clinical integration, and active learning. Thirty-seven studies contributed to meta-analysis. Computer/web-based applications showed consistent benefit for short-term knowledge (SMD = 1.69; 95% CI [0.32, 3.06]). Evidence for long-term knowledge retention and satisfaction was less robust. In conclusion, neuroanatomy education is shifting toward blended curricula integrating digital tools, models, and active pedagogies. Computer/web-based applications are most consistently effective for short-term learning; further research should emphasize long-term outcomes.",virtual reality,Anat Sci Educ,United States,2026,Journal Article,unknown,10.1002/ase.70175
ChatGPT in undergraduate speech and language therapy education: students' perspectives and experiences,"Simsek A, Kaya T, Yildirim ME.","PURPOSE: This study aimed to investigate the perceptions, experiences, and ethical awareness of undergraduate Speech and Language Therapy (SLT) students in Türkiye regarding the use of ChatGPT in academic and clinical education. As generative artificial intelligence (AI) tools rapidly expand in health sciences education, understanding how students adopt and apply these technologies is crucial for guiding their pedagogical integration. METHODS: A quantitative, cross-sectional survey design was employed. A total of 168 SLT students from various universities participated voluntarily. Data were collected using a 50-item structured questionnaire developed by the researchers. Content validity was established through expert review, and the overall reliability was high (Cronbach's α = 0.87). Data were analyzed using SPSS 25.0 software through descriptive statistics, independent t-tests, and one-way ANOVA to examine class-level differences. RESULTS: Findings indicated that ChatGPT was most frequently used for academic purposes, including understanding and summarizing lecture notes (75.0%) and literature review (66.1%). Usage was lower for clinical reasoning (35.1%) and case analysis (33.9%). Significant differences were observed between class levels in academic writing, therapy material preparation, and theoretical knowledge acquisition (p < .05). Most participants emphasized the need for institutional AI-use guidelines and AI literacy workshops. Furthermore, 83.9% agreed that ChatGPT cannot replace the therapist's role but can serve as a supportive tool in educational and clinical settings. CONCLUSION: ChatGPT is increasingly utilized by SLT students as an effective learning and planning tool; however, its clinical and ethical applications are approached with caution. The results highlight the need for institutional policies and structured AI literacy programs to ensure the safe, responsible, and pedagogically sound use of AI tools in health professions education.",Undergraduate education,BMC Med Educ,England,2026,Journal Article,unknown,10.1186/s12909-026-08833-4
Applications of Virtual and Mixed Reality in Healthcare,Kishore S.,"This chapter explores the increasingly influential role of Virtual Reality (VR), Augmented Reality (AR), and Mixed Reality (MR) in modern healthcare, focusing on their applications in therapeutic interventions, rehabilitation, and medical education. While one of the first viable applications of VR involved usage in the treatment of Post-Traumatic Stress Disorder (PTSD) and phobias, these technologies have since expanded into a wide range of clinical applications. VR has proven particularly effective in exposure therapy, helping patients overcome anxiety disorders and phobias with a high degree of success. In physical rehabilitation, VR and MR are used to enhance motor recovery after stroke and manage chronic pain, further increasing efficacy by embodying participants in virtual avatars, thereby eliciting the phenomenon of embodiment and full-body ownership illusions. The chapter also highlights the educational potential of VR and MR, particularly in medical and nursing training. These technologies are currently being utilised for a plethora of classroom activities, including anatomy instruction, surgical training, and simulation-based learning in nursing schools, significantly improving knowledge retention and clinical skills, while also bringing costs down. Finally, the chapter examines governmental initiatives, such as those by the National Health Service (NHS) in the UK and the Department of Veterans Affairs in the USA, which have supported the integration of VR into healthcare for treatments like phobia therapy. As VR, AR, and MR technologies continue to evolve, their impact on healthcare is expected to grow, offering innovative solutions for patient care, therapeutic interventions, and medical education.",virtual reality,Stud Health Technol Inform,Netherlands,2025,Journal Article,unknown,10.3233/SHTI251477
"Students' feedback about ""Physiotherapy of orthopaedic diseases"" with full-time online teaching","Zhang R, Huang T, Wen Y, Zhang Z, Shi K, Wu Y.","OBJECTIVES: To evaluate the perceptions of physiotherapy students regarding the effectiveness of full-time online teaching in the Physiotherapy of Orthopaedic Diseases course, focussing on satisfaction levels, theoretical knowledge acquisition, and practical skill development during the later stage of the coronavirus disease-2019 pandemic. METHODS: The mixed-methods study was conducted at the Fifth Clinical College of Guangzhou Medical University, China, from October 2022 to January 2023, and comprised students from the 2020 cohort of the four-year physiotherapy major who had attended the Physiotherapy of Orthopaedic Diseases course from September 2022 to January 2023. Quantitative data was collected through pre- and post-online course surveys. Qualitative data was gathered through semi-structured interviews. Quantitative data was analysed using SPSS 25, while qualitative data was subjected to thematic analysis. RESULTS: Of the 61 subjects with mean age 21.41±0.72 years, 40(65.6%) were females and 21(34.4%) were males. Post-course ratings score 13.77±4.03 showed a significant decline in satisfaction with the course and teaching effectiveness compared to pre-course ratings 15.28±2.65(p=0.02). While sharing qualitative insights, the students appreciated instructors' enthusiasm, but expressed concerns about the absence of practical online activities and direct interaction essential for physiotherapy skill development. However, online practical sessions provided a conducive environment for skill demonstration, and fostered student-teacher engagement. CONCLUSIONS: Well-designed online educational methods are necessary that are tailored to the practical demands of physiotherapy education. Strategic enhancements are essential to bridging the gap in practical ski ls training through online teaching.","Distance education, Student satisfaction, Educational methods, Practical skills, Educational technology.",J Pak Med Assoc,Pakistan,2026,Journal Article,unknown,10.47391/JPMA.22256
Artificial Intelligence in Health Professions Education: A Qualitative Study of Student Experiences,"Guirguis M, Fotsing S, Fevry J, Landry C, Bouchard-Lamothe D, Lacroix J, Jalali A.","BACKGROUND: Artificial intelligence (AI) is increasingly integrated into education and healthcare, raising questions about how students use these technologies and how AI influences their learning. In health education, understanding these trends is particularly important because student learning directly impacts future clinical skills. OBJECTIVE: This study aimed to explore the use of AI tools by health sciences students at the University of Ottawa. More specifically, it sought to identify the most frequently used AI tools, describe students' usage habits, determine which tools support knowledge acquisition and skill development, and gather students' recommendations for effective strategies to raise awareness and train their peers on the responsible use of AI. METHODS: A qualitative approach was employed with students from ten health professions who reported using AI in their studies. Data were collected through semi-structured interviews and an open-ended qualitative online survey. Inductive thematic analysis within an interpretive paradigm was applied to capture patterns, perceptions, and emergent themes. RESULTS: 51 health professions students participated in the study. Most were women between the ages of 20 and 29. ChatGPT emerged as the most frequently used AI tool. Students perceived AI as a complementary tool that facilitated knowledge acquisition, skill development, writing and problem-solving. AI adoption was driven by curiosity, peer influence, and the desire to improve work efficiency. Students critically evaluated AI results, integrated the tools into their learning processes, and emphasized the importance of technical skills, critical thinking and digital literacy. Peer learning, hands-on demonstrations, and access to online resources were recommended for effective AI training. CONCLUSIONS: This research demonstrates that health professions students actively use AI tools, particularly ChatGPT, to support learning, skill development and academic tasks. Although AI is valuable as an educational aid and its use varies by student and context, this highlights the need for structured guidance, critical evaluation skills and peer-supported training. These findings highlight the importance of thoughtfully integrating AI into educational programs to enhance learning outcomes, foster skill acquisition, ensure responsible and effective adoption.",,J Med Internet Res,Canada,2026,Journal Article,unknown,10.2196/82432
Application of AI-Generated Content in Medical Education: Systematic Review of the Impact on Critical Thinking Abilities of Medical Students,"Li J, Ai F, Wang J, Cheng B, Li Y, Chen Z.","BACKGROUND: With the rapid development of artificial intelligence technology, artificial intelligence-generated content (AIGC) is increasingly widely applied in the field of medical education. Large language models, such as ChatGPT, are a prominent type of AIGC technology. Critical thinking is a core ability in medical education, but the impact of AIGC technology on the critical thinking ability of medical students remains unclear. Medical students are at a crucial stage in cultivating critical thinking, and the intervention of AIGC technology may have a profound impact on this process. OBJECTIVE: This study aims to systematically review the impact of AIGC technology on the complex mechanisms affecting medical students' critical thinking abilities and build a corresponding strategic framework. The findings are intended to provide theoretical support and practical guidance for applying AIGC in medical education. METHODS: This study followed 2020 PRISMA (Preferred Reporting Items for Systematic Reviews and Meta-Analyses) guidelines, with the retrieval scope limited to English studies published between November 2022 and June 2025. Through the PubMed database, combined with the search methods of subject terms and free words, relevant studies involving the impact of AIGC on the critical thinking of medical students were screened for using keywords such as ""AIGC,"" ""medical students,"" and ""critical thinking."" Two independent reviewers screened and evaluated the literature, and ultimately conducted a qualitative analysis based on the common themes extracted from the literature. RESULTS: AIGC technology in medical education is 2-fold. First, AIGC's powerful information capabilities provide abundant learning resources and efficient tools. This accelerates knowledge acquisition and broadens learning scope. Second, overreliance on AIGC may lead to mental inertia, weaken critical thinking skills, and cause academic integrity issues among students. Research has found that strategies such as customized AIGC tools, virtual standardized patients, new models of resource integration, and proactive assessment of AI limitations can effectively make up for the deficiencies of AIGC in cultivating high-level critical thinking, helping medical students maintain and enhance their critical thinking and problem-solving abilities. CONCLUSIONS: AIGC technology application in medical education needs to carefully weigh the pros and cons. By optimizing the design and usage of AIGC tools and combining them with the guidance and supervision of educators, they can be transformed into powerful tools for promoting the development of critical thinking among medical students. Future research should further expand the scope of study, optimize research methods, pay attention to individual differences, track long-term effects, and deeply explore the influence of ethical and cultural factors to more comprehensively assess the application potential and challenges of AIGC technology in medical education.",medical students,JMIR Med Educ,Canada,2026,Systematic Review,unknown,10.2196/79939
Preoperative audiovisual aid for patients undergoing coronary revascularization: a randomized clinical trial,"Araújo NM, Sarmento SDG, Cabral MAL, Silva SO, Silva LCMA, Ribeiro KRB, Dantas RAN, Dantas DV.","OBJECTIVES: to evaluate the effect of an audiovisual aid on knowledge acquisition and anxiety levels during the preoperative period of coronary revascularization. METHODS: we conducted a randomized, double-blind clinical trial with 44 participants at a large tertiary hospital in northeastern Brazil. The control group (n = 22) received verbal instructions alone, while the experimental group (n = 22) received verbal instructions and an audiovisual intervention. Data were collected using a knowledge questionnaire and the State-Trait Anxiety Inventory. Statistical analysis included Student's t-test, the chi-square test, and Fisher's exact test. RESULTS: in the experimental group, positive affect increased and anxiety decreased significantly. Knowledge about the procedure improved with the audiovisual aid (p < 0.005), and state anxiety declined more in the experimental group than in the control group (p = 0.001). CONCLUSIONS: educational technologies such as audiovisual aids enhance preoperative education, reduce anxiety, and increase patient knowledge.",,Rev Bras Enferm,Brazil,2026,Randomized Controlled Trial,unknown,10.1590/0034-7167-2024-0321
Enhancing learning performance and soft skills development through body painting in human anatomy education,"Weeranantanapan O, Ngernsoungnern A, Saowakon N, Ngernsoungnern P.","Body painting is increasingly used in anatomy education to illustrate the relationship between anatomical structures and surface landmarks. While its role in knowledge retention is documented, its contribution to soft skill development remains underexplored. This study investigated the impact of body painting on learning performance in nursing students (control group) and medical science students (study group) and explored medical science students' perceptions of soft skill development. A total of 104 nursing and 87 medical science students at Suranaree University of Technology (SUT) participated. Both groups received lectures; however, the study group additionally engaged in body painting of the muscular system. By working in pairs, students painted structures, presented their body painting work, and answered peer-generated questions. Learning performance was evaluated using mean percentage scores (MPS) from examinations, while soft skills were assessed through five-point Likert ratings, frequency analysis, and open-ended responses. Results showed a significant difference in MPS between groups for the muscular system (**p < 0.01), though smaller than the differences for other topics taught without body painting, including the skeletal system (****p < 0.0001) and cardiovascular, respiratory, and urinary systems (***p < 0.001). Among below-average students, no significant difference was observed for the muscular system, whereas significant differences persisted for other systems. The study group reported high satisfaction (4.74 ± 0.47), with interaction and collaboration rated highest (4.85 ± 0.42). Additionally, students reported perceived improvements in teamwork (92.31%) and communication skills (83.52%). These findings support body painting as an effective active learning tool that enhances knowledge retention while fostering teamwork and communication.",teamwork,Anat Sci Educ,United States,2026,Journal Article,unknown,10.1002/ase.70210
Using head-mounted augmented and virtual reality devices for anaesthesia education: a scoping review,"Kuan MJ, Drake-Brockman TFE, von Ungern-Sternberg BS.","Head-mounted devices (HMDs) have been explored in anaesthesia education for their unique ability to have head-tracked immersive simulations adaptable to diverse clinical scenarios. This scoping review examines how HMD-based augmented or virtual reality enhances anaesthetic skill learning in clinicians, trainees, and students. Excluding patient-user focused studies, 22 articles addressed airway management, neuraxial and regional anaesthetic procedures, vascular access, and practice scenarios. Overall, HMDs improved engagement, knowledge retention, and user confidence, with some evidence of improved procedural performance, but technical limitations and difficulty adopting new technology persist. Airway studies reported improved recall and confidence. Neuraxial training suggested improved skill acquisition and needle placement. Regional anaesthesia training was as effective or superior to conventional methods while requiring fewer instructors. HMD-assisted vascular and central venous training reduced head movement but had mixed efficiency outcomes. Virtual scenario simulations using HMDs were engaging, but sometimes difficult to interact with. Despite promising findings, heterogenous methodologies, lack of control groups, and limited long-term results limit definitive conclusions on HMD superiority over conventional teaching, indicating a need for larger multicentre trials. Future research should standardise study design in comparison with conventional teaching, evaluate learning curves, technical limitations, cost-effectiveness, and investigate HMD-based team training. HMDs in their current form as devices with an immature technology and software base serve best as complementary, not replacement, simulation tools.",virtual reality,BJA Open,England,2026,Review,unknown,10.1016/j.bjao.2026.100542
Augmented and virtual reality training versus conventional teaching methods for geriatric oral care practices in nursing assistants: A randomized controlled trial,"Lin YC, Lin PC, Lin PC, Kabasawa Y, Liao SR, Lin CY, Huang HL.","BACKGROUND: Oral health decline in older adults can lead to nutritional deficiencies and aspiration pneumonia, highlighting the need for ongoing education to strengthen nursing assistants' (NAs) skills in oral care. Traditional training emphasizes knowledge transfer but often neglects practical operations and situational simulations. Augmented reality (AR) and virtual reality (VR) may offer innovative options to enhance training. OBJECTIVE: To compare the effectiveness of AR/VR simulation training with conventional teaching methods in improving self-reported oral care practices among NAs. DESIGN AND METHODS: A randomized controlled trial was conducted. The AR/VR group received 2.5 h of training using AR and VR technology, focusing on standard oral healthcare procedures for physical and oral conditions in older individuals, as well as the toothbrushing technique. The conventional group received a 2.5-hour traditional teaching method for oral care training. Data on oral care-related information were collected using a self-administered questionnaire at baseline and follow-ups. Generalized estimating equations analyzed the differences between the two groups. RESULTS: A total of 173 NAs were enrolled, with 83 assigned to the AR/VR group and 90 to the conventional group. The NAs in the AR/VR group showed no differences compared to the conventional group in attitude toward oral care, self-efficacy of oral care, behavioral intention of oral care, and oral care practices (all p > .05). However, significantly higher levels of knowledge were found in the conventional group compared to the AR/VR group at 6-month follow-up (β = -0.63, p = .007). CONCLUSIONS: AR and VR training yielded outcomes comparable to conventional methods in oral care practices, attitudes, self-efficacy, and intentions, while knowledge retention favored the conventional group. These findings suggest that AR and VR may be considered a potential alternative for training NAs in geriatric oral care.",Virtual reality,Nurse Educ Today,Scotland,2026,Journal Article,unknown,10.1016/j.nedt.2026.107047
Educational impact and cost efficiency of AI-enhanced videos in pediatric surgery training: a quasi-experimental study,"Abdelmohsen A, Elshehawy N, Abdel Razek M, Badawy R, Sharaf S, Abdelmohsen O, Abdelmohsen H, Abdelmohsen M.","Pediatric surgery training is challenged by declining clinical exposure and limited access to high-quality educational resources. Advances in generative artificial intelligence (AI) allow enhancement of educational videos without professional studio infrastructure, but evidence supporting their educational value remains limited. To evaluate the educational impact and cost efficiency of locally deployed AI-enhanced lecture videos compared with standard faculty-recorded videos in pediatric surgery training. A quasi-experimental, non-randomized, post-test-only study conducted at Al-Azhar University, Cairo, Egypt between December 2024 and September 2025. Medical students and pediatric surgery residents viewed standardized lecture videos on five core pediatric surgery topics. Identical scripts and narration were used in both groups; the intervention differed only by AI-based background enhancement using open-source, locally deployed tools. Primary outcomes were perceived educational clarity (five-point Likert scale) and knowledge acquisition assessed by a 40-item multiple-choice examination. Secondary outcomes included visual comfort, perceived professionalism, and willingness to recommend the format. Between-group comparisons and effect sizes were calculated. A cost analysis compared AI-enhanced production with traditional studio-based methods. A total of 240 participants were included (120 per group). AI-enhanced videos were associated with higher educational clarity scores (mean 4.52 vs. 3.88; p < 0.001) and higher knowledge scores (76.8% vs. 69.5%; p < 0.001). Secondary outcomes consistently favored AI-enhanced videos, including visual comfort and perceived professionalism. Locally deployed AI production reduced per-video costs by 72–94% compared with traditional studio production. Locally deployed AI-enhanced videos improved short-term educational outcomes and substantially reduced production costs while preserving presenter authenticity. This approach represents a practical, scalable strategy for enhancing pediatric surgery education, particularly in resource-limited settings. Further studies are needed to assess long-term retention and clinical impact. SUPPLEMENTARY INFORMATION: The online version contains supplementary material available at 10.1038/s41598-026-39961-y.",Video-based learning,Sci Rep,England,2026,Journal Article,unknown,10.1038/s41598-026-39961-y
Evaluation of an Education Programme for Introducing Bioelectrical Impedance Analysis to Neonatal Unit Staff: A Mixed Methods Study,"McCarter DL, Morgan C, Bray L, Tume L.","BACKGROUND: Bioelectrical Impedance Analysis (BIA) is a non-invasive method of body composition, which may be useful in improving fluid management decisions for sick and preterm infants. AIM: To implement and evaluate an education package for the multidisciplinary team who plan to use BIA within the Neonatal Intensive Care Unit (NICU) in future research. STUDY DESIGN: A mixed methods approach was used to evaluate the impact of an education package for the multidisciplinary team (MDT) working in the NICU regarding the use of bioelectrical impedance analysis (BIA). Knowledge acquisition was assessed and feedback sought regarding the content, format and delivery of the teaching. RESULTS: There was a significant improvement in the median knowledge scores from 2.5 to 4/5 (p = < 0.001) after the education programme, with staff reporting a positive learning experience. CONCLUSION: This neonatal education package improved knowledge and was evaluated positively and could be used by other centres wishing to implement this technology. RELEVANCE TO CLINICAL PRACTICE: This education package will be useful for other NICUs wanting to implement this new technology into research or clinical practice. This model of education could be altered to facilitate the introduction of any new piece of technology into any intensive care setting.",preterm neonates,Nurs Crit Care,England,2026,Journal Article,unknown,10.1111/nicc.70446
Undergraduate nursing students' perceptions of using holopatient in learning and clinical training: An exploratory-descriptive qualitative study,"Almagharbeh WT, Alanzi A, Dkhil AA, Abuduhair E, Almuwallad F, Alfaifi M, Alshehri A, Alamri W, Alqahtani Z, Mahdi R, Alhusiny K.","BACKGROUND: Simulation-based education is central to nursing curricula, supporting clinical reasoning, confidence, and safe practice. Mixed reality (MR) applications such as HoloPatient provide immersive, life-sized patient encounters that may enhance student learning. Although international evidence highlights benefits in knowledge acquisition, critical thinking, and confidence, research in Saudi Arabia remains limited. OBJECTIVE: This study aimed to explore undergraduate nursing students' perceptions of HoloPatient, focusing on its educational value, challenges, and ethical considerations within the Saudi context. METHODS: An exploratory-descriptive qualitative design was employed. Semi-structured interviews were conducted with 32 nursing students (second to internship years) at the University of Tabuk, Saudi Arabia (mean age 21.8 years; 56.3% female). Participants were purposively sampled to capture diversity in year, gender, language, and HoloPatient use. Data collection occurred through 45-60 min interviews in Arabic or English, audio-recorded, transcribed, and translated. Reflexive thematic analysis was applied, guided by the Technology Acceptance Model, using NVivo software. RESULTS: Students identified key benefits: enhanced clinical reasoning (81.3%), increased confidence and readiness (65.6%), and realism and engagement (59.4%). Challenges included technical constraints (56.3%), ergonomic discomfort (37.5%), and limited device availability (28.1%). Ethical concerns centered on over-reliance on technology (46.9%), academic integrity (40.6%), and privacy/professionalism (34.4%). Training needs included structured debriefing (75.0%) and device orientation (62.5%). CONCLUSION: Findings highlight both opportunities and barriers to integrating MR in nursing education. While HoloPatient strengthened reasoning, confidence, and engagement, implementation challenges and ethical concerns require careful attention. Structured debriefing, comprehensive orientation, faculty development, and robust technical support are critical to maximise educational value. In Saudi Arabia, these insights provide timely guidance for aligning MR adoption with national strategies for digital transformation in education.","Students, nursing",Nurse Educ Today,Scotland,2026,Journal Article,unknown,10.1016/j.nedt.2026.107073
Explainable machine learning for sustainable education: Predicting college students' reliance on generative artificial intelligence,"Tao S, Zhang H, Ding L.","As generative artificial intelligence (GenAI) becomes increasingly embedded in education, students are using it to support knowledge acquisition, explore solutions, and stimulate creative thinking. At the same time, its convenience has raised concerns about overreliance. To assess and manage such dependence so that GenAI can be used sustainably in education, this study is based on questionnaire data collected from students at multiple universities in China. We first applied principal component analysis and numerical binning to the target variable, and then trained six machine learning models to predict levels of GenAI dependence. Performance comparisons showed that the Random Forest (RF) model performed best, with an F1-score of 0.836. We further interpreted the results of the RF model using SHAP and PDP methods. Classroom speaking pressure emerged as the key predictor of GenAI dependence, accounting for 22.9% of the explanatory power. Higher speaking pressure is associated with higher dependence, and this effect is markedly stronger in the high-dependency group than in the low-dependency group. Furthermore, this study conducted ablation studies and multi-dimensional sensitivity analyses, fully validating the robustness and reliability of the preprocessing strategies. This study not only proposes an effective, explainable approach to predicting GenAI dependence, but also offers empirical evidence to guide students toward more responsible use of GenAI. By identifying critical risk factors and informing targeted interventions, the findings help balance technological support with autonomous learning in AI-enhanced education, thereby advancing inclusive and sustainable educational practices in line with the ""quality education"" agenda of United Nations Sustainable Development Goal 4 (SDG 4).",SHAP,Acta Psychol (Amst),Netherlands,2026,Journal Article,unknown,10.1016/j.actpsy.2026.106622
Infection prevention and control (IPC) curriculum in universities offering medical imaging programs,"Freihat R, Jimenez Y, Kench P, Lewis S.","INTRODUCTION: Infection prevention and control (IPC) is essential in healthcare education, including medical imaging disciplines such as computed tomography (CT) and nuclear medicine (NM). Drug administration, including contrast media (CM) and radiopharmaceuticals, poses an increased infection risk. The aim of this study was to explore IPC curricula related to drug administration in medical imaging programs. METHODS: An online cross-sectional survey was distributed to program directors from universities offering medical imaging programs in Australia, the United Kingdom (UK), New Zealand, and Ireland. The survey explored curriculum content, teaching approaches, resource utilisation, and challenges in delivering IPC education. Data were analysed using descriptive statistics, non-parametric tests, and qualitative content analysis. RESULTS: Twenty participants from Australia and the UK completed the survey. Most programs include practical activities, simulations, and multimedia resources. IPC curricula are routinely reviewed and aligned with national guidelines. Key challenges include limited resources and restricted clinical access. Participants highlighted collaboration with healthcare professionals, regular curriculum updates, and innovative teaching technologies as effective strategies to address these issues. Experiential learning through case studies and simulations was viewed as essential for developing practical IPC skills and supporting knowledge retention. CONCLUSION: Medical imaging programs demonstrate a strong commitment to IPC education through diverse active learning strategies. Addressing resource limitations and ensuring ongoing curriculum updates via collaboration, innovation, and experiential learning are crucial for sustainable IPC training that protects both patients and healthcare professionals. IMPLICATIONS FOR PRACTICE: The findings emphasize the need for medical imaging departments to prioritise ongoing IPC training, incorporating simulation, case-based learning, and regular alignment with national standards. Stronger collaboration between universities and clinical sites can improve student preparedness for drug administration and enhance patient safety.",,Radiography (Lond),Netherlands,2026,Journal Article,unknown,10.1016/j.radi.2026.103394
Effectiveness of Al-Assisted Patient Health Education Using Voice Cloning and ChatGPT: Prospective Randomized Controlled Trial,"Sun Y, Xu S, Jin H, Han X, Jin K, Zhang Y, Ma X, Wei H, Ma M.","BACKGROUND: Traditional patient education often lacks personalization and engagement, potentially limiting knowledge acquisition and treatment adherence. Advances in artificial intelligence (AI), including voice cloning technology and large language models (eg, ChatGPT), offer new opportunities to deliver personalized, scalable, interactive health education. However, evidence regarding the comparative effectiveness of different AI-based voice cloning strategies and reliability of automated AI evaluation tools remains limited. OBJECTIVE: This study aims to evaluate the effectiveness of AI-assisted patient education integrating voice cloning and ChatGPT, compare physician voice cloning with patient self-voice cloning, and assess the reliability of ChatGPT as an automated evaluation tool for education outcomes. METHODS: In this prospective, 3-arm, parallel-group randomized controlled trial, 180 hospitalized patients requiring standardized health education were recruited from a tertiary hospital. Inclusion criteria were age ≥18 years, clear diagnosis requiring health education, clear consciousness, and voluntary participation with informed consent. Exclusion criteria were severe hearing impairment, severe cognitive impairment, expected hospitalization <3 days, or prior participation in similar studies. Using a computer-generated random sequence, participants were randomly assigned (1:1:1) to receive traditional education (control), AI-assisted education using physician voice cloning, or AI-assisted education using patient self-voice cloning, each with identical educational content of equal duration. The primary outcome was education content compliance, evaluated using ChatGPT-4 with validated prompts and verified by expert review. Secondary outcomes included knowledge retention, education satisfaction, treatment adherence, quality of life, and psychological status. Outcome assessors and data analysts, but not participants, were blinded to group allocation. RESULTS: Of 180 randomized participants, 174 (96.7%) completed the trial. Both AI-assisted groups had significantly higher mean education content compliance scores immediately posteducation than the control group (physician voice: 86.7, SD 7.3; self-voice: 92.5, SD 6.8; control: 73.2, SD 8.5; P<.001). The patient self-voice group showed superior predischarge knowledge retention, higher education satisfaction, and greater treatment adherence than the other groups (all P≤.02). At the 1-month follow-up, the self-voice group maintained improved adherence (Cohen d=0.74) and had significantly lower anxiety and depression scores (all P≤.02) and improved SF-36 quality-of-life domains. ChatGPT-based evaluations demonstrated high reliability (weighted κ=0.87, 95% CI 0.82-0.91). CONCLUSIONS: The innovative patient education model integrating AI voice cloning and ChatGPT is distinct from previous studies primarily relying on standard text-to-speech or professionally recorded content. Using patients' own cloned voices for health education delivery leveraged the self-reference effect to enhance learning outcomes. Compared with research using clinician-narrated content, this study highlights that self-voice education produces superior outcomes across multiple domains including compliance, satisfaction, and psychological well-being. These findings establish a theoretical and practical framework for personalized AI-driven patient education. In real-world clinical settings, this approach offers a scalable, cost-effective solution to enhance patient engagement, particularly valuable in resource-limited environments where individualized education is challenging to deliver.",voice cloning,J Med Internet Res,Canada,2026,Randomized Controlled Trial,unknown,10.2196/81387
The role of clinical competency-based education in training in radiation science: A scoping review,McDonagh D.,"BACKGROUND: Clinical competency-based education (CBE) has emerged as a critical strategy to enhance workforce readiness in radiation sciences. Despite its growing adoption, significant gaps persist in standardized curricula, training strategies, and competency assessments across disciplines. PURPOSE: This scoping review aimed to (1) summarize best practices in training radiation science professionals; (2) examine clinical competency-based education (CBE) approaches in training radiation science trainees across disciplines including clinical radiation oncology and radiology, radiation therapy, medical dosimetry, and radiologic technology; and (3) synthesize evidence on learning and teaching strategies that support clinical competence development. METHODS: Twenty clinical studies published between 2018 and 2023 were analyzed across four domains: best practices in professional training, competency-based educational frameworks, effective learning strategies, and teaching interventions. Studies were appraised for statistical outcomes, implementation design, and impact on learner performance or clinical readiness. RESULTS: Key findings highlighted the effectiveness of interprofessional education, simulation-based training, virtual learning environments, and reflective practice in improving clinical competence. Studies also identified institutional and learner-level factors, including prior certification, gender, and postgraduate year, that influenced performance. Emerging technologies such as e-learning platforms and artificial intelligence (AI)-supported decision tools demonstrated positive effects on knowledge acquisition and skill transfer. CONCLUSIONS: The evidence supports integrating structured, competency-based frameworks and interactive learning modalities into radiation science education. Future directions should explore how artificial intelligence can further standardize assessments, personalize learning, and enhance clinical skill development.",Radiologic technology,J Med Imaging Radiat Sci,United States,2026,Review,unknown,10.1016/j.jmir.2026.102337
Transforming competency development through digital innovation and graduated learning models: the future of dysphagia and tracheostomy tube management training,"Wanke M, Gentile F, Brockmann-Bauser M.","PURPOSE OF REVIEW: This narrative review explores evidence- and simulation-based teaching strategies for tracheostomy management (TTM) and dysphagia in adult patients, focusing on immersive technologies and instructional approaches within speech and language education. RECENT FINDINGS: Increasing clinical complexity and multimorbidity demand advanced competencies, yet many high-risk skills cannot be practiced safely in real-world settings. Simulation-based learning environments, including extended reality (XR) technologies such as virtual reality (VR), augmented reality (AR), and mixed reality (MR), provide safe, repeatable, and scalable opportunities for clinical reasoning, psychomotor skill development, and interprofessional communication. Evidence shows that VR-based TTM training improves knowledge acquisition, skill retention, and confidence. Competency-oriented instructional frameworks, including 4C/ID and ADDIE, with structured feedback and debriefing, support staged skill development. However, standardization of clinical workflows, guidelines, and outcome measures remains limited, particularly in speech and language therapy-specific scenarios. SUMMARY: XR-based teaching enhances clinical, communication, and interdisciplinary skills in TTM. To fully realize its potential, standardized clinical guidelines, workflows, and evidence-based teaching standards are needed. Integrating VR within structured instructional models ensures pedagogical rigor and safe transfer of learning to clinical practice.",tracheostomy management,Curr Opin Otolaryngol Head Neck Surg,United States,2026,Journal Article,unknown,10.1097/MOO.0000000000001123
Artificial intelligence-enhanced virtual reality for pathology education,"Khoury ZH, Davis GE 2nd, Sultan AS.","The implementation of innovative active learning pedagogies in education enhances students' engagement and information retention compared to traditional passive learning. An immersive virtual environment, operated through head-mounted displays or headsets, enables learners to deeply engage with simulated scenarios fostering an interactive experience. While extended reality (XR) technologies such as virtual reality (VR), augmented reality (AR), and mixed reality (MR) have demonstrated significant potential to enhance learner engagement and knowledge retention through immersive and interactive environments, their application remains underexplored in pathology education. This gap is problematic because pathology teaching relies heavily on linking microscopic pathology with clinical and radiographic manifestations-a process that benefits from spatial and integrative visualization. Without immersive tools such as VR, the newest generation of learners may struggle to connect these multi-dimensional facets of disease. This article explores an innovative VR room architecture for pathology education providing a vivid and immersive learning environment tailored for first year pathology residents, and predoctoral dental and medical students.",Virtual reality,Ann Diagn Pathol,United States,2026,Journal Article,unknown,10.1016/j.anndiagpath.2026.152639
