node_id,category,task,insight
s001M01TP01,Technology-enable Retention Mechanism,"You are an expert academic scholar with interdisciplinary expertise in knowledge management, emerging technologies, organizational capabilities, and innovation.

***Task***
Analyze the knowledge graph extracted from multiple cases and conduct conceptual coding of emerging-technology-enabled tacit knowledge retention.

***Input data***
Use [$analyze-neo4j-knowledge-graph] to execute the following Cypher query:
MATCH (tk:TacitKnowledge)-[r:be_captured_by|be_transferred_by|evaluate]-(tep:TechnologyenablePractice)
WHERE tep.node_id = 's001M01TP01'
WITH tep,
COLLECT({src_node:tk, rel: r, dst_node: tep}) AS enabledBy,
COLLECT(DISTINCT tk) AS tk_list

// 1. 检索使用的数字技术
OPTIONAL MATCH (tep)-[r:adopt]->(dt:DigitalTechnology)
WITH tep, enabledBy, tk_list,
COLLECT({src_node:tep, rel: r, dst_node: dt}) AS adoptions

// 2. 检索关联的knowledge holder
OPTIONAL MATCH (role:KnowledgeHolder|KnowledgeLearner)-[r:be_shared_by|be_absorbed_by]-(tk:TacitKnowledge)
WHERE tk IN tk_list
WITH tep, enabledBy, tk_list,adoptions,
COLLECT({src_node:role, rel: r, dst_node: tk}) AS roleBy,
COLLECT(DISTINCT role) AS role_list

OPTIONAL MATCH (role)-[r:participate_in]-(tep)
WHERE role IN role_list
WITH tep, enabledBy, tk_list, adoptions,roleBy,
COLLECT({src_node:role, rel: r, dst_node: tep}) AS participateBy

// 3. 检索相关的限制
OPTIONAL MATCH (tk:TacitKnowledge)-[r:be_difficult_to_capture_due_to]-(lim:Limitation)
WHERE tk IN tk_list
WITH tep, enabledBy, tk_list, adoptions,roleBy, participateBy,
COLLECT({src_node:tk, rel: r, dst_node: lim}) AS tk_limits

OPTIONAL MATCH (tep)-[r:be_constrained_by]-(lim:Limitation)
WITH tep, enabledBy, tk_list, adoptions,roleBy, participateBy,tk_limits,
COLLECT({src_node:tep, rel: r, dst_node: lim}) AS tep_limits

// 4. 捕获 OrganizationalDependency / EnvironmentalDependency
OPTIONAL MATCH (tep)-[r:depend_on]->(dependancies:OrganizationalDependency|EnvironmentalDependency)
WITH tep, enabledBy, tk_list, adoptions,roleBy, participateBy,tk_limits,tep_limits,
COLLECT({src_node:tep, rel: r, dst_node: dependancies}) AS dependancyON

// 5. 捕获 mitigates (tep -[:mitigate]-> lim)
OPTIONAL MATCH (tep)-[r:mitigate|resolve]->(lim:Limitation)
WITH enabledBy,roleBy,adoptions,participateBy,tk_limits,tep_limits,dependancyON,
COLLECT({src_node:tep, rel: r, dst_node: lim}) AS mitigateBy

RETURN enabledBy,
adoptions,
roleBy,
participateBy,
tk_limits,
tep_limits,
dependancyON,
mitigateBy

***Research question***
RQ1. What emerging technologies have been adopted to support tacit knowledge retention practices?
Analytical chain:
technology-enabled practice → adopted technology → enabling mechanism → retained tacit knowledge

***Unit of analysis***
1. Treat the retrieved TechnologyenablePractice node as the basic units for analysis, that is, a collection of a group of technology-enabled practices aggregated from multiple cases.
2. If the query retrieves one technology-enabled practice, report and analyze one only.
3. Do not transform technologies, components, functions, mechanisms, or case examples into additional technology-enabled practices.
4. Related practices may be mentioned only when explicitly retrieved by the query and directly necessary to explain the focal practice.
5. Do not imply that the number of mechanisms or case examples equals the number of practices.
6. All nodes in the knowledge graph are conceptual topics which derived from multiple cases. Therefore, you should remind yourself they are a combination instead of a single real world event or object.

***Mandatory analytical procedure***
1. Inspect the definition and evidence_statement of every retrieved node used in the analysis. Do not classify a node from its name or category alone.
2. Inspect the evidence_statement of every relevant relationship. Treat relational evidence as the primary basis for explaining how technology supports retention.
3. Classify the focal practice under exactly one primary perspective:
    * Experience Amplification: Technology principally provides a sandbox for situated rehearsal, embodied interaction, feedback, simulation, or transmission of empirical patterns without externalizing intuition into a durable representation.
    * Digital Coding: Technology principally intercepts, models, records, or translates unstructured activity, spatial context, or heuristic judgment into durable data, parameters, or recorded representations.
4. Select the primary perspective using the practice’s dominant retention function. Do not classify the same practice under both perspectives. Capabilities associated with the non-selected perspective may be noted only as secondary features.
5. Keep the focal technology-enabled practice at the centre.  Explain:
    * which technologies it adopts;
    * which tacit knowledge it captures or transfers;
    * which organizational or environmental conditions it depends on;
    * which limitations constrain it; and
    * which limitations it mitigates or resolves.
6. Distinguish among:
    * technology availability;
    * technology adoption;
    * knowledge capture or transfer;
    * and effective knowledge retention.
7. Graph adjacency or adoption alone does not demonstrate retention.
8. Synthesize evidence across cases to identify the focal practice’s common retention mechanism. Do not present cases as separate practices.
Where the evidence is incomplete, contradictory, or insufficient to establish retention, state this explicitly. Do not fill evidence gaps through speculation.

***Output requirements***
Write approximately 600 words as a concise conceptual analysis with the following structure:
Focal technology-enabled tacit knowledge retention approach. Name and explain the retrieved practice entity as a conceptual entity.
Retention Mechanism. Classify it as either Experience Amplification or Digital Coding and justify the choice by the complete evidence-supported chain: adopted technologies → tacit knowledge captured or transferred →  retention outcome.
Tacit Knowledge Retained. Introduce the related tacit knowledge node and justify it by the evidence: why this tacit knowledge is hard to retain -> how technology-enable approach mitigate limitations of tacit knowledge retention.
Conditions and constraints. Explain potential organizational dependencies, environmental dependencies, limitations.

***Integrative theoretical statement***
Explain how the focal practice illustrates the adoption of emerging technology for tacit knowledge retention.
Use multiple cases to support each major claim where the graph permits. Cite evidence exactly as: (node_id:sXXX)
Do not manufacture three-to-five practices or insights when the query retrieves only one technology-enabled practice. The number of claims must remain proportional to the available relational evidence.","Focal technology-enabled tacit knowledge retention approach. Model-based Knowledge Representation and Simulation is the graph’s conceptual practice entity for s001M01TP01. It converts spatial, temporal, and safety judgment into durable BIM/3D/4D representations while allowing simulation to test the representation. The query links it to Human–Computer Interaction and Immersive Technologies, Data, Information, and Knowledge Systems, Ambiguous Digital Technology(*). These links show adoption or technical enablement, but do not by themselves prove that knowledge has been retained; the relevant evidence chain must also connect the technology-enabled activity to knowledge capture or transfer and a later usable outcome. Adoption evidence: the practice adopts data/knowledge systems for BIM and Revit models, immersive interfaces for Unity/CAVE/Navisworks visualization, and EnergyPlus-class simulation tools (node_id:s001M01TE04) (node_id:s001M01TE02) (node_id:s001M01TE09). Transformation evidence: these tools encode spatial layout, construction sequence, and simulated hazards in persistent 3D/4D models (node_id:s001M01TP01).

Retention Mechanism. The primary mechanism is Digital Coding (node_id:s001M01TP01) (node_id:s001M01TE02) (node_id:s001M01TE04) (node_id:s001M01TE09) (node_id:s001M01TK06). The durable model is the primary retention asset; immersive rehearsal is a secondary affordance. Across the returned cases, the practice links adopted digital capabilities to trained sensory and perceptual recognition, especially the ability to notice hazards and read consequential site cues, and then to observable capture, transfer, feedback, retrieval, or performance evidence. The mechanism is therefore not “technology use” in the abstract (node_id:s001M01TP01) (node_id:s001M01TK06). It is the transformation of situated expertise through a repeatable retention process. Where evidence reports improved recognition, feedback, reuse, or access, this supports a plausible retention pathway; where it reports only deployment, adjacency, or short-term assessment, the claim remains conditional rather than causal. Retention-outcome evidence: Retention outcome: the strongest evidence is the USD workflow's centralized database, which retains and shares OHS knowledge for subsequent projects; faster approvals are an operational benefit, not retention proof. Thus the chain supports Digital Coding, but does not establish long-term improvement in an individual's hazard-recognition skill. Outcome-chain support: (node_id:s001M01TP01) (node_id:s001M01TK06).

Tacit Knowledge Retained. The focal knowledge is trained sensory and perceptual recognition, especially the ability to notice hazards and read consequential site cues (node_id:s001M01TK06). This knowledge is hard to retain because it is enacted in perception, movement, timing, contextual interpretation, informal coordination, or expert judgment rather than fully stated as rules (node_id:s001M01TK06). The graph associates it with constraints including Instructional Design, Delivery, Assessment and Transfer Shortcomings, Software, Algorithmic, Data Quality and Interoperability Barriers, Financial and Capital Constraints, Time, Staffing, Expertise, Scheduling and Workload Constraints, Knowledge Continuity, Documentation, Governance, Privacy and Security (node_id:s001M01LI04) (node_id:s001M01LI05) (node_id:s001M01LI07) (node_id:s001M01LI08) (node_id:s001M01LI10). The practice mitigates this fragility by making selected cues, actions, patterns, stories, or judgments repeatable and available beyond the original encounter (node_id:s001M01TP01) (node_id:s001M01TK06). It does not eliminate tacitness: learners and practitioners must still interpret the representation, calibrate it against context, and convert it into situated action. Knowledge-link evidence: simulation makes activity-based hazards visible, supporting trained sensory and perceptual recognition rather than merely storing geometry (node_id:s001M01TK06).

Conditions and constraints. Organizational conditions include Culture, Trust & Relational Climate, while environmental conditions include none directly returned. These dependencies operate as complementary resources: technology, data, time, participation, governance, and a receptive culture must align before a digital artifact or experience becomes organizational memory. The weakest link can interrupt the chain—for example through cost, workload, limited infrastructure, poor data or interoperability, usability, weak validation, privacy concerns, or resistance. Evidence is uneven across cases, and several limitation nodes aggregate heterogeneous studies, so generalization should remain bounded. Boundary-condition evidence: BIM investment and scarce familiarity constrain deployment, while safety culture conditions organizational reuse (node_id:s001M01LI07) (node_id:s001M01LI08) (node_id:s001M01OD06) (node_id:s001M01LI10).

Integrative theoretical statement. Model-based Knowledge Representation and Simulation illustrates emerging-technology adoption for tacit knowledge retention when digital capability is organized around a specific epistemic function: intercepting and stabilizing experience as a retrievable representation. Retention emerges only when that function is embedded in people, process, governance, and context; adoption alone is insufficient."
s001M01TP02,Technology-enable Retention Mechanism,"You are an expert academic scholar with interdisciplinary expertise in knowledge management, emerging technologies, organizational capabilities, and innovation.

***Task***
Analyze the knowledge graph extracted from multiple cases and conduct conceptual coding of emerging-technology-enabled tacit knowledge retention.

***Input data***
Use [$analyze-neo4j-knowledge-graph] to execute the following Cypher query:
MATCH (tk:TacitKnowledge)-[r:be_captured_by|be_transferred_by|evaluate]-(tep:TechnologyenablePractice)
WHERE tep.node_id = 's001M01TP02'
WITH tep,
COLLECT({src_node:tk, rel: r, dst_node: tep}) AS enabledBy,
COLLECT(DISTINCT tk) AS tk_list

// 1. 检索使用的数字技术
OPTIONAL MATCH (tep)-[r:adopt]->(dt:DigitalTechnology)
WITH tep, enabledBy, tk_list,
COLLECT({src_node:tep, rel: r, dst_node: dt}) AS adoptions

// 2. 检索关联的knowledge holder
OPTIONAL MATCH (role:KnowledgeHolder|KnowledgeLearner)-[r:be_shared_by|be_absorbed_by]-(tk:TacitKnowledge)
WHERE tk IN tk_list
WITH tep, enabledBy, tk_list,adoptions,
COLLECT({src_node:role, rel: r, dst_node: tk}) AS roleBy,
COLLECT(DISTINCT role) AS role_list

OPTIONAL MATCH (role)-[r:participate_in]-(tep)
WHERE role IN role_list
WITH tep, enabledBy, tk_list, adoptions,roleBy,
COLLECT({src_node:role, rel: r, dst_node: tep}) AS participateBy

// 3. 检索相关的限制
OPTIONAL MATCH (tk:TacitKnowledge)-[r:be_difficult_to_capture_due_to]-(lim:Limitation)
WHERE tk IN tk_list
WITH tep, enabledBy, tk_list, adoptions,roleBy, participateBy,
COLLECT({src_node:tk, rel: r, dst_node: lim}) AS tk_limits

OPTIONAL MATCH (tep)-[r:be_constrained_by]-(lim:Limitation)
WITH tep, enabledBy, tk_list, adoptions,roleBy, participateBy,tk_limits,
COLLECT({src_node:tep, rel: r, dst_node: lim}) AS tep_limits

// 4. 捕获 OrganizationalDependency / EnvironmentalDependency
OPTIONAL MATCH (tep)-[r:depend_on]->(dependancies:OrganizationalDependency|EnvironmentalDependency)
WITH tep, enabledBy, tk_list, adoptions,roleBy, participateBy,tk_limits,tep_limits,
COLLECT({src_node:tep, rel: r, dst_node: dependancies}) AS dependancyON

// 5. 捕获 mitigates (tep -[:mitigate]-> lim)
OPTIONAL MATCH (tep)-[r:mitigate|resolve]->(lim:Limitation)
WITH enabledBy,roleBy,adoptions,participateBy,tk_limits,tep_limits,dependancyON,
COLLECT({src_node:tep, rel: r, dst_node: lim}) AS mitigateBy

RETURN enabledBy,
adoptions,
roleBy,
participateBy,
tk_limits,
tep_limits,
dependancyON,
mitigateBy

***Research question***
RQ1. What emerging technologies have been adopted to support tacit knowledge retention practices?
Analytical chain:
technology-enabled practice → adopted technology → enabling mechanism → retained tacit knowledge

***Unit of analysis***
1. Treat the retrieved TechnologyenablePractice node as the basic units for analysis, that is, a collection of a group of technology-enabled practices aggregated from multiple cases.
2. If the query retrieves one technology-enabled practice, report and analyze one only.
3. Do not transform technologies, components, functions, mechanisms, or case examples into additional technology-enabled practices.
4. Related practices may be mentioned only when explicitly retrieved by the query and directly necessary to explain the focal practice.
5. Do not imply that the number of mechanisms or case examples equals the number of practices.
6. All nodes in the knowledge graph are conceptual topics which derived from multiple cases. Therefore, you should remind yourself they are a combination instead of a single real world event or object.

***Mandatory analytical procedure***
1. Inspect the definition and evidence_statement of every retrieved node used in the analysis. Do not classify a node from its name or category alone.
2. Inspect the evidence_statement of every relevant relationship. Treat relational evidence as the primary basis for explaining how technology supports retention.
3. Classify the focal practice under exactly one primary perspective:
    * Experience Amplification: Technology principally provides a sandbox for situated rehearsal, embodied interaction, feedback, simulation, or transmission of empirical patterns without externalizing intuition into a durable representation.
    * Digital Coding: Technology principally intercepts, models, records, or translates unstructured activity, spatial context, or heuristic judgment into durable data, parameters, or recorded representations.
4. Select the primary perspective using the practice’s dominant retention function. Do not classify the same practice under both perspectives. Capabilities associated with the non-selected perspective may be noted only as secondary features.
5. Keep the focal technology-enabled practice at the centre.  Explain:
    * which technologies it adopts;
    * which tacit knowledge it captures or transfers;
    * which organizational or environmental conditions it depends on;
    * which limitations constrain it; and
    * which limitations it mitigates or resolves.
6. Distinguish among:
    * technology availability;
    * technology adoption;
    * knowledge capture or transfer;
    * and effective knowledge retention.
7. Graph adjacency or adoption alone does not demonstrate retention.
8. Synthesize evidence across cases to identify the focal practice’s common retention mechanism. Do not present cases as separate practices.
Where the evidence is incomplete, contradictory, or insufficient to establish retention, state this explicitly. Do not fill evidence gaps through speculation.

***Output requirements***
Write approximately 600 words as a concise conceptual analysis with the following structure:
Focal technology-enabled tacit knowledge retention approach. Name and explain the retrieved practice entity as a conceptual entity.
Retention Mechanism. Classify it as either Experience Amplification or Digital Coding and justify the choice by the complete evidence-supported chain: adopted technologies → tacit knowledge captured or transferred →  retention outcome.
Tacit Knowledge Retained. Introduce the related tacit knowledge node and justify it by the evidence: why this tacit knowledge is hard to retain -> how technology-enable approach mitigate limitations of tacit knowledge retention.
Conditions and constraints. Explain potential organizational dependencies, environmental dependencies, limitations.

***Integrative theoretical statement***
Explain how the focal practice illustrates the adoption of emerging technology for tacit knowledge retention.
Use multiple cases to support each major claim where the graph permits. Cite evidence exactly as: (node_id:sXXX)
Do not manufacture three-to-five practices or insights when the query retrieves only one technology-enabled practice. The number of claims must remain proportional to the available relational evidence.","Focal technology-enabled tacit knowledge retention approach. The executed query returned no relationships for s001M01TP02; therefore, the graph does not supply an evidence-supported practice entity, adopted technology, tacit-knowledge object, actor, dependency, limitation, or retention outcome for this record.

Retention Mechanism. A defensible choice between Experience Amplification and Digital Coding cannot be made. Classifying from the identifier or requested category alone would violate the task’s requirement to inspect evidence and distinguish technology availability from demonstrated retention.

Tacit Knowledge Retained. No tacit-knowledge relationship or case citation was returned, so neither the knowledge at risk nor a mitigation mechanism can be established.

Conditions and constraints. None were returned by this query. This is a substantive data gap, not evidence that constraints are absent.

Integrative theoretical statement. This null result illustrates a boundary condition for knowledge-graph coding: conceptual claims about emerging-technology-enabled retention require a complete chain from technology adoption through capture or transfer to a retention outcome. The present record should remain uncoded until the node or its relationships are added or the query scope is corrected."
s001M01TP03,Technology-enable Retention Mechanism,"You are an expert academic scholar with interdisciplinary expertise in knowledge management, emerging technologies, organizational capabilities, and innovation.

***Task***
Analyze the knowledge graph extracted from multiple cases and conduct conceptual coding of emerging-technology-enabled tacit knowledge retention.

***Input data***
Use [$analyze-neo4j-knowledge-graph] to execute the following Cypher query:
MATCH (tk:TacitKnowledge)-[r:be_captured_by|be_transferred_by|evaluate]-(tep:TechnologyenablePractice)
WHERE tep.node_id = 's001M01TP03'
WITH tep,
COLLECT({src_node:tk, rel: r, dst_node: tep}) AS enabledBy,
COLLECT(DISTINCT tk) AS tk_list

// 1. 检索使用的数字技术
OPTIONAL MATCH (tep)-[r:adopt]->(dt:DigitalTechnology)
WITH tep, enabledBy, tk_list,
COLLECT({src_node:tep, rel: r, dst_node: dt}) AS adoptions

// 2. 检索关联的knowledge holder
OPTIONAL MATCH (role:KnowledgeHolder|KnowledgeLearner)-[r:be_shared_by|be_absorbed_by]-(tk:TacitKnowledge)
WHERE tk IN tk_list
WITH tep, enabledBy, tk_list,adoptions,
COLLECT({src_node:role, rel: r, dst_node: tk}) AS roleBy,
COLLECT(DISTINCT role) AS role_list

OPTIONAL MATCH (role)-[r:participate_in]-(tep)
WHERE role IN role_list
WITH tep, enabledBy, tk_list, adoptions,roleBy,
COLLECT({src_node:role, rel: r, dst_node: tep}) AS participateBy

// 3. 检索相关的限制
OPTIONAL MATCH (tk:TacitKnowledge)-[r:be_difficult_to_capture_due_to]-(lim:Limitation)
WHERE tk IN tk_list
WITH tep, enabledBy, tk_list, adoptions,roleBy, participateBy,
COLLECT({src_node:tk, rel: r, dst_node: lim}) AS tk_limits

OPTIONAL MATCH (tep)-[r:be_constrained_by]-(lim:Limitation)
WITH tep, enabledBy, tk_list, adoptions,roleBy, participateBy,tk_limits,
COLLECT({src_node:tep, rel: r, dst_node: lim}) AS tep_limits

// 4. 捕获 OrganizationalDependency / EnvironmentalDependency
OPTIONAL MATCH (tep)-[r:depend_on]->(dependancies:OrganizationalDependency|EnvironmentalDependency)
WITH tep, enabledBy, tk_list, adoptions,roleBy, participateBy,tk_limits,tep_limits,
COLLECT({src_node:tep, rel: r, dst_node: dependancies}) AS dependancyON

// 5. 捕获 mitigates (tep -[:mitigate]-> lim)
OPTIONAL MATCH (tep)-[r:mitigate|resolve]->(lim:Limitation)
WITH enabledBy,roleBy,adoptions,participateBy,tk_limits,tep_limits,dependancyON,
COLLECT({src_node:tep, rel: r, dst_node: lim}) AS mitigateBy

RETURN enabledBy,
adoptions,
roleBy,
participateBy,
tk_limits,
tep_limits,
dependancyON,
mitigateBy

***Research question***
RQ1. What emerging technologies have been adopted to support tacit knowledge retention practices?
Analytical chain:
technology-enabled practice → adopted technology → enabling mechanism → retained tacit knowledge

***Unit of analysis***
1. Treat the retrieved TechnologyenablePractice node as the basic units for analysis, that is, a collection of a group of technology-enabled practices aggregated from multiple cases.
2. If the query retrieves one technology-enabled practice, report and analyze one only.
3. Do not transform technologies, components, functions, mechanisms, or case examples into additional technology-enabled practices.
4. Related practices may be mentioned only when explicitly retrieved by the query and directly necessary to explain the focal practice.
5. Do not imply that the number of mechanisms or case examples equals the number of practices.
6. All nodes in the knowledge graph are conceptual topics which derived from multiple cases. Therefore, you should remind yourself they are a combination instead of a single real world event or object.

***Mandatory analytical procedure***
1. Inspect the definition and evidence_statement of every retrieved node used in the analysis. Do not classify a node from its name or category alone.
2. Inspect the evidence_statement of every relevant relationship. Treat relational evidence as the primary basis for explaining how technology supports retention.
3. Classify the focal practice under exactly one primary perspective:
    * Experience Amplification: Technology principally provides a sandbox for situated rehearsal, embodied interaction, feedback, simulation, or transmission of empirical patterns without externalizing intuition into a durable representation.
    * Digital Coding: Technology principally intercepts, models, records, or translates unstructured activity, spatial context, or heuristic judgment into durable data, parameters, or recorded representations.
4. Select the primary perspective using the practice’s dominant retention function. Do not classify the same practice under both perspectives. Capabilities associated with the non-selected perspective may be noted only as secondary features.
5. Keep the focal technology-enabled practice at the centre.  Explain:
    * which technologies it adopts;
    * which tacit knowledge it captures or transfers;
    * which organizational or environmental conditions it depends on;
    * which limitations constrain it; and
    * which limitations it mitigates or resolves.
6. Distinguish among:
    * technology availability;
    * technology adoption;
    * knowledge capture or transfer;
    * and effective knowledge retention.
7. Graph adjacency or adoption alone does not demonstrate retention.
8. Synthesize evidence across cases to identify the focal practice’s common retention mechanism. Do not present cases as separate practices.
Where the evidence is incomplete, contradictory, or insufficient to establish retention, state this explicitly. Do not fill evidence gaps through speculation.

***Output requirements***
Write approximately 600 words as a concise conceptual analysis with the following structure:
Focal technology-enabled tacit knowledge retention approach. Name and explain the retrieved practice entity as a conceptual entity.
Retention Mechanism. Classify it as either Experience Amplification or Digital Coding and justify the choice by the complete evidence-supported chain: adopted technologies → tacit knowledge captured or transferred →  retention outcome.
Tacit Knowledge Retained. Introduce the related tacit knowledge node and justify it by the evidence: why this tacit knowledge is hard to retain -> how technology-enable approach mitigate limitations of tacit knowledge retention.
Conditions and constraints. Explain potential organizational dependencies, environmental dependencies, limitations.

***Integrative theoretical statement***
Explain how the focal practice illustrates the adoption of emerging technology for tacit knowledge retention.
Use multiple cases to support each major claim where the graph permits. Cite evidence exactly as: (node_id:sXXX)
Do not manufacture three-to-five practices or insights when the query retrieves only one technology-enabled practice. The number of claims must remain proportional to the available relational evidence.","Focal technology-enabled tacit knowledge retention approach. Situated Experiential Learning through Extended Reality is the graph’s conceptual practice entity for s001M01TP03. It reconstructs consequential work and heritage settings so learners can perceive, act, receive feedback, and rehearse without bearing full real-world risk. The query links it to Artificial Intelligence and Intelligent Computation, Human–Computer Interaction and Immersive Technologies, Cyber-Physical Systems, IoT, and Smart Environments, Data, Information, and Knowledge Systems, Imaging, Sensing, and Perception Technologies, Mobile, Social and Communication Technologies, other graph-coded factors. These links show adoption or technical enablement, but do not by themselves prove that knowledge has been retained; the relevant evidence chain must also connect the technology-enabled activity to knowledge capture or transfer and a later usable outcome. Adoption evidence: XR interfaces, sensing, mobile delivery, AI, BIM/data systems, and supporting simulation tools jointly construct interactive environments (node_id:s001M01TE02) (node_id:s001M01TE05) (node_id:s001M01TE07) (node_id:s001M01TE01) (node_id:s001M01TE04). Transformation evidence: the practice reconstructs hazards and action choices, lets learners act, and returns visual, haptic, or consequence feedback (node_id:s001M01TP03).

Retention Mechanism. The primary mechanism is Experience Amplification (node_id:s001M01TP03) (node_id:s001M01TE01) (node_id:s001M01TE02) (node_id:s001M01TE03) (node_id:s001M01TE04) (node_id:s001M01TE05) (node_id:s001M01TE07) (node_id:s001M01TE09) (node_id:s001M01TK06) (node_id:s001M01TK10) (node_id:s001M01TK13) (node_id:s001M01TK05) (node_id:s001M01TK07) (node_id:s001M01TK08). If the stored model were removed, the decisive loss would be the opportunity for situated rehearsal and feedback. Across the returned cases, the practice links adopted digital capabilities to hazard recognition, embodied posture and spatial control, motor/tool skill, immediate response, and professional judgment, and then to observable capture, transfer, feedback, retrieval, or performance evidence. The mechanism is therefore not “technology use” in the abstract (node_id:s001M01TP03) (node_id:s001M01TK06) (node_id:s001M01TK10) (node_id:s001M01TK13) (node_id:s001M01TK05) (node_id:s001M01TK07) (node_id:s001M01TK08). It is the transformation of situated expertise through a repeatable retention process. Where evidence reports improved recognition, feedback, reuse, or access, this supports a plausible retention pathway; where it reports only deployment, adjacency, or short-term assessment, the claim remains conditional rather than causal. Retention-outcome evidence: AR evidence reports retained learned knowledge and several cases report improved hazard/risk performance, supporting Experience Amplification; however, another result shows knowledge falling after four to five weeks, so persistence is conditional rather than assured (node_id:s001M01LI01). Outcome-chain support: (node_id:s001M01TP03) (node_id:s001M01TK06) (node_id:s001M01TK10) (node_id:s001M01TK13) (node_id:s001M01TK05) (node_id:s001M01TK07) (node_id:s001M01TK08).

Tacit Knowledge Retained. The focal knowledge is hazard recognition, embodied posture and spatial control, motor/tool skill, immediate response, and professional judgment (node_id:s001M01TK06) (node_id:s001M01TK10) (node_id:s001M01TK13) (node_id:s001M01TK05) (node_id:s001M01TK07) (node_id:s001M01TK08). This knowledge is hard to retain because it is enacted in perception, movement, timing, contextual interpretation, informal coordination, or expert judgment rather than fully stated as rules (node_id:s001M01TK06) (node_id:s001M01TK10) (node_id:s001M01TK13) (node_id:s001M01TK05) (node_id:s001M01TK07) (node_id:s001M01TK08). The graph associates it with constraints including Software, Algorithmic, Data Quality and Interoperability Barriers, Knowledge Continuity, Documentation, Governance, Privacy and Security, Instructional Design, Delivery, Assessment and Transfer Shortcomings, Human Physiological, Cognitive-Capacity and Demographic Constraints, Individual Knowledge and Memory Decay, Time, Staffing, Expertise, Scheduling and Workload Constraints, other graph-coded factors (node_id:s001M01LI05) (node_id:s001M01LI10) (node_id:s001M01LI04) (node_id:s001M01LI03) (node_id:s001M01LI01) (node_id:s001M01LI08) (node_id:s001M01LI06) (node_id:s001M01LI09) (node_id:s001M01LI11) (node_id:s001M01LI14) (node_id:s001M01LI02) (node_id:s001M01LI12) (node_id:s001M01LI13) (node_id:s001M01LI07). The practice mitigates this fragility by making selected cues, actions, patterns, stories, or judgments repeatable and available beyond the original encounter (node_id:s001M01TP03) (node_id:s001M01TK06) (node_id:s001M01TK10) (node_id:s001M01TK13) (node_id:s001M01TK05) (node_id:s001M01TK07) (node_id:s001M01TK08). It does not eliminate tacitness: learners and practitioners must still interpret the representation, calibrate it against context, and convert it into situated action. Knowledge-link evidence: repeated situated action targets hazard recognition, embodied posture/spatial control, immediate response, motor skill, and professional risk judgment (node_id:s001M01TK06) (node_id:s001M01TK07) (node_id:s001M01TK08) (node_id:s001M01TK05) (node_id:s001M01TK10).

Conditions and constraints. Organizational conditions include Governance, Standards & Formal Control, Financial, Technical & Information Resources, Time, Workload & Operational Scheduling, Human Capacity, Roles & Participation, Organizational Structure & Process Design, while environmental conditions include Political, Regulatory & Jurisdictional Environment, External Technological & Infrastructure Environment, Geographic & Physical Site Context, Ambiguous Environmental Dependency(*). These dependencies operate as complementary resources: technology, data, time, participation, governance, and a receptive culture must align before a digital artifact or experience becomes organizational memory. The weakest link can interrupt the chain—for example through cost, workload, limited infrastructure, poor data or interoperability, usability, weak validation, privacy concerns, or resistance. Evidence is uneven across cases, and several limitation nodes aggregate heterogeneous studies, so generalization should remain bounded. Boundary-condition evidence: cybersickness, cognitive load, confined movement, interoperability, cost, and development time can break the rehearsal-to-transfer chain (node_id:s001M01LI02) (node_id:s001M01LI03) (node_id:s001M01LI05) (node_id:s001M01LI06) (node_id:s001M01LI08).

Integrative theoretical statement. Situated Experiential Learning through Extended Reality illustrates emerging-technology adoption for tacit knowledge retention when digital capability is organized around a specific epistemic function: reconstructing consequential experience so perception and action can be rehearsed and calibrated. Retention emerges only when that function is embedded in people, process, governance, and context; adoption alone is insufficient."
s001M01TP04,Technology-enable Retention Mechanism,"You are an expert academic scholar with interdisciplinary expertise in knowledge management, emerging technologies, organizational capabilities, and innovation.

***Task***
Analyze the knowledge graph extracted from multiple cases and conduct conceptual coding of emerging-technology-enabled tacit knowledge retention.

***Input data***
Use [$analyze-neo4j-knowledge-graph] to execute the following Cypher query:
MATCH (tk:TacitKnowledge)-[r:be_captured_by|be_transferred_by|evaluate]-(tep:TechnologyenablePractice)
WHERE tep.node_id = 's001M01TP04'
WITH tep,
COLLECT({src_node:tk, rel: r, dst_node: tep}) AS enabledBy,
COLLECT(DISTINCT tk) AS tk_list

// 1. 检索使用的数字技术
OPTIONAL MATCH (tep)-[r:adopt]->(dt:DigitalTechnology)
WITH tep, enabledBy, tk_list,
COLLECT({src_node:tep, rel: r, dst_node: dt}) AS adoptions

// 2. 检索关联的knowledge holder
OPTIONAL MATCH (role:KnowledgeHolder|KnowledgeLearner)-[r:be_shared_by|be_absorbed_by]-(tk:TacitKnowledge)
WHERE tk IN tk_list
WITH tep, enabledBy, tk_list,adoptions,
COLLECT({src_node:role, rel: r, dst_node: tk}) AS roleBy,
COLLECT(DISTINCT role) AS role_list

OPTIONAL MATCH (role)-[r:participate_in]-(tep)
WHERE role IN role_list
WITH tep, enabledBy, tk_list, adoptions,roleBy,
COLLECT({src_node:role, rel: r, dst_node: tep}) AS participateBy

// 3. 检索相关的限制
OPTIONAL MATCH (tk:TacitKnowledge)-[r:be_difficult_to_capture_due_to]-(lim:Limitation)
WHERE tk IN tk_list
WITH tep, enabledBy, tk_list, adoptions,roleBy, participateBy,
COLLECT({src_node:tk, rel: r, dst_node: lim}) AS tk_limits

OPTIONAL MATCH (tep)-[r:be_constrained_by]-(lim:Limitation)
WITH tep, enabledBy, tk_list, adoptions,roleBy, participateBy,tk_limits,
COLLECT({src_node:tep, rel: r, dst_node: lim}) AS tep_limits

// 4. 捕获 OrganizationalDependency / EnvironmentalDependency
OPTIONAL MATCH (tep)-[r:depend_on]->(dependancies:OrganizationalDependency|EnvironmentalDependency)
WITH tep, enabledBy, tk_list, adoptions,roleBy, participateBy,tk_limits,tep_limits,
COLLECT({src_node:tep, rel: r, dst_node: dependancies}) AS dependancyON

// 5. 捕获 mitigates (tep -[:mitigate]-> lim)
OPTIONAL MATCH (tep)-[r:mitigate|resolve]->(lim:Limitation)
WITH enabledBy,roleBy,adoptions,participateBy,tk_limits,tep_limits,dependancyON,
COLLECT({src_node:tep, rel: r, dst_node: lim}) AS mitigateBy

RETURN enabledBy,
adoptions,
roleBy,
participateBy,
tk_limits,
tep_limits,
dependancyON,
mitigateBy

***Research question***
RQ1. What emerging technologies have been adopted to support tacit knowledge retention practices?
Analytical chain:
technology-enabled practice → adopted technology → enabling mechanism → retained tacit knowledge

***Unit of analysis***
1. Treat the retrieved TechnologyenablePractice node as the basic units for analysis, that is, a collection of a group of technology-enabled practices aggregated from multiple cases.
2. If the query retrieves one technology-enabled practice, report and analyze one only.
3. Do not transform technologies, components, functions, mechanisms, or case examples into additional technology-enabled practices.
4. Related practices may be mentioned only when explicitly retrieved by the query and directly necessary to explain the focal practice.
5. Do not imply that the number of mechanisms or case examples equals the number of practices.
6. All nodes in the knowledge graph are conceptual topics which derived from multiple cases. Therefore, you should remind yourself they are a combination instead of a single real world event or object.

***Mandatory analytical procedure***
1. Inspect the definition and evidence_statement of every retrieved node used in the analysis. Do not classify a node from its name or category alone.
2. Inspect the evidence_statement of every relevant relationship. Treat relational evidence as the primary basis for explaining how technology supports retention.
3. Classify the focal practice under exactly one primary perspective:
    * Experience Amplification: Technology principally provides a sandbox for situated rehearsal, embodied interaction, feedback, simulation, or transmission of empirical patterns without externalizing intuition into a durable representation.
    * Digital Coding: Technology principally intercepts, models, records, or translates unstructured activity, spatial context, or heuristic judgment into durable data, parameters, or recorded representations.
4. Select the primary perspective using the practice’s dominant retention function. Do not classify the same practice under both perspectives. Capabilities associated with the non-selected perspective may be noted only as secondary features.
5. Keep the focal technology-enabled practice at the centre.  Explain:
    * which technologies it adopts;
    * which tacit knowledge it captures or transfers;
    * which organizational or environmental conditions it depends on;
    * which limitations constrain it; and
    * which limitations it mitigates or resolves.
6. Distinguish among:
    * technology availability;
    * technology adoption;
    * knowledge capture or transfer;
    * and effective knowledge retention.
7. Graph adjacency or adoption alone does not demonstrate retention.
8. Synthesize evidence across cases to identify the focal practice’s common retention mechanism. Do not present cases as separate practices.
Where the evidence is incomplete, contradictory, or insufficient to establish retention, state this explicitly. Do not fill evidence gaps through speculation.

***Output requirements***
Write approximately 600 words as a concise conceptual analysis with the following structure:
Focal technology-enabled tacit knowledge retention approach. Name and explain the retrieved practice entity as a conceptual entity.
Retention Mechanism. Classify it as either Experience Amplification or Digital Coding and justify the choice by the complete evidence-supported chain: adopted technologies → tacit knowledge captured or transferred →  retention outcome.
Tacit Knowledge Retained. Introduce the related tacit knowledge node and justify it by the evidence: why this tacit knowledge is hard to retain -> how technology-enable approach mitigate limitations of tacit knowledge retention.
Conditions and constraints. Explain potential organizational dependencies, environmental dependencies, limitations.

***Integrative theoretical statement***
Explain how the focal practice illustrates the adoption of emerging technology for tacit knowledge retention.
Use multiple cases to support each major claim where the graph permits. Cite evidence exactly as: (node_id:sXXX)
Do not manufacture three-to-five practices or insights when the query retrieves only one technology-enabled practice. The number of claims must remain proportional to the available relational evidence.","Focal technology-enabled tacit knowledge retention approach. Interactive Consequence Learning and Digital Feedback is the graph’s conceptual practice entity for s001M01TP04. It makes the consequences of choices visible through interactive scenarios, rule-based responses, and immediate digital feedback. The query links it to Human–Computer Interaction and Immersive Technologies, Rule-Based, Decision and Expert Systems, Ambiguous Digital Technology(*). These links show adoption or technical enablement, but do not by themselves prove that knowledge has been retained; the relevant evidence chain must also connect the technology-enabled activity to knowledge capture or transfer and a later usable outcome. Adoption evidence: immersive interfaces and rule/decision systems deliver interactive narrative or scenario responses (node_id:s001M01TE02) (node_id:s001M01TE08). Transformation evidence: a learner's choice produces a visible consequence or immediate digital response, enabling comparison between action and result (node_id:s001M01TP04).

Retention Mechanism. The primary mechanism is Experience Amplification (node_id:s001M01TP04) (node_id:s001M01TE02) (node_id:s001M01TE08) (node_id:s001M01TE09) (node_id:s001M01TK13). Its primary value is experiential calibration through consequences, not the mere storage of a record. Across the returned cases, the practice links adopted digital capabilities to context-dependent judgment that is otherwise left ambiguous in the graph, and then to observable capture, transfer, feedback, retrieval, or performance evidence. The mechanism is therefore not “technology use” in the abstract (node_id:s001M01TP04) (node_id:s001M01TK13). It is the transformation of situated expertise through a repeatable retention process. Where evidence reports improved recognition, feedback, reuse, or access, this supports a plausible retention pathway; where it reports only deployment, adjacency, or short-term assessment, the claim remains conditional rather than causal. Retention-outcome evidence: post-intervention historical cognition was measured after a dynamic narrative system, which supports immediate learning feedback; the query supplies no delayed test showing durable retention. The defensible mechanism is therefore Experience Amplification with an immediate outcome proxy, not proven long-term retention. Outcome-chain support: (node_id:s001M01TP04) (node_id:s001M01TK13).

Tacit Knowledge Retained. The focal knowledge is context-dependent judgment that is otherwise left ambiguous in the graph (node_id:s001M01TK13). This knowledge is hard to retain because it is enacted in perception, movement, timing, contextual interpretation, informal coordination, or expert judgment rather than fully stated as rules (node_id:s001M01TK13). The graph associates it with constraints including Individual Knowledge and Memory Decay, Human Physiological, Cognitive-Capacity and Demographic Constraints, Instructional Design, Delivery, Assessment and Transfer Shortcomings, Hardware, Sensor and Technical Infrastructure Constraints, Organizational Culture, Leadership and Adoption Barriers, Knowledge Continuity, Documentation, Governance, Privacy and Security, other graph-coded factors (node_id:s001M01LI01) (node_id:s001M01LI03) (node_id:s001M01LI04) (node_id:s001M01LI06) (node_id:s001M01LI09) (node_id:s001M01LI10) (node_id:s001M01LI11) (node_id:s001M01LI14) (node_id:s001M01LI12). The practice mitigates this fragility by making selected cues, actions, patterns, stories, or judgments repeatable and available beyond the original encounter (node_id:s001M01TP04) (node_id:s001M01TK13). It does not eliminate tacitness: learners and practitioners must still interpret the representation, calibrate it against context, and convert it into situated action. Knowledge-link evidence: the returned knowledge node is explicitly ambiguous, so the graph supports only a broad claim about contextual cognition or judgment, not a specific embodied skill (node_id:s001M01TK13).

Conditions and constraints. Organizational conditions include none directly returned, while environmental conditions include none directly returned. These dependencies operate as complementary resources: technology, data, time, participation, governance, and a receptive culture must align before a digital artifact or experience becomes organizational memory. The weakest link can interrupt the chain—for example through cost, workload, limited infrastructure, poor data or interoperability, usability, weak validation, privacy concerns, or resistance. Evidence is uneven across cases, and several limitation nodes aggregate heterogeneous studies, so generalization should remain bounded. Boundary-condition evidence: memory decay, cognitive differences, limited instructional transfer, hardware access, adoption climate, and generalizability may interrupt the feedback-to-retention path (node_id:s001M01LI01) (node_id:s001M01LI03) (node_id:s001M01LI04) (node_id:s001M01LI06) (node_id:s001M01LI09) (node_id:s001M01LI14).

Integrative theoretical statement. Interactive Consequence Learning and Digital Feedback illustrates emerging-technology adoption for tacit knowledge retention when digital capability is organized around a specific epistemic function: reconstructing consequential experience so perception and action can be rehearsed and calibrated. Retention emerges only when that function is embedded in people, process, governance, and context; adoption alone is insufficient."
s001M01TP05,Technology-enable Retention Mechanism,"You are an expert academic scholar with interdisciplinary expertise in knowledge management, emerging technologies, organizational capabilities, and innovation.

***Task***
Analyze the knowledge graph extracted from multiple cases and conduct conceptual coding of emerging-technology-enabled tacit knowledge retention.

***Input data***
Use [$analyze-neo4j-knowledge-graph] to execute the following Cypher query:
MATCH (tk:TacitKnowledge)-[r:be_captured_by|be_transferred_by|evaluate]-(tep:TechnologyenablePractice)
WHERE tep.node_id = 's001M01TP05'
WITH tep,
COLLECT({src_node:tk, rel: r, dst_node: tep}) AS enabledBy,
COLLECT(DISTINCT tk) AS tk_list

// 1. 检索使用的数字技术
OPTIONAL MATCH (tep)-[r:adopt]->(dt:DigitalTechnology)
WITH tep, enabledBy, tk_list,
COLLECT({src_node:tep, rel: r, dst_node: dt}) AS adoptions

// 2. 检索关联的knowledge holder
OPTIONAL MATCH (role:KnowledgeHolder|KnowledgeLearner)-[r:be_shared_by|be_absorbed_by]-(tk:TacitKnowledge)
WHERE tk IN tk_list
WITH tep, enabledBy, tk_list,adoptions,
COLLECT({src_node:role, rel: r, dst_node: tk}) AS roleBy,
COLLECT(DISTINCT role) AS role_list

OPTIONAL MATCH (role)-[r:participate_in]-(tep)
WHERE role IN role_list
WITH tep, enabledBy, tk_list, adoptions,roleBy,
COLLECT({src_node:role, rel: r, dst_node: tep}) AS participateBy

// 3. 检索相关的限制
OPTIONAL MATCH (tk:TacitKnowledge)-[r:be_difficult_to_capture_due_to]-(lim:Limitation)
WHERE tk IN tk_list
WITH tep, enabledBy, tk_list, adoptions,roleBy, participateBy,
COLLECT({src_node:tk, rel: r, dst_node: lim}) AS tk_limits

OPTIONAL MATCH (tep)-[r:be_constrained_by]-(lim:Limitation)
WITH tep, enabledBy, tk_list, adoptions,roleBy, participateBy,tk_limits,
COLLECT({src_node:tep, rel: r, dst_node: lim}) AS tep_limits

// 4. 捕获 OrganizationalDependency / EnvironmentalDependency
OPTIONAL MATCH (tep)-[r:depend_on]->(dependancies:OrganizationalDependency|EnvironmentalDependency)
WITH tep, enabledBy, tk_list, adoptions,roleBy, participateBy,tk_limits,tep_limits,
COLLECT({src_node:tep, rel: r, dst_node: dependancies}) AS dependancyON

// 5. 捕获 mitigates (tep -[:mitigate]-> lim)
OPTIONAL MATCH (tep)-[r:mitigate|resolve]->(lim:Limitation)
WITH enabledBy,roleBy,adoptions,participateBy,tk_limits,tep_limits,dependancyON,
COLLECT({src_node:tep, rel: r, dst_node: lim}) AS mitigateBy

RETURN enabledBy,
adoptions,
roleBy,
participateBy,
tk_limits,
tep_limits,
dependancyON,
mitigateBy

***Research question***
RQ1. What emerging technologies have been adopted to support tacit knowledge retention practices?
Analytical chain:
technology-enabled practice → adopted technology → enabling mechanism → retained tacit knowledge

***Unit of analysis***
1. Treat the retrieved TechnologyenablePractice node as the basic units for analysis, that is, a collection of a group of technology-enabled practices aggregated from multiple cases.
2. If the query retrieves one technology-enabled practice, report and analyze one only.
3. Do not transform technologies, components, functions, mechanisms, or case examples into additional technology-enabled practices.
4. Related practices may be mentioned only when explicitly retrieved by the query and directly necessary to explain the focal practice.
5. Do not imply that the number of mechanisms or case examples equals the number of practices.
6. All nodes in the knowledge graph are conceptual topics which derived from multiple cases. Therefore, you should remind yourself they are a combination instead of a single real world event or object.

***Mandatory analytical procedure***
1. Inspect the definition and evidence_statement of every retrieved node used in the analysis. Do not classify a node from its name or category alone.
2. Inspect the evidence_statement of every relevant relationship. Treat relational evidence as the primary basis for explaining how technology supports retention.
3. Classify the focal practice under exactly one primary perspective:
    * Experience Amplification: Technology principally provides a sandbox for situated rehearsal, embodied interaction, feedback, simulation, or transmission of empirical patterns without externalizing intuition into a durable representation.
    * Digital Coding: Technology principally intercepts, models, records, or translates unstructured activity, spatial context, or heuristic judgment into durable data, parameters, or recorded representations.
4. Select the primary perspective using the practice’s dominant retention function. Do not classify the same practice under both perspectives. Capabilities associated with the non-selected perspective may be noted only as secondary features.
5. Keep the focal technology-enabled practice at the centre.  Explain:
    * which technologies it adopts;
    * which tacit knowledge it captures or transfers;
    * which organizational or environmental conditions it depends on;
    * which limitations constrain it; and
    * which limitations it mitigates or resolves.
6. Distinguish among:
    * technology availability;
    * technology adoption;
    * knowledge capture or transfer;
    * and effective knowledge retention.
7. Graph adjacency or adoption alone does not demonstrate retention.
8. Synthesize evidence across cases to identify the focal practice’s common retention mechanism. Do not present cases as separate practices.
Where the evidence is incomplete, contradictory, or insufficient to establish retention, state this explicitly. Do not fill evidence gaps through speculation.

***Output requirements***
Write approximately 600 words as a concise conceptual analysis with the following structure:
Focal technology-enabled tacit knowledge retention approach. Name and explain the retrieved practice entity as a conceptual entity.
Retention Mechanism. Classify it as either Experience Amplification or Digital Coding and justify the choice by the complete evidence-supported chain: adopted technologies → tacit knowledge captured or transferred →  retention outcome.
Tacit Knowledge Retained. Introduce the related tacit knowledge node and justify it by the evidence: why this tacit knowledge is hard to retain -> how technology-enable approach mitigate limitations of tacit knowledge retention.
Conditions and constraints. Explain potential organizational dependencies, environmental dependencies, limitations.

***Integrative theoretical statement***
Explain how the focal practice illustrates the adoption of emerging technology for tacit knowledge retention.
Use multiple cases to support each major claim where the graph permits. Cite evidence exactly as: (node_id:sXXX)
Do not manufacture three-to-five practices or insights when the query retrieves only one technology-enabled practice. The number of claims must remain proportional to the available relational evidence.","Focal technology-enabled tacit knowledge retention approach. Real-time Building Intelligence through IoT Monitoring is the graph’s conceptual practice entity for s001M01TP05. It intercepts occupancy and environmental activity through sensors and algorithms and converts it into time-stamped operational traces. The query links it to Artificial Intelligence and Intelligent Computation, Cyber-Physical Systems, IoT, and Smart Environments, Imaging, Sensing, and Perception Technologies. These links show adoption or technical enablement, but do not by themselves prove that knowledge has been retained; the relevant evidence chain must also connect the technology-enabled activity to knowledge capture or transfer and a later usable outcome. Adoption evidence: IoT/smart-environment infrastructure, imaging or perception sensors, and AI analytics collect occupancy, CO2, temperature, and schedule data (node_id:s001M01TE03) (node_id:s001M01TE05) (node_id:s001M01TE01). Transformation evidence: the practice converts fleeting building use into time-stamped behavioral and environmental traces and flags expected, absent, or anomalous states (node_id:s001M01TP05).

Retention Mechanism. The primary mechanism is Digital Coding (node_id:s001M01TP05) (node_id:s001M01TE01) (node_id:s001M01TE03) (node_id:s001M01TE05) (node_id:s001M01TK13). The retained object is a durable data representation of otherwise fleeting conditions; any learning from dashboards is downstream. Across the returned cases, the practice links adopted digital capabilities to situated building-use know-how that the graph leaves only broadly specified, and then to observable capture, transfer, feedback, retrieval, or performance evidence. The mechanism is therefore not “technology use” in the abstract (node_id:s001M01TP05) (node_id:s001M01TK13). It is the transformation of situated expertise through a repeatable retention process. Where evidence reports improved recognition, feedback, reuse, or access, this supports a plausible retention pathway; where it reports only deployment, adjacency, or short-term assessment, the claim remains conditional rather than causal. Retention-outcome evidence: anomaly detection and real-time intervention make behavior available for operational learning, supporting Digital Coding. They demonstrate capture and potential reuse, not by themselves durable organizational memory or changed human competence. Outcome-chain support: (node_id:s001M01TP05) (node_id:s001M01TK13).

Tacit Knowledge Retained. The focal knowledge is situated building-use know-how that the graph leaves only broadly specified (node_id:s001M01TK13). This knowledge is hard to retain because it is enacted in perception, movement, timing, contextual interpretation, informal coordination, or expert judgment rather than fully stated as rules (node_id:s001M01TK13). The graph associates it with constraints including Individual Knowledge and Memory Decay, Human Physiological, Cognitive-Capacity and Demographic Constraints, Instructional Design, Delivery, Assessment and Transfer Shortcomings, Hardware, Sensor and Technical Infrastructure Constraints, Organizational Culture, Leadership and Adoption Barriers, Knowledge Continuity, Documentation, Governance, Privacy and Security, other graph-coded factors (node_id:s001M01LI01) (node_id:s001M01LI03) (node_id:s001M01LI04) (node_id:s001M01LI06) (node_id:s001M01LI09) (node_id:s001M01LI10) (node_id:s001M01LI11) (node_id:s001M01LI14). The practice mitigates this fragility by making selected cues, actions, patterns, stories, or judgments repeatable and available beyond the original encounter (node_id:s001M01TP05) (node_id:s001M01TK13). It does not eliminate tacitness: learners and practitioners must still interpret the representation, calibrate it against context, and convert it into situated action. Knowledge-link evidence: the query connects this to an ambiguous tacit-knowledge node; the evidence most plausibly concerns situated occupancy behavior, but does not warrant a narrower knowledge category (node_id:s001M01TK13).

Conditions and constraints. Organizational conditions include none directly returned, while environmental conditions include Natural & Climatic Environment. These dependencies operate as complementary resources: technology, data, time, participation, governance, and a receptive culture must align before a digital artifact or experience becomes organizational memory. The weakest link can interrupt the chain—for example through cost, workload, limited infrastructure, poor data or interoperability, usability, weak validation, privacy concerns, or resistance. Evidence is uneven across cases, and several limitation nodes aggregate heterogeneous studies, so generalization should remain bounded. Boundary-condition evidence: sensor inaccuracy, infrastructure limits, physical variability, privacy/governance, and climate dependence can distort the recorded representation and weaken later decisions (node_id:s001M01LI05) (node_id:s001M01LI06) (node_id:s001M01LI10) (node_id:s001M01LI11) (node_id:s001M01ED04).

Integrative theoretical statement. Real-time Building Intelligence through IoT Monitoring illustrates emerging-technology adoption for tacit knowledge retention when digital capability is organized around a specific epistemic function: intercepting and stabilizing experience as a retrievable representation. Retention emerges only when that function is embedded in people, process, governance, and context; adoption alone is insufficient."
s001M01TP06,Technology-enable Retention Mechanism,"You are an expert academic scholar with interdisciplinary expertise in knowledge management, emerging technologies, organizational capabilities, and innovation.

***Task***
Analyze the knowledge graph extracted from multiple cases and conduct conceptual coding of emerging-technology-enabled tacit knowledge retention.

***Input data***
Use [$analyze-neo4j-knowledge-graph] to execute the following Cypher query:
MATCH (tk:TacitKnowledge)-[r:be_captured_by|be_transferred_by|evaluate]-(tep:TechnologyenablePractice)
WHERE tep.node_id = 's001M01TP06'
WITH tep,
COLLECT({src_node:tk, rel: r, dst_node: tep}) AS enabledBy,
COLLECT(DISTINCT tk) AS tk_list

// 1. 检索使用的数字技术
OPTIONAL MATCH (tep)-[r:adopt]->(dt:DigitalTechnology)
WITH tep, enabledBy, tk_list,
COLLECT({src_node:tep, rel: r, dst_node: dt}) AS adoptions

// 2. 检索关联的knowledge holder
OPTIONAL MATCH (role:KnowledgeHolder|KnowledgeLearner)-[r:be_shared_by|be_absorbed_by]-(tk:TacitKnowledge)
WHERE tk IN tk_list
WITH tep, enabledBy, tk_list,adoptions,
COLLECT({src_node:role, rel: r, dst_node: tk}) AS roleBy,
COLLECT(DISTINCT role) AS role_list

OPTIONAL MATCH (role)-[r:participate_in]-(tep)
WHERE role IN role_list
WITH tep, enabledBy, tk_list, adoptions,roleBy,
COLLECT({src_node:role, rel: r, dst_node: tep}) AS participateBy

// 3. 检索相关的限制
OPTIONAL MATCH (tk:TacitKnowledge)-[r:be_difficult_to_capture_due_to]-(lim:Limitation)
WHERE tk IN tk_list
WITH tep, enabledBy, tk_list, adoptions,roleBy, participateBy,
COLLECT({src_node:tk, rel: r, dst_node: lim}) AS tk_limits

OPTIONAL MATCH (tep)-[r:be_constrained_by]-(lim:Limitation)
WITH tep, enabledBy, tk_list, adoptions,roleBy, participateBy,tk_limits,
COLLECT({src_node:tep, rel: r, dst_node: lim}) AS tep_limits

// 4. 捕获 OrganizationalDependency / EnvironmentalDependency
OPTIONAL MATCH (tep)-[r:depend_on]->(dependancies:OrganizationalDependency|EnvironmentalDependency)
WITH tep, enabledBy, tk_list, adoptions,roleBy, participateBy,tk_limits,tep_limits,
COLLECT({src_node:tep, rel: r, dst_node: dependancies}) AS dependancyON

// 5. 捕获 mitigates (tep -[:mitigate]-> lim)
OPTIONAL MATCH (tep)-[r:mitigate|resolve]->(lim:Limitation)
WITH enabledBy,roleBy,adoptions,participateBy,tk_limits,tep_limits,dependancyON,
COLLECT({src_node:tep, rel: r, dst_node: lim}) AS mitigateBy

RETURN enabledBy,
adoptions,
roleBy,
participateBy,
tk_limits,
tep_limits,
dependancyON,
mitigateBy

***Research question***
RQ1. What emerging technologies have been adopted to support tacit knowledge retention practices?
Analytical chain:
technology-enabled practice → adopted technology → enabling mechanism → retained tacit knowledge

***Unit of analysis***
1. Treat the retrieved TechnologyenablePractice node as the basic units for analysis, that is, a collection of a group of technology-enabled practices aggregated from multiple cases.
2. If the query retrieves one technology-enabled practice, report and analyze one only.
3. Do not transform technologies, components, functions, mechanisms, or case examples into additional technology-enabled practices.
4. Related practices may be mentioned only when explicitly retrieved by the query and directly necessary to explain the focal practice.
5. Do not imply that the number of mechanisms or case examples equals the number of practices.
6. All nodes in the knowledge graph are conceptual topics which derived from multiple cases. Therefore, you should remind yourself they are a combination instead of a single real world event or object.

***Mandatory analytical procedure***
1. Inspect the definition and evidence_statement of every retrieved node used in the analysis. Do not classify a node from its name or category alone.
2. Inspect the evidence_statement of every relevant relationship. Treat relational evidence as the primary basis for explaining how technology supports retention.
3. Classify the focal practice under exactly one primary perspective:
    * Experience Amplification: Technology principally provides a sandbox for situated rehearsal, embodied interaction, feedback, simulation, or transmission of empirical patterns without externalizing intuition into a durable representation.
    * Digital Coding: Technology principally intercepts, models, records, or translates unstructured activity, spatial context, or heuristic judgment into durable data, parameters, or recorded representations.
4. Select the primary perspective using the practice’s dominant retention function. Do not classify the same practice under both perspectives. Capabilities associated with the non-selected perspective may be noted only as secondary features.
5. Keep the focal technology-enabled practice at the centre.  Explain:
    * which technologies it adopts;
    * which tacit knowledge it captures or transfers;
    * which organizational or environmental conditions it depends on;
    * which limitations constrain it; and
    * which limitations it mitigates or resolves.
6. Distinguish among:
    * technology availability;
    * technology adoption;
    * knowledge capture or transfer;
    * and effective knowledge retention.
7. Graph adjacency or adoption alone does not demonstrate retention.
8. Synthesize evidence across cases to identify the focal practice’s common retention mechanism. Do not present cases as separate practices.
Where the evidence is incomplete, contradictory, or insufficient to establish retention, state this explicitly. Do not fill evidence gaps through speculation.

***Output requirements***
Write approximately 600 words as a concise conceptual analysis with the following structure:
Focal technology-enabled tacit knowledge retention approach. Name and explain the retrieved practice entity as a conceptual entity.
Retention Mechanism. Classify it as either Experience Amplification or Digital Coding and justify the choice by the complete evidence-supported chain: adopted technologies → tacit knowledge captured or transferred →  retention outcome.
Tacit Knowledge Retained. Introduce the related tacit knowledge node and justify it by the evidence: why this tacit knowledge is hard to retain -> how technology-enable approach mitigate limitations of tacit knowledge retention.
Conditions and constraints. Explain potential organizational dependencies, environmental dependencies, limitations.

***Integrative theoretical statement***
Explain how the focal practice illustrates the adoption of emerging technology for tacit knowledge retention.
Use multiple cases to support each major claim where the graph permits. Cite evidence exactly as: (node_id:sXXX)
Do not manufacture three-to-five practices or insights when the query retrieves only one technology-enabled practice. The number of claims must remain proportional to the available relational evidence.","Focal technology-enabled tacit knowledge retention approach. Worker Activity and State Capture through Wearable Sensors and Cameras is the graph’s conceptual practice entity for s001M01TP06. It records posture, movement, workload, and situated activity through cameras and wearable sensing, making embodied work observable and comparable. The query links it to Human–Computer Interaction and Immersive Technologies, Imaging, Sensing, and Perception Technologies. These links show adoption or technical enablement, but do not by themselves prove that knowledge has been retained; the relevant evidence chain must also connect the technology-enabled activity to knowledge capture or transfer and a later usable outcome. Adoption evidence: cameras, imaging/perception systems, wearables, and interactive interfaces sense workers' posture, motion, workload, or state (node_id:s001M01TE05) (node_id:s001M01TE02). Transformation evidence: the practice parameterizes embodied activity as video, pose estimates, or wearable measurements that can be compared over time (node_id:s001M01TP06).

Retention Mechanism. The primary mechanism is Digital Coding (node_id:s001M01TP06) (node_id:s001M01TE02) (node_id:s001M01TE05) (node_id:s001M01TK06) (node_id:s001M01TK07) (node_id:s001M01TK13). The dominant retention function is capture and parameterization of embodied activity rather than simulated rehearsal. Across the returned cases, the practice links adopted digital capabilities to embodied posture, balance, spatial control, perceptual recognition, and other situated worker know-how, and then to observable capture, transfer, feedback, retrieval, or performance evidence. The mechanism is therefore not “technology use” in the abstract (node_id:s001M01TP06) (node_id:s001M01TK06) (node_id:s001M01TK07) (node_id:s001M01TK13). It is the transformation of situated expertise through a repeatable retention process. Where evidence reports improved recognition, feedback, reuse, or access, this supports a plausible retention pathway; where it reports only deployment, adjacency, or short-term assessment, the claim remains conditional rather than causal. Retention-outcome evidence: abnormal-posture estimation makes otherwise tacit bodily performance inspectable and supports feedback, so Digital Coding is justified. Yet measurement is not equivalent to skill retention; the query does not show that workers later internalized corrected movements. Outcome-chain support: (node_id:s001M01TP06) (node_id:s001M01TK06) (node_id:s001M01TK07) (node_id:s001M01TK13).

Tacit Knowledge Retained. The focal knowledge is embodied posture, balance, spatial control, perceptual recognition, and other situated worker know-how (node_id:s001M01TK06) (node_id:s001M01TK07) (node_id:s001M01TK13). This knowledge is hard to retain because it is enacted in perception, movement, timing, contextual interpretation, informal coordination, or expert judgment rather than fully stated as rules (node_id:s001M01TK06) (node_id:s001M01TK07) (node_id:s001M01TK13). The graph associates it with constraints including Instructional Design, Delivery, Assessment and Transfer Shortcomings, Software, Algorithmic, Data Quality and Interoperability Barriers, Human Physiological, Cognitive-Capacity and Demographic Constraints, Individual Knowledge and Memory Decay, Hardware, Sensor and Technical Infrastructure Constraints, Organizational Culture, Leadership and Adoption Barriers, other graph-coded factors (node_id:s001M01LI04) (node_id:s001M01LI05) (node_id:s001M01LI03) (node_id:s001M01LI01) (node_id:s001M01LI06) (node_id:s001M01LI09) (node_id:s001M01LI10) (node_id:s001M01LI11) (node_id:s001M01LI14) (node_id:s001M01LI13). The practice mitigates this fragility by making selected cues, actions, patterns, stories, or judgments repeatable and available beyond the original encounter (node_id:s001M01TP06) (node_id:s001M01TK06) (node_id:s001M01TK07) (node_id:s001M01TK13). It does not eliminate tacitness: learners and practitioners must still interpret the representation, calibrate it against context, and convert it into situated action. Knowledge-link evidence: the captured activity represents embodied posture/balance/spatial control and perceptual recognition, with a residual ambiguous category where the evidence is nonspecific (node_id:s001M01TK07) (node_id:s001M01TK06) (node_id:s001M01TK13).

Conditions and constraints. Organizational conditions include Organizational Structure & Process Design, while environmental conditions include Political, Regulatory & Jurisdictional Environment, Geographic & Physical Site Context. These dependencies operate as complementary resources: technology, data, time, participation, governance, and a receptive culture must align before a digital artifact or experience becomes organizational memory. The weakest link can interrupt the chain—for example through cost, workload, limited infrastructure, poor data or interoperability, usability, weak validation, privacy concerns, or resistance. Evidence is uneven across cases, and several limitation nodes aggregate heterogeneous studies, so generalization should remain bounded. Boundary-condition evidence: sensor and algorithm error, privacy/governance, physiological variation, site conditions, and validation weaknesses can corrupt or inhibit reuse of the trace (node_id:s001M01LI05) (node_id:s001M01LI06) (node_id:s001M01LI10) (node_id:s001M01LI03) (node_id:s001M01LI11) (node_id:s001M01LI13).

Integrative theoretical statement. Worker Activity and State Capture through Wearable Sensors and Cameras illustrates emerging-technology adoption for tacit knowledge retention when digital capability is organized around a specific epistemic function: intercepting and stabilizing experience as a retrievable representation. Retention emerges only when that function is embedded in people, process, governance, and context; adoption alone is insufficient."
s001M01TP07,Technology-enable Retention Mechanism,"You are an expert academic scholar with interdisciplinary expertise in knowledge management, emerging technologies, organizational capabilities, and innovation.

***Task***
Analyze the knowledge graph extracted from multiple cases and conduct conceptual coding of emerging-technology-enabled tacit knowledge retention.

***Input data***
Use [$analyze-neo4j-knowledge-graph] to execute the following Cypher query:
MATCH (tk:TacitKnowledge)-[r:be_captured_by|be_transferred_by|evaluate]-(tep:TechnologyenablePractice)
WHERE tep.node_id = 's001M01TP07'
WITH tep,
COLLECT({src_node:tk, rel: r, dst_node: tep}) AS enabledBy,
COLLECT(DISTINCT tk) AS tk_list

// 1. 检索使用的数字技术
OPTIONAL MATCH (tep)-[r:adopt]->(dt:DigitalTechnology)
WITH tep, enabledBy, tk_list,
COLLECT({src_node:tep, rel: r, dst_node: dt}) AS adoptions

// 2. 检索关联的knowledge holder
OPTIONAL MATCH (role:KnowledgeHolder|KnowledgeLearner)-[r:be_shared_by|be_absorbed_by]-(tk:TacitKnowledge)
WHERE tk IN tk_list
WITH tep, enabledBy, tk_list,adoptions,
COLLECT({src_node:role, rel: r, dst_node: tk}) AS roleBy,
COLLECT(DISTINCT role) AS role_list

OPTIONAL MATCH (role)-[r:participate_in]-(tep)
WHERE role IN role_list
WITH tep, enabledBy, tk_list, adoptions,roleBy,
COLLECT({src_node:role, rel: r, dst_node: tep}) AS participateBy

// 3. 检索相关的限制
OPTIONAL MATCH (tk:TacitKnowledge)-[r:be_difficult_to_capture_due_to]-(lim:Limitation)
WHERE tk IN tk_list
WITH tep, enabledBy, tk_list, adoptions,roleBy, participateBy,
COLLECT({src_node:tk, rel: r, dst_node: lim}) AS tk_limits

OPTIONAL MATCH (tep)-[r:be_constrained_by]-(lim:Limitation)
WITH tep, enabledBy, tk_list, adoptions,roleBy, participateBy,tk_limits,
COLLECT({src_node:tep, rel: r, dst_node: lim}) AS tep_limits

// 4. 捕获 OrganizationalDependency / EnvironmentalDependency
OPTIONAL MATCH (tep)-[r:depend_on]->(dependancies:OrganizationalDependency|EnvironmentalDependency)
WITH tep, enabledBy, tk_list, adoptions,roleBy, participateBy,tk_limits,tep_limits,
COLLECT({src_node:tep, rel: r, dst_node: dependancies}) AS dependancyON

// 5. 捕获 mitigates (tep -[:mitigate]-> lim)
OPTIONAL MATCH (tep)-[r:mitigate|resolve]->(lim:Limitation)
WITH enabledBy,roleBy,adoptions,participateBy,tk_limits,tep_limits,dependancyON,
COLLECT({src_node:tep, rel: r, dst_node: lim}) AS mitigateBy

RETURN enabledBy,
adoptions,
roleBy,
participateBy,
tk_limits,
tep_limits,
dependancyON,
mitigateBy

***Research question***
RQ1. What emerging technologies have been adopted to support tacit knowledge retention practices?
Analytical chain:
technology-enabled practice → adopted technology → enabling mechanism → retained tacit knowledge

***Unit of analysis***
1. Treat the retrieved TechnologyenablePractice node as the basic units for analysis, that is, a collection of a group of technology-enabled practices aggregated from multiple cases.
2. If the query retrieves one technology-enabled practice, report and analyze one only.
3. Do not transform technologies, components, functions, mechanisms, or case examples into additional technology-enabled practices.
4. Related practices may be mentioned only when explicitly retrieved by the query and directly necessary to explain the focal practice.
5. Do not imply that the number of mechanisms or case examples equals the number of practices.
6. All nodes in the knowledge graph are conceptual topics which derived from multiple cases. Therefore, you should remind yourself they are a combination instead of a single real world event or object.

***Mandatory analytical procedure***
1. Inspect the definition and evidence_statement of every retrieved node used in the analysis. Do not classify a node from its name or category alone.
2. Inspect the evidence_statement of every relevant relationship. Treat relational evidence as the primary basis for explaining how technology supports retention.
3. Classify the focal practice under exactly one primary perspective:
    * Experience Amplification: Technology principally provides a sandbox for situated rehearsal, embodied interaction, feedback, simulation, or transmission of empirical patterns without externalizing intuition into a durable representation.
    * Digital Coding: Technology principally intercepts, models, records, or translates unstructured activity, spatial context, or heuristic judgment into durable data, parameters, or recorded representations.
4. Select the primary perspective using the practice’s dominant retention function. Do not classify the same practice under both perspectives. Capabilities associated with the non-selected perspective may be noted only as secondary features.
5. Keep the focal technology-enabled practice at the centre.  Explain:
    * which technologies it adopts;
    * which tacit knowledge it captures or transfers;
    * which organizational or environmental conditions it depends on;
    * which limitations constrain it; and
    * which limitations it mitigates or resolves.
6. Distinguish among:
    * technology availability;
    * technology adoption;
    * knowledge capture or transfer;
    * and effective knowledge retention.
7. Graph adjacency or adoption alone does not demonstrate retention.
8. Synthesize evidence across cases to identify the focal practice’s common retention mechanism. Do not present cases as separate practices.
Where the evidence is incomplete, contradictory, or insufficient to establish retention, state this explicitly. Do not fill evidence gaps through speculation.

***Output requirements***
Write approximately 600 words as a concise conceptual analysis with the following structure:
Focal technology-enabled tacit knowledge retention approach. Name and explain the retrieved practice entity as a conceptual entity.
Retention Mechanism. Classify it as either Experience Amplification or Digital Coding and justify the choice by the complete evidence-supported chain: adopted technologies → tacit knowledge captured or transferred →  retention outcome.
Tacit Knowledge Retained. Introduce the related tacit knowledge node and justify it by the evidence: why this tacit knowledge is hard to retain -> how technology-enable approach mitigate limitations of tacit knowledge retention.
Conditions and constraints. Explain potential organizational dependencies, environmental dependencies, limitations.

***Integrative theoretical statement***
Explain how the focal practice illustrates the adoption of emerging technology for tacit knowledge retention.
Use multiple cases to support each major claim where the graph permits. Cite evidence exactly as: (node_id:sXXX)
Do not manufacture three-to-five practices or insights when the query retrieves only one technology-enabled practice. The number of claims must remain proportional to the available relational evidence.","Focal technology-enabled tacit knowledge retention approach. Algorithmic Pattern Discovery and Prediction is the graph’s conceptual practice entity for s001M01TP07. It learns recurring associations from reports, sensor traces, or project data and expresses previously dispersed judgment as classifications, forecasts, and alerts. The query links it to Artificial Intelligence and Intelligent Computation, Ambiguous Digital Technology(*). These links show adoption or technical enablement, but do not by themselves prove that knowledge has been retained; the relevant evidence chain must also connect the technology-enabled activity to knowledge capture or transfer and a later usable outcome. Adoption evidence: AI and associated computational tools process safety text, sensor data, or project records (node_id:s001M01TE01) (node_id:s001M01TE09). Transformation evidence: algorithms extract keywords and non-explicit associations, then stabilize them as classifications, forecasts, or alerts (node_id:s001M01TP07).

Retention Mechanism. The primary mechanism is Digital Coding (node_id:s001M01TP07) (node_id:s001M01TE01) (node_id:s001M01TE09) (node_id:s001M01TK06) (node_id:s001M01TK10) (node_id:s001M01TK13). Its core retention contribution is a reusable computational pattern, although experts remain necessary to interpret and correct it. Across the returned cases, the practice links adopted digital capabilities to hazard recognition, professional standards of judgment, and otherwise weakly articulated situational knowledge, and then to observable capture, transfer, feedback, retrieval, or performance evidence. The mechanism is therefore not “technology use” in the abstract (node_id:s001M01TP07) (node_id:s001M01TK06) (node_id:s001M01TK10) (node_id:s001M01TK13). It is the transformation of situated expertise through a repeatable retention process. Where evidence reports improved recognition, feedback, reuse, or access, this supports a plausible retention pathway; where it reports only deployment, adjacency, or short-term assessment, the claim remains conditional rather than causal. Retention-outcome evidence: reusable patterns can inform later recognition and decisions, supporting Digital Coding; prediction accuracy or convenient access is only a retention proxy unless users validate, retrieve, and apply the pattern. Outcome-chain support: (node_id:s001M01TP07) (node_id:s001M01TK06) (node_id:s001M01TK10) (node_id:s001M01TK13).

Tacit Knowledge Retained. The focal knowledge is hazard recognition, professional standards of judgment, and otherwise weakly articulated situational knowledge (node_id:s001M01TK06) (node_id:s001M01TK10) (node_id:s001M01TK13). This knowledge is hard to retain because it is enacted in perception, movement, timing, contextual interpretation, informal coordination, or expert judgment rather than fully stated as rules (node_id:s001M01TK06) (node_id:s001M01TK10) (node_id:s001M01TK13). The graph associates it with constraints including Instructional Design, Delivery, Assessment and Transfer Shortcomings, Software, Algorithmic, Data Quality and Interoperability Barriers, Individual Knowledge and Memory Decay, Human Physiological, Cognitive-Capacity and Demographic Constraints, Time, Staffing, Expertise, Scheduling and Workload Constraints, Knowledge Continuity, Documentation, Governance, Privacy and Security, other graph-coded factors (node_id:s001M01LI04) (node_id:s001M01LI05) (node_id:s001M01LI01) (node_id:s001M01LI03) (node_id:s001M01LI08) (node_id:s001M01LI10) (node_id:s001M01LI06) (node_id:s001M01LI09) (node_id:s001M01LI11) (node_id:s001M01LI14) (node_id:s001M01LI13). The practice mitigates this fragility by making selected cues, actions, patterns, stories, or judgments repeatable and available beyond the original encounter (node_id:s001M01TP07) (node_id:s001M01TK06) (node_id:s001M01TK10) (node_id:s001M01TK13). It does not eliminate tacitness: learners and practitioners must still interpret the representation, calibrate it against context, and convert it into situated action. Knowledge-link evidence: the outputs represent perceptual hazard recognition, professional standards of judgment, and less clearly specified situated knowledge (node_id:s001M01TK06) (node_id:s001M01TK10) (node_id:s001M01TK13).

Conditions and constraints. Organizational conditions include Strategic Leadership & Sponsorship, Financial, Technical & Information Resources, Culture, Trust & Relational Climate, while environmental conditions include Natural & Climatic Environment. These dependencies operate as complementary resources: technology, data, time, participation, governance, and a receptive culture must align before a digital artifact or experience becomes organizational memory. The weakest link can interrupt the chain—for example through cost, workload, limited infrastructure, poor data or interoperability, usability, weak validation, privacy concerns, or resistance. Evidence is uneven across cases, and several limitation nodes aggregate heterogeneous studies, so generalization should remain bounded. Boundary-condition evidence: feature/data quality, interoperability, hardware, governance, expert time, and trust determine whether algorithmic patterns become actionable memory rather than opaque output (node_id:s001M01LI05) (node_id:s001M01LI06) (node_id:s001M01LI10) (node_id:s001M01LI08) (node_id:s001M01OD05) (node_id:s001M01OD06).

Integrative theoretical statement. Algorithmic Pattern Discovery and Prediction illustrates emerging-technology adoption for tacit knowledge retention when digital capability is organized around a specific epistemic function: intercepting and stabilizing experience as a retrievable representation. Retention emerges only when that function is embedded in people, process, governance, and context; adoption alone is insufficient."
s001M01TP08,Technology-enable Retention Mechanism,"You are an expert academic scholar with interdisciplinary expertise in knowledge management, emerging technologies, organizational capabilities, and innovation.

***Task***
Analyze the knowledge graph extracted from multiple cases and conduct conceptual coding of emerging-technology-enabled tacit knowledge retention.

***Input data***
Use [$analyze-neo4j-knowledge-graph] to execute the following Cypher query:
MATCH (tk:TacitKnowledge)-[r:be_captured_by|be_transferred_by|evaluate]-(tep:TechnologyenablePractice)
WHERE tep.node_id = 's001M01TP08'
WITH tep,
COLLECT({src_node:tk, rel: r, dst_node: tep}) AS enabledBy,
COLLECT(DISTINCT tk) AS tk_list

// 1. 检索使用的数字技术
OPTIONAL MATCH (tep)-[r:adopt]->(dt:DigitalTechnology)
WITH tep, enabledBy, tk_list,
COLLECT({src_node:tep, rel: r, dst_node: dt}) AS adoptions

// 2. 检索关联的knowledge holder
OPTIONAL MATCH (role:KnowledgeHolder|KnowledgeLearner)-[r:be_shared_by|be_absorbed_by]-(tk:TacitKnowledge)
WHERE tk IN tk_list
WITH tep, enabledBy, tk_list,adoptions,
COLLECT({src_node:role, rel: r, dst_node: tk}) AS roleBy,
COLLECT(DISTINCT role) AS role_list

OPTIONAL MATCH (role)-[r:participate_in]-(tep)
WHERE role IN role_list
WITH tep, enabledBy, tk_list, adoptions,roleBy,
COLLECT({src_node:role, rel: r, dst_node: tep}) AS participateBy

// 3. 检索相关的限制
OPTIONAL MATCH (tk:TacitKnowledge)-[r:be_difficult_to_capture_due_to]-(lim:Limitation)
WHERE tk IN tk_list
WITH tep, enabledBy, tk_list, adoptions,roleBy, participateBy,
COLLECT({src_node:tk, rel: r, dst_node: lim}) AS tk_limits

OPTIONAL MATCH (tep)-[r:be_constrained_by]-(lim:Limitation)
WITH tep, enabledBy, tk_list, adoptions,roleBy, participateBy,tk_limits,
COLLECT({src_node:tep, rel: r, dst_node: lim}) AS tep_limits

// 4. 捕获 OrganizationalDependency / EnvironmentalDependency
OPTIONAL MATCH (tep)-[r:depend_on]->(dependancies:OrganizationalDependency|EnvironmentalDependency)
WITH tep, enabledBy, tk_list, adoptions,roleBy, participateBy,tk_limits,tep_limits,
COLLECT({src_node:tep, rel: r, dst_node: dependancies}) AS dependancyON

// 5. 捕获 mitigates (tep -[:mitigate]-> lim)
OPTIONAL MATCH (tep)-[r:mitigate|resolve]->(lim:Limitation)
WITH enabledBy,roleBy,adoptions,participateBy,tk_limits,tep_limits,dependancyON,
COLLECT({src_node:tep, rel: r, dst_node: lim}) AS mitigateBy

RETURN enabledBy,
adoptions,
roleBy,
participateBy,
tk_limits,
tep_limits,
dependancyON,
mitigateBy

***Research question***
RQ1. What emerging technologies have been adopted to support tacit knowledge retention practices?
Analytical chain:
technology-enabled practice → adopted technology → enabling mechanism → retained tacit knowledge

***Unit of analysis***
1. Treat the retrieved TechnologyenablePractice node as the basic units for analysis, that is, a collection of a group of technology-enabled practices aggregated from multiple cases.
2. If the query retrieves one technology-enabled practice, report and analyze one only.
3. Do not transform technologies, components, functions, mechanisms, or case examples into additional technology-enabled practices.
4. Related practices may be mentioned only when explicitly retrieved by the query and directly necessary to explain the focal practice.
5. Do not imply that the number of mechanisms or case examples equals the number of practices.
6. All nodes in the knowledge graph are conceptual topics which derived from multiple cases. Therefore, you should remind yourself they are a combination instead of a single real world event or object.

***Mandatory analytical procedure***
1. Inspect the definition and evidence_statement of every retrieved node used in the analysis. Do not classify a node from its name or category alone.
2. Inspect the evidence_statement of every relevant relationship. Treat relational evidence as the primary basis for explaining how technology supports retention.
3. Classify the focal practice under exactly one primary perspective:
    * Experience Amplification: Technology principally provides a sandbox for situated rehearsal, embodied interaction, feedback, simulation, or transmission of empirical patterns without externalizing intuition into a durable representation.
    * Digital Coding: Technology principally intercepts, models, records, or translates unstructured activity, spatial context, or heuristic judgment into durable data, parameters, or recorded representations.
4. Select the primary perspective using the practice’s dominant retention function. Do not classify the same practice under both perspectives. Capabilities associated with the non-selected perspective may be noted only as secondary features.
5. Keep the focal technology-enabled practice at the centre.  Explain:
    * which technologies it adopts;
    * which tacit knowledge it captures or transfers;
    * which organizational or environmental conditions it depends on;
    * which limitations constrain it; and
    * which limitations it mitigates or resolves.
6. Distinguish among:
    * technology availability;
    * technology adoption;
    * knowledge capture or transfer;
    * and effective knowledge retention.
7. Graph adjacency or adoption alone does not demonstrate retention.
8. Synthesize evidence across cases to identify the focal practice’s common retention mechanism. Do not present cases as separate practices.
Where the evidence is incomplete, contradictory, or insufficient to establish retention, state this explicitly. Do not fill evidence gaps through speculation.

***Output requirements***
Write approximately 600 words as a concise conceptual analysis with the following structure:
Focal technology-enabled tacit knowledge retention approach. Name and explain the retrieved practice entity as a conceptual entity.
Retention Mechanism. Classify it as either Experience Amplification or Digital Coding and justify the choice by the complete evidence-supported chain: adopted technologies → tacit knowledge captured or transferred →  retention outcome.
Tacit Knowledge Retained. Introduce the related tacit knowledge node and justify it by the evidence: why this tacit knowledge is hard to retain -> how technology-enable approach mitigate limitations of tacit knowledge retention.
Conditions and constraints. Explain potential organizational dependencies, environmental dependencies, limitations.

***Integrative theoretical statement***
Explain how the focal practice illustrates the adoption of emerging technology for tacit knowledge retention.
Use multiple cases to support each major claim where the graph permits. Cite evidence exactly as: (node_id:sXXX)
Do not manufacture three-to-five practices or insights when the query retrieves only one technology-enabled practice. The number of claims must remain proportional to the available relational evidence.","Focal technology-enabled tacit knowledge retention approach. Generative Knowledge Synthesis and Content Production is the graph’s conceptual practice entity for s001M01TP08. It retrieves and recombines project records into drafts, summaries, and decision-support content. The query links it to Artificial Intelligence and Intelligent Computation, Human–Computer Interaction and Immersive Technologies, Data, Information, and Knowledge Systems, Ambiguous Digital Technology(*). These links show adoption or technical enablement, but do not by themselves prove that knowledge has been retained; the relevant evidence chain must also connect the technology-enabled activity to knowledge capture or transfer and a later usable outcome. Adoption evidence: AI, repositories/vector stores, and user interfaces retrieve prior material and generate drafts or summaries (node_id:s001M01TE01) (node_id:s001M01TE04) (node_id:s001M01TE02). Transformation evidence: the practice recombines requirements, contextual records, and retrieved organizational material into a durable content artifact (node_id:s001M01TP08).

Retention Mechanism. The primary mechanism is Digital Coding (node_id:s001M01TP08) (node_id:s001M01TE01) (node_id:s001M01TE02) (node_id:s001M01TE04) (node_id:s001M01TE09) (node_id:s001M01TK12). The practice preserves and re-presents knowledge in explicit artifacts; conversational interaction is secondary to that codifying function. Across the returned cases, the practice links adopted digital capabilities to organizational culture and unwritten working practices embedded in prior documents and expert review, and then to observable capture, transfer, feedback, retrieval, or performance evidence. The mechanism is therefore not “technology use” in the abstract (node_id:s001M01TP08) (node_id:s001M01TK12). It is the transformation of situated expertise through a repeatable retention process. Where evidence reports improved recognition, feedback, reuse, or access, this supports a plausible retention pathway; where it reports only deployment, adjacency, or short-term assessment, the claim remains conditional rather than causal. Retention-outcome evidence: generated content can make prior knowledge accessible to experienced practitioners, supporting Digital Coding, but generation is not faithful capture by default. Expert review and actual reuse are required before a draft counts as retained, actionable knowledge. Outcome-chain support: (node_id:s001M01TP08) (node_id:s001M01TK12).

Tacit Knowledge Retained. The focal knowledge is organizational culture and unwritten working practices embedded in prior documents and expert review (node_id:s001M01TK12). This knowledge is hard to retain because it is enacted in perception, movement, timing, contextual interpretation, informal coordination, or expert judgment rather than fully stated as rules (node_id:s001M01TK12). The graph associates it with constraints including Organizational Culture, Leadership and Adoption Barriers, Knowledge Continuity, Documentation, Governance, Privacy and Security, Software, Algorithmic, Data Quality and Interoperability Barriers, Time, Staffing, Expertise, Scheduling and Workload Constraints, Empirical Sample and Generalizability Limitations (node_id:s001M01LI09) (node_id:s001M01LI10) (node_id:s001M01LI05) (node_id:s001M01LI08) (node_id:s001M01LI14). The practice mitigates this fragility by making selected cues, actions, patterns, stories, or judgments repeatable and available beyond the original encounter (node_id:s001M01TP08) (node_id:s001M01TK12). It does not eliminate tacitness: learners and practitioners must still interpret the representation, calibrate it against context, and convert it into situated action. Knowledge-link evidence: the graph connects this practice to organizational culture and unwritten working practices transferred through the AI system (node_id:s001M01TK12).

Conditions and constraints. Organizational conditions include Governance, Standards & Formal Control, Strategic Leadership & Sponsorship, Financial, Technical & Information Resources, Culture, Trust & Relational Climate, Organizational Structure & Process Design, while environmental conditions include Client, Procurement & Institutional Environment. These dependencies operate as complementary resources: technology, data, time, participation, governance, and a receptive culture must align before a digital artifact or experience becomes organizational memory. The weakest link can interrupt the chain—for example through cost, workload, limited infrastructure, poor data or interoperability, usability, weak validation, privacy concerns, or resistance. Evidence is uneven across cases, and several limitation nodes aggregate heterogeneous studies, so generalization should remain bounded. Boundary-condition evidence: source quality, hallucination or algorithmic error, privacy/governance, underuse, workload, leadership, resources, and client/procurement rules can break the retrieval-to-use chain (node_id:s001M01LI05) (node_id:s001M01LI10) (node_id:s001M01LI09) (node_id:s001M01LI08) (node_id:s001M01OD02) (node_id:s001M01OD03) (node_id:s001M01ED06).

Integrative theoretical statement. Generative Knowledge Synthesis and Content Production illustrates emerging-technology adoption for tacit knowledge retention when digital capability is organized around a specific epistemic function: intercepting and stabilizing experience as a retrievable representation. Retention emerges only when that function is embedded in people, process, governance, and context; adoption alone is insufficient."
s001M01TP09,Technology-enable Retention Mechanism,"You are an expert academic scholar with interdisciplinary expertise in knowledge management, emerging technologies, organizational capabilities, and innovation.

***Task***
Analyze the knowledge graph extracted from multiple cases and conduct conceptual coding of emerging-technology-enabled tacit knowledge retention.

***Input data***
Use [$analyze-neo4j-knowledge-graph] to execute the following Cypher query:
MATCH (tk:TacitKnowledge)-[r:be_captured_by|be_transferred_by|evaluate]-(tep:TechnologyenablePractice)
WHERE tep.node_id = 's001M01TP09'
WITH tep,
COLLECT({src_node:tk, rel: r, dst_node: tep}) AS enabledBy,
COLLECT(DISTINCT tk) AS tk_list

// 1. 检索使用的数字技术
OPTIONAL MATCH (tep)-[r:adopt]->(dt:DigitalTechnology)
WITH tep, enabledBy, tk_list,
COLLECT({src_node:tep, rel: r, dst_node: dt}) AS adoptions

// 2. 检索关联的knowledge holder
OPTIONAL MATCH (role:KnowledgeHolder|KnowledgeLearner)-[r:be_shared_by|be_absorbed_by]-(tk:TacitKnowledge)
WHERE tk IN tk_list
WITH tep, enabledBy, tk_list,adoptions,
COLLECT({src_node:role, rel: r, dst_node: tk}) AS roleBy,
COLLECT(DISTINCT role) AS role_list

OPTIONAL MATCH (role)-[r:participate_in]-(tep)
WHERE role IN role_list
WITH tep, enabledBy, tk_list, adoptions,roleBy,
COLLECT({src_node:role, rel: r, dst_node: tep}) AS participateBy

// 3. 检索相关的限制
OPTIONAL MATCH (tk:TacitKnowledge)-[r:be_difficult_to_capture_due_to]-(lim:Limitation)
WHERE tk IN tk_list
WITH tep, enabledBy, tk_list, adoptions,roleBy, participateBy,
COLLECT({src_node:tk, rel: r, dst_node: lim}) AS tk_limits

OPTIONAL MATCH (tep)-[r:be_constrained_by]-(lim:Limitation)
WITH tep, enabledBy, tk_list, adoptions,roleBy, participateBy,tk_limits,
COLLECT({src_node:tep, rel: r, dst_node: lim}) AS tep_limits

// 4. 捕获 OrganizationalDependency / EnvironmentalDependency
OPTIONAL MATCH (tep)-[r:depend_on]->(dependancies:OrganizationalDependency|EnvironmentalDependency)
WITH tep, enabledBy, tk_list, adoptions,roleBy, participateBy,tk_limits,tep_limits,
COLLECT({src_node:tep, rel: r, dst_node: dependancies}) AS dependancyON

// 5. 捕获 mitigates (tep -[:mitigate]-> lim)
OPTIONAL MATCH (tep)-[r:mitigate|resolve]->(lim:Limitation)
WITH enabledBy,roleBy,adoptions,participateBy,tk_limits,tep_limits,dependancyON,
COLLECT({src_node:tep, rel: r, dst_node: lim}) AS mitigateBy

RETURN enabledBy,
adoptions,
roleBy,
participateBy,
tk_limits,
tep_limits,
dependancyON,
mitigateBy

***Research question***
RQ1. What emerging technologies have been adopted to support tacit knowledge retention practices?
Analytical chain:
technology-enabled practice → adopted technology → enabling mechanism → retained tacit knowledge

***Unit of analysis***
1. Treat the retrieved TechnologyenablePractice node as the basic units for analysis, that is, a collection of a group of technology-enabled practices aggregated from multiple cases.
2. If the query retrieves one technology-enabled practice, report and analyze one only.
3. Do not transform technologies, components, functions, mechanisms, or case examples into additional technology-enabled practices.
4. Related practices may be mentioned only when explicitly retrieved by the query and directly necessary to explain the focal practice.
5. Do not imply that the number of mechanisms or case examples equals the number of practices.
6. All nodes in the knowledge graph are conceptual topics which derived from multiple cases. Therefore, you should remind yourself they are a combination instead of a single real world event or object.

***Mandatory analytical procedure***
1. Inspect the definition and evidence_statement of every retrieved node used in the analysis. Do not classify a node from its name or category alone.
2. Inspect the evidence_statement of every relevant relationship. Treat relational evidence as the primary basis for explaining how technology supports retention.
3. Classify the focal practice under exactly one primary perspective:
    * Experience Amplification: Technology principally provides a sandbox for situated rehearsal, embodied interaction, feedback, simulation, or transmission of empirical patterns without externalizing intuition into a durable representation.
    * Digital Coding: Technology principally intercepts, models, records, or translates unstructured activity, spatial context, or heuristic judgment into durable data, parameters, or recorded representations.
4. Select the primary perspective using the practice’s dominant retention function. Do not classify the same practice under both perspectives. Capabilities associated with the non-selected perspective may be noted only as secondary features.
5. Keep the focal technology-enabled practice at the centre.  Explain:
    * which technologies it adopts;
    * which tacit knowledge it captures or transfers;
    * which organizational or environmental conditions it depends on;
    * which limitations constrain it; and
    * which limitations it mitigates or resolves.
6. Distinguish among:
    * technology availability;
    * technology adoption;
    * knowledge capture or transfer;
    * and effective knowledge retention.
7. Graph adjacency or adoption alone does not demonstrate retention.
8. Synthesize evidence across cases to identify the focal practice’s common retention mechanism. Do not present cases as separate practices.
Where the evidence is incomplete, contradictory, or insufficient to establish retention, state this explicitly. Do not fill evidence gaps through speculation.

***Output requirements***
Write approximately 600 words as a concise conceptual analysis with the following structure:
Focal technology-enabled tacit knowledge retention approach. Name and explain the retrieved practice entity as a conceptual entity.
Retention Mechanism. Classify it as either Experience Amplification or Digital Coding and justify the choice by the complete evidence-supported chain: adopted technologies → tacit knowledge captured or transferred →  retention outcome.
Tacit Knowledge Retained. Introduce the related tacit knowledge node and justify it by the evidence: why this tacit knowledge is hard to retain -> how technology-enable approach mitigate limitations of tacit knowledge retention.
Conditions and constraints. Explain potential organizational dependencies, environmental dependencies, limitations.

***Integrative theoretical statement***
Explain how the focal practice illustrates the adoption of emerging technology for tacit knowledge retention.
Use multiple cases to support each major claim where the graph permits. Cite evidence exactly as: (node_id:sXXX)
Do not manufacture three-to-five practices or insights when the query retrieves only one technology-enabled practice. The number of claims must remain proportional to the available relational evidence.","Focal technology-enabled tacit knowledge retention approach. Semantic Knowledge Structuring and Retrieval is the graph’s conceptual practice entity for s001M01TP09. It indexes heterogeneous material through semantic links so dispersed know-how can be found, related, and reused. The query links it to Artificial Intelligence and Intelligent Computation, Data, Information, and Knowledge Systems. These links show adoption or technical enablement, but do not by themselves prove that knowledge has been retained; the relevant evidence chain must also connect the technology-enabled activity to knowledge capture or transfer and a later usable outcome. Adoption evidence: AI-supported semantic processing and data/knowledge systems organize heterogeneous records (node_id:s001M01TE01) (node_id:s001M01TE04). Transformation evidence: an interactive knowledge graph links and indexes recorded wooden-construction and rammed-earth process sequences (node_id:s001M01TP09).

Retention Mechanism. The primary mechanism is Digital Coding (node_id:s001M01TP09) (node_id:s001M01TE01) (node_id:s001M01TE04) (node_id:s001M01TK05). The mechanism depends on externalizing and organizing knowledge; retrieval does not itself prove that users internalize it. Across the returned cases, the practice links adopted digital capabilities to practised motor and tool-operation skill represented through linked process records, and then to observable capture, transfer, feedback, retrieval, or performance evidence. The mechanism is therefore not “technology use” in the abstract (node_id:s001M01TP09) (node_id:s001M01TK05). It is the transformation of situated expertise through a repeatable retention process. Where evidence reports improved recognition, feedback, reuse, or access, this supports a plausible retention pathway; where it reports only deployment, adjacency, or short-term assessment, the claim remains conditional rather than causal. Retention-outcome evidence: searchable, connected process representations preserve an accessible account beyond the original custodian, which supports Digital Coding. The graph does not show that retrieval alone recreates embodied dexterity; demonstration and practice remain necessary for full skill transfer. Outcome-chain support: (node_id:s001M01TP09) (node_id:s001M01TK05).

Tacit Knowledge Retained. The focal knowledge is practised motor and tool-operation skill represented through linked process records (node_id:s001M01TK05). This knowledge is hard to retain because it is enacted in perception, movement, timing, contextual interpretation, informal coordination, or expert judgment rather than fully stated as rules (node_id:s001M01TK05). The graph associates it with constraints including Software, Algorithmic, Data Quality and Interoperability Barriers, Knowledge Continuity, Documentation, Governance, Privacy and Security (node_id:s001M01LI05) (node_id:s001M01LI10). The practice mitigates this fragility by making selected cues, actions, patterns, stories, or judgments repeatable and available beyond the original encounter (node_id:s001M01TP09) (node_id:s001M01TK05). It does not eliminate tacitness: learners and practitioners must still interpret the representation, calibrate it against context, and convert it into situated action. Knowledge-link evidence: these process records represent practised motor and tool-operation skill at risk of interruption in inheritance (node_id:s001M01TK05).

Conditions and constraints. Organizational conditions include none directly returned, while environmental conditions include none directly returned. These dependencies operate as complementary resources: technology, data, time, participation, governance, and a receptive culture must align before a digital artifact or experience becomes organizational memory. The weakest link can interrupt the chain—for example through cost, workload, limited infrastructure, poor data or interoperability, usability, weak validation, privacy concerns, or resistance. Evidence is uneven across cases, and several limitation nodes aggregate heterogeneous studies, so generalization should remain bounded. Boundary-condition evidence: fragmented formats/interoperability and continuity, documentation, or governance failures can make the semantic record incomplete or inaccessible (node_id:s001M01LI05) (node_id:s001M01LI10).

Integrative theoretical statement. Semantic Knowledge Structuring and Retrieval illustrates emerging-technology adoption for tacit knowledge retention when digital capability is organized around a specific epistemic function: intercepting and stabilizing experience as a retrievable representation. Retention emerges only when that function is embedded in people, process, governance, and context; adoption alone is insufficient."
s001M01TP10,Technology-enable Retention Mechanism,"You are an expert academic scholar with interdisciplinary expertise in knowledge management, emerging technologies, organizational capabilities, and innovation.

***Task***
Analyze the knowledge graph extracted from multiple cases and conduct conceptual coding of emerging-technology-enabled tacit knowledge retention.

***Input data***
Use [$analyze-neo4j-knowledge-graph] to execute the following Cypher query:
MATCH (tk:TacitKnowledge)-[r:be_captured_by|be_transferred_by|evaluate]-(tep:TechnologyenablePractice)
WHERE tep.node_id = 's001M01TP10'
WITH tep,
COLLECT({src_node:tk, rel: r, dst_node: tep}) AS enabledBy,
COLLECT(DISTINCT tk) AS tk_list

// 1. 检索使用的数字技术
OPTIONAL MATCH (tep)-[r:adopt]->(dt:DigitalTechnology)
WITH tep, enabledBy, tk_list,
COLLECT({src_node:tep, rel: r, dst_node: dt}) AS adoptions

// 2. 检索关联的knowledge holder
OPTIONAL MATCH (role:KnowledgeHolder|KnowledgeLearner)-[r:be_shared_by|be_absorbed_by]-(tk:TacitKnowledge)
WHERE tk IN tk_list
WITH tep, enabledBy, tk_list,adoptions,
COLLECT({src_node:role, rel: r, dst_node: tk}) AS roleBy,
COLLECT(DISTINCT role) AS role_list

OPTIONAL MATCH (role)-[r:participate_in]-(tep)
WHERE role IN role_list
WITH tep, enabledBy, tk_list, adoptions,roleBy,
COLLECT({src_node:role, rel: r, dst_node: tep}) AS participateBy

// 3. 检索相关的限制
OPTIONAL MATCH (tk:TacitKnowledge)-[r:be_difficult_to_capture_due_to]-(lim:Limitation)
WHERE tk IN tk_list
WITH tep, enabledBy, tk_list, adoptions,roleBy, participateBy,
COLLECT({src_node:tk, rel: r, dst_node: lim}) AS tk_limits

OPTIONAL MATCH (tep)-[r:be_constrained_by]-(lim:Limitation)
WITH tep, enabledBy, tk_list, adoptions,roleBy, participateBy,tk_limits,
COLLECT({src_node:tep, rel: r, dst_node: lim}) AS tep_limits

// 4. 捕获 OrganizationalDependency / EnvironmentalDependency
OPTIONAL MATCH (tep)-[r:depend_on]->(dependancies:OrganizationalDependency|EnvironmentalDependency)
WITH tep, enabledBy, tk_list, adoptions,roleBy, participateBy,tk_limits,tep_limits,
COLLECT({src_node:tep, rel: r, dst_node: dependancies}) AS dependancyON

// 5. 捕获 mitigates (tep -[:mitigate]-> lim)
OPTIONAL MATCH (tep)-[r:mitigate|resolve]->(lim:Limitation)
WITH enabledBy,roleBy,adoptions,participateBy,tk_limits,tep_limits,dependancyON,
COLLECT({src_node:tep, rel: r, dst_node: lim}) AS mitigateBy

RETURN enabledBy,
adoptions,
roleBy,
participateBy,
tk_limits,
tep_limits,
dependancyON,
mitigateBy

***Research question***
RQ1. What emerging technologies have been adopted to support tacit knowledge retention practices?
Analytical chain:
technology-enabled practice → adopted technology → enabling mechanism → retained tacit knowledge

***Unit of analysis***
1. Treat the retrieved TechnologyenablePractice node as the basic units for analysis, that is, a collection of a group of technology-enabled practices aggregated from multiple cases.
2. If the query retrieves one technology-enabled practice, report and analyze one only.
3. Do not transform technologies, components, functions, mechanisms, or case examples into additional technology-enabled practices.
4. Related practices may be mentioned only when explicitly retrieved by the query and directly necessary to explain the focal practice.
5. Do not imply that the number of mechanisms or case examples equals the number of practices.
6. All nodes in the knowledge graph are conceptual topics which derived from multiple cases. Therefore, you should remind yourself they are a combination instead of a single real world event or object.

***Mandatory analytical procedure***
1. Inspect the definition and evidence_statement of every retrieved node used in the analysis. Do not classify a node from its name or category alone.
2. Inspect the evidence_statement of every relevant relationship. Treat relational evidence as the primary basis for explaining how technology supports retention.
3. Classify the focal practice under exactly one primary perspective:
    * Experience Amplification: Technology principally provides a sandbox for situated rehearsal, embodied interaction, feedback, simulation, or transmission of empirical patterns without externalizing intuition into a durable representation.
    * Digital Coding: Technology principally intercepts, models, records, or translates unstructured activity, spatial context, or heuristic judgment into durable data, parameters, or recorded representations.
4. Select the primary perspective using the practice’s dominant retention function. Do not classify the same practice under both perspectives. Capabilities associated with the non-selected perspective may be noted only as secondary features.
5. Keep the focal technology-enabled practice at the centre.  Explain:
    * which technologies it adopts;
    * which tacit knowledge it captures or transfers;
    * which organizational or environmental conditions it depends on;
    * which limitations constrain it; and
    * which limitations it mitigates or resolves.
6. Distinguish among:
    * technology availability;
    * technology adoption;
    * knowledge capture or transfer;
    * and effective knowledge retention.
7. Graph adjacency or adoption alone does not demonstrate retention.
8. Synthesize evidence across cases to identify the focal practice’s common retention mechanism. Do not present cases as separate practices.
Where the evidence is incomplete, contradictory, or insufficient to establish retention, state this explicitly. Do not fill evidence gaps through speculation.

***Output requirements***
Write approximately 600 words as a concise conceptual analysis with the following structure:
Focal technology-enabled tacit knowledge retention approach. Name and explain the retrieved practice entity as a conceptual entity.
Retention Mechanism. Classify it as either Experience Amplification or Digital Coding and justify the choice by the complete evidence-supported chain: adopted technologies → tacit knowledge captured or transferred →  retention outcome.
Tacit Knowledge Retained. Introduce the related tacit knowledge node and justify it by the evidence: why this tacit knowledge is hard to retain -> how technology-enable approach mitigate limitations of tacit knowledge retention.
Conditions and constraints. Explain potential organizational dependencies, environmental dependencies, limitations.

***Integrative theoretical statement***
Explain how the focal practice illustrates the adoption of emerging technology for tacit knowledge retention.
Use multiple cases to support each major claim where the graph permits. Cite evidence exactly as: (node_id:sXXX)
Do not manufacture three-to-five practices or insights when the query retrieves only one technology-enabled practice. The number of claims must remain proportional to the available relational evidence.","Focal technology-enabled tacit knowledge retention approach. Database-supported Project Knowledge Archiving is the graph’s conceptual practice entity for s001M01TP10. It elicits stories, examples, coordination routines, and project experience and stores them in searchable organizational repositories. The query links it to Human–Computer Interaction and Immersive Technologies, Data, Information, and Knowledge Systems, Imaging, Sensing, and Perception Technologies, Rule-Based, Decision and Expert Systems. These links show adoption or technical enablement, but do not by themselves prove that knowledge has been retained; the relevant evidence chain must also connect the technology-enabled activity to knowledge capture or transfer and a later usable outcome. Adoption evidence: data/knowledge systems, interfaces, imaging, and rule-based tools support elicitation, storage, indexing, and retrieval (node_id:s001M01TE04) (node_id:s001M01TE02) (node_id:s001M01TE05) (node_id:s001M01TE08). Transformation evidence: stories, examples, lessons, safety information, and coordination routines become searchable project records (node_id:s001M01TP10).

Retention Mechanism. The primary mechanism is Digital Coding (node_id:s001M01TP10) (node_id:s001M01TE02) (node_id:s001M01TE04) (node_id:s001M01TE05) (node_id:s001M01TE08) (node_id:s001M01TK04) (node_id:s001M01TK10) (node_id:s001M01TK12) (node_id:s001M01TK13) (node_id:s001M01TK02) (node_id:s001M01TK05) (node_id:s001M01TK11). The repository is the durable retention object; later discussion or training is a complementary transfer channel. Across the returned cases, the practice links adopted digital capabilities to unwritten routines, coordination and escalation know-how, examples, professional judgment, and unarticulated personal expertise, and then to observable capture, transfer, feedback, retrieval, or performance evidence. The mechanism is therefore not “technology use” in the abstract (node_id:s001M01TP10) (node_id:s001M01TK04) (node_id:s001M01TK10) (node_id:s001M01TK12) (node_id:s001M01TK13) (node_id:s001M01TK02) (node_id:s001M01TK05) (node_id:s001M01TK11). It is the transformation of situated expertise through a repeatable retention process. Where evidence reports improved recognition, feedback, reuse, or access, this supports a plausible retention pathway; where it reports only deployment, adjacency, or short-term assessment, the claim remains conditional rather than causal. Retention-outcome evidence: repositories preserve material beyond staff turnover and enable sharing or reuse in subsequent projects, supporting Digital Coding. Storage alone remains insufficient: retrieval, contextual interpretation, and application are needed for effective retention. Outcome-chain support: (node_id:s001M01TP10) (node_id:s001M01TK04) (node_id:s001M01TK10) (node_id:s001M01TK12) (node_id:s001M01TK13) (node_id:s001M01TK02) (node_id:s001M01TK05) (node_id:s001M01TK11).

Tacit Knowledge Retained. The focal knowledge is unwritten routines, coordination and escalation know-how, examples, professional judgment, and unarticulated personal expertise (node_id:s001M01TK04) (node_id:s001M01TK10) (node_id:s001M01TK12) (node_id:s001M01TK13) (node_id:s001M01TK02) (node_id:s001M01TK05) (node_id:s001M01TK11). This knowledge is hard to retain because it is enacted in perception, movement, timing, contextual interpretation, informal coordination, or expert judgment rather than fully stated as rules (node_id:s001M01TK04) (node_id:s001M01TK10) (node_id:s001M01TK12) (node_id:s001M01TK13) (node_id:s001M01TK02) (node_id:s001M01TK05) (node_id:s001M01TK11). The graph associates it with constraints including Organizational Culture, Leadership and Adoption Barriers, Knowledge Continuity, Documentation, Governance, Privacy and Security, Physical-Environmental and Operational Variability, Software, Algorithmic, Data Quality and Interoperability Barriers, Individual Knowledge and Memory Decay, Human Physiological, Cognitive-Capacity and Demographic Constraints, other graph-coded factors (node_id:s001M01LI09) (node_id:s001M01LI10) (node_id:s001M01LI11) (node_id:s001M01LI05) (node_id:s001M01LI01) (node_id:s001M01LI03) (node_id:s001M01LI08) (node_id:s001M01LI04) (node_id:s001M01LI06) (node_id:s001M01LI14) (node_id:s001M01LI07) (node_id:s001M01LI13). The practice mitigates this fragility by making selected cues, actions, patterns, stories, or judgments repeatable and available beyond the original encounter (node_id:s001M01TP10) (node_id:s001M01TK04) (node_id:s001M01TK10) (node_id:s001M01TK12) (node_id:s001M01TK13) (node_id:s001M01TK02) (node_id:s001M01TK05) (node_id:s001M01TK11). It does not eliminate tacitness: learners and practitioners must still interpret the representation, calibrate it against context, and convert it into situated action. Knowledge-link evidence: the archive addresses unarticulated personal know-how, professional judgment, organizational routines, example-based knowledge, motor-process accounts, and informal coordination (node_id:s001M01TK04) (node_id:s001M01TK10) (node_id:s001M01TK12) (node_id:s001M01TK02) (node_id:s001M01TK05) (node_id:s001M01TK11).

Conditions and constraints. Organizational conditions include Governance, Standards & Formal Control, Strategic Leadership & Sponsorship, Financial, Technical & Information Resources, Time, Workload & Operational Scheduling, Culture, Trust & Relational Climate, other graph-coded factors, while environmental conditions include Political, Regulatory & Jurisdictional Environment, Economic, Market & Industry Environment. These dependencies operate as complementary resources: technology, data, time, participation, governance, and a receptive culture must align before a digital artifact or experience becomes organizational memory. The weakest link can interrupt the chain—for example through cost, workload, limited infrastructure, poor data or interoperability, usability, weak validation, privacy concerns, or resistance. Evidence is uneven across cases, and several limitation nodes aggregate heterogeneous studies, so generalization should remain bounded. Boundary-condition evidence: decontextualization, weak documentation, privacy, interoperability, workload, funding, and low sharing incentives can leave the archive unused or misleading (node_id:s001M01LI10) (node_id:s001M01LI05) (node_id:s001M01LI08) (node_id:s001M01LI07) (node_id:s001M01OD06) (node_id:s001M01OD07).

Integrative theoretical statement. Database-supported Project Knowledge Archiving illustrates emerging-technology adoption for tacit knowledge retention when digital capability is organized around a specific epistemic function: intercepting and stabilizing experience as a retrievable representation. Retention emerges only when that function is embedded in people, process, governance, and context; adoption alone is insufficient."
s001M01TP11,Technology-enable Retention Mechanism,"You are an expert academic scholar with interdisciplinary expertise in knowledge management, emerging technologies, organizational capabilities, and innovation.

***Task***
Analyze the knowledge graph extracted from multiple cases and conduct conceptual coding of emerging-technology-enabled tacit knowledge retention.

***Input data***
Use [$analyze-neo4j-knowledge-graph] to execute the following Cypher query:
MATCH (tk:TacitKnowledge)-[r:be_captured_by|be_transferred_by|evaluate]-(tep:TechnologyenablePractice)
WHERE tep.node_id = 's001M01TP11'
WITH tep,
COLLECT({src_node:tk, rel: r, dst_node: tep}) AS enabledBy,
COLLECT(DISTINCT tk) AS tk_list

// 1. 检索使用的数字技术
OPTIONAL MATCH (tep)-[r:adopt]->(dt:DigitalTechnology)
WITH tep, enabledBy, tk_list,
COLLECT({src_node:tep, rel: r, dst_node: dt}) AS adoptions

// 2. 检索关联的knowledge holder
OPTIONAL MATCH (role:KnowledgeHolder|KnowledgeLearner)-[r:be_shared_by|be_absorbed_by]-(tk:TacitKnowledge)
WHERE tk IN tk_list
WITH tep, enabledBy, tk_list,adoptions,
COLLECT({src_node:role, rel: r, dst_node: tk}) AS roleBy,
COLLECT(DISTINCT role) AS role_list

OPTIONAL MATCH (role)-[r:participate_in]-(tep)
WHERE role IN role_list
WITH tep, enabledBy, tk_list, adoptions,roleBy,
COLLECT({src_node:role, rel: r, dst_node: tep}) AS participateBy

// 3. 检索相关的限制
OPTIONAL MATCH (tk:TacitKnowledge)-[r:be_difficult_to_capture_due_to]-(lim:Limitation)
WHERE tk IN tk_list
WITH tep, enabledBy, tk_list, adoptions,roleBy, participateBy,
COLLECT({src_node:tk, rel: r, dst_node: lim}) AS tk_limits

OPTIONAL MATCH (tep)-[r:be_constrained_by]-(lim:Limitation)
WITH tep, enabledBy, tk_list, adoptions,roleBy, participateBy,tk_limits,
COLLECT({src_node:tep, rel: r, dst_node: lim}) AS tep_limits

// 4. 捕获 OrganizationalDependency / EnvironmentalDependency
OPTIONAL MATCH (tep)-[r:depend_on]->(dependancies:OrganizationalDependency|EnvironmentalDependency)
WITH tep, enabledBy, tk_list, adoptions,roleBy, participateBy,tk_limits,tep_limits,
COLLECT({src_node:tep, rel: r, dst_node: dependancies}) AS dependancyON

// 5. 捕获 mitigates (tep -[:mitigate]-> lim)
OPTIONAL MATCH (tep)-[r:mitigate|resolve]->(lim:Limitation)
WITH enabledBy,roleBy,adoptions,participateBy,tk_limits,tep_limits,dependancyON,
COLLECT({src_node:tep, rel: r, dst_node: lim}) AS mitigateBy

RETURN enabledBy,
adoptions,
roleBy,
participateBy,
tk_limits,
tep_limits,
dependancyON,
mitigateBy

***Research question***
RQ1. What emerging technologies have been adopted to support tacit knowledge retention practices?
Analytical chain:
technology-enabled practice → adopted technology → enabling mechanism → retained tacit knowledge

***Unit of analysis***
1. Treat the retrieved TechnologyenablePractice node as the basic units for analysis, that is, a collection of a group of technology-enabled practices aggregated from multiple cases.
2. If the query retrieves one technology-enabled practice, report and analyze one only.
3. Do not transform technologies, components, functions, mechanisms, or case examples into additional technology-enabled practices.
4. Related practices may be mentioned only when explicitly retrieved by the query and directly necessary to explain the focal practice.
5. Do not imply that the number of mechanisms or case examples equals the number of practices.
6. All nodes in the knowledge graph are conceptual topics which derived from multiple cases. Therefore, you should remind yourself they are a combination instead of a single real world event or object.

***Mandatory analytical procedure***
1. Inspect the definition and evidence_statement of every retrieved node used in the analysis. Do not classify a node from its name or category alone.
2. Inspect the evidence_statement of every relevant relationship. Treat relational evidence as the primary basis for explaining how technology supports retention.
3. Classify the focal practice under exactly one primary perspective:
    * Experience Amplification: Technology principally provides a sandbox for situated rehearsal, embodied interaction, feedback, simulation, or transmission of empirical patterns without externalizing intuition into a durable representation.
    * Digital Coding: Technology principally intercepts, models, records, or translates unstructured activity, spatial context, or heuristic judgment into durable data, parameters, or recorded representations.
4. Select the primary perspective using the practice’s dominant retention function. Do not classify the same practice under both perspectives. Capabilities associated with the non-selected perspective may be noted only as secondary features.
5. Keep the focal technology-enabled practice at the centre.  Explain:
    * which technologies it adopts;
    * which tacit knowledge it captures or transfers;
    * which organizational or environmental conditions it depends on;
    * which limitations constrain it; and
    * which limitations it mitigates or resolves.
6. Distinguish among:
    * technology availability;
    * technology adoption;
    * knowledge capture or transfer;
    * and effective knowledge retention.
7. Graph adjacency or adoption alone does not demonstrate retention.
8. Synthesize evidence across cases to identify the focal practice’s common retention mechanism. Do not present cases as separate practices.
Where the evidence is incomplete, contradictory, or insufficient to establish retention, state this explicitly. Do not fill evidence gaps through speculation.

***Output requirements***
Write approximately 600 words as a concise conceptual analysis with the following structure:
Focal technology-enabled tacit knowledge retention approach. Name and explain the retrieved practice entity as a conceptual entity.
Retention Mechanism. Classify it as either Experience Amplification or Digital Coding and justify the choice by the complete evidence-supported chain: adopted technologies → tacit knowledge captured or transferred →  retention outcome.
Tacit Knowledge Retained. Introduce the related tacit knowledge node and justify it by the evidence: why this tacit knowledge is hard to retain -> how technology-enable approach mitigate limitations of tacit knowledge retention.
Conditions and constraints. Explain potential organizational dependencies, environmental dependencies, limitations.

***Integrative theoretical statement***
Explain how the focal practice illustrates the adoption of emerging technology for tacit knowledge retention.
Use multiple cases to support each major claim where the graph permits. Cite evidence exactly as: (node_id:sXXX)
Do not manufacture three-to-five practices or insights when the query retrieves only one technology-enabled practice. The number of claims must remain proportional to the available relational evidence.","Focal technology-enabled tacit knowledge retention approach. The executed query returned no relationships for s001M01TP11; therefore, the graph does not supply an evidence-supported practice entity, adopted technology, tacit-knowledge object, actor, dependency, limitation, or retention outcome for this record.

Retention Mechanism. A defensible choice between Experience Amplification and Digital Coding cannot be made. Classifying from the identifier or requested category alone would violate the task’s requirement to inspect evidence and distinguish technology availability from demonstrated retention.

Tacit Knowledge Retained. No tacit-knowledge relationship or case citation was returned, so neither the knowledge at risk nor a mitigation mechanism can be established.

Conditions and constraints. None were returned by this query. This is a substantive data gap, not evidence that constraints are absent.

Integrative theoretical statement. This null result illustrates a boundary condition for knowledge-graph coding: conceptual claims about emerging-technology-enabled retention require a complete chain from technology adoption through capture or transfer to a retention outcome. The present record should remain uncoded until the node or its relationships are added or the query scope is corrected."
s001M01TP12,Technology-enable Retention Mechanism,"You are an expert academic scholar with interdisciplinary expertise in knowledge management, emerging technologies, organizational capabilities, and innovation.

***Task***
Analyze the knowledge graph extracted from multiple cases and conduct conceptual coding of emerging-technology-enabled tacit knowledge retention.

***Input data***
Use [$analyze-neo4j-knowledge-graph] to execute the following Cypher query:
MATCH (tk:TacitKnowledge)-[r:be_captured_by|be_transferred_by|evaluate]-(tep:TechnologyenablePractice)
WHERE tep.node_id = 's001M01TP12'
WITH tep,
COLLECT({src_node:tk, rel: r, dst_node: tep}) AS enabledBy,
COLLECT(DISTINCT tk) AS tk_list

// 1. 检索使用的数字技术
OPTIONAL MATCH (tep)-[r:adopt]->(dt:DigitalTechnology)
WITH tep, enabledBy, tk_list,
COLLECT({src_node:tep, rel: r, dst_node: dt}) AS adoptions

// 2. 检索关联的knowledge holder
OPTIONAL MATCH (role:KnowledgeHolder|KnowledgeLearner)-[r:be_shared_by|be_absorbed_by]-(tk:TacitKnowledge)
WHERE tk IN tk_list
WITH tep, enabledBy, tk_list,adoptions,
COLLECT({src_node:role, rel: r, dst_node: tk}) AS roleBy,
COLLECT(DISTINCT role) AS role_list

OPTIONAL MATCH (role)-[r:participate_in]-(tep)
WHERE role IN role_list
WITH tep, enabledBy, tk_list, adoptions,roleBy,
COLLECT({src_node:role, rel: r, dst_node: tep}) AS participateBy

// 3. 检索相关的限制
OPTIONAL MATCH (tk:TacitKnowledge)-[r:be_difficult_to_capture_due_to]-(lim:Limitation)
WHERE tk IN tk_list
WITH tep, enabledBy, tk_list, adoptions,roleBy, participateBy,
COLLECT({src_node:tk, rel: r, dst_node: lim}) AS tk_limits

OPTIONAL MATCH (tep)-[r:be_constrained_by]-(lim:Limitation)
WITH tep, enabledBy, tk_list, adoptions,roleBy, participateBy,tk_limits,
COLLECT({src_node:tep, rel: r, dst_node: lim}) AS tep_limits

// 4. 捕获 OrganizationalDependency / EnvironmentalDependency
OPTIONAL MATCH (tep)-[r:depend_on]->(dependancies:OrganizationalDependency|EnvironmentalDependency)
WITH tep, enabledBy, tk_list, adoptions,roleBy, participateBy,tk_limits,tep_limits,
COLLECT({src_node:tep, rel: r, dst_node: dependancies}) AS dependancyON

// 5. 捕获 mitigates (tep -[:mitigate]-> lim)
OPTIONAL MATCH (tep)-[r:mitigate|resolve]->(lim:Limitation)
WITH enabledBy,roleBy,adoptions,participateBy,tk_limits,tep_limits,dependancyON,
COLLECT({src_node:tep, rel: r, dst_node: lim}) AS mitigateBy

RETURN enabledBy,
adoptions,
roleBy,
participateBy,
tk_limits,
tep_limits,
dependancyON,
mitigateBy

***Research question***
RQ1. What emerging technologies have been adopted to support tacit knowledge retention practices?
Analytical chain:
technology-enabled practice → adopted technology → enabling mechanism → retained tacit knowledge

***Unit of analysis***
1. Treat the retrieved TechnologyenablePractice node as the basic units for analysis, that is, a collection of a group of technology-enabled practices aggregated from multiple cases.
2. If the query retrieves one technology-enabled practice, report and analyze one only.
3. Do not transform technologies, components, functions, mechanisms, or case examples into additional technology-enabled practices.
4. Related practices may be mentioned only when explicitly retrieved by the query and directly necessary to explain the focal practice.
5. Do not imply that the number of mechanisms or case examples equals the number of practices.
6. All nodes in the knowledge graph are conceptual topics which derived from multiple cases. Therefore, you should remind yourself they are a combination instead of a single real world event or object.

***Mandatory analytical procedure***
1. Inspect the definition and evidence_statement of every retrieved node used in the analysis. Do not classify a node from its name or category alone.
2. Inspect the evidence_statement of every relevant relationship. Treat relational evidence as the primary basis for explaining how technology supports retention.
3. Classify the focal practice under exactly one primary perspective:
    * Experience Amplification: Technology principally provides a sandbox for situated rehearsal, embodied interaction, feedback, simulation, or transmission of empirical patterns without externalizing intuition into a durable representation.
    * Digital Coding: Technology principally intercepts, models, records, or translates unstructured activity, spatial context, or heuristic judgment into durable data, parameters, or recorded representations.
4. Select the primary perspective using the practice’s dominant retention function. Do not classify the same practice under both perspectives. Capabilities associated with the non-selected perspective may be noted only as secondary features.
5. Keep the focal technology-enabled practice at the centre.  Explain:
    * which technologies it adopts;
    * which tacit knowledge it captures or transfers;
    * which organizational or environmental conditions it depends on;
    * which limitations constrain it; and
    * which limitations it mitigates or resolves.
6. Distinguish among:
    * technology availability;
    * technology adoption;
    * knowledge capture or transfer;
    * and effective knowledge retention.
7. Graph adjacency or adoption alone does not demonstrate retention.
8. Synthesize evidence across cases to identify the focal practice’s common retention mechanism. Do not present cases as separate practices.
Where the evidence is incomplete, contradictory, or insufficient to establish retention, state this explicitly. Do not fill evidence gaps through speculation.

***Output requirements***
Write approximately 600 words as a concise conceptual analysis with the following structure:
Focal technology-enabled tacit knowledge retention approach. Name and explain the retrieved practice entity as a conceptual entity.
Retention Mechanism. Classify it as either Experience Amplification or Digital Coding and justify the choice by the complete evidence-supported chain: adopted technologies → tacit knowledge captured or transferred →  retention outcome.
Tacit Knowledge Retained. Introduce the related tacit knowledge node and justify it by the evidence: why this tacit knowledge is hard to retain -> how technology-enable approach mitigate limitations of tacit knowledge retention.
Conditions and constraints. Explain potential organizational dependencies, environmental dependencies, limitations.

***Integrative theoretical statement***
Explain how the focal practice illustrates the adoption of emerging technology for tacit knowledge retention.
Use multiple cases to support each major claim where the graph permits. Cite evidence exactly as: (node_id:sXXX)
Do not manufacture three-to-five practices or insights when the query retrieves only one technology-enabled practice. The number of claims must remain proportional to the available relational evidence.","Focal technology-enabled tacit knowledge retention approach. Multimedia and Blended Knowledge Internalization is the graph’s conceptual practice entity for s001M01TP12. It combines multimedia, collaborative platforms, cases, dialogue, and applied problem solving so learners repeatedly connect representations to action. The query links it to Human–Computer Interaction and Immersive Technologies, Data, Information, and Knowledge Systems, Mobile, Social and Communication Technologies, Ambiguous Digital Technology(*). These links show adoption or technical enablement, but do not by themselves prove that knowledge has been retained; the relevant evidence chain must also connect the technology-enabled activity to knowledge capture or transfer and a later usable outcome. Adoption evidence: interactive/multimedia interfaces, repositories, mobile or communication platforms, and supporting digital tools distribute cases and collaborative activities (node_id:s001M01TE02) (node_id:s001M01TE04) (node_id:s001M01TE07) (node_id:s001M01TE09). Transformation evidence: learners discuss examples, solve problems, visit or engage with industry contexts, and receive guided feedback (node_id:s001M01TP12).

Retention Mechanism. The primary mechanism is Experience Amplification (node_id:s001M01TP12) (node_id:s001M01TE02) (node_id:s001M01TE04) (node_id:s001M01TE07) (node_id:s001M01TE09) (node_id:s001M01TK02) (node_id:s001M01TK05) (node_id:s001M01TK11) (node_id:s001M01TK13). The dominant function is internalization through guided participation and feedback, even though digital media also preserve content. Across the returned cases, the practice links adopted digital capabilities to knowledge conveyed through demonstration, practical skill, and informal coordination know-how, and then to observable capture, transfer, feedback, retrieval, or performance evidence. The mechanism is therefore not “technology use” in the abstract (node_id:s001M01TP12) (node_id:s001M01TK02) (node_id:s001M01TK05) (node_id:s001M01TK11) (node_id:s001M01TK13). It is the transformation of situated expertise through a repeatable retention process. Where evidence reports improved recognition, feedback, reuse, or access, this supports a plausible retention pathway; where it reports only deployment, adjacency, or short-term assessment, the claim remains conditional rather than causal. Retention-outcome evidence: 82% reporting greater involvement and evidence of bridging theory and practice support Experience Amplification and internalization; engagement is nevertheless a proximal proxy because delayed behavioral retention was not tested. Outcome-chain support: (node_id:s001M01TP12) (node_id:s001M01TK02) (node_id:s001M01TK05) (node_id:s001M01TK11) (node_id:s001M01TK13).

Tacit Knowledge Retained. The focal knowledge is knowledge conveyed through demonstration, practical skill, and informal coordination know-how (node_id:s001M01TK02) (node_id:s001M01TK05) (node_id:s001M01TK11) (node_id:s001M01TK13). This knowledge is hard to retain because it is enacted in perception, movement, timing, contextual interpretation, informal coordination, or expert judgment rather than fully stated as rules (node_id:s001M01TK02) (node_id:s001M01TK05) (node_id:s001M01TK11) (node_id:s001M01TK13). The graph associates it with constraints including Organizational Culture, Leadership and Adoption Barriers, Knowledge Continuity, Documentation, Governance, Privacy and Security, Software, Algorithmic, Data Quality and Interoperability Barriers, Individual Knowledge and Memory Decay, Human Physiological, Cognitive-Capacity and Demographic Constraints, Instructional Design, Delivery, Assessment and Transfer Shortcomings, other graph-coded factors (node_id:s001M01LI09) (node_id:s001M01LI10) (node_id:s001M01LI05) (node_id:s001M01LI01) (node_id:s001M01LI03) (node_id:s001M01LI04) (node_id:s001M01LI06) (node_id:s001M01LI11) (node_id:s001M01LI14) (node_id:s001M01LI08). The practice mitigates this fragility by making selected cues, actions, patterns, stories, or judgments repeatable and available beyond the original encounter (node_id:s001M01TP12) (node_id:s001M01TK02) (node_id:s001M01TK05) (node_id:s001M01TK11) (node_id:s001M01TK13). It does not eliminate tacitness: learners and practitioners must still interpret the representation, calibrate it against context, and convert it into situated action. Knowledge-link evidence: participation transfers knowledge conveyed through examples or demonstration, practised skill, informal coordination, and a residual ambiguous category (node_id:s001M01TK02) (node_id:s001M01TK05) (node_id:s001M01TK11) (node_id:s001M01TK13).

Conditions and constraints. Organizational conditions include Strategic Leadership & Sponsorship, Time, Workload & Operational Scheduling, Human Capacity, Roles & Participation, Organizational Structure & Process Design, while environmental conditions include Sociocultural & Societal Environment, Ambiguous Environmental Dependency(*). These dependencies operate as complementary resources: technology, data, time, participation, governance, and a receptive culture must align before a digital artifact or experience becomes organizational memory. The weakest link can interrupt the chain—for example through cost, workload, limited infrastructure, poor data or interoperability, usability, weak validation, privacy concerns, or resistance. Evidence is uneven across cases, and several limitation nodes aggregate heterogeneous studies, so generalization should remain bounded. Boundary-condition evidence: absences, diverse backgrounds, compressed schedules, group dynamics, faculty capability, institutional backing, and platform scalability condition the chain (node_id:s001M01LI03) (node_id:s001M01LI08) (node_id:s001M01LI09) (node_id:s001M01OD02) (node_id:s001M01OD04) (node_id:s001M01OD05).

Integrative theoretical statement. Multimedia and Blended Knowledge Internalization illustrates emerging-technology adoption for tacit knowledge retention when digital capability is organized around a specific epistemic function: reconstructing consequential experience so perception and action can be rehearsed and calibrated. Retention emerges only when that function is embedded in people, process, governance, and context; adoption alone is insufficient."
s001M01TP13,Technology-enable Retention Mechanism,"You are an expert academic scholar with interdisciplinary expertise in knowledge management, emerging technologies, organizational capabilities, and innovation.

***Task***
Analyze the knowledge graph extracted from multiple cases and conduct conceptual coding of emerging-technology-enabled tacit knowledge retention.

***Input data***
Use [$analyze-neo4j-knowledge-graph] to execute the following Cypher query:
MATCH (tk:TacitKnowledge)-[r:be_captured_by|be_transferred_by|evaluate]-(tep:TechnologyenablePractice)
WHERE tep.node_id = 's001M01TP13'
WITH tep,
COLLECT({src_node:tk, rel: r, dst_node: tep}) AS enabledBy,
COLLECT(DISTINCT tk) AS tk_list

// 1. 检索使用的数字技术
OPTIONAL MATCH (tep)-[r:adopt]->(dt:DigitalTechnology)
WITH tep, enabledBy, tk_list,
COLLECT({src_node:tep, rel: r, dst_node: dt}) AS adoptions

// 2. 检索关联的knowledge holder
OPTIONAL MATCH (role:KnowledgeHolder|KnowledgeLearner)-[r:be_shared_by|be_absorbed_by]-(tk:TacitKnowledge)
WHERE tk IN tk_list
WITH tep, enabledBy, tk_list,adoptions,
COLLECT({src_node:role, rel: r, dst_node: tk}) AS roleBy,
COLLECT(DISTINCT role) AS role_list

OPTIONAL MATCH (role)-[r:participate_in]-(tep)
WHERE role IN role_list
WITH tep, enabledBy, tk_list, adoptions,roleBy,
COLLECT({src_node:role, rel: r, dst_node: tep}) AS participateBy

// 3. 检索相关的限制
OPTIONAL MATCH (tk:TacitKnowledge)-[r:be_difficult_to_capture_due_to]-(lim:Limitation)
WHERE tk IN tk_list
WITH tep, enabledBy, tk_list, adoptions,roleBy, participateBy,
COLLECT({src_node:tk, rel: r, dst_node: lim}) AS tk_limits

OPTIONAL MATCH (tep)-[r:be_constrained_by]-(lim:Limitation)
WITH tep, enabledBy, tk_list, adoptions,roleBy, participateBy,tk_limits,
COLLECT({src_node:tep, rel: r, dst_node: lim}) AS tep_limits

// 4. 捕获 OrganizationalDependency / EnvironmentalDependency
OPTIONAL MATCH (tep)-[r:depend_on]->(dependancies:OrganizationalDependency|EnvironmentalDependency)
WITH tep, enabledBy, tk_list, adoptions,roleBy, participateBy,tk_limits,tep_limits,
COLLECT({src_node:tep, rel: r, dst_node: dependancies}) AS dependancyON

// 5. 捕获 mitigates (tep -[:mitigate]-> lim)
OPTIONAL MATCH (tep)-[r:mitigate|resolve]->(lim:Limitation)
WITH enabledBy,roleBy,adoptions,participateBy,tk_limits,tep_limits,dependancyON,
COLLECT({src_node:tep, rel: r, dst_node: lim}) AS mitigateBy

RETURN enabledBy,
adoptions,
roleBy,
participateBy,
tk_limits,
tep_limits,
dependancyON,
mitigateBy

***Research question***
RQ1. What emerging technologies have been adopted to support tacit knowledge retention practices?
Analytical chain:
technology-enabled practice → adopted technology → enabling mechanism → retained tacit knowledge

***Unit of analysis***
1. Treat the retrieved TechnologyenablePractice node as the basic units for analysis, that is, a collection of a group of technology-enabled practices aggregated from multiple cases.
2. If the query retrieves one technology-enabled practice, report and analyze one only.
3. Do not transform technologies, components, functions, mechanisms, or case examples into additional technology-enabled practices.
4. Related practices may be mentioned only when explicitly retrieved by the query and directly necessary to explain the focal practice.
5. Do not imply that the number of mechanisms or case examples equals the number of practices.
6. All nodes in the knowledge graph are conceptual topics which derived from multiple cases. Therefore, you should remind yourself they are a combination instead of a single real world event or object.

***Mandatory analytical procedure***
1. Inspect the definition and evidence_statement of every retrieved node used in the analysis. Do not classify a node from its name or category alone.
2. Inspect the evidence_statement of every relevant relationship. Treat relational evidence as the primary basis for explaining how technology supports retention.
3. Classify the focal practice under exactly one primary perspective:
    * Experience Amplification: Technology principally provides a sandbox for situated rehearsal, embodied interaction, feedback, simulation, or transmission of empirical patterns without externalizing intuition into a durable representation.
    * Digital Coding: Technology principally intercepts, models, records, or translates unstructured activity, spatial context, or heuristic judgment into durable data, parameters, or recorded representations.
4. Select the primary perspective using the practice’s dominant retention function. Do not classify the same practice under both perspectives. Capabilities associated with the non-selected perspective may be noted only as secondary features.
5. Keep the focal technology-enabled practice at the centre.  Explain:
    * which technologies it adopts;
    * which tacit knowledge it captures or transfers;
    * which organizational or environmental conditions it depends on;
    * which limitations constrain it; and
    * which limitations it mitigates or resolves.
6. Distinguish among:
    * technology availability;
    * technology adoption;
    * knowledge capture or transfer;
    * and effective knowledge retention.
7. Graph adjacency or adoption alone does not demonstrate retention.
8. Synthesize evidence across cases to identify the focal practice’s common retention mechanism. Do not present cases as separate practices.
Where the evidence is incomplete, contradictory, or insufficient to establish retention, state this explicitly. Do not fill evidence gaps through speculation.

***Output requirements***
Write approximately 600 words as a concise conceptual analysis with the following structure:
Focal technology-enabled tacit knowledge retention approach. Name and explain the retrieved practice entity as a conceptual entity.
Retention Mechanism. Classify it as either Experience Amplification or Digital Coding and justify the choice by the complete evidence-supported chain: adopted technologies → tacit knowledge captured or transferred →  retention outcome.
Tacit Knowledge Retained. Introduce the related tacit knowledge node and justify it by the evidence: why this tacit knowledge is hard to retain -> how technology-enable approach mitigate limitations of tacit knowledge retention.
Conditions and constraints. Explain potential organizational dependencies, environmental dependencies, limitations.

***Integrative theoretical statement***
Explain how the focal practice illustrates the adoption of emerging technology for tacit knowledge retention.
Use multiple cases to support each major claim where the graph permits. Cite evidence exactly as: (node_id:sXXX)
Do not manufacture three-to-five practices or insights when the query retrieves only one technology-enabled practice. The number of claims must remain proportional to the available relational evidence.","Focal technology-enabled tacit knowledge retention approach. Criteria-based Performance Evaluation and Ranking is the graph’s conceptual practice entity for s001M01TP13. It translates expert criteria and standards of judgment into comparable scores, rankings, and evaluation records. The query links it to Human–Computer Interaction and Immersive Technologies, Data, Information, and Knowledge Systems, Mobile, Social and Communication Technologies. These links show adoption or technical enablement, but do not by themselves prove that knowledge has been retained; the relevant evidence chain must also connect the technology-enabled activity to knowledge capture or transfer and a later usable outcome. Adoption evidence: digital forms/interfaces, data systems, and communication tools collect and circulate assessment information (node_id:s001M01TE02) (node_id:s001M01TE04) (node_id:s001M01TE07). Transformation evidence: expert criteria and observed performance become scores, rankings, questionnaires, or comparable evaluation records (node_id:s001M01TP13).

Retention Mechanism. The primary mechanism is Digital Coding (node_id:s001M01TP13) (node_id:s001M01TE02) (node_id:s001M01TE04) (node_id:s001M01TE07) (node_id:s001M01TK10) (node_id:s001M01TK13). Its principal effect is formalizing judgment into a durable decision representation; improvement in practice requires subsequent interpretation. Across the returned cases, the practice links adopted digital capabilities to shared professional standards and otherwise ambiguous evaluative judgment, and then to observable capture, transfer, feedback, retrieval, or performance evidence. The mechanism is therefore not “technology use” in the abstract (node_id:s001M01TP13) (node_id:s001M01TK10) (node_id:s001M01TK13). It is the transformation of situated expertise through a repeatable retention process. Where evidence reports improved recognition, feedback, reuse, or access, this supports a plausible retention pathway; where it reports only deployment, adjacency, or short-term assessment, the claim remains conditional rather than causal. Retention-outcome evidence: retained-safety-knowledge questionnaires were connected to safe-work application, and hazard performance was evaluated before/after training. This supports Digital Coding of judgment and assessment evidence, but a score is a retention proxy, not proof that judgment persists or transfers. Outcome-chain support: (node_id:s001M01TP13) (node_id:s001M01TK10) (node_id:s001M01TK13).

Tacit Knowledge Retained. The focal knowledge is shared professional standards and otherwise ambiguous evaluative judgment (node_id:s001M01TK10) (node_id:s001M01TK13). This knowledge is hard to retain because it is enacted in perception, movement, timing, contextual interpretation, informal coordination, or expert judgment rather than fully stated as rules (node_id:s001M01TK10) (node_id:s001M01TK13). The graph associates it with constraints including Individual Knowledge and Memory Decay, Human Physiological, Cognitive-Capacity and Demographic Constraints, Time, Staffing, Expertise, Scheduling and Workload Constraints, Knowledge Continuity, Documentation, Governance, Privacy and Security, Instructional Design, Delivery, Assessment and Transfer Shortcomings, Hardware, Sensor and Technical Infrastructure Constraints, other graph-coded factors (node_id:s001M01LI01) (node_id:s001M01LI03) (node_id:s001M01LI08) (node_id:s001M01LI10) (node_id:s001M01LI04) (node_id:s001M01LI06) (node_id:s001M01LI09) (node_id:s001M01LI11) (node_id:s001M01LI14) (node_id:s001M01LI07) (node_id:s001M01LI13). The practice mitigates this fragility by making selected cues, actions, patterns, stories, or judgments repeatable and available beyond the original encounter (node_id:s001M01TP13) (node_id:s001M01TK10) (node_id:s001M01TK13). It does not eliminate tacitness: learners and practitioners must still interpret the representation, calibrate it against context, and convert it into situated action. Knowledge-link evidence: the codified criteria represent shared professional norms and standards of judgment; a second linked knowledge category remains ambiguous (node_id:s001M01TK10) (node_id:s001M01TK13).

Conditions and constraints. Organizational conditions include none directly returned, while environmental conditions include Economic, Market & Industry Environment, Client, Procurement & Institutional Environment. These dependencies operate as complementary resources: technology, data, time, participation, governance, and a receptive culture must align before a digital artifact or experience becomes organizational memory. The weakest link can interrupt the chain—for example through cost, workload, limited infrastructure, poor data or interoperability, usability, weak validation, privacy concerns, or resistance. Evidence is uneven across cases, and several limitation nodes aggregate heterogeneous studies, so generalization should remain bounded. Boundary-condition evidence: memory decay, expertise reversal, expert time, costly knowledge systems, weak management attention, and measurement validity can break the evaluation-to-improvement chain (node_id:s001M01LI01) (node_id:s001M01LI03) (node_id:s001M01LI08) (node_id:s001M01LI07) (node_id:s001M01LI09) (node_id:s001M01LI13).

Integrative theoretical statement. Criteria-based Performance Evaluation and Ranking illustrates emerging-technology adoption for tacit knowledge retention when digital capability is organized around a specific epistemic function: intercepting and stabilizing experience as a retrievable representation. Retention emerges only when that function is embedded in people, process, governance, and context; adoption alone is insufficient."
s001M01TP14,Technology-enable Retention Mechanism,"You are an expert academic scholar with interdisciplinary expertise in knowledge management, emerging technologies, organizational capabilities, and innovation.

***Task***
Analyze the knowledge graph extracted from multiple cases and conduct conceptual coding of emerging-technology-enabled tacit knowledge retention.

***Input data***
Use [$analyze-neo4j-knowledge-graph] to execute the following Cypher query:
MATCH (tk:TacitKnowledge)-[r:be_captured_by|be_transferred_by|evaluate]-(tep:TechnologyenablePractice)
WHERE tep.node_id = 's001M01TP14'
WITH tep,
COLLECT({src_node:tk, rel: r, dst_node: tep}) AS enabledBy,
COLLECT(DISTINCT tk) AS tk_list

// 1. 检索使用的数字技术
OPTIONAL MATCH (tep)-[r:adopt]->(dt:DigitalTechnology)
WITH tep, enabledBy, tk_list,
COLLECT({src_node:tep, rel: r, dst_node: dt}) AS adoptions

// 2. 检索关联的knowledge holder
OPTIONAL MATCH (role:KnowledgeHolder|KnowledgeLearner)-[r:be_shared_by|be_absorbed_by]-(tk:TacitKnowledge)
WHERE tk IN tk_list
WITH tep, enabledBy, tk_list,adoptions,
COLLECT({src_node:role, rel: r, dst_node: tk}) AS roleBy,
COLLECT(DISTINCT role) AS role_list

OPTIONAL MATCH (role)-[r:participate_in]-(tep)
WHERE role IN role_list
WITH tep, enabledBy, tk_list, adoptions,roleBy,
COLLECT({src_node:role, rel: r, dst_node: tep}) AS participateBy

// 3. 检索相关的限制
OPTIONAL MATCH (tk:TacitKnowledge)-[r:be_difficult_to_capture_due_to]-(lim:Limitation)
WHERE tk IN tk_list
WITH tep, enabledBy, tk_list, adoptions,roleBy, participateBy,
COLLECT({src_node:tk, rel: r, dst_node: lim}) AS tk_limits

OPTIONAL MATCH (tep)-[r:be_constrained_by]-(lim:Limitation)
WITH tep, enabledBy, tk_list, adoptions,roleBy, participateBy,tk_limits,
COLLECT({src_node:tep, rel: r, dst_node: lim}) AS tep_limits

// 4. 捕获 OrganizationalDependency / EnvironmentalDependency
OPTIONAL MATCH (tep)-[r:depend_on]->(dependancies:OrganizationalDependency|EnvironmentalDependency)
WITH tep, enabledBy, tk_list, adoptions,roleBy, participateBy,tk_limits,tep_limits,
COLLECT({src_node:tep, rel: r, dst_node: dependancies}) AS dependancyON

// 5. 捕获 mitigates (tep -[:mitigate]-> lim)
OPTIONAL MATCH (tep)-[r:mitigate|resolve]->(lim:Limitation)
WITH enabledBy,roleBy,adoptions,participateBy,tk_limits,tep_limits,dependancyON,
COLLECT({src_node:tep, rel: r, dst_node: lim}) AS mitigateBy

RETURN enabledBy,
adoptions,
roleBy,
participateBy,
tk_limits,
tep_limits,
dependancyON,
mitigateBy

***Research question***
RQ1. What emerging technologies have been adopted to support tacit knowledge retention practices?
Analytical chain:
technology-enabled practice → adopted technology → enabling mechanism → retained tacit knowledge

***Unit of analysis***
1. Treat the retrieved TechnologyenablePractice node as the basic units for analysis, that is, a collection of a group of technology-enabled practices aggregated from multiple cases.
2. If the query retrieves one technology-enabled practice, report and analyze one only.
3. Do not transform technologies, components, functions, mechanisms, or case examples into additional technology-enabled practices.
4. Related practices may be mentioned only when explicitly retrieved by the query and directly necessary to explain the focal practice.
5. Do not imply that the number of mechanisms or case examples equals the number of practices.
6. All nodes in the knowledge graph are conceptual topics which derived from multiple cases. Therefore, you should remind yourself they are a combination instead of a single real world event or object.

***Mandatory analytical procedure***
1. Inspect the definition and evidence_statement of every retrieved node used in the analysis. Do not classify a node from its name or category alone.
2. Inspect the evidence_statement of every relevant relationship. Treat relational evidence as the primary basis for explaining how technology supports retention.
3. Classify the focal practice under exactly one primary perspective:
    * Experience Amplification: Technology principally provides a sandbox for situated rehearsal, embodied interaction, feedback, simulation, or transmission of empirical patterns without externalizing intuition into a durable representation.
    * Digital Coding: Technology principally intercepts, models, records, or translates unstructured activity, spatial context, or heuristic judgment into durable data, parameters, or recorded representations.
4. Select the primary perspective using the practice’s dominant retention function. Do not classify the same practice under both perspectives. Capabilities associated with the non-selected perspective may be noted only as secondary features.
5. Keep the focal technology-enabled practice at the centre.  Explain:
    * which technologies it adopts;
    * which tacit knowledge it captures or transfers;
    * which organizational or environmental conditions it depends on;
    * which limitations constrain it; and
    * which limitations it mitigates or resolves.
6. Distinguish among:
    * technology availability;
    * technology adoption;
    * knowledge capture or transfer;
    * and effective knowledge retention.
7. Graph adjacency or adoption alone does not demonstrate retention.
8. Synthesize evidence across cases to identify the focal practice’s common retention mechanism. Do not present cases as separate practices.
Where the evidence is incomplete, contradictory, or insufficient to establish retention, state this explicitly. Do not fill evidence gaps through speculation.

***Output requirements***
Write approximately 600 words as a concise conceptual analysis with the following structure:
Focal technology-enabled tacit knowledge retention approach. Name and explain the retrieved practice entity as a conceptual entity.
Retention Mechanism. Classify it as either Experience Amplification or Digital Coding and justify the choice by the complete evidence-supported chain: adopted technologies → tacit knowledge captured or transferred →  retention outcome.
Tacit Knowledge Retained. Introduce the related tacit knowledge node and justify it by the evidence: why this tacit knowledge is hard to retain -> how technology-enable approach mitigate limitations of tacit knowledge retention.
Conditions and constraints. Explain potential organizational dependencies, environmental dependencies, limitations.

***Integrative theoretical statement***
Explain how the focal practice illustrates the adoption of emerging technology for tacit knowledge retention.
Use multiple cases to support each major claim where the graph permits. Cite evidence exactly as: (node_id:sXXX)
Do not manufacture three-to-five practices or insights when the query retrieves only one technology-enabled practice. The number of claims must remain proportional to the available relational evidence.","Focal technology-enabled tacit knowledge retention approach. Ambiguous Technology-enabled Practice is the graph’s conceptual practice entity for s001M01TP14. It combines AI, connected systems, information platforms, immersive interfaces, and communication tools to make selected activities and judgments digitally accessible. The query links it to Artificial Intelligence and Intelligent Computation, Human–Computer Interaction and Immersive Technologies, Cyber-Physical Systems, IoT, and Smart Environments, Data, Information, and Knowledge Systems, Mobile, Social and Communication Technologies. These links show adoption or technical enablement, but do not by themselves prove that knowledge has been retained; the relevant evidence chain must also connect the technology-enabled activity to knowledge capture or transfer and a later usable outcome. Adoption evidence: the aggregated node combines AI, interfaces, IoT/smart systems, data systems, and communication platforms (node_id:s001M01TE01) (node_id:s001M01TE02) (node_id:s001M01TE03) (node_id:s001M01TE04) (node_id:s001M01TE07). Transformation evidence: different cases use these tools for surveys, monitoring, dissemination, elicitation, or analysis, but the graph does not identify one coherent practice-level operation (node_id:s001M01TP14).

Retention Mechanism. The primary mechanism is Digital Coding (node_id:s001M01TP14) (node_id:s001M01TE01) (node_id:s001M01TE02) (node_id:s001M01TE03) (node_id:s001M01TE04) (node_id:s001M01TE07) (node_id:s001M01TK13) (node_id:s001M01TK06). Because the practice node is explicitly ambiguous, Digital Coding is a cautious primary classification based on the stronger representation-and-access function, not a claim of demonstrated retention. Across the returned cases, the practice links adopted digital capabilities to perceptual recognition and other tacit knowledge that remains incompletely specified, and then to observable capture, transfer, feedback, retrieval, or performance evidence. The mechanism is therefore not “technology use” in the abstract (node_id:s001M01TP14) (node_id:s001M01TK13) (node_id:s001M01TK06). It is the transformation of situated expertise through a repeatable retention process. Where evidence reports improved recognition, feedback, reuse, or access, this supports a plausible retention pathway; where it reports only deployment, adjacency, or short-term assessment, the claim remains conditional rather than causal. Retention-outcome evidence: real-time monitoring supports immediate hazard sharing and communication tools disseminate senior expertise; these are separate capture/transfer signals, not evidence of one unified retention mechanism. Digital Coding is therefore only a cautious dominant classification. Outcome-chain support: (node_id:s001M01TP14) (node_id:s001M01TK13) (node_id:s001M01TK06).

Tacit Knowledge Retained. The focal knowledge is perceptual recognition and other tacit knowledge that remains incompletely specified (node_id:s001M01TK13) (node_id:s001M01TK06). This knowledge is hard to retain because it is enacted in perception, movement, timing, contextual interpretation, informal coordination, or expert judgment rather than fully stated as rules (node_id:s001M01TK13) (node_id:s001M01TK06). The graph associates it with constraints including Instructional Design, Delivery, Assessment and Transfer Shortcomings, Software, Algorithmic, Data Quality and Interoperability Barriers, Individual Knowledge and Memory Decay, Human Physiological, Cognitive-Capacity and Demographic Constraints, Hardware, Sensor and Technical Infrastructure Constraints, Organizational Culture, Leadership and Adoption Barriers, other graph-coded factors (node_id:s001M01LI04) (node_id:s001M01LI05) (node_id:s001M01LI01) (node_id:s001M01LI03) (node_id:s001M01LI06) (node_id:s001M01LI09) (node_id:s001M01LI10) (node_id:s001M01LI11) (node_id:s001M01LI14) (node_id:s001M01LI07) (node_id:s001M01LI13). The practice mitigates this fragility by making selected cues, actions, patterns, stories, or judgments repeatable and available beyond the original encounter (node_id:s001M01TP14) (node_id:s001M01TK13) (node_id:s001M01TK06). It does not eliminate tacitness: learners and practitioners must still interpret the representation, calibrate it against context, and convert it into situated action. Knowledge-link evidence: relationships point to perceptual recognition and an ambiguous tacit-knowledge category (node_id:s001M01TK06) (node_id:s001M01TK13).

Conditions and constraints. Organizational conditions include Strategic Leadership & Sponsorship, Financial, Technical & Information Resources, Human Capacity, Roles & Participation, Culture, Trust & Relational Climate, Organizational Structure & Process Design, while environmental conditions include none directly returned. These dependencies operate as complementary resources: technology, data, time, participation, governance, and a receptive culture must align before a digital artifact or experience becomes organizational memory. The weakest link can interrupt the chain—for example through cost, workload, limited infrastructure, poor data or interoperability, usability, weak validation, privacy concerns, or resistance. Evidence is uneven across cases, and several limitation nodes aggregate heterogeneous studies, so generalization should remain bounded. Boundary-condition evidence: sensor accuracy, infrastructure, budgets, leadership, trust, human capability, and validation controversy make any integrated retention claim especially fragile (node_id:s001M01LI06) (node_id:s001M01LI07) (node_id:s001M01LI09) (node_id:s001M01LI13) (node_id:s001M01OD02) (node_id:s001M01OD05) (node_id:s001M01OD06).

Integrative theoretical statement. Ambiguous Technology-enabled Practice illustrates emerging-technology adoption for tacit knowledge retention when digital capability is organized around a specific epistemic function: intercepting and stabilizing experience as a retrievable representation. Retention emerges only when that function is embedded in people, process, governance, and context; adoption alone is insufficient."
s001M01RRQ2,Environmental Dependencies,"You are an expert academic scholar with interdisciplinary expertise in knowledge management, emerging technologies, organizational capabilities, and innovation.

Task
Analyze a case-based knowledge subgraph and develop an evidence-grounded conceptual coding of the resources and capabilities required for emerging-technology-enabled tacit knowledge retention.

Input data
Use $analyze-neo4j-knowledge-graph to quey the target sub-graph. The query cypher is as follows:
MATCH (depends:EnvironmentalDependency)
WHERE depends.node_id STARTS WITH 's001'
WITH depends

OPTIONAL MATCH (thp:TraditionalHumancentralPractice)-[r:depend_on]-(depends)
WITH depends,
     COLLECT({src_node:thp, rel: r, dst_node: depends}) AS thp_depends

OPTIONAL MATCH (tep:TechnologyenablePractice)-[r:depend_on]-(depends)
WITH depends, thp_depends,
     COLLECT({src_node:tep, rel: r, dst_node: depends}) AS tep_depends

OPTIONAL MATCH (thp:TraditionalHumancentralPractice)-[r:be_constrained_by]-(lim:Limitation)
WHERE lim.node_id STARTS WITH 's001'
WITH depends, thp_depends,tep_depends,
     COLLECT({src_node:thp, rel: r, dst_node: lim}) AS thp_limits

OPTIONAL MATCH (tep:TechnologyenablePractice)-[r:be_constrained_by]-(lim:Limitation)
WHERE lim.node_id STARTS WITH 's001'
WITH depends, thp_depends,tep_depends,thp_limits,
     COLLECT({src_node:tep, rel: r, dst_node: lim}) AS tep_limits

RETURN thp_depends,
       tep_depends,
       thp_limits,
       tep_limits

Research question
RQ2.  What organizational tangible resources and capabilities (e.g., data infrastructure, expert participation, and environmental factors ) are required to deploy these technologies?

Mandatory analytical procedure
1. Inspect the evidence_statement and definition of every retrieved node. Do not only classify an element from name or category alone.
2. Inspect the evidence_statement of every relevant relationship. Treat relational evidence as the primary basis for explaining why and how one practice depends on a resource or capability.
3. Coding from two perspectives:
    * Digital-Era Specific Dependencies.This perspective highlights the unique technological infrastructure, specific computational competencies, and dynamic user capabilities required to deploy advanced digital tools.
    * Classic Industry & Institutional Dependence. This perspective highlights the permanent, traditional organizational structures, physical assets, and regulatory architectures that remain indispensable for operational continuity.
4. Treat “dependency” neutrally. Do not present dependencies as benefits. Explain how they condition, enable, constrain, or interrupt retention outcomes.
5. Move beyond case description. Identify deeper cross-case mechanisms, including:
    * Necessary conditions and dependency chains
    * Complementarities among resources
    * Bottlenecks and weakest-link effects
    * Trade-offs, tensions, and contradictions
    * How technology redistributes rather than eliminates expert work
    * How digital representations become—or fail to become—actionable organizational memory
6. Distinguish technical availability from effective knowledge retention. Graph adjacency or technology adoption alone does not demonstrate retention.
7. Combine multiple cases to support each major insight. Do not list cases separately; synthesize them into a shared explanatory mechanism.
8. Identify weak, indirect, contradictory, or missing evidence. If the queried subgraph does not directly represent the external environment, explicitly state which governance or institutional evidence is used as a proxy.

Output requirements
Write approximately 300 words as a concise conceptual analysis.
Organize the answer around two perspectives, each perspective demonstrates three to five higher-order insights. For each insight:
* Name the conceptual dependency.
* Explain its mechanism.
* Integrate evidence from multiple cases.
* State its constraining or conditional implications.
Use this citation format exactly: (node_id:node_id:sXXX)
Conclude with an integrative theoretical statement explaining how digital-era and classic dependencies interact to convert—or prevent the conversion of—digital representations into retained, actionable organizational know-how.","Digital-Era Specific Dependencies. (1) Infrastructure-to-representation chain: external connectivity and technical infrastructure condition XR, sensor, and platform operation; data, hardware, and interoperability failures then determine whether activity becomes a trustworthy digital trace (node_id:s001M01ED05) (node_id:s001M01TP03) (node_id:s001M01TP06) (node_id:s001M01LI05) (node_id:s001M01LI06). This is a weakest-link dependency, not a benefit. (2) Context-to-validity chain: climate, geography, and physical sites shape occupancy signals, movement space, and operational variability; a representation produced outside those conditions may not remain actionable (node_id:s001M01ED04) (node_id:s001M01ED08) (node_id:s001M01LI11). (3) Institution-to-use chain: client requirements, procurement, regulation, and market conditions determine standards, resources, and permission to deploy or reuse outputs (node_id:s001M01ED01) (node_id:s001M01ED02) (node_id:s001M01ED06) (node_id:s001M01LI12).

Classic Industry & Institutional Dependence. (1) Physical and operational continuity: experiential learning, briefings, mentoring, and documentation remain tied to site access, schedules, staffing, and expert participation (node_id:s001M01THR13) (node_id:s001M01THR11) (node_id:s001M01THR07) (node_id:s001M01LI08). (2) Human translation: digital records do not become organizational memory until experts validate and contextualize them; technology redistributes expert work rather than removing it (node_id:s001M01THR16) (node_id:s001M01TP10) (node_id:s001M01TP08). (3) Supply-chain continuity: equipment, vendors, and logistics condition maintenance and access, so an otherwise sound retention system can fail when replacement parts, services, or compatible platforms are unavailable (node_id:s001M01ED07) (node_id:s001M01LI06). (4) Boundary evidence: the environmental subgraph directly represents external conditions, but many limitation links pool broad case evidence; adjacency therefore identifies exposure, not a demonstrated causal effect.

Integrative theoretical statement. Retention occurs only when external infrastructure and institutions permit reliable capture, and classic expert, site, and work-process capacities convert that representation back into situated action. Failure at either side leaves a digital artifact available but not retained as actionable know-how."
s001M01RRQ3,Organizational Culture Dependencies,"You are an expert academic scholar with interdisciplinary expertise in knowledge management, emerging technologies, organizational capabilities, and innovation.

Task
Analyze a case-based knowledge subgraph and develop an evidence-grounded conceptual coding of the resources and capabilities required for emerging-technology-enabled tacit knowledge retention.

Input data
Use $analyze-neo4j-knowledge-graph to quey the target sub-graph. The query cypher is as follows:
MATCH (depends:OrganizationalDependency)
WHERE depends.node_id STARTS WITH 's001'
WITH depends

OPTIONAL MATCH (thp:TraditionalHumancentralPractice)-[r:depend_on]-(depends)
WITH depends,
     COLLECT({src_node:thp, rel: r, dst_node: depends}) AS thp_depends

OPTIONAL MATCH (tep:TechnologyenablePractice)-[r:depend_on]-(depends)
WITH depends, thp_depends,
     COLLECT({src_node:tep, rel: r, dst_node: depends}) AS tep_depends

OPTIONAL MATCH (thp:TraditionalHumancentralPractice)-[r:be_constrained_by]-(lim:Limitation)
WHERE lim.node_id STARTS WITH 's001'
WITH depends, thp_depends,tep_depends,
     COLLECT({src_node:thp, rel: r, dst_node: lim}) AS thp_limits

OPTIONAL MATCH (tep:TechnologyenablePractice)-[r:be_constrained_by]-(lim:Limitation)
WHERE lim.node_id STARTS WITH 's001'
WITH depends, thp_depends,tep_depends,thp_limits,
     COLLECT({src_node:tep, rel: r, dst_node: lim}) AS tep_limits

RETURN thp_depends,
       tep_depends,
       thp_limits,
       tep_limits

Research question
How does organizational culture (e.g., trust, psychological safety, leadership support, and motivation) influence the effectiveness of technology-enabled tacit knowledge retention?

Mandatory analytical procedure
1. Inspect the evidence_statement and definition of every retrieved node. Do not only classify an element from name or category alone.
2. Inspect the evidence_statement of every relevant relationship. Treat relational evidence as the primary basis for explaining why and how one practice depends on a resource or capability.
3. Coding from two perspectives:
    * Digital-Era Specific Dependencies. This perspective evaluates how modern tech-driven practices rely on specialized cultural shifts surrounding digital familiarity, system confidence, and human-agent trust.
    * Classic Industry & Institutional Dependence. This perspective captures the foundational, long-standing organizational paradigms—such as formalized safety mindsets and turnover management—that have governed physical workspaces for generations.
4. Treat “dependency” neutrally. Do not present dependencies as benefits. Explain how they condition, enable, constrain, or interrupt retention outcomes.
5. Move beyond case description. Identify deeper cross-case mechanisms, including:
    * Necessary conditions and dependency chains
    * Complementarities among resources
    * Bottlenecks and weakest-link effects
    * Trade-offs, tensions, and contradictions
    * How technology redistributes rather than eliminates expert work
    * How digital representations become—or fail to become—actionable organizational memory
6. Distinguish technical availability from effective knowledge retention. Graph adjacency or technology adoption alone does not demonstrate retention.
7. Combine multiple cases to support each major insight. Do not list cases separately; synthesize them into a shared explanatory mechanism.
8. Identify weak, indirect, contradictory, or missing evidence. If the queried subgraph does not directly represent the external environment, explicitly state which governance or institutional evidence is used as a proxy.

Output requirements
Write approximately 300 words as a concise conceptual analysis.
Organize the answer around two perspectives, each perspective demonstrates three to five higher-order insights. For each insight:
* Name the conceptual dependency.
* Explain its mechanism.
* Integrate evidence from multiple cases.
* State its constraining or conditional implications.
Use this citation format exactly: (node_id:node_id:sXXX)
Conclude with an integrative theoretical statement explaining how digital-era and classic dependencies interact to convert—or prevent the conversion of—digital representations into retained, actionable organizational know-how.","Digital-Era Specific Dependencies. (1) Trust-to-contribution chain: generative systems, repositories, and sensors require employees to disclose experience and accept monitoring; privacy safeguards and confidence in system use condition whether the knowledge base is populated at all (node_id:s001M01OD01) (node_id:s001M01OD06) (node_id:s001M01TP08) (node_id:s001M01TP10) (node_id:s001M01TP06). (2) Leadership-to-adoption chain: sponsorship supplies legitimacy and resources, while authoritarian or weak leadership encourages resistance and underuse, interrupting capture before retention can occur (node_id:s001M01OD02) (node_id:s001M01LI09). (3) Capability-to-action chain: trained participants must interpret, validate, and apply outputs; digital familiarity complements rather than replaces professional judgment (node_id:s001M01OD05) (node_id:s001M01TP07) (node_id:s001M01TP13).

Classic Industry & Institutional Dependence. (1) Psychological safety and relational climate support storytelling, mentoring, group learning, and after-action reflection; without them, difficult incidents and intuitive judgments remain unspoken (node_id:s001M01THR08) (node_id:s001M01THR07) (node_id:s001M01THR14) (node_id:s001M01THR09) (node_id:s001M01OD06). (2) Formalization and time: governance, structured processes, and protected workload convert voluntary sharing into repeatable organizational memory, but excessive control can suppress candor (node_id:s001M01OD01) (node_id:s001M01OD04) (node_id:s001M01OD08). (3) Motivation alignment: incentives and recognition must reward contribution and reuse; otherwise repositories can exist while remaining epistemically empty (node_id:s001M01OD07) (node_id:s001M01LI10). (4) Continuity under turnover: storytelling and manual documentation reveal that retention still depends on routines for eliciting departing experts' context; a platform cannot recover knowledge that culture prevented people from articulating (node_id:s001M01THR08) (node_id:s001M01THR15) (node_id:s001M01LI10).

Integrative theoretical statement. Culture operates as a conversion mechanism: trust and safety elicit tacit knowledge, leadership and resources stabilize the digital practice, and expert participation translates representations back into work. Technical availability without this cultural chain produces capture without credible, reusable retention."
