uuid,Title,Abstract,DOI Link,Publication title,deepseek_kr_flag,qwen_kr_flag,deepseek_kr_evidence,qwen_kr_evidence,deepseek_TK_normalized,qwen_TK_normalized,deepseek_DT_flag,qwen_DT_flag,deepseek_DT_evidence,qwen_DT_evidence,deepseek_DT_normalized,qwen_DT_normalized,deepseek_article_type,qwen_article_type,deepseek_ic_label,qwen_ic_label
58951602-c83a-4a49-824a-c5a86575341f,Illustrating The Intangible Cultural Heritage Of Santhals And Kuki: Pushing The Boundaries Of Knowledge Sharing In The Era Of Technology,"By focusing on both Kuki and Santhal's intangible heritage, the paper offers holistic insights into how these communities navigate the transfer of their cultural knowledge, which further ensures that these traditions remain a dynamic force bridging all spheres of life. Through an anthropological perspective, the paper highlights the contextual understanding of the meaning-making process, a framework rooted in decolonization, and captures intangible practices with case studies related to festivals documented during the fieldwork among the Santhals and the Kukis. It attempts to reflect how cultural identity is constructed and reinforced through multisensory, performative expressions and how heritage, when intertwined with the digital revolution, offers immense possibilities to preserve heritage. As the body becomes dynamic, the focus shifts from the body as it intersects with the machine, substituting the role. Further, it discusses how digital tools from smartphones to virtual and augmented reality, GIS, and 3D Scanning facilitate both preservation and transformation of cultural knowledge, foregrounding community-led efforts to reclaim narrative agency and identity. The paper ultimately argues that effective knowledge sharing today necessitates a negotiated continuum between continuity and change where the body and the digital converge, that is ethically grounded and culturally situated. Ethical concerns surrounding digital representation and participation are addressed, alongside a call for immersive technology, culturally responsive approaches to preservation, including VR-based oral histories and blockchain-enabled tribal archives, and many more. It calls for an interdisciplinary and situated approach to digital heritage and anthropological knowledge production.  Copyright © 2025 Shrila Soren.",10.5194/isprs-archives-XLVIII-M-9-2025-1413-2025,"International Archives of the Photogrammetry, Remote Sensing and Spatial Information Sciences - ISPRS Archives",Yes,Yes,"The abstract explicitly discusses preserving intangible cultural heritage, capturing cultural knowledge, and ensuring traditions remain a dynamic force, with a focus on community-led efforts to reclaim narrative agency and identity.","The paper discusses how digital tools facilitate the preservation and transformation of cultural knowledge, which is a form of tacit knowledge embedded in social and cultural practices.",Collective Tacit Knowledge,Collective Tacit Knowledge,Yes,Yes,"The abstract discusses digital tools such as smartphones, virtual and augmented reality, GIS, 3D scanning, VR-based oral histories, and blockchain-enabled tribal archives for preservation and transformation of cultural knowledge.","The paper discusses the use of digital tools such as smartphones, virtual and augmented reality, GIS, and 3D Scanning to preserve and transform cultural knowledge.",Human–Computer Interaction and Immersive Technologies,"Human–Computer Interaction and Immersive Technologies; Imaging, Sensing, and Perception Technologies; Mobile, Social, and Communication Technologies",Case Study,Case Study,True,True
4d599183-0632-4616-b89f-68a9fa90eda0,"Unseen Seeds, Green Minds In The Digital Era: How Smes Foster Innovation Through Green Intellectual Capital, Ai, And Resource Commitment","The rapid acceleration of digital transformation has profoundly reshaped societal operations, with Artificial Intelligence (AI) and the Metaverse emerging as key drivers of change. The strategic integration of tacit knowledge and advanced technologies is crucial for enhancing innovation performance and maintaining a competitive advantage in the global economy. This study explores how tacit knowledge sharing influences innovation performance (IP), with a focus on green intellectual capital (GIC), AI, and resource commitment (RC). To examine these relationships, a survey was conducted in three phases among small and medium-sized manufacturing firms in Canada and the UAE, collecting data from 317 UAE and 383 Canadian SMEs. The findings show that GIC plays a key role in linking tacit knowledge sharing to IP, while AI influences how tacit knowledge interacts with GIC, which consists of green human, relational, and structural capital. Additionally, RC strengthens the connection be-tween GIC and IP, reinforcing the importance of resource investment in sustainability and innovation. The originality of this study comes from exploring how AI influences the connection between tacit knowledge and GIC, as well as how RC impacts the link between GIC and IP. The study also recognizes its limitations and outlines areas for future research, encouraging further research into the role of knowledge and technology in driving innovation. © 2025 Elsevier Ltd.",10.1016/j.techsoc.2025.103108,Technology in Society,Yes,Yes,"The abstract explicitly discusses 'tacit knowledge sharing' and how it influences innovation performance, implying the capture and retention of tacit knowledge from individuals and organizations.","The study explores how tacit knowledge sharing influences innovation performance, focusing on green intellectual capital, AI, and resource commitment. It discusses the strategic integration of tacit knowledge and advanced technologies.",Relational Tacit Knowledge,Relational Tacit Knowledge; Collective Tacit Knowledge,Yes,Yes,"The abstract states 'AI influences how tacit knowledge interacts with GIC', indicating digital technology (AI) is used in the context of tacit knowledge.","The study examines the role of AI in influencing how tacit knowledge interacts with green intellectual capital, which consists of green human, relational, and structural capital.",Artificial Intelligence and Intelligent Computation,Artificial Intelligence and Intelligent Computation,Empirical Study,Empirical Study,True,True
1a901e6d-d3e3-4b0b-9cfe-a42816fc3725,Ai-Powered Knowledge Ecosystems: How Knowledge Management Systems Drive Business Intelligence And Marketing Capabilities In Gulf Cooperation Council Enterprises,"The use of Knowledge Management Systems (KMS) and Artificial Intelligence (AI) remains limited in developing countries. These technologies can help organizations understand their Business Intelligence (BI) and Marketing Capability (MC), but few studies have explored this area. The present research examines the relationship between KMS and Business Intelligence Capability (BIC) across companies in the Gulf Cooperation Council (GCC), highlighting the role of AI in enhancing the marketing skills. Using a quantitative approach, data were gathered from top management via a structured questionnaire. The study breaks down KMS into three key components: Knowledge Acquisition (KA), Knowledge Sharing (KS), and Knowledge Application (KAP), examining how each affects BIC. The results show that all three processes have a positive impact on BIC. Additionally, AI serves as a moderator between the KA, application, and BICs, which also positively influence MC. This research offers valuable insights into how KMS and AI can be combined to enhance BI, providing helpful guidance for practitioners and researchers. Copyright © by the authors",10.48084/etasr.12789,"Engineering, Technology and Applied Science Research",Yes,Yes,"The abstract explicitly discusses 'Knowledge Acquisition (KA)', 'Knowledge Sharing (KS)', and 'Knowledge Application (KAP)' as components of Knowledge Management Systems, which involve capturing and retaining knowledge from the organizational environment.",The abstract discusses the use of Knowledge Management Systems (KMS) and Artificial Intelligence (AI) to understand Business Intelligence (BI) and Marketing Capability (MC). This implies capturing and retaining knowledge from organizations.,None identified,Collective Tacit Knowledge,Yes,Yes,"The abstract states that 'Knowledge Management Systems (KMS) and Artificial Intelligence (AI)' are used, and AI serves as a moderator between knowledge processes and Business Intelligence Capability.",The abstract mentions the use of Knowledge Management Systems (KMS) and Artificial Intelligence (AI) to enhance business intelligence and marketing capabilities.,Artificial Intelligence and Intelligent Computation,"Data, Information, and Knowledge Systems; Artificial Intelligence and Intelligent Computation",Empirical Study,Empirical Study,True,True
1fee803c-48b7-4b81-a162-20e489503a6b,How Can Generative Artificial Intelligence Empower Circular Supply Chain Practices? Evidence From Chinese Companies,"In the context of supply chain digitalization and the circular economy, generative artificial intelligence (GenAI) may help firms overcome persistent challenges in knowledge integration and rapid innovation iteration within circular supply chains. Drawing on the dynamic capability view (DCV) and the knowledge-based view (KBV), this study develops a theoretical model to examine the impact of GenAI on circular supply chain practices. The study focuses on the mediating roles of generative capability and iterative innovation, as well as the moderating role of circular innovation orientation. This addresses the core question of how digital technology drives value regeneration in the circular economy. Using partial least squares structural equation modeling (PLS-SEM) and survey data from 371 Chinese firms, we find that GenAI has a positive effect on circular supply chain practices, both directly and indirectly. Generative capability and iterative innovation each mediate the GenAI–circular supply chain practices relationship, and they jointly form a serial mediation pathway. Moreover, circular innovation orientation strengthens the positive effect of generative capability on iterative innovation. By conceptualizing generative capability as a higher-order dynamic capability rooted in knowledge acquisition, inheritance, and updating, this study clarifies how GenAI converts cross-generational knowledge reconfiguration into actionable circular practices. The findings extend DCV and KBV explanations of technology-enabled circular transformation, offering guidance for managers seeking to deploy GenAI for value regeneration. © 2026 The Authors.",10.1016/j.jik.2026.101002,Journal of Innovation and Knowledge,Yes,Yes,"The abstract discusses 'knowledge integration', 'knowledge acquisition, inheritance, and updating', and 'cross-generational knowledge reconfiguration', which imply capturing and retaining knowledge from the organizational environment to enable circular supply chain practices.","The abstract discusses how generative artificial intelligence (GenAI) can help firms overcome challenges in knowledge integration and rapid innovation iteration within circular supply chains, implying the capture and retention of knowledge.",None identified,Collective Tacit Knowledge,Yes,Yes,The abstract explicitly states that 'generative artificial intelligence (GenAI)' is used to help firms overcome challenges in knowledge integration and rapid innovation iteration.,The abstract mentions the use of generative artificial intelligence (GenAI) to drive value regeneration in the circular economy.,Artificial Intelligence and Intelligent Computation,Artificial Intelligence and Intelligent Computation,Empirical Study,Empirical Study,True,True
eae3afa9-3d08-4e43-b42d-e9bc52ce91a2,How Does Physician Stress Impact Knowledge-Sharing Behaviors?Evidence From Online Physician Communities,"Online physician communities play a significant role in improving physicians' mental health and facilitating professional communication. However, existing research has paid limited attention to knowledge-sharing behaviors in these online communities. This study examines how distinct categories of work stressors influence physicians' knowledge-sharing behaviors. Specifically, we establish physicians routinely encounter stressors, including work overload, ethical conflict, and technological anxiety in clinical practice, which are frequently manifested in physicians' online community discourse. Therefore, we developed a new deep learning model to detect physicians' stress levels while categorizing stressor types at the same time. To the best of our knowledge, this model represents the first dedicated assessment tool for physician mental health. Additionally, based on the Transactional Model of Stress, we propose that (1) Hindrance stressors suppress physicians' knowledge-sharing behaviors, (2) Challenge stressors promote greater participation in knowledge-sharing activities, (3) Conflict stressors simultaneously increase knowledge-seeking behaviors while reducing knowledge-contribution behaviors. Furthermore, we identify that perceived community emotional support significantly moderates the relationship between stressor types and knowledge-sharing behaviors. Those propositions are empirically substantiated through an analysis of 81,503 comments and 14,509 posts from 198 physicians in an online physician community. Our findings call for greater attention to physicians’ mental well-being as a determinant of knowledge exchange, and suggest implementing targeted content management strategies in online communities to enhance knowledge-sharing effectiveness. © 2025 Elsevier Ltd",10.1016/j.chb.2025.108849,Computers in Human Behavior,Yes,Yes,"The study examines how work stressors influence physicians' knowledge-sharing behaviors in online communities, focusing on knowledge-seeking and knowledge-contribution behaviors. It analyzes comments and posts to understand knowledge exchange, implying a focus on capturing knowledge from individual physicians' discourse.",This study examines how distinct categories of work stressors influence physicians' knowledge-sharing behaviors. ... We developed a new deep learning model to detect physicians' stress levels while categorizing stressor types at the same time. ... Perceived community emotional support significantly moderates the relationship between stressor types and knowledge-sharing behaviors.,Collective Tacit Knowledge,Relational Tacit Knowledge,Yes,Yes,"The study developed a new deep learning model to detect physicians' stress levels and categorize stressor types from online community discourse, which is used to analyze knowledge-sharing behaviors.",We developed a new deep learning model to detect physicians' stress levels while categorizing stressor types at the same time.,Artificial Intelligence and Intelligent Computation,Artificial Intelligence and Intelligent Computation,Empirical Study,Empirical Study,True,True
9bab7f3a-f99a-4248-90cc-855b2b09ecc7,Promoting Domestic Fire-Safety: Virtual Drills As A Training Tool For Citizens,"Promoting domestic fire safety is crucial for preventing and effectively managing risky situations. This study evaluated the effectiveness of virtual environments (VEs) in fire drills to improve citizens’ knowledge and safe behavior in domestic settings. Conducted at the Citizen School for Risk Prevention (CSRP) in Zaragoza (Spain), the experiment involved 20 participants facing a simulated kitchen fire using a combination of physical and virtual extinguishing equipment. A theoretical session accompanied the drills to reinforce learning. Participants were divided into two groups: one completed the drill before and after the theoretical session, while the other completed it only afterward. Performance was assessed based on the ability to extinguish, control, or lose control of the fire. Surveys administered before, immediately after, and three months after training measured knowledge retention and behavioral changes. The results indicate a significant improvement in fire safety awareness and lasting adoption of safe practices. Participants also emerged as safety advocates. This study highlights the potential of combining theoretical instruction with immersive practical training and identifies strategies for replicating this approach in other prevention schools. © 2025 by the authors.",10.3390/fire8080286,Fire,Yes,Yes,"The study evaluates the effectiveness of virtual environments in fire drills to improve citizens' knowledge and safe behavior. Surveys measured knowledge retention and behavioral changes, indicating lasting adoption of safe practices. This implies knowledge was captured and retained from the training experience.","Participants were divided into two groups: one completed the drill before and after the theoretical session, while the other completed it only afterward. Surveys administered before, immediately after, and three months after training measured knowledge retention and behavioral changes. The results indicate a significant improvement in fire safety awareness and lasting adoption of safe practices.",Somatic Tacit Knowledge,Collective Tacit Knowledge,Yes,Yes,The study used virtual environments (VEs) and a simulated kitchen fire with physical and virtual extinguishing equipment to train and assess participants' knowledge and behavior.,This study evaluated the effectiveness of virtual environments (VEs) in fire drills to improve citizens’ knowledge and safe behavior in domestic settings. Participants faced a simulated kitchen fire using a combination of physical and virtual extinguishing equipment.,Human–Computer Interaction and Immersive Technologies,"Human–Computer Interaction and Immersive Technologies; Cyber-Physical Systems, IoT, and Smart Environments",Empirical Study,Empirical Study,True,True
0de139df-102b-420a-8fd1-2c0fde228265,Smartread: A Multimodal Ereading Platform Integrating Computing And Gamification To Enhance Student Engagement And Knowledge Retention,"This paper explores the integration of computing and multimodal technologies into personal reading practices to enhance student engagement and knowledge assimilation in higher education. In response to a documented decline in voluntary academic reading, we investigated how technology-enhanced reading environments can re-engage students through interactive and personalized experiences. Central to this research is SmartRead, a proposed multimodal eReading platform that incorporates gamification, adaptive content delivery, and real-time feedback mechanisms. Drawing on empirical data collected from students at a higher education institution, we examined how features such as progress tracking, motivational rewards, and interactive comprehension aids influence reading behavior, engagement levels, and information retention. Results indicate that such multimodal interventions can significantly improve learner outcomes and user satisfaction. This paper contributes actionable insights into the design of innovative, accessible, and pedagogically sound digital reading tools and proposes a framework for future eReading technologies that align with multimodal interaction principles. © 2025 by the authors.",10.3390/mti9100101,Multimodal Technologies and Interaction,Yes,Yes,"The study explores how technology-enhanced reading environments can re-engage students and enhance knowledge assimilation and retention. Results indicate that multimodal interventions improve learner outcomes and information retention, implying knowledge capture and retention.",We investigated how technology-enhanced reading environments can re-engage students through interactive and personalized experiences. Results indicate that such multimodal interventions can significantly improve learner outcomes and user satisfaction.,None identified,Collective Tacit Knowledge,Yes,Yes,"The study proposes SmartRead, a multimodal eReading platform incorporating gamification, adaptive content delivery, and real-time feedback mechanisms to enhance engagement and knowledge retention.","This paper explores the integration of computing and multimodal technologies into personal reading practices to enhance student engagement and knowledge assimilation in higher education. Central to this research is SmartRead, a proposed multimodal eReading platform that incorporates gamification, adaptive content delivery, and real-time feedback mechanisms.",Human–Computer Interaction and Immersive Technologies,"Human–Computer Interaction and Immersive Technologies; Data, Information, and Knowledge Systems",Empirical Study,Empirical Study,True,True
6d8611ac-0205-4238-99ee-d799c9fbadf7,Developing A Knowledge Management Model For A Small It Business,"Knowledge management (KM) is a critical process for organizations aiming to maintain competitiveness and drive innovation. Small businesses, however, often struggle to retain and circulate knowledge, particularly in the face of high staff turnover and dynamic market conditions. This study presents the design and implementation of a customized KM model for a small IT company specializing in cybersecurity. The proposed model is aligned with the company's value chain and strategic planning, integrating G Suite tools to streamline knowledge processes and incorporating an automated idea tank to foster innovation. Developed through an iterative methodology, the model was validated and refined using feedback from organizational stakeholders. The results demonstrate that small IT firms can effectively mitigate knowledge loss and enhance innovation by adopting practical, technology-supported KM practices. Although tailored to a specific organization, the model offers transferable components and actionable insights for similar enterprises. This research highlights the strategic role of KM in enabling agility, competitiveness, and sustainable growth in rapidly changing environments. © 1973-2011 IEEE.",10.1109/EMR.2026.3658226,IEEE Engineering Management Review,Yes,Yes,"The abstract explicitly states the study 'presents the design and implementation of a customized KM model for a small IT company... to streamline knowledge processes' and 'mitigate knowledge loss', indicating a focus on capturing and retaining knowledge from the organizational environment.","The abstract discusses the design and implementation of a customized KM model for a small IT company, which aims to mitigate knowledge loss and enhance innovation.",Other (General organizational knowledge),Relational Tacit Knowledge,Yes,Yes,"The abstract states the model 'integrating G Suite tools to streamline knowledge processes and incorporating an automated idea tank to foster innovation', indicating digital technologies are used to support knowledge management.",The proposed model integrates G Suite tools to streamline knowledge processes and incorporates an automated idea tank to foster innovation.,"Data, Information, and Knowledge Systems","Data, Information, and Knowledge Systems; Rule-Based, Decision, and Expert Systems",Case Study,Empirical Study,True,True
2e9dc1f7-5a44-48e5-8c5b-f6562b91daf7,Capturing And Sharing Know-How Through Visual Process Representations: A Human-Centred Approach To Teacher Workflows,"Knowledge Management is crucial for capturing and transferring expertise within universities, especially in high staff turnover contexts where expertise loss disrupts teaching. Documenting teachers' workflows is time-intensive and diverts experts from core responsibilities. Sequential Pattern Mining (SPM) leverages log data to identify expert workflows, offering an automated alternative to represent workflows but requiring transformation into intuitive formats for novice educators. This paper introduces Visual Process Representations (VPR), a design approach combining SPM, Knowledge Management processes, and storytelling techniques to convert expert log data into clear visualisations. We detail the design phases and report a study evaluating visual affordances (text lists vs. pictorial-style) and teachers' perceptions of four versions of the VPR with 160 higher teachers on Prolific, an online research platform. Results indicate improved task performance, usability, and engagement, particularly with enriched visuals, though process memorability and task time improvements were limited. The findings highlight VPR's potential to visualise workflows and support novice educators. © 2026 The Author(s). Published by Informa UK Limited, trading as Taylor & Francis Group.",10.1080/0144929X.2026.2636694,Behaviour and Information Technology,Yes,Yes,"The abstract explicitly states: 'Knowledge Management is crucial for capturing and transferring expertise within universities, especially in high staff turnover contexts where expertise loss disrupts teaching.' It also discusses using Sequential Pattern Mining to identify expert workflows and Visual Process Representations to capture and share know-how.","The study introduces Visual Process Representations (VPR), a design approach combining SPM, Knowledge Management processes, and storytelling techniques to convert expert log data into clear visualizations, aiming to capture and transfer expertise within universities, especially in high staff turnover contexts where expertise loss disrupts teaching.",Collective Tacit Knowledge,Relational Tacit Knowledge,Yes,Yes,"The abstract states: 'Sequential Pattern Mining (SPM) leverages log data to identify expert workflows, offering an automated alternative to represent workflows' and 'Visual Process Representations (VPR), a design approach combining SPM, Knowledge Management processes, and storytelling techniques to convert expert log data into clear visualisations.'",The study uses Sequential Pattern Mining (SPM) to leverage log data to identify expert workflows and converts this data into intuitive formats for novice educators.,"Data, Information, and Knowledge Systems","Data, Information, and Knowledge Systems",Empirical Study,Empirical Study,True,True
aac76a34-cb38-4447-9aa3-cd9d44fe1dd7,Redefining Work In The Supply Chain: Combining Digital Technologies And Knowledge Sharing For A Smart Working Environment,"Supply chains are undergoing rapid digital transformation, yet little is known about how digital technologies reshape workers' activities and the role of knowledge sharing in this process. A human-centered perspective is essential to align process improvements with worker outcomes. This study investigates how digital technologies support core supply chain management (SCM) activities, how knowledge-sharing practices influence them, and how their interaction affects supply chain performance and worker outcomes. We surveyed 370 companies and applied regression models to examine the relationships between digital technology adoption, knowledge sharing, SCM activities, and performance outcomes. To contextualize the survey findings, we conducted a post-hoc qualitative longitudinal case study of a supply chain digitalization project involving the focal company and six key partners—three suppliers and three customers. Results show that digital technologies enable smart working environments, enhancing SCM processes and outcomes. However, knowledge sharing interacts negatively with digital technologies in supporting workers’ SCM activities: explicit knowledge sharing becomes less critical with front-end smart working technologies, while tacit knowledge sharing is less necessary with extensive use of base digital technologies. Front-end technologies influence worker outcomes indirectly through their effects on SCM activities, whereas base technologies have both direct and mediated effects on worker outcomes and supply chain performance. The qualitative findings reveal the distinct digital capabilities implemented and their impact on workers. These findings challenge the assumption that knowledge sharing always complements digital tools, suggesting that digitalization can reduce reliance on external knowledge and offer managerial insights for designing human-centered smart work environments. © 2025 Elsevier B.V.",10.1016/j.ijpe.2025.109860,International Journal of Production Economics,Yes,Yes,"The abstract explicitly discusses knowledge sharing practices and their role in supply chain management, stating 'how knowledge-sharing practices influence them' and 'knowledge sharing interacts negatively with digital technologies in supporting workers’ SCM activities'. This implies capturing and retaining knowledge from individuals and the organizational environment.","The abstract discusses how digital technologies support core supply chain management (SCM) activities and how knowledge-sharing practices influence them. It also mentions that explicit and tacit knowledge sharing is less critical with the use of front-end and base digital technologies, implying that these technologies are used to capture or retain knowledge.",Collective Tacit Knowledge,Collective Tacit Knowledge; Relational Tacit Knowledge,Yes,Yes,"The abstract states 'digital technologies enable smart working environments, enhancing SCM processes and outcomes' and discusses 'front-end smart working technologies' and 'base digital technologies' in relation to knowledge sharing, implying their use in capturing or retaining knowledge.","The abstract explicitly states that digital technologies support core SCM activities and that the interaction between digital technologies and knowledge sharing affects supply chain performance and worker outcomes. It also mentions that explicit and tacit knowledge sharing is less critical with the use of front-end and base digital technologies, implying that these technologies are used to capture or retain knowledge.","Cyber-Physical Systems, IoT, and Smart Environments","Cyber-Physical Systems, IoT, and Smart Environments; Human–Computer Interaction and Immersive Technologies",Empirical Study,Empirical Study,True,True
0df16fd2-fe6b-4637-a393-7df873fa2274,"Harnessing Ai-Metaverse Synergies For Smart Sustainability: A Knowledge Management Perspective On Immersion, Ethics, And Decentralization","Businesses are increasingly using technology to assist in running their organizations. AI and the metaverse together have the potential to reform knowledge management with sustainable opportunities. This study discusses the impact of immersive digital environments and decentralized AI-based architecture on smart knowledge systems and cognitive transformation. This study further examines how these mechanisms foster sustainability-driven business models and resilient knowledge ecosystems. A structural model was tested with data of 290 professionals. The findings reveal that immersive and decentralized technologies advance organizational knowledge systems and induce cognitive transformation in employees, resulting in sustainable business models and resilient ecosystems. Mediation analysis reveals that immersive and decentralized technologies translate into strategic outcomes through knowledge systems and cognitive transformation. However, cognitive transformation fails to mediate the decentralization and resilience nexus. This implies the need for knowledge systems to support transformation, but systematically. Building on the socio-technical systems theory, the study concludes that for digital transformation to occur, the system-level processes and the forces driving cognitive change must also coincide to drive sustainability. The findings present ethical dimensions underlying AI-driven knowledge systems related to transparency, trust, and inclusion. © 2026 Elsevier Ltd.",10.1016/j.techsoc.2026.103234,Technology in Society,Yes,Yes,"The abstract discusses how AI and metaverse synergies can reform knowledge management, advance organizational knowledge systems, and induce cognitive transformation in employees, implying knowledge capture and retention.","The abstract discusses the impact of immersive digital environments and decentralized AI-based architecture on smart knowledge systems and cognitive transformation, which implies capturing and retaining knowledge from organizational environments.",Collective Tacit Knowledge,Collective Tacit Knowledge,Yes,Yes,"The abstract explicitly mentions AI and metaverse technologies as mechanisms that foster knowledge systems and cognitive transformation, implying their use in capturing or retaining knowledge.",The abstract mentions the use of immersive digital environments and decentralized AI-based architecture to advance organizational knowledge systems and induce cognitive transformation.,Artificial Intelligence and Intelligent Computation,Human–Computer Interaction and Immersive Technologies; Artificial Intelligence and Intelligent Computation,Empirical Study,Empirical Study,True,True
a3b7239a-ce83-4f1e-a38f-5fcd4c915182,Deep Learning Models For Cultural Pattern Recognition: Preserving Intangible Heritage Of Li Ethnic Subgroups Through Intelligent Documentation Systems,"This study develops an advanced intelligent documentation system using deep learning models to preserve intangible cultural heritage for the Li ethnic minorities. Traditional heritage documentation models face significant obstacles in systematically capturing oral traditions and inter-group cultural differences. The proposed comprehensive multimodal fusion framework integrates visual pattern analysis through convolutional neural networks, temporal cultural depiction via bidirectional LSTM networks, and semantic comprehension using transformer-based models. Collaborative fieldwork across five Li subgroups (Ha, Qi, Run, Sai, and Meifu) in Hainan Province documented 4,450 cultural samples, including traditional textiles, music, oral traditions, artifacts, and architectural heritage. The five-layer distributed system architecture employs pattern recognition, semantic indexing, and recommendation algorithms for scalable cultural preservation. Experimental results demonstrate remarkable 94.8% accuracy across Li subgroups, significantly outperforming traditional single-modality systems (CNN: 85.3%, RNN: 87.6%, Transformer: 89.4%). System implementation yielded unprecedented improvements in cultural transmission effectiveness: 73% increase in knowledge retention, 121% in skill transfer, and 280% in digital archiving abilities. Community participation increased exponentially, with 340% growth in active users and a 665% increase in monthly contributions. The system achieves robust operational performance with sub-200ms response times and 99.7% stability. User satisfaction and expert evaluation scores of 4.4 and 4.6, respectively, confirm reliable cultural preservation functionality. This framework establishes advanced benchmarks for computational heritage preservation methods, demonstrating the effective integration of technological innovation with ethnographic sensitivity for the sustainable documentation and transmission of minority cultures. © 2025, Future Publishing LLC. All rights reserved.",10.55670/fpll.futech.4.3.12,Future Technology,Yes,Yes,"The abstract explicitly discusses preserving intangible cultural heritage for Li ethnic minorities through an intelligent documentation system, with goals of 'preserving intangible cultural heritage', 'sustainable documentation and transmission of minority cultures', and measuring 'knowledge retention' and 'digital archiving abilities'.",The study develops an advanced intelligent documentation system using deep learning models to preserve intangible cultural heritage for the Li ethnic minorities. The system aims to capture and retain oral traditions and inter-group cultural differences.,Collective Tacit Knowledge,Collective Tacit Knowledge; Collective Tacit Knowledge,Yes,Yes,"The abstract explicitly describes using deep learning models (convolutional neural networks, bidirectional LSTM networks, transformer-based models) in a 'comprehensive multimodal fusion framework' and a 'five-layer distributed system architecture' to capture, document, and preserve cultural knowledge.","The proposed comprehensive multimodal fusion framework integrates visual pattern analysis through convolutional neural networks, temporal cultural depiction via bidirectional LSTM networks, and semantic comprehension using transformer-based models.",Artificial Intelligence and Intelligent Computation,Artificial Intelligence and Intelligent Computation; Artificial Intelligence and Intelligent Computation; Artificial Intelligence and Intelligent Computation,Empirical Study,Empirical Study,True,True
2a2e41fa-7d41-4a4b-a243-2a5c44db1a0e,Exploring The Impact Of Virtual Reality On Gen Z Students In Preserving The Cultural Heritage Of Karapan Sapi,"This study explores the use of virtual reality (VR) technology to maintain and revitalize the traditional cultural practice of Karapan Sapi, the bull racing tradition of Madura, Indonesia. Innovative strategies are needed to engage younger generations in cultural heritage, as globalization and technological progress increasingly distance them from their cultural roots. While VR has been applied in education and tourism, its role in preserving ethnosport traditions like Karapan Sapi remains underexplored. VR has distinctive prospects for crafting immersive and interactive experiences that augment user engagement and bolster cultural conservation. Eighty-five Gen Z participants (aged 20-24) were recruited, with exclusions applied for individuals familiar with the tradition and those with vertigo or migraines. Data were collected through pre- and postexperience knowledge tests, an unannounced two-week follow-up test, and 20 question surveys that covers engagement, immersion, learning interest, cultural preservation, and technology’s role. Structural Equation Modeling (SEM-PLS) was employed to validate the relationships among constructs. The results revealed substantial knowledge gains, with average scores rising from 20.35% (pre-test) to 78.70% (post-test) and stabilizing at 69% in follow-up, demonstrating effective knowledge retention. Survey responses showed high internal consistency (e.g., Engagement α = 0.923; Cultural Preservation α = 0.920), confirming reliability. The SEM-PLS analysis indicated strong path coefficients, particularly between immersion and learning interest (β = 0.742) and engagement and cultural preservation (β = 0.969), highlighting VR’s ability to stimulate curiosity and foster heritage appreciation. This study highlights the potential of virtual reality (VR) as a useful instrument for preserving cultural heritage. It also provides a fresh way to interact with the digital generation and encourage the continued applicability of ancient traditions in the contemporary environment. Copyright (c) 2026 The Authors. This work is licensed under a Creative Commons Attribution-NonCommercial-NoDerivatives 4.0 International License.",10.31893/multiscience.2026260,Multidisciplinary Science Journal,Yes,Yes,"The abstract discusses using VR technology to 'maintain and revitalize the traditional cultural practice of Karapan Sapi' and 'preserving cultural heritage', which involves capturing and retaining knowledge about this traditional practice from the cultural environment.","The study explores the use of virtual reality (VR) technology to maintain and revitalize the traditional cultural practice of Karapan Sapi, aiming to preserve cultural heritage and engage younger generations.",Collective Tacit Knowledge,Collective Tacit Knowledge,Yes,Yes,The abstract explicitly states: 'This study explores the use of virtual reality (VR) technology to maintain and revitalize the traditional cultural practice of Karapan Sapi' and 'VR has distinctive prospects for crafting immersive and interactive experiences that augment user engagement and bolster cultural conservation.',The study uses virtual reality (VR) technology to create immersive and interactive experiences to preserve and revitalize the cultural heritage of Karapan Sapi.,Human–Computer Interaction and Immersive Technologies,Human–Computer Interaction and Immersive Technologies,Empirical Study,Empirical Study,True,True
6c865090-4d0e-47f5-aadc-bcc88e6f4f43,E-Learning Integration And Teaching Strategies To Enhance Knowledge Retention In Higher Education,"This research investigates the impact of e-learning integration (ELI), teaching methods (TM), and active learning strategies (ALS) on knowledge retention (KR) in higher education institutions, focusing on Omani institutions as representatives of the Gulf region. Mediating factors include Cognitive Load Management (CLM) and Personalized Learning (PL), while moderating variables encompass Student Engagement (SE), Cultural Factors (CF), and Innovative Educational Technologies (IET). The study uses Structural Equation Modeling (SEM) to look at 839 responses and find both direct and indirect links between these variables. It then makes suggestions for how technology can be used in schools to help students learn better. The findings aim to improve local educational practices, which may also benefit diverse global contexts, particularly in developing countries where English is not the primary language. Results indicate that ELI positively affects KR (B = 0.39, p = 0.000), followed by TM (B = 0.297, p = 0.000) and ALS (B = 0.091, p = 0.001). Additionally, CLM and PL partially mediate the relationships between ELI, TM, and ALS on KR, showing significant indirect effects (std. c =-0.043, t = 3.164; std. c =-0.013, t = 4.108). Cultural Factors (CF) significantly interact with ALS, enhancing its contribution to KR (B = 0.054, p = 0.037). This study underscores the significance of integrating ELI, TM, and ALS to enhance KR among Gulf students, emphasizing the significance of cultural influences in contrast to Western contexts that tend to minimize them. © 2025 by the authors.",10.28991/ESJ-2025-09-02-017,Emerging Science Journal,Yes,Yes,"The abstract explicitly investigates the impact of e-learning integration, teaching methods, and active learning strategies on knowledge retention in higher education. It uses Structural Equation Modeling to analyze 839 responses and find direct and indirect links between these variables and knowledge retention.","This research investigates the impact of e-learning integration (ELI), teaching methods (TM), and active learning strategies (ALS) on knowledge retention (KR) in higher education institutions, focusing on Omani institutions as representatives of the Gulf region. The findings aim to improve local educational practices, which may also benefit diverse global contexts, particularly in developing countries where English is not the primary language.",Collective Tacit Knowledge,Relational Tacit Knowledge,Yes,Yes,The study investigates e-learning integration (ELI) and innovative educational technologies (IET) as factors affecting knowledge retention. It uses Structural Equation Modeling (SEM) to analyze data.,The study uses Structural Equation Modeling (SEM) to look at 839 responses and find both direct and indirect links between these variables. It then makes suggestions for how technology can be used in schools to help students learn better.,"Mobile, Social, and Communication Technologies","Data, Information, and Knowledge Systems",Empirical Study,Empirical Study,True,True
a4e15449-0e5e-496f-be04-cba15158d69e,Effective Enablers And Tools For Inhabitants’ Knowledge Acquisition In Public Policymaking Organizations: A Delphi Study In Gcc Countries,"Purpose: This study aims to investigate the most effective enablers and tools for inhabitants’ knowledge acquisition in public policymaking organizations. Design/methodology/approach: Based on a literature review, the study summarized 51 individual, organizational, technological and inhabitant-related enablers of inhabitants’ knowledge acquisition, as well as 36 technological and social tools. The study assessed the effectiveness of these enablers and tools based on two rounds of a Delphi study targeting 31 policymakers in the Gulf Cooperation Council (GCC) countries. Kendall’s coefficient of concordance was assessed to determine consensus among participating policymakers. Findings: The findings indicate that the most effective enablers were inhabitants’ willingness to get involved, information technology (IT) infrastructure, IT staff support and inhabitants’ trust in policymakers. Additionally, the study found that the most effective tools for inhabitants’ knowledge acquisition included meetings, interviews, social media and field visits. Originality/value: Inhabitants’ knowledge acquisition is an important social and economic force that will drive change in any society by enabling the implementation of innovative ideas and practices. A review of the relevant research shows that despite the usability of inhabitants’ knowledge, the degree to which inhabitants’ knowledge acquisition is integrated into the public policymaking system remains unclear. This study of inhabitants’ knowledge acquisition from the policymaker perspective provides a better understanding of the inhabitants’ knowledge acquisition process in policymaking organizations. © 2024, Emerald Publishing Limited.",10.1108/VJIKMS-01-2023-0001,VINE Journal of Information and Knowledge Management Systems,Yes,Yes,"The abstract explicitly investigates enablers and tools for inhabitants' knowledge acquisition in public policymaking organizations. It focuses on how policymakers can acquire knowledge from inhabitants, which involves capturing knowledge from individuals.","This study aims to investigate the most effective enablers and tools for inhabitants’ knowledge acquisition in public policymaking organizations. The findings indicate that the most effective enablers were inhabitants’ willingness to get involved, information technology (IT) infrastructure, IT staff support, and inhabitants’ trust in policymakers. Additionally, the study found that the most effective tools for inhabitants’ knowledge acquisition included meetings, interviews, social media, and field visits.",Relational Tacit Knowledge,Relational Tacit Knowledge,Yes,Yes,"The abstract identifies social media as an effective tool for inhabitants' knowledge acquisition, which is a digital technology. It also mentions information technology (IT) infrastructure and IT staff support as enablers.",The study assesses the effectiveness of these enablers and tools based on two rounds of a Delphi study targeting 31 policymakers in the Gulf Cooperation Council (GCC) countries. Information technology (IT) infrastructure and IT staff support are mentioned as effective enablers.,"Mobile, Social, and Communication Technologies","Mobile, Social, and Communication Technologies; Data, Information, and Knowledge Systems",Empirical Study,Empirical Study,True,True
4a187045-3e84-4c9b-a586-63917fb7bd77,"Augmented Reality And Embodied Learning: Effects Of Embodiment Degrees On Students’ Learning Achievement, Cognitive Load, And Technology Acceptance","Introduction: Embodiment in augmented reality has attracted increasing attention in educational research. This study investigated how the degree of embodied experience in augmented reality affects high school students’ learning achievement, cognitive load, and technology acceptance. Methods: Drawing on embodied cognition and the Cone of Experience, augmented reality learning tasks were designed with different degrees of embodied experience and implemented in biology instruction on cell structure. A total of 122 Chinese high school students participated and were assigned to either low- or high-embodiment augmented reality experiences. Data were analyzed using analyses of covariance, with learners’ prior knowledge scores entered as a covariate to control for pre-existing differences in knowledge level. Results: Students who engaged in high-embodiment augmented reality achieved better learning performance in both knowledge retention and transfer, and they also reported significantly lower cognitive load. In terms of technology acceptance, high-embodiment augmented reality enhanced perceived usefulness, while low-embodiment augmented reality was associated with higher perceived ease of use. Discussion: These findings demonstrate that the degree of embodiment in augmented reality experiences differentially influences learning achievement, cognitive load, and technology acceptance, offering empirical evidence and practical guidance for optimizing embodied augmented reality design in education. Copyright © 2026 Suo, Yin and Feng.",10.3389/fpsyg.2025.1712261,Frontiers in Psychology,Yes,Yes,"The abstract investigates how embodied augmented reality affects learning achievement, including knowledge retention and transfer. It explicitly measures knowledge retention as a learning outcome.","This study investigated how the degree of embodied experience in augmented reality affects high school students’ learning achievement, cognitive load, and technology acceptance. Students who engaged in high-embodiment augmented reality achieved better learning performance in both knowledge retention and transfer, and they also reported significantly lower cognitive load.",Somatic Tacit Knowledge,Somatic Tacit Knowledge,Yes,Yes,The abstract explicitly uses augmented reality (AR) as a digital technology to deliver embodied learning experiences and measures its effect on knowledge retention and transfer.,"The study designed augmented reality learning tasks with different degrees of embodied experience and implemented them in biology instruction on cell structure. High-embodiment augmented reality enhanced perceived usefulness, while low-embodiment augmented reality was associated with higher perceived ease of use.",Human–Computer Interaction and Immersive Technologies,Human–Computer Interaction and Immersive Technologies,Empirical Study,Empirical Study,True,True
b9ce2ded-d9f3-499b-8bde-08b87bcdff83,Empirical Study On Boundary-Spanning Search And Organizational Agility: Based On Spss Data Analysis Technology And Amos Structural Equation Model,"Organizational agility has garnered significant attention from both academics and practice as a crucial element for firms to improve and sustain their market competitiveness. Nevertheless, current research does not investigate the formation mechanism of organizational agility from the standpoint of knowledge sources. This study integrates dynamic capability theory and knowledge management theory to develop a model wherein knowledge sharing functions as a mediating variable, investigating the influence of boundary-spanning search on organizational agility. Using SPSS data analysis techniques and the AMOS structural equation model to conduct hypothesis testing on survey questionnaires from 297 enterprises in China, the following conclusions were drawn: The breadth and depth of boundary-spanning search positively influence organizational agility; they also enhance knowledge sharing. Furthermore, the breadth and depth of boundary-spanning search positively affect organizational agility, partially mediated by knowledge sharing; through the combination of models and cloud computing technology, it promotes the construction of bridges between academic research and business practice, and allows deep causal insights to be more directly transformed into measurable and operational competitive advantages of enterprises. The research findings elucidate the impact of boundary-spanning search on organizational agility and furnish theoretical guidelines for managers to surmount knowledge and resource constraints, adapt swiftly to environmental fluctuations, and capitalize on opportunities. At the same time, this paper combines the AMOS model with cloud computing technology, which essentially transforms the validative statistical model into digital processing, innovating the paradigm of data science and computing technology driving business.  © 2025 Copyright held by the owner/author(s).",10.1145/3788910.3788961,"Proceedings of 2025 International Conference on Digital Society and Intelligent Computing, ICDSIC 2025",Yes,Yes,"The abstract discusses 'knowledge sharing' as a mediating variable and 'boundary-spanning search' as a way to overcome 'knowledge and resource constraints', implying the capture and retention of knowledge from the organizational environment.","The study investigates the influence of boundary-spanning search on organizational agility, with knowledge sharing as a mediating variable. The breadth and depth of boundary-spanning search positively affect organizational agility, partially mediated by knowledge sharing.",Collective Tacit Knowledge,Relational Tacit Knowledge; Collective Tacit Knowledge,Yes,Yes,"The abstract mentions 'cloud computing technology' and 'AMOS structural equation model' used to transform the statistical model into digital processing, which facilitates the capture and transfer of knowledge.","Using SPSS data analysis techniques and the AMOS structural equation model to conduct hypothesis testing on survey questionnaires from 297 enterprises in China. The research combines the AMOS model with cloud computing technology, which essentially transforms the validative statistical model into digital processing.","Data, Information, and Knowledge Systems","Data, Information, and Knowledge Systems; Others(*)",Empirical Study,Empirical Study,True,True
beb5346e-c4b0-40d8-828e-5886f7711f2a,Developing Future Specialists' Competencies Through A Digital Reflective Learning Model At The University,"The study examines the development of a reflexive ICT-based system aimed at improving the professional education of bachelor students in the natural sciences, with a focus on strengthening methodological training and digital competence. Modern higher education faces growing demands for innovation, technological readiness, and quality improvement in health sciences, which requires students to work confidently with digital tools, analyze their own learning processes, and make independent pedagogical and professional decisions. The proposed reflexive system is based on principles of self-regulation, reflective analysis, and active student engagement within an integrated information and educational environment. It includes electronic learning resources, blended learning, AR and VR tools, project work, and systematic development of reflective skills. A three-year experiment with bachelor students showed that the implementation of this system improved methodological competence, knowledge retention, digital literacy, motivation for professional activity, and the ability to organize and regulate learning. The results confirm that a reflexive ICT-supported approach increases the quality of training in fields where digital competencies and laboratory readiness are essential, including chemistry, biomedical sciences, and health sciences. By strengthening reflective thinking and the effective use of digital technologies, the system prepares students for current educational standards and supports the transition to flexible, competence-oriented models of professional education. © 2025 Journal of Advanced Pharmacy Education & Research.",10.51847/Jv6ekmRXsz,Journal of Advanced Pharmacy Education and Research,Yes,Yes,"The abstract discusses a 'reflexive ICT-based system' that includes 'systematic development of reflective skills' and aims to improve 'knowledge retention' and 'the ability to organize and regulate learning', implying capture and retention of knowledge from individuals.","The proposed reflexive system is based on principles of self-regulation, reflective analysis, and active student engagement within an integrated information and educational environment. It includes electronic learning resources, blended learning, AR and VR tools, project work, and systematic development of reflective skills.",Collective Tacit Knowledge,Collective Tacit Knowledge; Relational Tacit Knowledge,Yes,Yes,"The abstract explicitly states the system is 'ICT-based' and includes 'electronic learning resources, blended learning, AR and VR tools' to support reflective learning and knowledge retention.","The proposed reflexive system includes electronic learning resources, blended learning, AR and VR tools, project work, and systematic development of reflective skills.",Human–Computer Interaction and Immersive Technologies,"Human–Computer Interaction and Immersive Technologies; Data, Information, and Knowledge Systems",Empirical Study,Empirical Study,True,True
6c6706ac-dc22-4d85-9ac9-459dc09cc9f0,Shareflows: Seamless Knowledge Capture And Proactive Push For Efficient Teacher Workflows In Higher Education,"High staff turnover in higher education often burdens teachers with laborious handovers of teaching tasks every semester. To boost teachers' workflow efficiency, we present an innovative knowledge management tool that allows experienced teachers to seamlessly capture task steps (i.e., denoted as ShareFlow) that can be subsequently recommended to novices via proactive push, all happening during teachers' natural workflow to minimize disruptions. We conducted a controlled experiment with 30 participants and compared our tool against a state-of-the-art baseline knowledge management system powered by a large language model (Claude 3 Haiku). We found that our knowledge management tool reduced task completion time and improved task quality (with statistical significance). Feedback from the participants also indicated the high usability of our tool, suggesting its strong potential for practical adoption for improving teacher workflows.  © 2025 Copyright held by the owner/author(s).",10.1145/3708359.3712138,"International Conference on Intelligent User Interfaces, Proceedings IUI",Yes,Yes,"The abstract explicitly states the tool allows 'experienced teachers to seamlessly capture task steps (i.e., denoted as ShareFlow) that can be subsequently recommended to novices via proactive push'. This is a clear mechanism for capturing and retaining knowledge from individuals (experienced teachers) for use by others.","The abstract discusses an innovative knowledge management tool that allows experienced teachers to seamlessly capture task steps (ShareFlow) and recommend them to novices via proactive push, aiming to retain and transfer tacit knowledge.",Relational Tacit Knowledge,Relational Tacit Knowledge,Yes,Yes,The abstract describes a 'knowledge management tool' that uses 'proactive push' and was compared against a 'state-of-the-art baseline knowledge management system powered by a large language model (Claude 3 Haiku)'. This indicates digital technology is used to capture and retain the knowledge.,The abstract mentions the use of a knowledge management tool and a state-of-the-art baseline knowledge management system powered by a large language model (Claude 3 Haiku) to capture and transfer task steps.,"Data, Information, and Knowledge Systems","Data, Information, and Knowledge Systems; Artificial Intelligence and Intelligent Computation",Empirical Study,Empirical Study,True,True
d2d5b162-48c0-411e-9c8b-b39bd5d2f4f8,Evaluating Knowledge Gain And Retention In Iot Circuit Assembly Using Mobile Augmented Reality Technology,"Augmented Reality (AR) offers potential benefits in assembly training, yet there is a scarcity of research on knowledge retention when utilizing 3D model and animation overlays through Mobile Augmented Reality (MAR). This study investigates the influence of MAR applications, leveraging the signaling principle through 3D animated models, on knowledge gain and retention in a complex Internet of Things (IoT) assembly task. In this regard, this study developed a MAR framework and application to facilitate IoT assembly training. A comparative study was conducted with 40 participants, equally distributed between the MAR and paper manual groups based on prior knowledge and AR familiarity. The evaluation consisted of three phases: a pre-test, an immediate post-test, and a delayed post-test. Data collection involved knowledge tests, task completion time, error rates, usability and subjective feedback. Results showed significant knowledge gain in both groups, with the MAR group achieving a 21% increase and the paper group 15%. In terms of knowledge retention, both approaches were equally effective in helping users retain knowledge and improve task completion performance by reducing task completion time. Notably, the MAR group (0.5 error rate) made fewer errors than the paper group (1.35 error rate). Additionally, MAR demonstrated higher effectiveness based on Perceived Usefulness, Ease of Use, and the NASA Task Load Index. These findings suggest that while both methods support knowledge retention, MAR with better accuracy and usability, making it a valuable tool for IoT assembly training. © 2025 Wiley Periodicals LLC.",10.1002/cae.70045,Computer Applications in Engineering Education,Yes,Yes,"The abstract explicitly investigates knowledge gain and knowledge retention in IoT circuit assembly using Mobile Augmented Reality (MAR). It measures knowledge retention through delayed post-tests, indicating a focus on retaining knowledge from training.","The abstract investigates the influence of MAR applications on knowledge gain and retention in a complex IoT assembly task. It specifically mentions knowledge retention and gain, indicating the capture and retention of knowledge.",Somatic Tacit Knowledge,Somatic Tacit Knowledge,Yes,Yes,"The abstract states that Mobile Augmented Reality (MAR) technology, leveraging 3D animated models and the signaling principle, was used to facilitate IoT assembly training and improve knowledge gain and retention.",The abstract discusses the use of Mobile Augmented Reality (MAR) technology to facilitate IoT assembly training and improve knowledge retention.,Human–Computer Interaction and Immersive Technologies,Human–Computer Interaction and Immersive Technologies,Empirical Study,Empirical Study,True,True
d074f051-9363-4ba1-8df6-8531d65dc553,Leveraging Storytelling For Effective Tacit Knowledge Capture And Management In The Construction Industry: Framework Development And Empirical Validation,"Tacit knowledge—rooted in individual experience, intuition, and skills—is vital to construction project success but remains difficult to capture and transfer. Traditional methods like interviews, documentation, and video recordings often fall short due to cultural barriers, technological limitations, and reluctance to share expertise. This study explores storytelling as an innovative, engaging method to capture tacit knowledge effectively. Here, ‘storytelling’ denotes construction practitioners’ situated narratives that recount context, cues, decisions, and consequences from real project episodes; these narratives are captured, structured, metadata-tagged, and integrated into the Knowledge Management Systems (KMS) for retrieval and reuse. It proposes and validates a storytelling-based framework integrated into KMS specifically for the construction industry. Drawing on qualitative case studies from a major bridge project and an engineering consultancy facing mass retirements, the research illustrates how storytelling enables the elicitation, capture, and dissemination of critical knowledge. Findings show that storytelling creates a relatable and emotionally engaging environment, encouraging practitioners to share rich, context-specific narratives that traditional approaches miss. The validated framework offers practical guidance for construction firms seeking to retain expertise, improve cross-project knowledge transfer, and cultivate a learning culture. Ultimately, the storytelling approach supports better project outcomes, reduces rework, and helps safeguard the construction sector’s experiential knowledge base. © 2026 The Author(s). Published by Informa UK Limited, trading as Taylor & Francis Group.",10.1080/15623599.2026.2630239,International Journal of Construction Management,Yes,Yes,"The abstract explicitly discusses capturing and retaining tacit knowledge: 'This study explores storytelling as an innovative, engaging method to capture tacit knowledge effectively' and 'storytelling enables the elicitation, capture, and dissemination of critical knowledge'.","The study explores storytelling as an innovative method to capture tacit knowledge effectively in the construction industry. It aims to elicit, capture, and disseminate critical knowledge through storytelling.",Relational Tacit Knowledge,Collective Tacit Knowledge,Yes,Yes,"The abstract states that narratives are 'captured, structured, metadata-tagged, and integrated into the Knowledge Management Systems (KMS) for retrieval and reuse', indicating digital technology is used to capture and retain the knowledge.",The study proposes and validates a storytelling-based framework integrated into Knowledge Management Systems (KMS) for the construction industry.,"Data, Information, and Knowledge Systems","Data, Information, and Knowledge Systems",Case Study,Empirical Study,True,True
c67786df-f5a4-41cf-8b57-bc2b41a58dfb,Digital Enabled Innovation Ecosystems: A Dual Case Study Of Knowledge Flows In Intellectual Property Platforms,"Purpose The embedding of digital technology and the fuzzy organizational boundary have changed the operation of platform innovation ecosystem (PIE). Specifically, as an important energy of PIE, the internal logic of knowledge flow needs to be reconsidered in the context of digital age, which will be helpful to select the cultivation and governance strategy of PIE. Design/methodology/approach A dual case-analysis is applied to open the “black box” of knowledge flow in the PIE from the perspective of enabled by digital technology, by taking the intellectual property (IP) operation platform as cases. Findings The research findings are as follow: (1) The knowledge flow mechanism of PIE is mainly demonstrated through the processes of knowledge acquisition, knowledge integration and knowledge spillover. During this process, connectivity empowerment and scenario empowerment realize the digital empowerment of the platform. (2) Connectivity empowerment provides a channel of knowledge acquisition for the digital connection between participants in PIE. In the process of knowledge integration, scenario empowerment improves the opportunities for accurate matching and collaborative innovation between knowledge supplier and demander, and enhance the value of knowledge. The dual effect of connectivity empowerment and scenario empowerment has accelerated the knowledge spillover in PIE. Particularly, connectivity empowerment expands the range of knowledge spillover, and scenario empowerment affects the generativity of the platform, resulting in the enhancement of platform’s capability to embed and expand its value network. (3) Participants have been benefitted from the PIE enabled by digital technology through three key modules (knowledge acquisition, knowledge integration and knowledge spillover), as the result of knowledge flow. Originality/value This study focuses on the knowledge flow mechanism of PIE enabled by digital technology, which enriches the PIE theory, and has enlightenments for the cultivation of digital platform ecosystem. © 2024 Emerald Publishing Limited",10.1108/EJIM-07-2023-0610,European Journal of Innovation Management,Yes,Yes,"The abstract explicitly discusses knowledge flow mechanisms in platform innovation ecosystems, including knowledge acquisition, knowledge integration, and knowledge spillover, which involve capturing and retaining knowledge from participants and the environment.","The paper discusses the knowledge flow mechanism in platform innovation ecosystems (PIE), which includes processes of knowledge acquisition, knowledge integration, and knowledge spillover. This implies the capture and retention of knowledge within the ecosystem.",Collective Tacit Knowledge,Relational Tacit Knowledge,Yes,Yes,"The abstract states that digital technology enables connectivity empowerment and scenario empowerment, which facilitate knowledge acquisition, integration, and spillover in the platform innovation ecosystem.","The research focuses on the knowledge flow mechanism of PIE enabled by digital technology, specifically through connectivity empowerment and scenario empowerment.","Mobile, Social, and Communication Technologies","Cyber-Physical Systems, IoT, and Smart Environments; Data, Information, and Knowledge Systems",Case Study,Case Study,True,True
05296a86-41e2-47c3-97a8-1cf32087f5bb,Using Computational Grounded Theory To Analyze Pre-Service Chemistry Teachers’ Reflective Practice Regarding Technology Integration In Classrooms Within A Service-Learning–Oriented Seminar,"Integrating digital technologies in science education requires innovative methods to bridge theoretical knowledge and practical classroom application. This study examines a seminar at an Austrian university that was redesigned to address pre-service chemistry teachers’ professional knowledge regarding technology implementation in high school classes via a service-learning approach. By combining questionnaires with formative evaluation through reflective learning diaries, our study captures the multifaceted nature of professional knowledge acquisition. Central to this work is the use of natural language processing within a Computational Grounded Theory framework to analyze students’ reflective diaries. We employed techniques such as word embeddings and topic modeling to extract latent themes and patterns in student texts. We revealed that, despite mixed results from conventional self-report measures and deductive qualitative content analysis, students’ written reflections offered rich insights into their learning processes when we investigated them through the lens of natural language processing. Along the diary entries, our analysis uncovered shifts in emphasis from, e.g., broad cultural perceptions of teaching and learning to more detailed considerations of lesson planning and technology integration. These nuanced insights underscore the complementary value of natural language processing in identifying underlying patterns of reflective practice that traditional assessments may overlook. Although the study is limited by its small sample size and methodological constraints, the findings suggest that incorporating computational techniques can enhance the formative assessment of free writing in teacher education programs. Overall, the results motivate us to advocate for the integration of computational text analysis as a promising tool in evaluating and fostering the complex interplay of professional knowledge and reflective practice in technology-enhanced science education. © The Author(s) 2025.",10.1007/s10956-025-10236-x,Journal of Science Education and Technology,Yes,Yes,"The study uses natural language processing within a Computational Grounded Theory framework to analyze students' reflective diaries, capturing latent themes and patterns in student texts, which represents capturing knowledge from individuals (pre-service teachers) about their reflective practice and professional knowledge acquisition.","By combining questionnaires with formative evaluation through reflective learning diaries, our study captures the multifaceted nature of professional knowledge acquisition. Central to this work is the use of natural language processing within a Computational Grounded Theory framework to analyze students’ reflective diaries.",Collective Tacit Knowledge,Relational Tacit Knowledge,Yes,Yes,The study explicitly uses natural language processing techniques such as word embeddings and topic modeling within a Computational Grounded Theory framework to analyze reflective diaries and capture knowledge.,Central to this work is the use of natural language processing within a Computational Grounded Theory framework to analyze students’ reflective diaries. We employed techniques such as word embeddings and topic modeling to extract latent themes and patterns in student texts.,Artificial Intelligence and Intelligent Computation,Artificial Intelligence and Intelligent Computation,Empirical Study,Empirical Study,True,True
61b983a1-d651-41f1-8896-155c61c50f01,Virtual Reality As A Tool To Alleviate Library Anxiety And Promote Service Knowledge Acquisition Among Visually Impaired Students,"Visually impaired students often face significant anxiety when navigating library services, which can hinder their academic success. This study examines the effectiveness of a Virtual Reality application, Virtual Reality for Impaired Students in Library Services (VR-ISLS), designed to reduce library anxiety and enhance the acquisition of knowledge about library services for visually impaired students at a university in Thailand. Using a mixed-methods sequential explanatory design, the study integrates both quantitative and qualitative data to evaluate the application's impact. The findings indicate that VR-ISLS significantly increased students' knowledge of library services and reduced library anxiety, particularly by improving familiarity with library resources. However, challenges remain regarding interactions with library staff and overcoming emotional barriers. Recommendations for improvement include customizable features such as audio cues, adjustable text sizes, enhanced contrast settings, and customizable audio speeds. This study highlights the potential of using VR technology to create inclusive, accessible learning environments and offers practical insights into utilizing assistive technologies to reduce barriers for visually impaired students. © 2025 Elsevier Inc.",10.1016/j.lisr.2025.101357,Library and Information Science Research,Yes,Yes,"The study examines a VR application designed to 'reduce library anxiety and enhance the acquisition of knowledge about library services for visually impaired students'. The VR-ISLS application is used to capture and retain knowledge about library services, making it accessible to students.","This study examines the effectiveness of a Virtual Reality application, Virtual Reality for Impaired Students in Library Services (VR-ISLS), designed to reduce library anxiety and enhance the acquisition of knowledge about library services for visually impaired students.",Relational Tacit Knowledge,Relational Tacit Knowledge,Yes,Yes,"The study uses a 'Virtual Reality application, Virtual Reality for Impaired Students in Library Services (VR-ISLS)' to capture and retain knowledge about library services.","Using a Virtual Reality application, Virtual Reality for Impaired Students in Library Services (VR-ISLS), to reduce library anxiety and enhance the acquisition of knowledge about library services.",Human–Computer Interaction and Immersive Technologies,Human–Computer Interaction and Immersive Technologies,Empirical Study,Empirical Study,True,True
c18d8bc6-7a14-4b70-a012-f49d7d37aa08,"I4 Technology For Innovation, Knowledge Acquisition And Innovation Collaboration: Evidence From The Manufacturing Sectors","This study examines how knowledge acquisition and innovation collaboration influence the use of I4 technologies for innovation. While both factors are important, the instrumental variable results suggest that their effects are indirect. Firms with knowledge deficits tend to acquire knowledge more actively, and organizational rigidities reduce innovation collaboration, which subsequently affects the use of I4 technologies for innovation. Interestingly, absorptive capacity is crucial for both knowledge acquisition and innovation collaboration. We reveal the complexity and dynamic relationships of the variables studied and draw some implications for managers and policymakers. © 2026 Informa UK Limited, trading as Taylor & Francis Group.",10.1080/13504851.2026.2642285,Applied Economics Letters,Yes,Yes,"The abstract explicitly discusses 'knowledge acquisition' and 'absorptive capacity' as factors influencing the use of I4 technologies for innovation. It states 'Firms with knowledge deficits tend to acquire knowledge more actively', implying a process of capturing knowledge from the environment.","This study examines how knowledge acquisition and innovation collaboration influence the use of I4 technologies for innovation. Firms with knowledge deficits tend to acquire knowledge more actively, and organizational rigidities reduce innovation collaboration, which subsequently affects the use of I4 technologies for innovation.",Relational Tacit Knowledge,Relational Tacit Knowledge,Yes,Yes,"The study examines how 'I4 technologies' (Industry 4.0 technologies) are used for innovation, and knowledge acquisition influences their use. The technologies are the means for innovation, but the abstract does not specify that they are used to capture or retain knowledge directly.",The study examines how knowledge acquisition and innovation collaboration influence the use of I4 technologies for innovation.,"Cyber-Physical Systems, IoT, and Smart Environments","Cyber-Physical Systems, IoT, and Smart Environments",Empirical Study,Empirical Study,True,True
b853132c-a084-48cc-8950-b0aecb56c94d,Design Research On Spacetime-Transcending Virtual Simulation Scenario Teaching Pathways For Mental Health Education Courses,"This study constructs a cross-temporal and spatial virtual simulation teaching model for mental health education. Integrating VR/AR immersive technology, 3D modeling, cloud computing, and multimodal behavior tracking systems, the model builds teaching pathways through modular scenario design and interactive feedback mechanisms. Experimental results demonstrate that this model significantly enhances knowledge acquisition, emotional regulation, and interaction efficiency compared to traditional teaching methods, with cognitive scores increasing by 26.6% and HRV indicators improving by 29.9%, indicating strong practical effectiveness and adaptability. © 2025 Copyright held by the owner/author(s).",10.1145/3785987.3786010,"Proceedings of 2025 2nd International Conference on Artificial Intelligence and Future Education, AIFE 2025",Yes,Yes,"The abstract states that the virtual simulation teaching model 'significantly enhances knowledge acquisition' and 'cognitive scores increasing by 26.6%', indicating the model is used to capture and retain knowledge for students in mental health education.","This study constructs a cross-temporal and spatial virtual simulation teaching model for mental health education. Integrating VR/AR immersive technology, 3D modeling, cloud computing, and multimodal behavior tracking systems, the model builds teaching pathways through modular scenario design and interactive feedback mechanisms.",Somatic Tacit Knowledge,Relational Tacit Knowledge,Yes,Yes,"The abstract explicitly lists digital technologies used: 'VR/AR immersive technology, 3D modeling, cloud computing, and multimodal behavior tracking systems' to build the teaching model.","Integrating VR/AR immersive technology, 3D modeling, cloud computing, and multimodal behavior tracking systems, the model builds teaching pathways through modular scenario design and interactive feedback mechanisms.",Human–Computer Interaction and Immersive Technologies,"Human–Computer Interaction and Immersive Technologies; Data, Information, and Knowledge Systems",Empirical Study,Empirical Study,True,True
527c3280-d3c3-457a-8d36-13d92ec0c52a,Study Of Knowledge Management Technologies Impact On Sustainable Higher Education Institutions Performance,"The knowledge economy is often related to a powerful way of transforming society by integrating such critical pillars as the economic and institutional environment, human competencies and education, knowledge management practices, technology infrastructure, entrepreneurship, and innovation to achieve more sustainable economic growth and address the growing problems of resource scarcity and climate change. Scientific studies show that knowledge management practices implemented through knowledge management processes (knowledge acquisition, creation, storage, sharing, and application) are vital drivers of innovation, productivity, and economic growth, with intangible resources such as technology driving sustainable economic growth. Even scientific research has proven that knowledge management technologies and practices are crucial for sustainable outcomes; however, limited research has been conducted to analyze the impact of technologies on the entire knowledge management cycle influencing sustainability in higher education institutions in developing countries. As a result, there is still a lack of studies on how knowledge management technologies impact sustainability through organizational performance by integrating knowledge acquisition, creation, storage, sharing, and application in higher education. To fill this research gap, this study analyzes how knowledge management technologies influence knowledge management practices and determines the influence of the latter on the sustainable organizational performance of higher education institutions. A scientific literature review, survey (structured questionnaire), and PLS structural equation modeling technique were used to develop the research model and test the research hypotheses. Research findings revealed a positive relationship between knowledge management technologies and knowledge management processes. However, some insignificant relationships were detected between knowledge management processes (knowledge acquisition, storage, sharing, application, and creation) and sustainable organizational outcomes measured in innovation, quality, and operational aspects. The findings provide insight into the capacity of knowledge management practices to foster operational and quality performance and innovation, positioning the higher education system as a catalyst for economic sustainability in a developing region. This study addresses a gap in the knowledge economy field and focuses on knowledge management technologies, practices, and economic contributions within the Lebanese context. © The Author(s), under exclusive licence to Springer Science+Business Media, LLC, part of Springer Nature 2025.",10.1007/s13132-025-02617-9,Journal of the Knowledge Economy,Yes,Yes,"The abstract explicitly discusses knowledge management practices implemented through knowledge management processes (knowledge acquisition, creation, storage, sharing, and application) and analyzes how knowledge management technologies influence these practices to impact sustainable organizational performance. This implies capturing and retaining knowledge.","The study analyzes how knowledge management technologies influence knowledge management practices and determines the influence of the latter on the sustainable organizational performance of higher education institutions. It discusses the integration of knowledge acquisition, creation, storage, sharing, and application.",None identified,Relational Tacit Knowledge,Yes,Yes,"The abstract explicitly states: 'this study analyzes how knowledge management technologies influence knowledge management practices' and 'Research findings revealed a positive relationship between knowledge management technologies and knowledge management processes.' This indicates digital technologies are used to support knowledge management processes, which include capturing and retaining knowledge.",The study uses knowledge management technologies to analyze their impact on knowledge management processes and sustainable organizational performance in higher education institutions.,"Data, Information, and Knowledge Systems","Data, Information, and Knowledge Systems",Empirical Study,Empirical Study,True,True
083a0470-b679-47ef-90e1-09a22495c96a,Strategic Knowledge Management In Food Crisis Communication: A Framework For Organizational Preparedness And Consumer Trust,"The intersection of knowledge management and crisis communication is essential for enhancing organizational resilience, especially in the food industry. This paper examines how knowledge management frameworks, including situational crisis communication theory, facilitate the effective dissemination of critical information during crises. Fresh Express, Tyson Foods, JBS Foods, and Costco case studies illustrate how knowledge-sharing platforms and real-time data exchange mitigate risks and build consumer trust. Failures, such as delays in the 2019 Escherichia coli outbreak, highlight the urgent need for robust data management. Leveraging organizational learning and memory, companies can navigate crises, like product recalls and supply chain disruptions, while aligning crisis communication with long-term recovery. This research underscores the strategic importance of integrating global knowledge networks, emerging technologies, and innovative management practices to enhance transparency, collaboration, and operational stability in high-stakes environments. © 2025 IGI Global. All rights reserved.",10.4018/IJKM.380734,International Journal of Knowledge Management,Yes,Yes,"The abstract discusses how knowledge management frameworks facilitate the effective dissemination of critical information during crises, and mentions knowledge-sharing platforms and real-time data exchange to mitigate risks. It also references organizational learning and memory, implying retention of knowledge from past crises.","The paper examines how knowledge management frameworks, including situational crisis communication theory, facilitate the effective dissemination of critical information during crises. It discusses the use of knowledge-sharing platforms and real-time data exchange to mitigate risks and build consumer trust.",Collective Tacit Knowledge,Relational Tacit Knowledge; Collective Tacit Knowledge,Yes,Yes,"The abstract mentions 'knowledge-sharing platforms and real-time data exchange' as tools used to mitigate risks and build consumer trust, indicating digital technologies are used to capture and transfer knowledge.",The study leverages knowledge-sharing platforms and real-time data exchange to manage crises and build consumer trust.,"Data, Information, and Knowledge Systems","Data, Information, and Knowledge Systems; Distributed, Secure, and Trust Technologies",Case Study,Case Study,True,True
0e3bd910-4847-4869-b4c0-a93a06ab7b86,Research On Knowledge Management System For The Early Stages Of Power Grid Projects Based On Knowledge Graphs And Gpt Technology,"In response to issues such as information asymmetry and inconvenient organization and archiving of materials in current knowledge management practices during the early stages of power grid projects, this paper constructs a knowledge management system that includes knowledge bases for business control, institutional rules, case experiences, and related relationships. Through the design of knowledge graphs and further development of intelligent question-answering capabilities based on GPT, the system achieves the integration, sharing, and innovative application of knowledge, significantly enhancing the informatization and intelligentization levels of early-stage management in power grid engineering projects. Empirical results from application cases demonstrate that the constructed system can provide precise and efficient knowledge support and decision-making assistance for the early stages of power grid engineering projects, thereby promoting the digital transformation and sustainable development of the electric power industry. © 2025 IEEE.",10.1109/EESPE63401.2025.10987001,"2025 IEEE International Conference on Electronics, Energy Systems and Power Engineering, EESPE 2025",Yes,Yes,"The abstract explicitly states that the system achieves 'integration, sharing, and innovative application of knowledge' and provides 'knowledge support and decision-making assistance' for early stages of power grid projects, indicating capture and retention of knowledge from the organizational environment.","The paper constructs a knowledge management system that includes knowledge bases for business control, institutional rules, case experiences, and related relationships. It aims to address issues such as information asymmetry and inconvenient organization and archiving of materials in current knowledge management practices during the early stages of power grid projects.",Relational Tacit Knowledge,Relational Tacit Knowledge; Collective Tacit Knowledge,Yes,Yes,"The abstract explicitly mentions the use of 'knowledge graphs' and 'GPT' technology to construct the knowledge management system and enable intelligent question-answering, clearly indicating digital technologies used to capture and retain knowledge.","The system achieves the integration, sharing, and innovative application of knowledge through the design of knowledge graphs and further development of intelligent question-answering capabilities based on GPT.",Artificial Intelligence and Intelligent Computation,"Artificial Intelligence and Intelligent Computation; Data, Information, and Knowledge Systems",Empirical Study,Empirical Study,True,True
4e7bbdf2-a04f-4c03-8590-844c416e2bf1,Beyond Posts And Replies: Unlocking Collective Intelligence In Virtual Communities,"This study examines how discussion forums foster knowledge sharing and problem-solving. Using a netnographic approach, the research examines the interplay between technological features and user participation and the role of collective intelligence in community-driven knowledge construction. The findings reveal that while diverse perspectives enhance discussions, excessive contributions can hinder consensus-building. Effective knowledge sharing is driven by practical solutions that receive higher engagement, emphasizing the role of social recognition. Additionally, trust-building mechanisms, such as expertise validation and reputation systems, play a crucial role in sustaining engagement. The study also highlights that small groups of active users catalyze broader participation, and platform features like topic organization, moderation tools, and gamification enhance collaboration. These insights contribute to the design of more effective virtual communities, though further research is needed to explore long-term impacts and cross-platform comparisons. Copyright © 2025 by Association for Information Systems (AIS). All rights reserved.",Empty,"Americas Conference on Information Systems, AMCIS 2025",Yes,Yes,"The abstract discusses how discussion forums foster knowledge sharing and problem-solving, and mentions 'trust-building mechanisms, such as expertise validation and reputation systems' that sustain engagement and knowledge sharing, implying retention of knowledge within the community.","This study examines how discussion forums foster knowledge sharing and problem-solving. Effective knowledge sharing is driven by practical solutions that receive higher engagement, emphasizing the role of social recognition. Additionally, trust-building mechanisms, such as expertise validation and reputation systems, play a crucial role in sustaining engagement.",Relational Tacit Knowledge,Relational Tacit Knowledge,Yes,Yes,"The abstract explicitly mentions 'platform features like topic organization, moderation tools, and gamification enhance collaboration' and 'reputation systems' as digital mechanisms that support knowledge sharing and retention.","The study examines the interplay between technological features and user participation and the role of collective intelligence in community-driven knowledge construction. Platform features like topic organization, moderation tools, and gamification enhance collaboration.","Mobile, Social, and Communication Technologies","Mobile, Social, and Communication Technologies",Empirical Study,Empirical Study,True,True
e6414cee-968d-47bf-bace-53e57650f302,Genai-Assisted Knowledge Generation: A Case Study On Human-Machine Collaboration Through The Seci Model,"- This paper analyses the impact of Generative Artificial Intelligence (GenAI) on the traditional phases of knowledge creation theorized Nonaka’s SECI model. To the purpose, an exploratory single-case study was conducted using semi-structured interviews, direct observation and document analysis within a company operating in the cybersecurity sector and software development. The case company was selected based on its strong innovation orientation, technological culture, and moderate organizational complexity, which are three factors influencing technology adoption in business environments. Interviews were conducted with employees and managers from the R&D and Operations departments, and data were triangulated with secondary sources. Qualitative data were analysed through content analysis methodology, generating an inductive coding tree. The study reveals that GenAI significantly impacts knowledge creation across existing SECI phases. Specifically, while it supports externalization, combination and internalization by facilitating knowledge transformation processes, its impact on socialization presents both opportunities and risks, particularly in the replacement of human interactions. Moreover, results reveal differentiated effects of GenAI across the SECI phases. GenAI enhances externalization, combination, and internalization by supporting the generation of formal templates, code synthesis, report creation and personalized feedback, while its effect on socialization is more ambiguous, raising concerns about critical thinking and the erosion of informal peer learning. These findings suggest that GenAI holds transformative force within knowledge dynamics, offering a unique opportunity to reconsider how human and machine-generated knowledge co-evolve. The paper's novelty and significance reside not only in the analysis of GenAI impact on well-established KM model but also in its capacity to offer organisations interesting insights on effectively integrating it into their workflows. © 2025 Academic Conferences Limited. All rights reserved.",10.34190/eckm.26.2.3774,"Proceedings of the European Conference on Knowledge Management, ECKM",Yes,Yes,"The abstract explicitly discusses knowledge creation across SECI phases, stating 'GenAI significantly impacts knowledge creation across existing SECI phases' and 'supports externalization, combination and internalization by facilitating knowledge transformation processes', which involves capturing and retaining knowledge.","The study analyzes the impact of Generative Artificial Intelligence (GenAI) on the traditional phases of knowledge creation in the SECI model, including externalization, combination, internalization, and socialization. It discusses how GenAI facilitates knowledge transformation processes.",Collective Tacit Knowledge,Relational Tacit Knowledge,Yes,Yes,"The abstract states 'GenAI enhances externalization, combination, and internalization by supporting the generation of formal templates, code synthesis, report creation and personalized feedback', indicating digital technology is used to capture and transform knowledge.","The study reveals that GenAI significantly impacts knowledge creation across existing SECI phases, particularly in externalization, combination, and internalization by supporting the generation of formal templates, code synthesis, report creation, and personalized feedback.",Artificial Intelligence and Intelligent Computation,Artificial Intelligence and Intelligent Computation,Case Study,Case Study,True,True
9366b6a6-748a-426e-abaa-81917986ff41,"Cheese Ek-Book: A New Web-Based Medium For Capitalising On, Structuring And Transferring Cheesemaking Knowledge And Know-How","Purpose: This paper aims to address the challenges faced by the cheese industry, particularly concerning the preservation and transfer of traditional cheesemaking knowledge. It emphasises the need for innovative solutions in sustainably managing knowledge and skills amidst changing demographic and technological landscapes. Design/methodology/approach: Our approach consists of developing and implementing a digital tool, the cheese eK-Book, which is designed to capture, structure and disseminate cheesemaking knowledge. This tool is based on a semantic network and is accessible via smartphones and tablets and aims to facilitate continuous learning, knowledge transfer and collaboration across diverse stakeholders in the cheese production sector. Findings: The study highlights several critical findings. Traditional cheesemaking knowledge is currently at risk due to a number of factors, including the ageing of skilled workers, a lack of succession planning and pressures from globalisation and industrialisation. The European dairy sector is evolving towards more specialised and automated production, requiring a skilled workforce capable of adapting to these changes. There is a significant gap between traditional cheese makers and research institutions, hindering the adoption of new technologies and best practices. The cheese eK-Book offers a promising solution to these challenges by preserving knowledge, supporting continuous learning and enhancing collaboration between industry stakeholders and educational/research institutions. The tool facilitates access to scientific knowledge, promotes work–life balance by offering a range of flexible learning opportunities and supports tailored training programmes based on individual users’ needs. Originality/value: This article contributes original insights by proposing a comprehensive digital solution tailored to the specific, current needs of the cheese industry. By integrating modern technology with traditional knowledge, the cheese eK-Book not only preserves expertise but also fosters innovation and sustainability within the sector. It bridges the gap between practical cheesemaking skills and contemporary scientific understanding, addressing critical challenges such as knowledge retention, succession planning and workforce development in a rapidly evolving industry landscape. The strength of the Cheese eK-Book lies in its capacity to communicate knowledge, traditions and teachings across generations. This transfer of knowledge and skills plays a crucial role in preserving heritage and fostering connections across different generations within a community. © 2024, Emerald Publishing Limited.",10.1108/JD-07-2024-0182,Journal of Documentation,Yes,Yes,"The abstract explicitly discusses preserving and transferring traditional cheesemaking knowledge, addressing challenges like the ageing of skilled workers and lack of succession planning, and proposes a digital tool to capture, structure and disseminate this knowledge.","The study aims to address the challenges faced by the cheese industry, particularly concerning the preservation and transfer of traditional cheesemaking knowledge. The cheese eK-Book is designed to capture, structure and disseminate cheesemaking knowledge.",Somatic Tacit Knowledge,Relational Tacit Knowledge,Yes,Yes,"The abstract explicitly describes the development and implementation of a digital tool, the cheese eK-Book, designed to capture, structure and disseminate cheesemaking knowledge, accessible via smartphones and tablets.","The cheese eK-Book, which is based on a semantic network and is accessible via smartphones and tablets, aims to facilitate continuous learning, knowledge transfer and collaboration across diverse stakeholders in the cheese production sector.","Data, Information, and Knowledge Systems","Data, Information, and Knowledge Systems; Mobile, Social, and Communication Technologies",Case Study,Empirical Study,True,True
bce09100-0ab5-4ad0-aa09-079b8fcbf93c,Modern Technologies In Knowledge Management In Hr Processes In Organizations,"The paper examines the role of modern technologies in knowledge management within HR processes, emphasizing their importance for building a competitive advantage in the era of digital transformation. It has been demonstrated that organizations are increasingly utilizing advanced IT tools to support key HR functions, such as recruitment, onboarding, competency development, performance evaluation, and talent management. Based on qualitative research involving HR department employees, the most commonly used technologies were identified, including Artificial Intelligence, Applicant Tracking Systems (ATS), Human Resource Management Systems (HRM), HR process automation (workflow automation), Learning Management Systems (LMS), and Robotic Process Automation (RPA). These technologies enable the automation of repetitive tasks, the analysis of HR data, and the personalization of training programs while also supporting the development of an organizational culture based on knowledge sharing. Although the study was of a pilot nature, the obtained results provide a basis for further quantitative analysis. The next stage will involve a survey aimed at assessing the extent to which modern IT technologies are used in knowledge management within HR, as well as identifying their strengths and weaknesses and the benefits and barriers associated with their implementation. © 2025 Academic Conferences Limited. All rights reserved.",10.34190/eckm.26.1.3835,"Proceedings of the European Conference on Knowledge Management, ECKM",Yes,Yes,"The abstract discusses the role of modern technologies in knowledge management within HR processes, emphasizing support for developing an organizational culture based on knowledge sharing, which implies capturing and retaining knowledge.","The paper examines the role of modern technologies in knowledge management within HR processes, emphasizing their importance for building a competitive advantage in the era of digital transformation. It has been demonstrated that organizations are increasingly utilizing advanced IT tools to support key HR functions, such as recruitment, onboarding, competency development, performance evaluation, and talent management.",Collective Tacit Knowledge,Relational Tacit Knowledge,Yes,Yes,"The abstract explicitly identifies technologies used to support HR functions, including Artificial Intelligence, Applicant Tracking Systems, Human Resource Management Systems, workflow automation, Learning Management Systems, and Robotic Process Automation, which are used to automate tasks, analyze data, and personalize training, supporting knowledge management.","The most commonly used technologies were identified, including Artificial Intelligence, Applicant Tracking Systems (ATS), Human Resource Management Systems (HRM), HR process automation (workflow automation), Learning Management Systems (LMS), and Robotic Process Automation (RPA). These technologies enable the automation of repetitive tasks, the analysis of HR data, and the personalization of training programs while also supporting the development of an organizational culture based on knowledge sharing.",Artificial Intelligence and Intelligent Computation,"Artificial Intelligence and Intelligent Computation; Data, Information, and Knowledge Systems; Distributed, Secure, and Trust Technologies; Rule-Based, Decision, and Expert Systems",Empirical Study,Empirical Study,True,True
9f689fcc-d13d-4662-bd48-c2189fd8678d,Designing The Digital Transformation Model Of Public University Libraries In Iran Based On Delphi Method,"Purpose: This paper aims to design the digital transformation model for university libraries based on the Delphi method using the Iranian public university libraries as the study case. Design/methodology/approach: A qualitative approach and the Delphi method were used to conduct the current research. In total, 15 experts in the field of digital transformation of libraries were selected through targeted and snowball sampling. They were asked to complete and finalize items identified from previous research to design a digital transformation model for public university libraries in Iran during successive Delphi rounds. The Delphi method was completed after the third round, upon reaching a favorable consensus. Findings: The findings obtained from the research led to the presentation of the model in 7 main dimensions, 25 concepts and 139 components. Meanwhile, the concept of “data-centered” and changing the concept of “optimal reorganization of library resources” to the concept of “acquisitions and optimal reorganization of library resources” are among the new achievements of this research. In addition, the components of “promoting data-oriented thinking in the decision-making of library managers,” “encouraging employees to use and analyze data” and “planning to increase the digital literacy of librarians” were added to the concept of “data-oriented”; the components of “having knowledge of digital collection and its rules for the correct identification and evaluation of resources,” “familiarity with digital metadata standards and data transfer standards” and “familiarity with open access platforms” were added to the concept of “librarian knowledge competencies”; and the components of “planning, coordination,” “monitoring and evaluating the progress of library digital transformation projects” and “collaboration and networking with other academic library managers” in the concept of “library manager’s management skills”; the components of “identification of new digital formats and resources,” “creation, preparation and accessibility of game scientific content and free in the library,” “updating the resource organization policy with new organization concepts and rules” and “updating the library collection development policy based on the information needs of users” were added to the concept of “acquisitions and optimal reorganization of library resources” and “Web 2.0 technologies” component were added to the concept of “use of digital technologies in the library.” Research limitations/implications: This study is limited to Iranian public university libraries, and the findings may not be directly transferable to other contexts. In addition, the Delphi method, while effective for expert consensus, relies on subjective opinions and may not fully capture the complexities of digital transformation. Future research could explore the implementation challenges of the proposed model and its long-term impact on library services and user satisfaction. Despite these limitations, the study offers a valuable foundation for digital transformation initiatives in Iranian university libraries and can inform policy decisions and resource allocation. Practical implications: The proposed digital transformation model offers practical guidance for Iranian university libraries. By implementing the model, libraries can enhance their services through data-driven decision-making, improved resource management and the adoption of new technologies. Librarians can develop the necessary digital competencies to effectively manage digital collections and engage with users. In addition, the model emphasizes the importance of collaboration among library managers, fostering knowledge sharing and best practices. Ultimately, the practical application of this model can lead to more efficient, user-centered and innovative library services. Social implications: The proposed digital transformation model for Iranian university libraries holds significant social implications. By enhancing access to information and resources, it can democratize knowledge and foster innovation. Increased digital literacy among librarians will equip them to better serve diverse user communities. However, equitable access to digital services must be ensured to prevent the widening of the digital divide. The model’s focus on data-driven decision-making can improve resource allocation and user satisfaction. By promoting collaboration and knowledge sharing, libraries can become more central to their communities and contribute to regional development. Ultimately, the success of this model depends on addressing potential challenges such as privacy concerns, digital security and the need for ongoing training and support. Originality/value: The proposed model, with its 7 main dimensions, 25 concepts and 139 components, provides a roadmap for enhancing library services, resource management and decision-making. By emphasizing data-centered approaches, promoting digital literacy among librarians and integrating Web 2.0 technologies, libraries can adapt to the evolving needs of users. Collaboration and networking with other academic library managers can foster knowledge exchange and collective problem-solving. By implementing the proposed model, libraries can adapt to changing user needs, enhance services and contribute to the academic community’s success. However, implementing this model requires addressing challenges related to equity, privacy and accessibility, ensuring that all users benefit from the digital transformation. Overall, this research serves as a valuable resource for university library managers, guiding them toward effective digital adaptation and improved user experiences. © 2024, Emerald Publishing Limited.",10.1108/DLP-06-2024-0100,Digital Library Perspectives,Yes,Yes,"The abstract discusses designing a digital transformation model for university libraries, which includes components like 'promoting data-oriented thinking', 'encouraging employees to use and analyze data', and 'planning to increase the digital literacy of librarians', all of which relate to capturing and retaining knowledge within the library environment.","The purpose of this paper is to design the digital transformation model for university libraries based on the Delphi method using the Iranian public university libraries as the study case. The findings obtained from the research led to the presentation of the model in 7 main dimensions, 25 concepts and 139 components. The concept of “data-centered” and changing the concept of “optimal reorganization of library resources” to the concept of “acquisitions and optimal reorganization of library resources” are among the new achievements of this research.",Relational Tacit Knowledge,Relational Tacit Knowledge,Yes,Yes,"The abstract explicitly mentions the use of digital technologies in the library, including Web 2.0 technologies, and the model includes dimensions related to digital transformation, indicating the use of digital technologies to capture and retain knowledge.","The components of “promoting data-oriented thinking in the decision-making of library managers,” “encouraging employees to use and analyze data” and “planning to increase the digital literacy of librarians” were added to the concept of “data-oriented”; the components of “having knowledge of digital collection and its rules for the correct identification and evaluation of resources,” “familiarity with digital metadata standards and data transfer standards” and “familiarity with open access platforms” were added to the concept of “librarian knowledge competencies.”","Data, Information, and Knowledge Systems","Data, Information, and Knowledge Systems; Mobile, Social, and Communication Technologies",Empirical Study,Empirical Study,True,True
2ef6a6dc-f7f8-43fd-ba2f-9c75a23bfb7b,Fostering Knowledge Management Practices Through Artificial Intelligence: Vision 2030 As A Catalyst,"The rapid integration of artificial intelligence (AI) into organisational operations has transformed knowledge management (KM) practices, providing opportunities to enhance decision-making, innovation and efficiency. This study explores the adoption and impact of AI on KM practices in Saudi Arabia, focusing on the alignment of these advancements with the Kingdom’s Vision 2030 objectives for economic diversification and innovation-driven growth. Using a quantitative methodology, data were collected from management in private and public organisations to analyse the perceptions, challenges and opportunities of adopting AI for KM. While AI tools significantly enhance knowledge sharing, collaboration and the accuracy of knowledge repositories, the findings reveal that AI adoption is hindered by challenges such as limited technical expertise, high costs and resistance to change. The data underscore a strong expectation that AI-driven KM will become essential for maintaining competitiveness in the next decade. Additionally, organisational managers highlight the role of AI in fostering a culture of innovation and entrepreneurship, crucial for achieving the strategic goals of Vision 2030. This research provides actionable insights for policymakers and business leaders, identifying critical enablers of AI adoption, including investments in digital infrastructure, skill development and change management strategies. By addressing these barriers, organisations can optimise the integration of AI to support sustainable development and innovation. The study contributes to the growing body of literature on AI and KM in emerging economies, offering practical recommendations that bridge the gap between technology-driven initiatives and strategic objectives. © 2025 Academic Conferences Limited. All rights reserved.",10.34190/eckm.26.1.3580,"Proceedings of the European Conference on Knowledge Management, ECKM",Yes,Yes,"The abstract explicitly discusses 'knowledge management (KM) practices' and how AI enhances 'knowledge sharing, collaboration and the accuracy of knowledge repositories', implying the capture and retention of knowledge from the organizational environment.","The study explores the adoption and impact of AI on KM practices in Saudi Arabia, focusing on the alignment of these advancements with the Kingdom’s Vision 2030 objectives for economic diversification and innovation-driven growth. While AI tools significantly enhance knowledge sharing, collaboration, and the accuracy of knowledge repositories, the findings reveal that AI adoption is hindered by challenges such as limited technical expertise, high costs, and resistance to change.",Collective Tacit Knowledge,Relational Tacit Knowledge,Yes,Yes,"The abstract states that 'AI tools significantly enhance knowledge sharing, collaboration and the accuracy of knowledge repositories', indicating digital technologies are used to retain knowledge.","While AI tools significantly enhance knowledge sharing, collaboration, and the accuracy of knowledge repositories, the findings reveal that AI adoption is hindered by challenges such as limited technical expertise, high costs, and resistance to change.",Artificial Intelligence and Intelligent Computation,Artificial Intelligence and Intelligent Computation,Empirical Study,Empirical Study,True,True
3f55cb39-c9ac-494c-8578-f94ef0a906ab,Research On The Construction Of Digital Textbook Knowledge System Based On Dynamic Learner Portraits,"With the in-depth development of education digital transformation, the construction of learner-centered adaptive knowledge system has become an important topic in the field of education technology. This study focuses on the deep integration of learner portraits and digital textbooks, and proposes a dynamic construction method of knowledge system based on multi-dimensional learner characteristics. By collecting learner's basic information, cognitive level, behavior trajectory, interests and preferences as well as other data, machine learning algorithm is used to build a dynamic learner portrait model. Knowledge nodes and logical relations of textbook content are deconstructed in combination with knowledge graph technology to establish an extensible subject knowledge ontology database. This paper proposes the basic construction process, key model elements and core construction steps of digital textbook knowledge system based on dynamic learner portraits, and realizes the dynamic generation and optimization of personalized learning path through knowledge recommendation engine. The empirical study shows that the application of this system can significantly improve students' knowledge acquisition in basic memory, application ability and advanced innovation. In the perception and experience stage of digital teaching materials, learners are more likely to recognize the role of digital teaching materials in the stages of awareness, reconciliation, induction and transfer. The research results provide a theoretical framework and technical path for the intelligent upgrading of digital teaching materials, and have practical reference value for promoting the large-scale implementation of individualized teaching. © 2025 IEEE.",10.1109/ICDEL65868.2025.11193584,"2025 10th International Conference on Distance Education and Learning, ICDEL 2025",Yes,Yes,"The abstract discusses constructing a knowledge system based on dynamic learner portraits, which involves capturing learner characteristics (basic information, cognitive level, behavior trajectory, interests) to build a model and generate personalized learning paths. This implies capturing and retaining knowledge from the learner environment.","The study proposes a dynamic construction method of knowledge system based on multi-dimensional learner characteristics, which involves capturing and retaining knowledge from learners.",Relational Tacit Knowledge,Collective Tacit Knowledge,Yes,Yes,"The abstract explicitly states using 'machine learning algorithm' to build a dynamic learner portrait model and 'knowledge graph technology' to deconstruct knowledge nodes and logical relations, enabling dynamic generation and optimization of personalized learning paths.",Machine learning algorithm is used to build a dynamic learner portrait model. Knowledge nodes and logical relations of textbook content are deconstructed in combination with knowledge graph technology to establish an extensible subject knowledge ontology database.,Artificial Intelligence and Intelligent Computation,"Artificial Intelligence and Intelligent Computation; Data, Information, and Knowledge Systems",Empirical Study,Empirical Study,True,True
a1ab2d80-8a6f-4a62-b90e-c53f0a535f9b,Technologies As Km Tool For Sustainability In Hospitality: Practitioners Perspective,"This study explores how hospitality businesses leverage technologies as Knowledge Management (KM) tools to enhance sustainable performance in this sector. By integrating artificial intelligence (AI) and other emerging technological solutions, businesses can mitigate negative environmental impacts, improve employee working conditions, and reduce operational costs. The study highlights the strategic role of technology in facilitating knowledge creation, sharing, and application to drive sustainability in the hospitality sector. The research is based on a narrative analysis of qualitative secondary data obtained from the Hospitality Technology Network and expert panel discussions at a leading industry conference in Poland, focusing on automation and technological advancements in the hospitality sector. The results indicate that AI and other technological innovations serve as effective KM tools, enabling hospitality businesses to achieve economic, social, and environmental benefits. Practitioners view these technologies as critical enablers of sustainable development, process optimization, and long-term competitive advantage. The study underscores the role of technology in transforming knowledge into actionable insights and facilitating sustainable business practices. This paper provides insights into the adoption and effective use of sustainable technologies, particularly for small and medium-sized hospitality enterprises (SMEs). By examining practitioners' experiences with KM-driven technological solutions, the study offers practical recommendations for hospitality managers seeking to enhance sustainability. The findings can serve as a knowledge base for SMEs aiming to integrate technology into their sustainability strategies. This research contributes to the discourse on KM and sustainability in the hospitality industry by identifying specific technologies and systems used by practitioners. By emphasizing the intersection of technology, KM, and sustainable business practices, the study offers a novel perspective on the digital transformation of hospitality businesses. The insights presented provide a foundation for further research and practical applications in the field of sustainable knowledge management. © 2025 Academic Conferences Limited. All rights reserved.",Empty,"Proceedings of the European Conference on Knowledge Management, ECKM",Yes,Yes,"The abstract states: 'The study highlights the strategic role of technology in facilitating knowledge creation, sharing, and application to drive sustainability in the hospitality sector.' and 'The study underscores the role of technology in transforming knowledge into actionable insights and facilitating sustainable business practices.' This implies knowledge capture and retention through technology.","The abstract discusses how hospitality businesses leverage technologies as KM tools to enhance sustainable performance, focusing on knowledge creation, sharing, and application.",Relational Tacit Knowledge,Relational Tacit Knowledge; Collective Tacit Knowledge,Yes,Yes,"The abstract explicitly states: 'By integrating artificial intelligence (AI) and other emerging technological solutions...' and 'AI and other technological innovations serve as effective KM tools, enabling hospitality businesses to achieve economic, social, and environmental benefits.' These technologies are used to facilitate knowledge creation, sharing, and application.",The abstract mentions the use of AI and other technological innovations as effective KM tools to drive sustainability in the hospitality sector.,Artificial Intelligence and Intelligent Computation,Artificial Intelligence and Intelligent Computation; Others(*),Empirical Study,Case Study,True,True
ff3736ca-17b3-43a9-8793-5ee0a7d69f12,"Ai Technology Adoption, Knowledge Sharing, And Manufacturing Firms’ Innovation Performance: The Moderating Effect Of Absorptive Capacity","As artificial intelligence (AI) technologies reshape manufacturing processes, their impact on innovation through knowledge sharing remains understudied and contested. In this article, we investigate how AI adoption influences innovation performance via two distinct pathways: explicit and tacit knowledge sharing. Drawing on the absorptive capacity theory, the study further examines how a firm's ability to assimilate and apply knowledge moderates these relationships. Based on the survey data from 290 Chinese manufacturing firms and analyzed using structural equation modeling, the findings reveal that AI facilitates both types of knowledge sharing, yet only the link between tacit knowledge sharing and innovation is significantly strengthened by higher absorptive capacity. The study contributes to engineering management literature by unpacking the dual-role mechanism of AI in knowledge-driven innovation and highlighting the critical boundary condition of absorptive capacity. For practitioners, it offers strategic insights into how AI tools and absorptive capacity can be codeveloped to unlock innovation potential. These findings highlight the need for tailored AI adoption and robust knowledge-sharing mechanisms, supported by absorptive capacity, to drive sustained innovation outcomes. © 1988-2012 IEEE.",10.1109/TEM.2025.3573176,IEEE Transactions on Engineering Management,Yes,Yes,"The study discusses how AI adoption influences innovation performance via explicit and tacit knowledge sharing, and how absorptive capacity moderates these relationships. This implies capturing and retaining tacit knowledge from individuals (employees) through AI-facilitated sharing mechanisms.","The study investigates how AI adoption influences innovation performance via two distinct pathways: explicit and tacit knowledge sharing. The findings reveal that AI facilitates both types of knowledge sharing, yet only the link between tacit knowledge sharing and innovation is significantly strengthened by higher absorptive capacity.",Collective Tacit Knowledge,Relational Tacit Knowledge,Yes,Yes,"The abstract explicitly states that AI technologies facilitate both explicit and tacit knowledge sharing, indicating digital technology is used to capture or retain tacit knowledge.",AI technologies are used to facilitate both explicit and tacit knowledge sharing.,Artificial Intelligence and Intelligent Computation,Artificial Intelligence and Intelligent Computation,Empirical Study,Empirical Study,True,True
5f2eb5f7-e907-4d6c-b328-1ddf534c1254,Effectiveness Of M-Learning In Enhancing Knowledge Retention For Nurses’ Lifelong Learning: Quasi-Experimental Study,"Background: The current information and communication technologies, digital literacy, and ease of access to communication and information devices by nurses provide them with new ways and intention to access information for technical-scientific updating, ensuring the quality and safety of health care. Mobile learning (m-learning) offers a flexible and accessible alternative for continuing professional education, overcoming barriers such as time constraints and financial burden. Objective: This study aimed to evaluate the effectiveness of m-learning in nurses’ knowledge retention of chronic obstructive pulmonary disease self-management, using a Massive Open Online Course with integrated virtual clinical simulation. Methods: A quasi-experimental pre-and posttest study was conducted, with no control group, among 168 nurses from a Portuguese hospital. The intervention included an asynchronous online course with 13 modules. Knowledge retention was assessed by comparing the mean scores before and after the course. Results: The results indicated a significant increase in knowledge retention. The participants’ average score increased from 59.97% in the initial assessment to 84.05% in the final assessment (P<.001). Nurses with a master’s degree exhibited a higher level of basic knowledge than those with a bachelor’s degree. The course completion rate was 93.45%, reflecting significant engagement attributed to gamification and clinically relevant content. Conclusions: This study confirms the effectiveness of m-learning in improving knowledge retention in nursing. This strategy is a valuable approach to lifelong learning, promoting quality and safety in delivering health care. m-learning is useful in nurses’ lifelong learning, offering flexibility and more effective support for clinical practice. Integrating virtual simulation and gamification boosted motivation and reduced drop-out rates, highlighting the potential of m-learning in lifelong learning in health care. © Daniel José Cunha, Paulo Machado, José Miguel Padilha.",10.2196/72957,JMIR Nursing,Yes,Yes,"The study explicitly evaluates the effectiveness of m-learning in nurses' knowledge retention of chronic obstructive pulmonary disease self-management, using a Massive Open Online Course with integrated virtual clinical simulation. Knowledge retention was assessed by comparing mean scores before and after the course, and the results indicated a significant increase in knowledge retention.",The study aimed to evaluate the effectiveness of m-learning in nurses’ knowledge retention of chronic obstructive pulmonary disease self-management. The results indicated a significant increase in knowledge retention.,Collective Tacit Knowledge,Relational Tacit Knowledge,Yes,Yes,"The intervention included an asynchronous online course (Massive Open Online Course) with integrated virtual clinical simulation, and gamification elements. These digital technologies were used to deliver the course and assess knowledge retention.",Mobile learning (m-learning) offers a flexible and accessible alternative for continuing professional education. The intervention included an asynchronous online course with 13 modules.,"Mobile, Social, and Communication Technologies","Mobile, Social, and Communication Technologies; Data, Information, and Knowledge Systems",Empirical Study,Empirical Study,True,True
e0b0b1d3-d024-4c86-b5f9-44c845fcc597,Tracking The Long-Term Effects Of Biometric Adaptive Learning On Student Habits And Performance,"Tracking the Long-Term Effects of Biometric Adaptive Learning on Student Habits and Performance. The integration of biometric technologies into educational systems has shown promise in enhancing learning effectiveness and engagement. While short-term studies have demonstrated benefits on immediate academic performance, the long-term impact on student behavior and learning habits remains underexplored. This study investigates the effects of a biometric-based adaptive learning environment over six weeks on students' academic routines, stress management, and knowledge retention. A controlled experiment with 60 undergraduate students divided into three groups - biometric feedback-driven adaptive learning, passive biometric monitoring, and conventional learning - was conducted. Biometric indicators such as heart rate variability, eye-tracking fixation data, and electroencephalogram-derived engagement metrics were continuously monitored. The system adjusted content difficulty and delivery pace based on these indicators. Data on learning behaviors, including time-on-task, late submissions, and participation frequency, were collected, and weekly quizzes assessed knowledge retention. Results revealed that the biometric adaptive group showed significantly higher engagement, reduced stress, improved test performance, a 22% increase in study time, and a 37% decrease in late submissions, indicating a shift toward more self-regulated learning. These findings suggest that prolonged exposure to biometric-adaptive environments can foster sustainable learning habits and long-term academic benefits. © 2025 IEEE.",10.1109/EDM65517.2025.11096670,"International Conference of Young Specialists on Micro/Nanotechnologies and Electron Devices, EDM",Yes,Yes,"The study investigates the effects of a biometric-based adaptive learning environment over six weeks on students' academic routines, stress management, and knowledge retention. It tracks long-term effects on student habits and performance, including knowledge retention assessed via weekly quizzes.","The study investigates the effects of a biometric-based adaptive learning environment over six weeks on students' academic routines, stress management, and knowledge retention.",Collective Tacit Knowledge,Relational Tacit Knowledge,Yes,Yes,"Biometric technologies (heart rate variability, eye-tracking fixation data, electroencephalogram-derived engagement metrics) were continuously monitored, and the system adjusted content difficulty and delivery pace based on these indicators. This captures and retains knowledge about student engagement and learning behaviors.","Biometric technologies were integrated into educational systems to enhance learning effectiveness and engagement. Biometric indicators such as heart rate variability, eye-tracking fixation data, and electroencephalogram-derived engagement metrics were continuously monitored.","Imaging, Sensing, and Perception Technologies","Imaging, Sensing, and Perception Technologies; Data, Information, and Knowledge Systems",Empirical Study,Empirical Study,True,True
3273f15a-78b3-4b92-af78-0d9ed3995694,Enhancing Aiops With Lilt: A Lora-Based Incremental Learning Transformer For Robust Adaptation To Concept Drift,"With the widespread application of artificial intelligence technology in the field of operations and maintenance, AIOps (Artificial Intelligence for IT Operations) has become a key technology for improving operational efficiency and automated decision-making. However, traditional machine learning models often struggle to maintain stable performance when dealing with concept drift and catastrophic forgetting. To address this issue, this paper proposes the LILT model (LoRA-based Incremental Learning Transformer), which implements incremental learning in the Transformer neural network through LoRA fine-tuning technology. Additionally, the model incorporates regularization methods to constrain the model parameters, effectively addressing concept drift and knowledge retention issues in hard disk failure prediction. The LoRA adapter facilitates incremental learning by fine-tuning the feedforward layer parameters, improving the model's adaptability when new tasks arise. Meanwhile, freezing the parameters of the self-attention layer ensures the stability of the task and promotes the accumulation of knowledge over long-term learning. Regularization techniques add constraints to control model parameter changes, ensuring stability between tasks and supporting long-term knowledge retention. Moreover, the integrated gradient (IG) method is employed to analyze the feature importance of the model, specifically demonstrating the contribution of each input feature to the model's predictions by outputting the tensor of feature contributions. Experimental results show that LILT, when applied to hard disk failure prediction tasks with concept drift, demonstrates stronger task adaptability and stability compared to traditional Transformer models. Furthermore, LILT has a lower forgetting rate compared to the LoRA-based incremental learning method. The model has made significant progress in retaining the memory of old tasks, effectively mitigating catastrophic forgetting. At the same time, the integrated gradient method enhances the interpretability of LILT. This study provides a novel solution for the fault prediction domain, demonstrating strong stability and interpretability in a drift-driven streaming data environment. © 2025 IEEE.",10.1109/QRS-C65679.2025.00041,"Proceedings - 2025 25th International Conference on Software Quality, Reliability and Security Companion, QRS-C 2025",Yes,Yes,"The abstract discusses 'knowledge retention issues in hard disk failure prediction', 'ensuring the stability of the task and promotes the accumulation of knowledge over long-term learning', 'long-term knowledge retention', and 'retaining the memory of old tasks, effectively mitigating catastrophic forgetting'.","The model incorporates regularization methods to constrain the model parameters, effectively addressing concept drift and knowledge retention issues in hard disk failure prediction. Regularization techniques add constraints to control model parameter changes, ensuring stability between tasks and supporting long-term knowledge retention.",None identified,Relational Tacit Knowledge,Yes,Yes,The abstract explicitly uses 'LoRA-based Incremental Learning Transformer (LILT)' and 'LoRA fine-tuning technology' to implement incremental learning and retain knowledge from previous tasks.,"This paper proposes the LILT model (LoRA-based Incremental Learning Transformer), which implements incremental learning in the Transformer neural network through LoRA fine-tuning technology. The LoRA adapter facilitates incremental learning by fine-tuning the feedforward layer parameters, improving the model's adaptability when new tasks arise. Meanwhile, freezing the parameters of the self-attention layer ensures the stability of the task and promotes the accumulation of knowledge over long-term learning. Regularization techniques add constraints to control model parameter changes, ensuring stability between tasks and supporting long-term knowledge retention.",Artificial Intelligence and Intelligent Computation,"Artificial Intelligence and Intelligent Computation; Rule-Based, Decision, and Expert Systems",Empirical Study,Empirical Study,True,True
82115a31-2162-481c-8a4b-d964c9a225a4,Tacit Knowledge Sharing Behaviors In Extended Enterprises: A Cross-Cultural Comparison In France And Vietnam,"Due to the particular nature of tacit knowledge, human behaviors deployed to share it are of particular interest in extended enterprises. Indeed, the existence of a worldwide global space leads not only to an international cultural context but also to a highly digital environment with the development of collaboration technologies. The impact of digital technology on tacit knowledge sharing behaviors is of particular interest in these extended enterprises and we argue that a better understanding of tacit knowledge sharing practices, habits, and behaviors would improve the effectiveness of tacit knowledge sharing during computer supported cooperative work in design. In this article, we present a study involving 190 participants, 88 in France and 102 in Vietnam, who expressed their tacit knowledge sharing behaviors as employees working in extended enterprises. The findings showed that: (1) the relation between made-explicit and tacit knowledge management implementation does not seem to be always true, and (2) rewards do not seem to impact employee's initiative in tacit knowledge management.  © 2025 IEEE.",10.1109/CSCWD64889.2025.11033627,"Proceedings of the International Conference on Computer Supported Cooperative Work in Design, CSCWD",Yes,Yes,"The abstract discusses 'tacit knowledge sharing behaviors' and 'tacit knowledge sharing practices, habits, and behaviors' in extended enterprises, and aims to improve the effectiveness of tacit knowledge sharing, implying a focus on capturing or retaining tacit knowledge from individuals.","The impact of digital technology on tacit knowledge sharing behaviors is of particular interest in these extended enterprises and we argue that a better understanding of tacit knowledge sharing practices, habits, and behaviors would improve the effectiveness of tacit knowledge sharing during computer supported cooperative work in design.",Collective Tacit Knowledge,Relational Tacit Knowledge,Yes,Yes,"The abstract mentions 'a highly digital environment with the development of collaboration technologies' and 'computer supported cooperative work in design', indicating digital technologies are used to support tacit knowledge sharing.","The impact of digital technology on tacit knowledge sharing behaviors is of particular interest in these extended enterprises and we argue that a better understanding of tacit knowledge sharing practices, habits, and behaviors would improve the effectiveness of tacit knowledge sharing during computer supported cooperative work in design.",Human–Computer Interaction and Immersive Technologies,"Human–Computer Interaction and Immersive Technologies; Distributed, Secure, and Trust Technologies",Empirical Study,Empirical Study,True,True
7eb52f52-f110-40bf-9f24-56ef7bec52c3,Effective Knowledge Creation And Transfer In E-Learning Using Seci Model,"With the growing use of e-learning in corporate environments, it is essential to explore its potential and limitations in the context of effective knowledge management. This study investigates how online courses facilitate the creation and transfer of explicit and tacit knowledge, employing the SECI (Socialization, Externalization, Combination, and Internalization) model as a theoretical framework. Based on exploratory interviews with e-learning designers conducted in early 2025, the study reveals that each SECI phase requires different strategies and tools. In the socialization phase, ""learning by interacting"" is key. Online interactions must be thoughtfully designed and moderated, as the lack of spontaneous dialogue can reduce learning effectiveness. In the externalization phase, ""learning by exchanging"" is essential, yet can be hindered by limited incentives, LMS constraints, and the absence of open environments for knowledge sharing. Including motivators like graded forum activity can help. The combination phase emphasizes ""learning by creating,"" but assessing creativity online—especially in large courses—is challenging. This can be addressed through collaborative tasks and AI-supported feedback. The internalization phase focuses on ""learning by doing,"" requiring opportunities for practical application, such as XR simulations or prototype development. A key insight is that the main barrier to applying the SECI model in e-learning is not technology itself, but limited instructional design expertise. Technology should support, not drive, the learning process. These findings offer practical guidance for trainers, instructional designers, HR specialists, and leaders aiming to improve e-learning strategies for knowledge management. © 2025 Academic Conferences Limited. All rights reserved.",10.34190/eckm.26.1.3621,"Proceedings of the European Conference on Knowledge Management, ECKM",Yes,Yes,"The abstract explicitly discusses how online courses facilitate the creation and transfer of explicit and tacit knowledge using the SECI model, focusing on knowledge creation and transfer in e-learning environments.","The study investigates how online courses facilitate the creation and transfer of explicit and tacit knowledge, employing the SECI model. It discusses the importance of socialization, externalization, combination, and internalization phases in e-learning for effective knowledge management.",Collective Tacit Knowledge,Collective Tacit Knowledge,Yes,Yes,"The abstract mentions 'AI-supported feedback' and 'XR simulations' as technologies used to support knowledge creation and transfer in the SECI phases, specifically for combination and internalization.","The study mentions the use of LMS, graded forum activity, and AI-supported feedback to support the SECI model phases in e-learning.",Artificial Intelligence and Intelligent Computation; Human–Computer Interaction and Immersive Technologies,Artificial Intelligence and Intelligent Computation; Human–Computer Interaction and Immersive Technologies,Empirical Study,Empirical Study,True,True
a6d2086c-3a25-41a0-984c-9245786f6e44,Documenting Sme Processes With Conversational Ai: From Tacit Knowledge To Bpmn,"Small and medium-sized enterprises (SMEs) still depend heavily on tacit, experience-based know-how that rarely makes its way into formal documentation. This paper introduces a large-language-model (LLM)-driven conversational assistant that captures such knowledge on the shop floor and converts it incrementally and interactively into standards-compliant Business Process Model and Notation (BPMN) 2.0 diagrams. Powered by Gemini 2.5 Pro and delivered through a lightweight Gradio front-end with client-side bpmn-js visualisation, the assistant conducts an interview-style dialogue: it elicits process details, supports clarifying dialogue and on-demand analysis, and renders live diagrams that users can refine in real time. A proof-of-concept evaluation in an equipment-maintenance scenario shows that the chatbot produced an accurate “AS-IS” model, flagged issues via on-diagram annotations, and generated an improved “TO-BE” variant, all within about 12-minutes, while keeping API costs within an SME-friendly budget. The study analyses latency sources, model-selection trade-offs, and the challenges of enforcing strict XML schemas, then outlines a roadmap toward agentic and multimodal deployments. The results demonstrate that conversational LLMs can potentially be used to lower the skill and cost barriers to rigorous process documentation, helping SMEs preserve institutional knowledge, enhance operational transparency, and accelerate continuous-improvement efforts. © This is an open access article published by the IET under the Creative Commons Attribution License (http://creativecommons.org/licenses/by/3.0/)",10.1049/icp.2025.3640,IET Conference Proceedings,Yes,Yes,"The abstract explicitly states the system 'captures such knowledge on the shop floor and converts it incrementally and interactively into standards-compliant Business Process Model and Notation (BPMN) 2.0 diagrams', clearly indicating knowledge capture and retention from individuals.","The abstract discusses the use of a large-language-model (LLM)-driven conversational assistant to capture tacit, experience-based know-how on the shop floor and convert it into BPMN diagrams.",Relational Tacit Knowledge,Relational Tacit Knowledge,Yes,Yes,The abstract explicitly states a 'large-language-model (LLM)-driven conversational assistant' is used to capture tacit knowledge and convert it into BPMN diagrams.,"The paper introduces a large-language-model (LLM)-driven conversational assistant that captures such knowledge on the shop floor and converts it incrementally and interactively into standards-compliant Business Process Model and Notation (BPMN) 2.0 diagrams. Powered by Gemini 2.5 Pro and delivered through a lightweight Gradio front-end with client-side bpmn-js visualisation, the assistant conducts an interview-style dialogue.",Artificial Intelligence and Intelligent Computation,"Artificial Intelligence and Intelligent Computation; Human–Computer Interaction and Immersive Technologies; Rule-Based, Decision, and Expert Systems",Case Study,Empirical Study,True,True
13fa2b5e-39a5-4db2-b194-5a565b8d71af,Cloistered Knowledge Capture And Retrieval: Offline Llms And Vector Search For Enterprise,"In an era of rapid technological advancements, Artificial Intelligence (AI) has proven to be an invaluable tool for enhancing various aspects of human life. This research paper delves into the potential impact of cutting-edge AI technologies on business by integrating them into a knowledge management system. The aim of this study is to explore how these innovations can contribute significantly to empowering businesses, facilitating their growth, bolstering their competitiveness in the marketplace, and provide resilience against staff mobility. This paper examines recent advancements in Generative Transformers, Vector Databases, and Large Language Models to support the development of a novel, secure system for the capture, storage, and retrieval of knowledge - purpose-built for business-focused knowledge management. It implements and evaluates a system that challenges a sanitized version of an actual business dataset consisting of 595 documents to a set of 40 actual business enquiries. The accuracy, trustworthiness and response time of the system is evaluated with a thorough review of its limitations and recommendations for future work.  © 2025 IEEE.",10.1109/SIST61657.2025.11139171,"SIST 2025 - 2025 IEEE 5th International Conference on Smart Information Systems and Technologies, Conference Proceedings",Yes,Yes,"The abstract explicitly states the aim is to explore how AI technologies can contribute to 'the capture, storage, and retrieval of knowledge' in a knowledge management system, and mentions 'resilience against staff mobility', indicating retention of knowledge from individuals.","The paper explores the potential impact of cutting-edge AI technologies on business by integrating them into a knowledge management system, which aims to capture, store, and retrieve knowledge.",Relational Tacit Knowledge,Relational Tacit Knowledge,Yes,Yes,"The abstract explicitly discusses using Generative Transformers, Vector Databases, and Large Language Models for the capture, storage, and retrieval of knowledge.","The paper examines recent advancements in Generative Transformers, Vector Databases, and Large Language Models to support the development of a novel, secure system for the capture, storage, and retrieval of knowledge.",Artificial Intelligence and Intelligent Computation,"Artificial Intelligence and Intelligent Computation; Data, Information, and Knowledge Systems",Empirical Study,Empirical Study,True,True
cfa51e06-35be-4980-b24b-b15ab4bb267f,Knowledge Sharing Behavior Of Nursing Educators: Influence Of Organizational Culture And Technological Environment,"This study investigates the influence of organizational culture and technological environment on knowledge-sharing behavior among nursing educators. Using a mixed-methods research design, the study combines quantitative questionnaire surveys and qualitative interviews to test the relevant hypotheses. The findings reveal that supportive and trust cultures significantly enhance knowledge-sharing behavior, while the technological environment, including tools such as Learning Management Systems (LMS) and video conferencing, plays a facilitating role. This research provides both theoretical and practical insights for improving knowledge-sharing practices in nursing education, offering actionable strategies for fostering a collaborative and technology-supported teaching environment. © 2025 IGI Global. All rights reserved.",10.4018/IJKM.380660,International Journal of Knowledge Management,Yes,Yes,"The abstract explicitly investigates knowledge-sharing behavior among nursing educators, which involves capturing and retaining knowledge from individuals within an organizational environment.","The study investigates the influence of organizational culture and technological environment on knowledge-sharing behavior among nursing educators, which implies capturing and retaining knowledge in the organizational environment.",Relational Tacit Knowledge,Collective Tacit Knowledge,Yes,Yes,"The abstract states that the technological environment, including tools such as Learning Management Systems (LMS) and video conferencing, plays a facilitating role in knowledge-sharing behavior.","The technological environment, including tools such as Learning Management Systems (LMS) and video conferencing, plays a facilitating role in knowledge sharing.","Mobile, Social, and Communication Technologies","Human–Computer Interaction and Immersive Technologies; Mobile, Social, and Communication Technologies",Empirical Study,Empirical Study,True,True
a79a535a-162a-4fb8-ba96-4ebc5a26c0a7,Development And Usability Testing Of A Knowledge Graph–Based Digital Teaching Platform In Internal Medicine Nursing (Kg-Dtpnursing): A Cross-Sectional Study,"Background: The integration of “Internet Plus Education” has spurred the rapid emergence and development of diverse online education platforms. However, few studies have developed and evaluated the usability of knowledge graph–based digital teaching platforms for undergraduate nursing education. Aim: This study aimed to develop a knowledge graph–based digital teaching platform in internal medicine nursing (KG-DTPNursing) to support systematic knowledge acquisition and evaluate its usability among nursing students. Methods: A cross-sectional study was conducted. The KG-DTPNursing was developed by following established procedures for constructing knowledge graph–based curriculum platforms, grounded in constructivism learning theory. Usability was assessed using the Chinese version of the Health Information Technology Usability Evaluation Scale. Results: Among the 54 nursing students included in the usability testing, the mean score was 83.24, which indicates acceptable levels of impact, perceived usefulness, perceived ease of use, and user control. Conclusions: The KG-DTPNursing platform was successfully developed and was perceived as usable by nursing students. It is designed to support systematic knowledge acquisition and provide structured access to high-quality educational resources. Copyright © 2025 Lu Liu et al. Nursing Forum published by John Wiley & Sons Ltd.",10.1155/nuf/3369523,Nursing Forum,Yes,Yes,"The abstract explicitly discusses developing a knowledge graph–based digital teaching platform (KG-DTPNursing) to support systematic knowledge acquisition in internal medicine nursing, which involves capturing and retaining knowledge from the educational environment.","The study aimed to develop a knowledge graph–based digital teaching platform in internal medicine nursing to support systematic knowledge acquisition, which implies capturing and retaining knowledge.",Relational Tacit Knowledge,Relational Tacit Knowledge,Yes,Yes,"The abstract states that a knowledge graph–based digital teaching platform was developed to support systematic knowledge acquisition, indicating digital technology is used to capture and retain knowledge.","The KG-DTPNursing was developed by following established procedures for constructing knowledge graph–based curriculum platforms, grounded in constructivism learning theory.","Data, Information, and Knowledge Systems","Data, Information, and Knowledge Systems",Empirical Study,Empirical Study,True,True
2e75829c-a783-4cf4-9589-2bebac319e6d,Collaborative Praxis Learning To Empower Rural Area: An Action Research,"The emergence of collaborative learning praxis among adult learners has gained prominence, fostering lifelong practical learning. This approach empowers adults to define their learning goals based on interests and needs, facilitating contextual information sharing, knowledge acquisition, and skill enhancement. Such an approach promotes innovation and creativity, strengthening market competitiveness. This study focuses on collaborative learning’s impact in the village of Sukodono, East Java, Indonesia, post-COVID-19. Collaborative learning facilitated skill development, innovation, and market influence. Action research was employed to restore economic well-being. Themes of healthy environment preservation, community self-help, and market power were explored. The villagers’ adoption of biogas technology, digital platforms for product promotion, and focus on high-demand products showcased the efficacy of collaborative learning. This praxis enhances economic conditions and knowledge acquisition, enabling sustainable community development. Further quantitative studies are recommended to assess long-term impacts. © 2025, Institute of Advanced Engineering and Science. All rights reserved.",10.11591/ijere.v14i1.27716,International Journal of Evaluation and Research in Education,Yes,Yes,"The abstract discusses 'collaborative learning praxis' that facilitates 'contextual information sharing, knowledge acquisition, and skill enhancement' and 'enables sustainable community development', implying knowledge retention and transfer within the community.","The emergence of collaborative learning praxis among adult learners has gained prominence, fostering lifelong practical learning. This approach empowers adults to define their learning goals based on interests and needs, facilitating contextual information sharing, knowledge acquisition, and skill enhancement. Such an approach promotes innovation and creativity, strengthening market competitiveness. Collaborative learning facilitated skill development, innovation, and market influence.",Collective Tacit Knowledge,Collective Tacit Knowledge,Yes,Yes,"The abstract mentions 'digital platforms for product promotion' as part of the collaborative learning approach, which supports knowledge sharing and retention.","Action research was employed to restore economic well-being. Themes of healthy environment preservation, community self-help, and market power were explored. The villagers’ adoption of biogas technology, digital platforms for product promotion, and focus on high-demand products showcased the efficacy of collaborative learning.","Mobile, Social, and Communication Technologies","Mobile, Social, and Communication Technologies",Case Study,Case Study,True,True
09f3bb87-0643-44e7-9718-147c06cee0dd,Enhancing Knowledge Exchange To Improve Performance In A Drilling & Well Portfolio On The Norwegian Continental Shelf,"This paper aims at presenting the tool and the set of methods developed to enhance knowledge exchange across dispersed drilling and well teams working for various projects on the Norwegian Continental Shelf (NCS). This solution has a low threshold for entries, and it fills the gap between isolated project knowledge and high-level corporate project management solutions. The goal is to enhance knowledge sharing to improve performance. Four principles are followed: (1) A digital ecosystem that facilitates the knowledge exchange process is created. It includes a web application compatible with laptop and mobile usage, storage space, access and notification management, dashboards. (2) Metadata associated with entries are compatible with metadata used in other business systems. (3) Knowledge is classified along three different levels: experience, lesson learned, best practice. This enhances systematization and aggregation of insights. (4) A process supports the capture and the treatment of entries. It ensures content is reviewed, a digest is presented regularly, and value is extracted. The platform was run with the sole involvement of project engineers for one year. This first step was aimed at populating the database, developing workflows and adjusting hardware. During the second year, the field population was involved. Work processes were formalized. As population of the database continues, a second phase has now started where value creation is the focus with two main goals: (1) Identify areas that require deeper engineering studies. (2) Facilitate an exchange of local best practices. The next step is to leverage on machine learning and natural language processing technologies. Specifically, the team is now working on how to improve the identifications of connections between contents: single entries that may appear insignificant, once connected to others, show the development of weak signals that need to be addressed. The solution proves to be working, it is stable and fully scalable. After two years, the objectives are deemed successfully achieved: experience from the ground is gathered across projects; it is treated via formal processes before being made available to all projects of the company on the NCS. Finally, while performance increased, other units expressed interest in deploying the solution. In response, the tool was recently launched at a global level to simplify and enrich knowledge sharing between integrated projects. With this paper, we show an example of a cross-project knowledge sharing solution which builds on readily available digital tools. Its low-threshold mindset and the workflows developed enable detection and treatment of weak signals. The solution is a knowledge exchange tool tailored to the field which compliments higher-level corporate solutions with the goal of contributing to a relentless increase in performance. Copyright 2024, Society of Petroleum Engineers.",10.2118/221279-MS,APOGCE 2024 - SPE Asia Pacific Oil and Gas Conference and Exhibition,Yes,Yes,"The abstract explicitly discusses enhancing knowledge exchange and sharing across dispersed drilling and well teams. It states: 'This paper aims at presenting the tool and the set of methods developed to enhance knowledge exchange across dispersed drilling and well teams... The goal is to enhance knowledge sharing to improve performance.' It also mentions capturing and treating entries: 'A process supports the capture and the treatment of entries. It ensures content is reviewed, a digest is presented regularly, and value is extracted.' This clearly indicates capturing and retaining knowledge from individuals and the organizational environment.",The paper aims at presenting the tool and the set of methods developed to enhance knowledge exchange across dispersed drilling and well teams working for various projects on the Norwegian Continental Shelf (NCS). The goal is to enhance knowledge sharing to improve performance.,Relational Tacit Knowledge,Collective Tacit Knowledge,Yes,Yes,"The abstract explicitly describes a digital ecosystem for knowledge exchange: 'A digital ecosystem that facilitates the knowledge exchange process is created. It includes a web application compatible with laptop and mobile usage, storage space, access and notification management, dashboards.' This digital tool is used to capture, store, and share knowledge, including tacit knowledge like experiences and local best practices.","The paper aims at presenting the tool and the set of methods developed to enhance knowledge exchange across dispersed drilling and well teams working for various projects on the Norwegian Continental Shelf (NCS). A digital ecosystem that facilitates the knowledge exchange process is created, including a web application compatible with laptop and mobile usage, storage space, access and notification management, dashboards.","Data, Information, and Knowledge Systems","Data, Information, and Knowledge Systems; Mobile, Social, and Communication Technologies",Case Study,Case Study,True,True
e77c5216-d5c2-4cb2-8905-1b0b7594d15e,Responsible Credit Risk Assessment With Machine Learning And Knowledge Acquisition,"Making responsible lending decisions involves many factors. There is a growing amount of research on machine learning applied to credit risk evaluation. This promises to enhance diversity in lending without impacting the quality of the credit available by using data on previous lending decisions and their outcomes. However, often the most accurate machine learning methods predict in ways that are not transparent to human domain experts. A consequence is increasing regulation in jurisdictions across the world requiring automated decisions to be explainable. Before the emergence of data-driven technologies lending decisions were based on human expertise, so explainable lending decisions can, in principle, be assessed by human domain experts to ensure they are fair and ethical. In this study we hypothesised that human expertise may be used to overcome the limitations of inadequate data. Using benchmark data, we investigated using machine learning on a small training set and then correcting errors in the training data with human expertise applied through Ripple-Down Rules. We found that the resulting combined model not only performed equivalently to a model learned from a large set of training data, but that the human expert’s rules also improved the decision making of the latter model. The approach is general, and can be used not only to improve the appropriateness of lending decisions, but also potentially to improve responsible decision making in any domain where machine learning training data is limited in quantity or quality. © The Author(s) 2023.",10.1007/s44230-023-00035-1,Human-Centric Intelligent Systems,Yes,Yes,"The abstract discusses using human expertise (Ripple-Down Rules) to correct errors in training data and improve machine learning models, thereby capturing and retaining human expert knowledge.",The study hypothesizes that human expertise may be used to overcome the limitations of inadequate data. It uses machine learning on a small training set and then corrects errors in the training data with human expertise applied through Ripple-Down Rules.,Relational Tacit Knowledge,Relational Tacit Knowledge,Yes,Yes,"The abstract explicitly mentions using Ripple-Down Rules, a digital rule-based system, to capture and apply human expertise.",The study uses machine learning on a small training set and then corrects errors in the training data with human expertise applied through Ripple-Down Rules.,"Rule-Based, Decision, and Expert Systems","Artificial Intelligence and Intelligent Computation; Rule-Based, Decision, and Expert Systems",Empirical Study,Empirical Study,True,True
027d0e8f-1697-4742-bec0-fa660e53fbd8,Towards Personalized Learning Environments: Using Machine Learning To Predict Students' Learning Preferences In A Mixed Reality Environment,"This research-to-practice full paper describes the machine learning techniques for predicting students' learning preferences and cognitive load in a mixed reality environment. As the construction industry increasingly adopts sensing technologies, the demand for hands-on learning experiences in construction education becomes imperative. However, challenges arise in educating the future workforce due to limited access to construction sites for practical learning and the high costs associated with these technologies. To overcome these obstacles, educators are turning to virtual learning environments, such as mixed reality (MR), to provide engaging learning experiences. While MR has been utilized in construction education for simulating activities, the design of such learning environments often neglects to account for the varying learning preferences necessary for effective navigation and optimal learning outcomes. This makes it necessary to develop intelligent learning environments that can detect students' learning preferences and present information based on individual preferences. Extant studies have shown that eye movement data, particularly fixations from virtual learning environments, provide valuable insights into users' cognitive processes. Studies have also shown that leveraging machine learning algorithms enables the analysis and interpretation of eye-tracking data, offering deeper insights into students' learning preferences. In this study, nineteen undergraduate students participated in hands-on activities involving the implementation of sensing technologies within an MR learning environment. Questionnaires on learning preferences were used to assess individual learning preferences. By employing machine learning techniques on eye-tracking data and subjective evaluations of learning preferences, the study presents models that can detect students' learning preferences. The study compared performance metrics from three classifiers - Ensemble, Neural Network, and K-Nearest Neighbors (KNN) and the Ensemble classifier was identified as the most accurate, achieving an accuracy of 83.3% for the test model. The findings highlight the potential of machine learning models in detecting learning preferences most effectively for the user's interactions. The classification models, when implemented in the MR environment, can identify users who may require additional support tailored to their specific learning preferences. Thereby enhancing their interaction with the MR learning environment. Understanding and accommodating diverse learning preferences in MR learning environments can offer personalized experiences for effective engagement and knowledge retention in construction education. By tailoring instructional methods to individual preferences, educators can create inclusive environments that foster deeper comprehension and maximize learning outcomes. © 2024 IEEE.",10.1109/FIE61694.2024.10893418,"Proceedings - Frontiers in Education Conference, FIE",Yes,Yes,"The abstract discusses using machine learning to detect students' learning preferences in a mixed reality environment to provide personalized learning experiences, which involves capturing knowledge about individual learning preferences from the learning environment.",This research-to-practice full paper describes the machine learning techniques for predicting students' learning preferences and cognitive load in a mixed reality environment. The study aims to detect students' learning preferences and present information based on individual preferences.,Relational Tacit Knowledge,Relational Tacit Knowledge,Yes,Yes,"The abstract explicitly states using 'machine learning techniques on eye-tracking data' and classifiers (Ensemble, Neural Network, KNN) to detect students' learning preferences in a mixed reality environment.","By employing machine learning techniques on eye-tracking data and subjective evaluations of learning preferences, the study presents models that can detect students' learning preferences. The study compared performance metrics from three classifiers - Ensemble, Neural Network, and K-Nearest Neighbors (KNN) and the Ensemble classifier was identified as the most accurate, achieving an accuracy of 83.3% for the test model.",Artificial Intelligence and Intelligent Computation,Artificial Intelligence and Intelligent Computation; Human–Computer Interaction and Immersive Technologies,Empirical Study,Empirical Study,True,True
8b614b62-2e86-4920-8d9a-2c77db9977c5,"Understanding Knowledge Acquisition, Adaptive Strategies, Challenges, And Preservation Methods Among Traditional Fishermen In A Digital Age","The Riau Islands (Kepri) province of Indonesia boasts an expansive ocean, covering 96% of its territory and fostering a rich heritage of knowledge and maritime culture among its citizens. Traditional fishing communities on Riau Island have thrived for generations, drawing on ancestral wisdom and local expertise. However, the swift rise of digitalization and modernization has triggered a transformative shift in their learning methods and adaptation strategies. This study focuses on: identifying methods of knowledge acquisition, investigating adaptive strategies, unveiling challenges, and exploring knowledge preservation techniques. Through in-depth interviews with more than two decades of experienced fishermen, qualitative data was gathered and meticulously analyzed using NVivo 12 software. The result found that traditional fishermen employ diverse strategies, integrating technology, continuous learning, and data-driven decision-making. They face challenges like limited internet access, cultural traditions, and safety concerns. Yet they preserve wisdom through oral traditions, apprenticeships, and modern tools, ensuring a vibrant fishing legacy. Their resilience highlights the urgent need for digital adaptation and intergenerational dialogue to shape sustainable and innovative fishing communities. Hence, this study recommend to develop sustainable training initiatives, establish community platforms, formulate policies to enhance digital accessibility, and encourage meaningful conversations across generations within traditional fishing communities.  © 2023 BIO Web of Conferences. All rights reserved.",10.1051/bioconf/20237005008,BIO Web of Conferences,Yes,Yes,"The abstract explicitly discusses 'knowledge preservation techniques' and 'preserve wisdom through oral traditions, apprenticeships, and modern tools', indicating a focus on capturing and retaining knowledge from traditional fishermen.","The study focuses on identifying methods of knowledge acquisition, investigating adaptive strategies, unveiling challenges, and exploring knowledge preservation techniques among traditional fishermen. The study found that traditional fishermen employ diverse strategies, integrating technology, continuous learning, and data-driven decision-making to preserve wisdom through oral traditions, apprenticeships, and modern tools.",Collective Tacit Knowledge,Collective Tacit Knowledge,Yes,Yes,"The abstract mentions 'modern tools' for knowledge preservation and uses NVivo 12 software for data analysis, but the primary preservation methods are oral traditions and apprenticeships. Digital technology is used in the research process, not explicitly for capturing tacit knowledge from fishermen. However, 'modern tools' implies some digital technology use for preservation.","The study found that traditional fishermen integrate technology, continuous learning, and data-driven decision-making to preserve their knowledge. They use modern tools in addition to oral traditions and apprenticeships.","Data, Information, and Knowledge Systems",Others(*),Case Study,Empirical Study,True,True
4442bf5e-24c2-4644-bed5-ec5da98fce93,"Odkar: ""Ontology-Based Dynamic Knowledge Acquisition And Automated Reasoning Using Nlp, Owl, And Swrl""","This paper introduces a novel approach to dynamic ontology creation, leveraging Natural Language Processing (NLP) to automatically generate ontologies from textual descriptions and transform them into OWL (Web Ontology Language) and SWRL (SemanticWeb Rule Language) formats. Unlike traditional manual ontology engineering, our system automates the extraction of structured knowledge from text, facilitating the development of complex ontological models in domains such as fitness and nutrition. The system supports automated reasoning, ensuring logical consistency and the inference of new facts based on rules. We evaluate the performance of our approach by comparing the ontologies generated from text with those created by a Semantic Web technologies expert and by ChatGPT. In a case study focused on personalized fitness planning, the system effectively models intricate relationships between exercise routines, nutritional requirements, and progression principles such as overload and time under tension. Results demonstrate that the proposed approach generates competitive, logically sound ontologies that capture complex constraints. Copyright © 2024 by SCITEPRESS.",10.5220/0013071500003825,"International Conference on Web Information Systems and Technologies, WEBIST - Proceedings",Yes,Yes,"The abstract discusses 'automatically generate ontologies from textual descriptions and transform them into OWL and SWRL formats', which captures knowledge from text (a form of externalized individual/organizational knowledge) and retains it in a structured ontology.","This paper introduces a novel approach to dynamic ontology creation, leveraging Natural Language Processing (NLP) to automatically generate ontologies from textual descriptions and transform them into OWL (Web Ontology Language) and SWRL (SemanticWeb Rule Language) formats. The system supports automated reasoning, ensuring logical consistency and the inference of new facts based on rules.",Relational Tacit Knowledge,Relational Tacit Knowledge,Yes,Yes,The abstract explicitly states the use of 'Natural Language Processing (NLP) to automatically generate ontologies from textual descriptions and transform them into OWL (Web Ontology Language) and SWRL (SemanticWeb Rule Language) formats' to capture and retain knowledge.,The system leverages Natural Language Processing (NLP) to automatically generate ontologies from textual descriptions and transform them into OWL (Web Ontology Language) and SWRL (SemanticWeb Rule Language) formats.,Artificial Intelligence and Intelligent Computation,"Artificial Intelligence and Intelligent Computation; Data, Information, and Knowledge Systems; Rule-Based, Decision, and Expert Systems",Empirical Study,Empirical Study,True,True
5aa7ba51-569a-4a01-9723-6998b49f12e9,Determinants Of Kms Adoption In Malaysian Organizations: Evidence Across Various Industries,"Purpose: This article investigates the determinants of knowledge management system (KMS) adoption, specifically with reference to Malaysian organizations across various industries. Design/methodology/approach: The structural equation modelling approach using PLS technique was utilized to analyze the hypotheses developed, based on the survey data from 830 respondents comprised of information technology or knowledge management managers in Malaysian organizations from various industries. Findings: Knowledge management (KM) enabling processes, perceived usefulness of KMS, knowledge sharing culture, knowledge taxonomy, and policy and procedure for KMS work, display significant positive effects on the KMS adoption level, with KM enabling processes having the strongest significant positive influence. Meanwhile, incentive and reward, management commitment, and KMS perceived ease of use possess no significant direct effect. However, management commitment was found to have an indirect effect on the KMS adoption level, where its effect is mediated by knowledge sharing culture. Practical implications: This article outlines several managerial implications for enhancing the adoption of KMS, which include establishing appropriate KM enabling processes, identifying pertinent information to be preserved, shared, and reuse, and generating initiatives to instil a culture of knowledge sharing. Originality/value: The empirical findings support the relevancy of the technology acceptance model (TAM) construct of perceived usefulness in KMS adoption context and advances the understanding that knowledge sharing culture is a highly influential factor for this construct. This study enriches and extends technology acceptance theory by presenting a more holistic model for KMS adoption with the integration of influencing factors that are inherent to organization. © 2022, Emerald Publishing Limited.",10.1108/K-02-2022-0292,Kybernetes,Yes,Yes,The abstract discusses 'knowledge management system (KMS) adoption' and factors like 'knowledge sharing culture' and 'KM enabling processes' that facilitate the capture and retention of knowledge.,"This article investigates the determinants of knowledge management system (KMS) adoption, specifically with reference to Malaysian organizations across various industries. KM enabling processes, perceived usefulness of KMS, knowledge sharing culture, knowledge taxonomy, and policy and procedure for KMS work, display significant positive effects on the KMS adoption level, with KM enabling processes having the strongest significant positive influence.",Collective Tacit Knowledge,Collective Tacit Knowledge; Relational Tacit Knowledge,Yes,Yes,The abstract explicitly discusses 'knowledge management system (KMS)' as a digital technology for knowledge adoption and retention.,"The structural equation modelling approach using PLS technique was utilized to analyze the hypotheses developed, based on the survey data from 830 respondents comprised of information technology or knowledge management managers in Malaysian organizations from various industries.","Data, Information, and Knowledge Systems","Data, Information, and Knowledge Systems; Rule-Based, Decision, and Expert Systems",Empirical Study,Empirical Study,True,True
5e298dcc-7fed-45cb-9f50-fe6b5e6726ee,What Is Left Unsaid: Ongoing Tacit Knowledge Loss From The Pandemic,"Remote work and its challenges have been around for decades, yet the COVID19 pandemic brought these challenges to the fore and prompted organisations to address them. One of the challenges is the potential loss of tacit knowledge (knowledge that resides in the heads of “knowers”) among knowledge workers by shifting from in-person to remote work. This paper reports on the initial findings of a pilot study that interviewed knowledge workers about the interruption of information sharing, the importance of technology to resemble in-person working, and organization adaptability. The findings highlight the importance of in-person interactions to exchanging tacit information but indicates that for organisations that are resilient, technology can mimic in-person sharing.  Annual Meeting of the Association for Information Science & Technology | Oct. 25 – 29, 2024 | Calgary, AB, Canada.",10.1002/pra2.1210,Proceedings of the Association for Information Science and Technology,Yes,Yes,"The abstract discusses 'potential loss of tacit knowledge' and the importance of 'in-person interactions to exchanging tacit information', indicating a focus on retaining tacit knowledge.","One of the challenges is the potential loss of tacit knowledge (knowledge that resides in the heads of “knowers”) among knowledge workers by shifting from in-person to remote work. The findings highlight the importance of in-person interactions to exchanging tacit information but indicates that for organisations that are resilient, technology can mimic in-person sharing.",Relational Tacit Knowledge,Relational Tacit Knowledge,Yes,Yes,The abstract states 'technology can mimic in-person sharing' and mentions 'the importance of technology to resemble in-person working'.,"for organisations that are resilient, technology can mimic in-person sharing",Human–Computer Interaction and Immersive Technologies,Others(*),Empirical Study,Empirical Study,True,True
83939f88-c479-4261-a25c-4d929d8ac33d,Digitalised Human Needs To Support Intra-Organisational Knowledge Sharing Among Knowledge Workers,"An organisation's success relies more on dynamic knowledge management (KM). A successful knowledge management system is inextricably linked to employee behaviour, namely intra-organisational knowledge sharing. Individual needs significantly influence human behaviour, such as innovation. Most need-based motivation theories make similar assumptions regarding basic needs such as achievement, affiliation, and power. Using the Rasch Model and structural equation modelling (SEM) methodologies, this research transforms human needs into digital form to enhance intra-organisational knowledge sharing among knowledge workers. The study hypothesis employs SEM. It indicates that the need for achievement, affiliation, and power influence knowledge sharing significantly, with the strongest significant influence being the need for power. Various information and communication technology (ICT) tools have recently been developed based on web, mobile, and desktop applications. The study mapped the three categories of motivators based on the appropriate ICT tools for intraorganisational knowledge sharing. © 2024 Inderscience Enterprises Ltd.",10.1504/IJKBD.2024.137591,International Journal of Knowledge-Based Development,Yes,Yes,"The abstract explicitly discusses 'intra-organisational knowledge sharing among knowledge workers' and aims to 'transform human needs into digital form to enhance intra-organisational knowledge sharing', which involves capturing and retaining knowledge from individuals within the organization.","The abstract discusses transforming human needs into digital form to enhance intra-organisational knowledge sharing among knowledge workers, which implies capturing and retaining knowledge.",Relational Tacit Knowledge,Relational Tacit Knowledge,Yes,Yes,"The abstract states: 'Using the Rasch Model and structural equation modelling (SEM) methodologies, this research transforms human needs into digital form' and mentions 'various information and communication technology (ICT) tools have recently been developed based on web, mobile, and desktop applications' mapped to motivators for knowledge sharing.",The abstract mentions the use of the Rasch Model and structural equation modelling (SEM) methodologies to transform human needs into digital form and the use of ICT tools for intra-organisational knowledge sharing.,"Data, Information, and Knowledge Systems","Data, Information, and Knowledge Systems; Mobile, Social, and Communication Technologies",Empirical Study,Empirical Study,True,True
051a4465-7bea-4f65-95c5-3594462e7753,Developing An Ethnobotanical Application With And For Ovahimba Communities,"Passing on of ethnobotanical knowledge orally is becoming a less common practice, thus resulting in knowledge loss for the future generation. Hence, it is crucial to digitally preserve ethnobotanical knowledge. A number of national ethnobotanical databases have been developed across the globe. However, They are mainly used for commercialisation or research purposes without providing access to the original knowledge holders. Moreover the indigenous communities mostly served as informants only not validating the digitalizations. This results in incompleteness, misinterpretations and inaccuracy of the digital data sets. Hence, the main objective of this project was to develop a digital tool with indigenous communities living in Kunene to support the safeguarding of traditional plant knowledge. Following a community-based co-design approach and an iterative prototyping development a mobile ethnographic app was implemented, enabling indigenous communities to collect and curate their own data, which they can then share with external entities. © 2023 ACM.",10.1145/3628096.3629053,ACM International Conference Proceeding Series,Yes,Yes,"The abstract explicitly discusses preserving ethnobotanical knowledge: 'Passing on of ethnobotanical knowledge orally is becoming a less common practice, thus resulting in knowledge loss for the future generation. Hence, it is crucial to digitally preserve ethnobotanical knowledge.'","The abstract discusses developing a digital tool to support the safeguarding of traditional plant knowledge, which implies capturing and retaining ethnobotanical knowledge.",Collective Tacit Knowledge,Collective Tacit Knowledge,Yes,Yes,"The abstract states: 'a mobile ethnographic app was implemented, enabling indigenous communities to collect and curate their own data', which is a digital technology used to preserve and retain knowledge.","The abstract describes the development of a mobile ethnographic app to enable indigenous communities to collect and curate their own data, which they can then share with external entities.","Mobile, Social, and Communication Technologies","Mobile, Social, and Communication Technologies",Case Study,Case Study,True,True
5c555088-4ecf-466e-aebf-9910dd205fd1,Co-Designing A Knowledge Management Tool For Educator Communities Of Practice,"Knowledge management involves fnding, expanding, and using knowledge in an organisation to achieve goals. Its role is crucial in higher education to improve problem-solving, research, and teaching by acquiring, sharing, and applying knowledge. Higher education institutions can promote knowledge management through Communities of Practice, but doing so remains challenging due to cultural, organisational, and technological reasons. We present fndings of the frst step of co-design workshops with authentic higher education teaching teams that sought to understand (a) their practices as a community and any motivators and impediments to their community development; (b) how they perceived the tools they use for knowledge management; and (c) the kinds of tools they believed could help them better conduct knowledge management and develop as Communities of Practice. Our fndings suggested four essential design requirements and informed our development of a new tool to support the knowledge management needs of higher education teaching teams. © 2024 Copyright held by the owner/author(s).",10.1145/3643834.3660682,"Proceedings of the 2024 ACM Designing Interactive Systems Conference, DIS 2024",Yes,Yes,"The abstract explicitly discusses knowledge management in higher education: 'Knowledge management involves fnding, expanding, and using knowledge in an organisation to achieve goals' and aims to 'support the knowledge management needs of higher education teaching teams', which involves capturing and retaining knowledge from educator communities.","The abstract discusses co-designing a knowledge management tool to support the knowledge management needs of higher education teaching teams, which implies capturing and retaining knowledge.",Collective Tacit Knowledge,Relational Tacit Knowledge,Yes,Yes,"The abstract states: 'We present fndings of the frst step of co-design workshops' and 'informed our development of a new tool to support the knowledge management needs', indicating a digital tool is being developed to capture and retain knowledge.",The abstract mentions the co-design workshops and the development of a new tool to support the knowledge management needs of higher education teaching teams.,"Data, Information, and Knowledge Systems","Human–Computer Interaction and Immersive Technologies; Mobile, Social, and Communication Technologies",Empirical Study,Case Study,True,True
d8a1b14c-1353-4258-aaa3-7917e9f8cf18,Evaluating The Effectiveness Of Game-Based Learning For Long-Term Knowledge Retention,"This longitudinal study investigated the efficacy of game-based learning in enhancing the retention of safety knowledge, specifically within the domain of construction safety. The research focused on assessing participants’ retention of safety knowledge 1year after game-based training, revealing a resilient performance despite a perceived decline in preparedness. Analysis of the data indicated no statistically significant variance in participants’ performance in hazard identification tests conducted 1year after the initial assessment following game-based training. The study also explored the relationship between perceived preparation, actual performance, and the temporal gap between evaluations, highlighting the necessity for a comprehensive understanding of these dynamics in educational settings. The implications of this research extend beyond construction safety, underscoring the transformative potential of game-based learning in cultivating enduring safety awareness across various industries. By harnessing innovative educational technologies, organizations can enhance workplace safety protocols and mitigate occupational hazards. © 2024 Human Factors and Ergonomics Society.",10.1177/10711813241260392,Proceedings of the Human Factors and Ergonomics Society,Yes,Yes,"The abstract explicitly investigates 'the efficacy of game-based learning in enhancing the retention of safety knowledge' and assesses 'participants’ retention of safety knowledge 1 year after game-based training', directly addressing knowledge retention.","The study investigates the efficacy of game-based learning in enhancing the retention of safety knowledge, specifically within the domain of construction safety. The research focuses on assessing participants’ retention of safety knowledge 1 year after game-based training.",Somatic Tacit Knowledge,Relational Tacit Knowledge,Yes,Yes,"The abstract explicitly mentions 'game-based learning' and 'game-based training' as the method used to enhance knowledge retention, which is a digital technology.",The study uses game-based learning as a digital technology to enhance the retention of safety knowledge.,Human–Computer Interaction and Immersive Technologies,Human–Computer Interaction and Immersive Technologies,Empirical Study,Empirical Study,True,True
89b7b264-7b03-4f49-afee-7847ef0810ec,Knowledge Management Process And Worker’S Performance: Role Of Smart Technology And Training/ Skill Development,"The objectives of this study are to examine the impact of Knowledge management process on worker performance in Hail health cluster, to inspect the mediating role of smart technologies between Knowledge management process and worker performance. Further, to explain the importance of training/skill development as moderator between use of smart technologies and worker performance in the context of Hail health cluster Saudi Arabia. This study is quantitative in nature and data is collected with the help of well-developed questionnaire randomly from 302 employees working in different hospital in Hail health cluster. Smart PLs is used, for analyzing the PLS-SEM of conceptual framework. After the Analysis, this study found positive and significant relationship of knowledge management process (knowledge sharing, knowledge acquisition and knowledge utilization) with worker performance. Further, smart technologies play important role in enhancing the worker performance directly and also play mediating role between of knowledge management process (knowledge sharing, knowledge acquisition and knowledge utilization) with worker performance. Moreover, training/skill development has positive moderating role between smart technologies and worker performance. This study not only has theoretical and empirical implications but its practical implication, this study provides the open horizon for utilization, sharing and acquisition of knowledge for increasing the performance of worker in healthcare sector. Further, this study explains the smart technology mediating role to link these variables. Moreover, it is considered that training/skill development is important for utilization smart technologies for enhancing the performance of healthcare workers. Overall, this study is very beneficial for the ministry of health, administration and policy makers for development of this heath sector by boost up the productivity of employee. This study is very important in the context of health cluster of Hail. With the best of authors’ knowledge this study is one of the initial studies related to unveil the impact of knowledge management process with its important dimension such as (knowledge sharing, knowledge acquisition and knowledge utilization) with worker performance. Further smart technologies are mediator and training/ skill development is moderator. © 2024 by the authors; licensee Learning Gate.",10.55214/25768484.v8i6.1706,Edelweiss Applied Science and Technology,Yes,Yes,"The abstract explicitly discusses knowledge management processes (knowledge sharing, knowledge acquisition, knowledge utilization) and their impact on worker performance, implying capturing and retaining knowledge from individuals and the organization environment.",The study examines the impact of the knowledge management process on worker performance and the mediating role of smart technologies between the knowledge management process and worker performance. It also explains the importance of training/skill development as a moderator between the use of smart technologies and worker performance.,Collective Tacit Knowledge,Relational Tacit Knowledge,Yes,Yes,"The abstract states that smart technologies play a mediating role between knowledge management processes and worker performance, and that training/skill development moderates the use of smart technologies.","The paper inspects the mediating role of smart technologies between the knowledge management process and worker performance, and the importance of training/skill development as a moderator between the use of smart technologies and worker performance.","Cyber-Physical Systems, IoT, and Smart Environments",Others(*),Empirical Study,Empirical Study,True,True
e3e1e7f8-3f77-4142-8d6d-83ea3ffe4634,Spatial Knowledge Acquisition For Pedestrian Navigation: A Comparative Study Between Smartphones And Ar Glasses †,"Smartphone map-based pedestrian navigation is known to have a negative effect on the long-term acquisition of spatial knowledge and memorisation of landmarks. Landmark-based navigation has been proposed as an approach that can overcome such limitations. In this work, we investigate how different interaction technologies, namely smartphones and augmented reality (AR) glasses, can affect the acquisition of spatial knowledge when used to support landmark-based pedestrian navigation. We conducted a study involving 20 participants, using smartphones or augmented reality glasses for pedestrian navigation. We studied the effects of these systems on landmark memorisation and spatial knowledge acquisition over a period of time. Our results show statistically significant differences in spatial knowledge acquisition between the two technologies, with the augmented reality glasses enabling better memorisation of landmarks and paths. © 2023 by the authors.",10.3390/info14070353,Information (Switzerland),Yes,Yes,The abstract explicitly discusses 'spatial knowledge acquisition' and 'memorisation of landmarks' as outcomes of pedestrian navigation. It studies how different technologies affect the acquisition of spatial knowledge over time.,The study investigates how different interaction technologies (smartphones and AR glasses) affect the acquisition and retention of spatial knowledge during pedestrian navigation.,Somatic Tacit Knowledge,Collective Tacit Knowledge,Yes,Yes,The abstract explicitly compares 'smartphones' and 'augmented reality (AR) glasses' as interaction technologies used to support landmark-based pedestrian navigation and acquire spatial knowledge.,The study uses smartphones and augmented reality (AR) glasses to support landmark-based pedestrian navigation.,Human–Computer Interaction and Immersive Technologies,"Human–Computer Interaction and Immersive Technologies; Mobile, Social, and Communication Technologies",Empirical Study,Empirical Study,True,True
c8a336ea-fe78-43f7-8cd1-293ed6e7d3dd,Fundamental Knowledge Acquisition By Using Wearable Sensor For “Keiroka” Of Construction Industry,"“KEIROKA” is a new concept of work assistance that aims to simultaneously reduce physical burden and maintain physical capacity with the goal of extending healthy working life. Two important findings are necessary for the appropriate introduction of KEIROKA assistive technologies, such as power-assistive suits and work support robots, into the field. One is to know the physical abilities and skills of each worker. The other is to quantify the work content and physical burden of each worker. We have tested the physical performance of construction workers, conducted questionnaires on back pain, and also measured their physical workload using wearable sensors. The workload did not change with the presence or absence of LBP and age but tended to change with physical ability. Copyright © 2023 The Authors. This is an open access article under the CC BY-NC-ND license (https://creativecommons.org/licenses/by-nc-nd/4.0/)",10.1016/j.ifacol.2023.10.282,IFAC-PapersOnLine,Yes,Yes,The abstract discusses measuring physical abilities and skills of workers and quantifying work content and physical burden using wearable sensors to capture knowledge about individual workers' physical performance and workload.,"We have tested the physical performance of construction workers, conducted questionnaires on back pain, and also measured their physical workload using wearable sensors. The workload did not change with the presence or absence of LBP and age but tended to change with physical ability.",Somatic Tacit Knowledge,Somatic Tacit Knowledge; Relational Tacit Knowledge,Yes,Yes,Wearable sensors are explicitly used to measure physical workload and capture physical performance data of workers.,measured their physical workload using wearable sensors,"Imaging, Sensing, and Perception Technologies","Imaging, Sensing, and Perception Technologies",Empirical Study,Empirical Study,True,True
6ad83ecf-396b-4890-ac04-6fab2cdf3ca8,Harnessing Virtual Reality For Management Training: A Longitudinal Study,"Purpose: Virtual reality (VR) technologies have been gaining popularity in training and development in many fields to promote embodied training. However, its adoption in management has been slow and rigorous empirical research to understand its impact on learning and retention is scarce. Thus, this paper aims to examine the benefits of VR technologies for management training. Design/methodology/approach: Through a longitudinal experiment comparing VR platforms and a traditional video platform, this study examines two as yet unexplored benefits of VR technologies vis-à-vis management training – the cognitive outcome and affective reaction of the training experience over time. Findings: This study finds that, for cognitive outcomes, immediate gains are similar across video and VR platforms, but subsequent knowledge retention is significantly higher for VR platforms. In terms of affective reaction, VR platforms generate significantly more enjoyment, which carries over to two weeks later, and is partially associated with higher knowledge retention. Practical implications: This study has implications for management and human resource trainers and system designers interested in integrating VR for training and development purposes. Originality/value: This study makes a unique contribution by unpacking the long-term benefits of an embodied training system, as well as identify a possible link between cognitive outcomes and affective reaction. © 2022, Heng Xu, Julita Anita Haber and Kanu Priya.",10.1108/OMJ-02-2022-1482,Organization Management Journal,Yes,Yes,"The study examines the benefits of VR technologies for management training, focusing on cognitive outcome and affective reaction over time, and finds that subsequent knowledge retention is significantly higher for VR platforms. This implies capturing and retaining knowledge from individuals through the training experience.","This study finds that, for cognitive outcomes, immediate gains are similar across video and VR platforms, but subsequent knowledge retention is significantly higher for VR platforms. In terms of affective reaction, VR platforms generate significantly more enjoyment, which carries over to two weeks later, and is partially associated with higher knowledge retention.",Somatic Tacit Knowledge,Collective Tacit Knowledge,Yes,Yes,"The study explicitly compares VR platforms and a traditional video platform for management training, indicating digital technology is used to capture and retain knowledge.","Through a longitudinal experiment comparing VR platforms and a traditional video platform, this study examines two as yet unexplored benefits of VR technologies vis-à-vis management training – the cognitive outcome and affective reaction of the training experience over time.",Human–Computer Interaction and Immersive Technologies,Human–Computer Interaction and Immersive Technologies,Empirical Study,Empirical Study,True,True
704fe862-5e87-454f-9456-dfabf1093096,The Impact Of Technology On Patient Knowledge Acquisition And Retention Of Oral Hygiene Instructions And Associated Risks,"Objective: The aim of the study was to assess dental patients’ knowledge and perceptions of the risks associated with orthodontic treatment and oral hygiene instructions given at the start of their treatment regimen. Methods: The sample group included dental patients aged 12–16 years. Half of the participants were taught using Augmented Reality (AR) technology, while the other half were taught using traditional methods, such as paper-based leaflets. We then assessed retention of the Oral Hygiene Instructions (OHI) and their awareness of the risks associated with orthodontic treatment. This objective was achieved through a knowledge-based survey. Results: The feedback from the participants was highly positive and favorable toward AR. Conclusion: The videos and leaflet materials were provided to the patients, these two materials effects on patients to understand the information given, but, the group watching the videos had greater scores than those participants reading the leaflet. © 2022 The Authors",10.1016/j.imu.2022.101149,Informatics in Medicine Unlocked,Yes,Yes,"The study assesses dental patients' knowledge and perceptions of risks associated with orthodontic treatment and oral hygiene instructions, and assesses retention of the Oral Hygiene Instructions (OHI) and awareness of risks. This implies capturing and retaining knowledge from patients.",The aim of the study was to assess dental patients’ knowledge and perceptions of the risks associated with orthodontic treatment and oral hygiene instructions given at the start of their treatment regimen. We then assessed retention of the Oral Hygiene Instructions (OHI) and their awareness of the risks associated with orthodontic treatment.,Relational Tacit Knowledge,Relational Tacit Knowledge,Yes,Yes,"The study uses Augmented Reality (AR) technology to teach half of the participants, and assesses knowledge retention and awareness, indicating digital technology is used to capture and retain knowledge.","Half of the participants were taught using Augmented Reality (AR) technology, while the other half were taught using traditional methods, such as paper-based leaflets. The group watching the videos had greater scores than those participants reading the leaflet.",Human–Computer Interaction and Immersive Technologies,Human–Computer Interaction and Immersive Technologies,Empirical Study,Empirical Study,True,True
6ac34ac3-4f5d-46eb-ae71-e2f5f51a0df9,"Treasure Hunt: The Quest For Knowledge By Hotel Employees In Dubai, Uae","Sharing and exchanging knowledge among workers in organizations has received considerable attention in the literature, whereas knowledge seeking attitudes and behavior are less reported. This paper presents findings from a qualitative study of knowledge seeking by hotel employees in Dubai, UAE. Distinctive characteristics of hotel workforces in Dubai are identified. Employees emphasized proactive knowledge seeking, rather than knowledge sharing. These findings highlight the importance of providing organizational support for pull learning approaches to employees’ knowledge acquisition, through technology-enabled microlearning practices. In this way, organizations are likely to benefit from greater employee satisfaction, retention, competence and productivity. © 2022 Taylor & Francis Group, LLC.",10.1080/15332845.2023.2153555,Journal of Human Resources in Hospitality and Tourism,Yes,Yes,"The study discusses knowledge seeking by hotel employees, emphasizing proactive knowledge seeking and the importance of providing organizational support for pull learning approaches to employees’ knowledge acquisition. This implies capturing knowledge from the organizational environment to support employee learning.","The study discusses proactive knowledge seeking by hotel employees, which is a form of capturing or retaining knowledge from individuals in the organization environment.",Relational Tacit Knowledge,Relational Tacit Knowledge,Yes,Yes,The abstract states: 'through technology-enabled microlearning practices' as a way to support knowledge acquisition. This implies digital technologies are used to facilitate knowledge capture and retention.,The study emphasizes the importance of providing organizational support for pull learning approaches to employees’ knowledge acquisition through technology-enabled microlearning practices.,"Mobile, Social, and Communication Technologies",Human–Computer Interaction and Immersive Technologies,Empirical Study,Empirical Study,True,True
4ff8aa49-5c76-4e9b-806a-8fc0de965e22,Padlet Mobile Training Model For Novice Omani Efl In-Service Teachers,"In Oman, novice in-service primary English teachers struggle with the theoretical content of professional training programs, which impedes knowledge acquisition and transfer into teaching practices. This research stems from the benefits of continuous professional development, communities of practice, and practical and reflective learning on teachers’ exposure to teaching methods resulting in improved teaching skills and techniques. Considering the affordances of mobile learning, Padlet training was designed as an alternative to face-to-face programs during the Covid-19 pandemic to support in-service primary teachers with online synchronous teaching. The objectives were to improve participation, content acquisition, and knowledge transfer into teaching practices. Six novice Omani in-service English primary teachers participated in training for seven months. The data from semi-structured interviews, observations, interactions, peer feedback, and teaching e-portfolios were analysed with a systematic grounded theory three-step coding, which were performed until model emergence and saturation. The findings confirmed the contributions of the Padlet training to the enhancement of content acquisition and transfer due to ubiquitous access, simplified multimedia content, hands-on practice, instructor-peer feedback, and digital self-reflective e-portfolios. The teachers were enthusiastic about the program, which led to a virtual circle. Participants viewed Padlet as an engaging platform to host a community, access, create, and share content. Ubiquitous access and support within a peer community resulted in regular attendance, engaged participation, and increased confidence, which led to improved content acquisition and content transfer. The resulting Padlet training model presented in this article could be replicated to design mobile professional development training programs in similar contexts. © 2023, Dr. Khairi Obaid Tayyeh Al-Zubaid. All rights reserved.",10.24093/awej/call9.3,Arab World English Journal,Yes,Yes,"The abstract explicitly discusses 'knowledge acquisition and transfer into teaching practices' and 'content transfer' as outcomes of the Padlet training model, indicating a focus on capturing and retaining knowledge from the training environment for application in teaching.","The Padlet training model was designed to support in-service primary teachers with online synchronous teaching, and the findings confirmed the contributions of the Padlet training to the enhancement of content acquisition and transfer due to ubiquitous access, simplified multimedia content, hands-on practice, instructor-peer feedback, and digital self-reflective e-portfolios.",Collective Tacit Knowledge,Relational Tacit Knowledge; Collective Tacit Knowledge,Yes,Yes,"The abstract explicitly states that 'Padlet training was designed as an alternative to face-to-face programs' and that 'Padlet [was used] as an engaging platform to host a community, access, create, and share content', directly using a digital technology for knowledge capture and transfer.","Padlet training was designed as an alternative to face-to-face programs during the Covid-19 pandemic to support in-service primary teachers with online synchronous teaching. The findings confirmed the contributions of the Padlet training to the enhancement of content acquisition and transfer due to ubiquitous access, simplified multimedia content, hands-on practice, instructor-peer feedback, and digital self-reflective e-portfolios.","Mobile, Social, and Communication Technologies","Mobile, Social, and Communication Technologies; Data, Information, and Knowledge Systems",Case Study,Empirical Study,True,True
5cae7710-4b52-44ef-a436-14747ceb709f,Knowledge Management System For Handcrafted Reog Ponorogo Products,"Reog is one of the distinctive cultural practices of Ponorogo. Typically, this art is performed in an open space with many entertainers. Reog Ponorogo enthusiasts will primarily purchase trinkets and handicrafts. Numerous artisans in Reog Ponorogo are members of Micro, Small, and Medium-Sized Enterprises (MSMEs). However, because of the global Covid-19 pandemic, Reog Ponorogo artisans have encountered numerous challenges, beginning with the procurement of raw materials, and continuing through the production process and marketing. This even put them out of business with the Reog artisans. A knowledge Management System (KMS) is one of the technologies that can be utilized to surmount the problem under these conditions. Knowledge Management System (KMS) is a centralized database utilized to organize, store, and disseminate organizational knowledge with employees and customers. In this study, the KMS was developed to assist MSME actors in acquiring information and knowledge concerning MSME Products in Reog Ponorogo Handicrafts. Currently, information about Reog Ponorogo is widely available in print and digital media, but it is not governed by a comprehensive information management system. Therefore, building KMS for Reog Ponorogo Handicraft MSMEs is still necessary. In this research, a modified variant of the Knowledge Management System Life Cycle (KMSLC) was used to develop the KMS. This research was conducted in multiple phases, including infrastructure evaluation, team formation, knowledge capture, and KMS design. This study contributes to the creation of a knowledge management system for MSME Reog Ponorogo artisans based on the life cycle of knowledge management systems. This study's findings serve as the basis for the Reog Ponorogo craft knowledge management system. Further research can concentrate on developing the Reog Ponorogo UMKM KMS on Android and iOS mobile phones, enhancing the KMS user interface, and granting both experts and UMKM administrative access to the KMS. © 2023 Academic Publishing International. All rights reserved.",10.34190/EJKM.21.2.3026,Electronic Journal of Knowledge Management,Yes,Yes,"The abstract explicitly states: 'A knowledge Management System (KMS) is one of the technologies that can be utilized to surmount the problem under these conditions. Knowledge Management System (KMS) is a centralized database utilized to organize, store, and disseminate organizational knowledge with employees and customers.' This indicates capturing and retaining knowledge from the organization environment.",A Knowledge Management System (KMS) is developed to assist MSME actors in acquiring information and knowledge concerning MSME Products in Reog Ponorogo Handicrafts.,Relational Tacit Knowledge,Collective Tacit Knowledge,Yes,Yes,"The abstract states: 'A knowledge Management System (KMS) is one of the technologies that can be utilized... Knowledge Management System (KMS) is a centralized database utilized to organize, store, and disseminate organizational knowledge.' This clearly indicates digital technology is used to capture and retain knowledge.","A Knowledge Management System (KMS) is used to organize, store, and disseminate organizational knowledge with employees and customers.","Data, Information, and Knowledge Systems","Data, Information, and Knowledge Systems",Case Study,Case Study,True,True
1272fb09-b48d-4649-ad91-609b0c4f44b0,"Observe It, Draw It: Scaffolding Children'S Observations Of Plant Biodiversity With An Interactive Drawing Tool","Observation is common for children to connect with nature, increasing their knowledge and awareness of biodiversity. However, it is challenging for them to make and document their observations due to a lack of observation and drawing skills. Therefore, we designed an interactive drawing tool, Bio Sketchbook, which scaffolds children in systematic observation, observational drawing, and knowledge acquisition. It can recognize plant species and generate contour drawings from children's photographs, guiding them to observe and draw multi-dimensional plant features with a digital magnifier and in-context biological information. Our in-situ user study with 19 children revealed that Bio Sketchbook provided an engaging experience and effectively supported children in recording and retaining biodiversity information and in balancing observations with screen time. Additionally, Bio Sketchbook intervened in children's interaction with plants by prompting observational behaviors, encouraging them to directly touch and establish rapport with plants, and arousing their interest and knowledge of plants. © 2023 ACM.",10.1145/3585088.3589380,Proceedings of IDC 2023 - 22nd Annual ACM Interaction Design and Children Conference: Rediscovering Childhood,Yes,Yes,"The abstract explicitly discusses 'knowledge acquisition' and states the tool 'effectively supported children in recording and retaining biodiversity information', indicating capturing and retaining knowledge.","The study describes an interactive drawing tool, Bio Sketchbook, which scaffolds children in systematic observation, observational drawing, and knowledge acquisition. It helps children to record and retain biodiversity information.",Somatic Tacit Knowledge,Somatic Tacit Knowledge,Yes,Yes,The abstract describes an interactive drawing tool 'Bio Sketchbook' that uses digital technologies to scaffold children's observations and knowledge acquisition.,"The abstract mentions the use of an interactive drawing tool, Bio Sketchbook, which can recognize plant species and generate contour drawings from children's photographs, guiding them to observe and draw multi-dimensional plant features with a digital magnifier and in-context biological information.",Human–Computer Interaction and Immersive Technologies,"Human–Computer Interaction and Immersive Technologies; Imaging, Sensing, and Perception Technologies; Data, Information, and Knowledge Systems",Empirical Study,Empirical Study,True,True
70b39243-9715-4123-9e29-e5d64482b074,The Process Of Manufacturers′ Leapfrog Servitization Transformation Based On Digital Technology: A Case Study Of Noblelift,"The servitization transformation of manufacturers to solution providers is a hot topic of both the scholarship and the practice. Existing studies argue that manufacturers should extend their services based on the availability and capacity of their products. However, only a few studies examined the leapfrog servitization transformation of manufacturers without product basis. For a large number of latedeveloping manufacturing enterprises, it is difficult to rely on their own products to extend their services due to their low manufacturing production capacity and their lack of key core technologies to effectively promote the transformation. Therefore, these manufacturers consider the leapfrog servitization transformation strategy as a realistic choice to promote the transformation. However, leapfrog servitization transformation is not always easy. A number of enterprises want to become solution providers, but only a few of them succeed because they fail to consider the huge gap that exists between manufacturing products and providing solutions, especially if the products are not the core in the solution. At this point, the challenge lies in knowing how to effectively and efficiently absorb and incorporate new external knowledge into their current internal knowledge to counter this limitation. This paper focuses on the rapid development of digital technology, which is driving the whole link reconstruction of industry, and the transition period of the paradigm brings new possibility for the manufacturer to make the leapfrog servitization transformation. Therefore, this paper aims to examine how manufacturers can promote the leapfrog servitization transformation by using digital technology. This paper uses the case study as a research method and theoretically take Noblelift Intelligent Equipment Co., Ltd. as the research sample. By introducing the perspective of absorptive capacity, this study analyzes the leap-forward servitization process of Noblelift that used to be a manufacturer of unmanned vehicles to now an internal intelligent logistics solutions company with the use of digital technology. A group was established to collect data and build a database, and structured coding methods were used to encode and analyze the original data. Firstly, the original data is briefly refined by first-order coding to form the initial concept. Then, in dialogue with the theory, first-order codes are assigned to second-order themes that describe and explain phenomena. Finally, the second order topics are summarized to form three aggregation dimensions in this paper. Based on this, a model of the leapfrog servitization process based on digital technology is constructed. Additionally, the data analysis is composed of multiple rounds of case discussion, analysis, and revision of ideas. The case data and theoretical model were repeatedly examined to ensure the validity of the theory and story. By examining the association between digitalization and servitization, the results show that manufacturers can promote the formation and utilization of absorptive capacity of enterprises while using digital technology to improve the original business efficiency by considering these three sub-processes: knowledge bricolage identification, knowledge scene transformation, and knowledge graph exploitation. In the knowledge bricolage identification process, the knowledge resources at hand can be digitally reconstructed using "" data visualization precipitation” and “service knowledge recognition” to narrow down the knowledge distance. In the knowledge scene transformation process, “business interconnection recombination” is used to accelerate the organization process from “service knowledge acquisition” to “ internal and external knowledge integration. ” In the iterative process of “ technology affordance enhancement” and “ modular utilization of knowledge”, it promotes the knowledge graph exploitation to realize its own leapfrog growth. The results of this study conclude that, (1) the transition strategy of manufacturers using digital technology to promote leapfrog servitization transformation is an interesting “ anomaly” of the theoretical hypothesis of continuous service growth process. This study responds to the call to use digital technology to promote servitization transformation as a priority of servitization research, and further answers the question of how manufacturers should use digital technology to leapfrog servitization transformation to achieve innovation catch-up when they do not completely rely on their own products. ( 2) Theoretical studies on the cultivation of absorptive capacity emphasize that existing internal knowledge is the basis of formulating absorptive capacity. How manufacturers cultivate absorptive capacity when a huge gap exists between the new external knowledge and existing internal knowledge still remains to be studied. In the absence of a product base provided by intelligent solutions, this paper provides an in-depth analysis of the recursive process of developing and using digital technologies to connect and accelerate manufacturer organizational ( inter-organizational) learning and to cultivate its absorptive capacity related to service knowledge. This study responds to the concerns on methods and processes of enterprise absorptive capacity cultivation under the condition of insufficient absorptive capacity, enrichs the research on absorptive capacity cultivation process, and expands the application boundary of absorptive capacity theory © 2023,Journal of Industrial Engineering and Engineering Management. All Rights Reserved.",10.13587/j.cnki.jieem.2023.03.020,Journal of Industrial Engineering and Engineering Management,Yes,Yes,"The abstract explicitly discusses how manufacturers can absorb and incorporate new external knowledge into their current internal knowledge to counter limitations, using digital technology to promote knowledge bricolage identification, knowledge scene transformation, and knowledge graph exploitation. This strongly implies capturing and retaining knowledge from the organizational environment and external partners.",The study examines how manufacturers can promote the leapfrog servitization transformation by using digital technology. It discusses the process of absorbing and incorporating new external knowledge into their current internal knowledge to counter the limitation of low manufacturing production capacity and lack of key core technologies.,Relational Tacit Knowledge,Relational Tacit Knowledge; Collective Tacit Knowledge,Yes,Yes,"The abstract explicitly states that digital technology is used to promote the formation and utilization of absorptive capacity, including 'data visualization precipitation', 'service knowledge recognition', 'business interconnection recombination', 'technology affordance enhancement', and 'modular utilization of knowledge' to capture and transform knowledge.","This paper focuses on the rapid development of digital technology, which is driving the whole link reconstruction of industry, and the transition period of the paradigm brings new possibility for the manufacturer to make the leapfrog servitization transformation. By introducing the perspective of absorptive capacity, this study analyzes the leap-forward servitization process of Noblelift that used to be a manufacturer of unmanned vehicles to now an internal intelligent logistics solutions company with the use of digital technology. A group was established to collect data and build a database, and structured coding methods were used to encode and analyze the original data.","Data, Information, and Knowledge Systems","Others(Digital technology); Others(Absorptive capacity); Data, Information, and Knowledge Systems; Others(Data visualization; Service knowledge recognition; Business interconnection recombination; Technology affordance enhancement; Modular utilization of knowledge)",Case Study,Case Study,True,True
75222b9d-3c54-49bf-bc20-435b8e8ccd48,Digital Data And Practice Change: The Impact Of Innovative Web Portals On User Knowledge Building And Decision-Making Processes,"Purpose: The impact of innovative web portals on users, from access to application, is gaining interest as the global call for increased data availability gains momentum. This study reports on the perceptions of portal end users about usage and access to digital data across a range of fields of practice. Design/methodology/approach: Data were collected and analysed from interviews (n = 132) and email feedback (n = 235) from end users of interoperable spatial knowledge web portals. Findings: Data reveal that users attribute importance to ease of access and applicability, and to confidence and trust in data. The acquisition of data assists with reducing knowledge silos, facilitates knowledge sharing and decision-making. Digital data portals enable the building of stronger collaborations between different groups of individuals and communities leading to improved outcomes and more positive developments across varied discipline and practice areas. Practical implications: Recommendations for developing online portals to optimise knowledge transfer and associated benefits, for users, are offered. Originality/value: By collecting extensive qualitative data drawn from the experiences of end users of digital data portals, this paper provides new insights, thereby addressing a knowledge gap in the published literature about the use of technology uptake and the application of online data for practice and industry benefit. © 2022, Emerald Publishing Limited.",10.1108/OIR-08-2021-0403,Online Information Review,Yes,Yes,"The abstract discusses how digital data portals enable knowledge sharing and decision-making, and that acquisition of data assists with reducing knowledge silos. This implies knowledge is being captured and retained from users' interactions and shared across groups.","The acquisition of data assists with reducing knowledge silos, facilitates knowledge sharing and decision-making. Digital data portals enable the building of stronger collaborations between different groups of individuals and communities leading to improved outcomes and more positive developments across varied discipline and practice areas.",Collective Tacit Knowledge,Relational Tacit Knowledge,Yes,Yes,"The study explicitly mentions 'interoperable spatial knowledge web portals' as the digital technology used to facilitate knowledge sharing and decision-making, which implies knowledge capture and retention.",Digital data portals enable the building of stronger collaborations between different groups of individuals and communities leading to improved outcomes and more positive developments across varied discipline and practice areas.,"Data, Information, and Knowledge Systems","Data, Information, and Knowledge Systems",Empirical Study,Empirical Study,True,True
33a5462e-b6dc-4af9-a1cc-6eba2475d008,Developing Firm Capabilities To Utilise Social Media For The Fuzzy Front End Of Innovation,"Despite the growing importance of using social media to leverage external knowledge for new product development (NPD) in innovation, few studies have examined firm capabilities that underpin this knowledge acquisition route. This paper provides an empirical examination of firm capabilities that leverage external knowledge, utilising social media for the fuzzy-front-end (FFE) phase of the NPD process. With evidence from 27 interviews conducted with executives’ from large fast moving consumer goods (FMCG) firms, a thematic analysis using NVivo 12 is used to develop a conceptual framework capturing the key capabilities for using social media in the FFE. The findings reveal that the utilisation of social media is an ongoing process of experimenting with new technologies within the NPD phase of a firm’s innovation efforts. Hence, the results of the study suggest FMCG firms may consider developing the following capabilities to help effectively acquire external knowledge via social media: use staff specialised in social media for external knowledge identification; dedicate an independent department for social media knowledge acquisition; and encourage an open innovation culture. © 2021 Informa UK Limited, trading as Taylor & Francis Group.",10.1080/09537325.2021.1980530,Technology Analysis and Strategic Management,Yes,Yes,"The abstract explicitly discusses firm capabilities to leverage external knowledge via social media for the fuzzy-front-end of innovation. It mentions 'knowledge acquisition route' and capabilities such as 'dedicate an independent department for social media knowledge acquisition' and 'use staff specialised in social media for external knowledge identification', indicating capturing knowledge from the external environment.","The abstract discusses firm capabilities to utilize social media for the fuzzy front end of innovation, which involves leveraging external knowledge.",Collective Tacit Knowledge,Relational Tacit Knowledge; Collective Tacit Knowledge,Yes,Yes,The abstract explicitly states that social media is used to leverage external knowledge for innovation. Social media is a digital technology used for knowledge acquisition.,Social media is used to leverage external knowledge for new product development in the fuzzy-front-end phase.,"Mobile, Social, and Communication Technologies","Mobile, Social, and Communication Technologies",Empirical Study,Empirical Study,True,True
2efa6573-7555-4be7-96a0-2cbb8ecff155,Immersive Virtual Reality Training For Excavation Safety And Hazard Identification,"PurposeIn the construction sector, site excavation is one of the most dangerous and challenging activities. Proper training can be an effective way to mitigate excavation hazards. Virtual reality (VR) has been used as an effective training tool to enhance safety performance in various industries. However, little attention has been paid to the potential of this technology for construction excavation safety training.Design/methodology/approachThis study proposes an immersive VR training system for excavation safety and hazard identification. The proposed VR training system was compared with a health and safety manual via a controlled experiment.FindingsResults based on scores obtained immediately after training indicate that VR training significantly enhanced practical performance, knowledge acquisition and self-efficacy. Results also show that knowledge was retained four weeks after training. In addition, VR training outperformed health and safety manuals regarding knowledge retention.Originality/valueThis study measures the practical performance to evaluate the effectiveness of the proposed VR training system. Also, this study compares the VR training system with a traditional training method by measuring knowledge acquisition and retention. The results demonstrate the potential of VR as a training tool for excavation safety and hazards.",http://dx.doi.org/10.1108/SASBE-10-2022-0235,EMERALD GROUP PUBLISHING LTD,Yes,Yes,"The study proposes an immersive VR training system for excavation safety and hazard identification, and measures knowledge acquisition and retention immediately after training and four weeks later, indicating a focus on capturing and retaining knowledge.","Results based on scores obtained immediately after training indicate that VR training significantly enhanced practical performance, knowledge acquisition and self-efficacy. Results also show that knowledge was retained four weeks after training. In addition, VR training outperformed health and safety manuals regarding knowledge retention.",Somatic Tacit Knowledge,Somatic Tacit Knowledge,Yes,Yes,The study uses an immersive Virtual Reality (VR) training system to deliver training and assess knowledge acquisition and retention.,This study proposes an immersive VR training system for excavation safety and hazard identification. The proposed VR training system was compared with a health and safety manual via a controlled experiment.,Human–Computer Interaction and Immersive Technologies,Human–Computer Interaction and Immersive Technologies,Empirical Study,Empirical Study,True,True
e787273e-c3ee-4ba0-bede-b50ab4631f9f,C-Ival: A Longitudinal Study Of Knowledge Retention And Technology Acceptance In Collaborative Virtual Reality-Based Medical Education,"Anatomy education faces challenges in providing engaging, interactive, and collaborative learning experiences, particularly in understanding complex three-dimensional structures and maintaining long-term knowledge retention. Although virtual reality (VR) has shown promise in addressing spatial comprehension challenges, questions remain regarding its effectiveness in supporting collaborative learning and sustained knowledge retention. This longitudinal study examined Collaborative Immersive Virtual Anatomy Laboratory (C-IVAL), an innovative VR platform designed to enhance traditional anatomy learning through integrated collaborative features, immersive technology, and serious game elements. We conducted an experimental study with 65 medical students to evaluate their knowledge acquisition and technology acceptance compared to its non-collaborative predecessor, the Immersive Virtual Anatomy Laboratory (IVAL). Our evaluation framework combined quantitative assessments (knowledge tests, comprising pre-test, immediate post-test, and delayed post-test) with Technology Acceptance Model (TAM) analysis. Knowledge assessment revealed significant cognitive improvements, with mean knowledge scores increasing from 2.48 to 3.94 in the immediate post-tests, while long-term retention of anatomy knowledge showed sustained engagement for over two months. Importantly, C-IVAL demonstrated significantly higher scores across all TAM dimensions than the non-collaborative IVAL system, particularly for perceived usefulness and intention to use. Post-session feedback analysis showed 73.8% positive responses, highlighting enhanced social presence, immersive engagement, and effective collaboration, with 26.2% of constructive feedback focusing on system refinement and feature enhancement. This study contributes to the understanding of the effectiveness of collaborative features in virtual reality education by offering insights into designing and implementing virtual learning environments that enhance both knowledge retention and user acceptance.",http://dx.doi.org/10.1109/ACCESS.2024.3523860,IEEE-INST ELECTRICAL ELECTRONICS ENGINEERS INC,Yes,Yes,"The study evaluates knowledge acquisition and long-term retention of anatomy knowledge using a collaborative VR platform, with pre-test, immediate post-test, and delayed post-test assessments over two months.","Knowledge assessment revealed significant cognitive improvements, with mean knowledge scores increasing from 2.48 to 3.94 in the immediate post-tests, while long-term retention of anatomy knowledge showed sustained engagement for over two months.",Somatic Tacit Knowledge,Somatic Tacit Knowledge,Yes,Yes,"The study uses a Collaborative Immersive Virtual Anatomy Laboratory (C-IVAL), a VR platform with collaborative features, to deliver training and assess knowledge retention.","This longitudinal study examined Collaborative Immersive Virtual Anatomy Laboratory (C-IVAL), an innovative VR platform designed to enhance traditional anatomy learning through integrated collaborative features, immersive technology, and serious game elements.",Human–Computer Interaction and Immersive Technologies,Human–Computer Interaction and Immersive Technologies; Others(*),Empirical Study,Empirical Study,True,True
797d2c3e-43ed-49f9-aab5-e595b84f0db1,Mitigating The Impact Of Tacit Knowledge Loss In South African Explosives Manufacturing: A Knowledge Management Perspective,"Tacit knowledge loss poses a significant challenge in the South African explosives manufacturing sector, where specialized expertise is critical for operational efficiency and safety. This study examines the role of Knowledge Management (KM) practices in mitigating tacit knowledge loss, employing a quantitative cross-sectional design with data from 350 respondents. Structural equation modeling (SEM) was used to assess the reliability and validity of critical success factors (CSFs) and KM enablers. Findings indicate that human-oriented factors-such as leadership, organizational culture, and mentoring-are essential for effective knowledge transfer, while technology-driven solutions, such as documentation and databases, support knowledge retention. This research provides empirical insights into KM strategies tailored for high-risk industries, contributing to both theory and practice. The study highlights the need for integrated KM approaches to sustain competitive advantage and proposes recommendations for future research on longitudinal KM effectiveness.",http://dx.doi.org/10.4018/IJKM.384588,IGI GLOBAL,Yes,Yes,"The study examines the role of Knowledge Management practices in mitigating tacit knowledge loss in the explosives manufacturing sector, focusing on knowledge transfer and retention.","This study examines the role of Knowledge Management (KM) practices in mitigating tacit knowledge loss, employing a quantitative cross-sectional design with data from 350 respondents. Findings indicate that human-oriented factors-such as leadership, organizational culture, and mentoring-are essential for effective knowledge transfer, while technology-driven solutions, such as documentation and databases, support knowledge retention.",Relational Tacit Knowledge,Relational Tacit Knowledge,Yes,Yes,The study mentions technology-driven solutions such as documentation and databases to support knowledge retention.,"Findings indicate that human-oriented factors-such as leadership, organizational culture, and mentoring-are essential for effective knowledge transfer, while technology-driven solutions, such as documentation and databases, support knowledge retention.","Data, Information, and Knowledge Systems","Data, Information, and Knowledge Systems",Empirical Study,Empirical Study,True,True
4d1ae83f-d868-491a-9b13-cdb1e58f856e,Knowledge Retention Through Cognitive Support Technology (Cst) In The Manufacturing Industry: A Process Inventory,"Due to an aging population, many manufacturing companies face the challenge of retaining essential knowledge and preventing the loss of valuable expert knowledge. Cognitive Support Technology (CST) is technology used to provide support for the cognitive or mental demands that work requires. This research uses the principles of CST from the employer's viewpoint. The question is: how can technological solutions such as Augmented Reality be used for knowledge retention by means of knowledge capture and instruction, and which manufacturing processes are most suitable for this? Six industrial companies were involved in a two-pronged approach for data collection, involving a canvas session to identify general needs and a cognitive task analysis to further elaborate on the appropriate processes. All companies found at least some relevant process for implementation of AR for cognitive support, especially when it comes to AR instruction; for knowledge capture, more traditional methods involving paper or video are often preferred. We found various relevant cognitive challenges, including mental rotation for 3D images, as well as practical challenges for implementation, such as protective equipment that might interfere with AR solutions. One of the companies also took part in a pilot in order to test AR solutions for knowledge capture and instruction. It was found that employees appreciate the cognitive support, but have some reservations about practical issues such as the heaviness of the AR systems. Further research will focus on developing these AR solutions for the identified processes, as well as the implementation and evaluation of these solutions.",http://dx.doi.org/10.1145/3733155.3734902,ASSOC COMPUTING MACHINERY,Yes,Yes,"The study investigates how Cognitive Support Technology (CST), such as Augmented Reality, can be used for knowledge retention through knowledge capture and instruction in manufacturing.","Due to an aging population, many manufacturing companies face the challenge of retaining essential knowledge and preventing the loss of valuable expert knowledge. This research uses the principles of CST from the employer's viewpoint. The question is: how can technological solutions such as Augmented Reality be used for knowledge retention by means of knowledge capture and instruction, and which manufacturing processes are most suitable for this?",Somatic Tacit Knowledge,Relational Tacit Knowledge,Yes,Yes,"The study uses Augmented Reality (AR) solutions for knowledge capture and instruction, and also mentions traditional methods like paper or video for knowledge capture.","The question is: how can technological solutions such as Augmented Reality be used for knowledge retention by means of knowledge capture and instruction, and which manufacturing processes are most suitable for this? Six industrial companies were involved in a two-pronged approach for data collection, involving a canvas session to identify general needs and a cognitive task analysis to further elaborate on the appropriate processes.",Human–Computer Interaction and Immersive Technologies,Human–Computer Interaction and Immersive Technologies,Empirical Study,Empirical Study,True,True
e9422de2-a542-46e4-a79c-e0f666f06b3b,Video See-Through Augmented Reality Fire Safety Training: A Comparison With Virtual Reality And Video Training,"Safety training is crucial to mitigate the risk of damage when a disaster occurs and can play a vital role in enhancing community response. Augmented Reality (AR) is an emerging technology for safety training that holds great pedagogical potential. This study aims to explore the effectiveness of AR training in terms of knowledge acquisition and retention, as well as self-efficacy enhancement. We developed a new video see-through AR training tool on a tablet to teach users about operating a fire extinguisher to put out a fire following the PASS procedure: Pull, Aim, Squeeze, and Sweep (PASS). The AR training tool was tested with 60 participants. Test results were systematically compared with findings from the literature investigating Virtual Reality (VR) and video-based safety training. The findings indicate that, directly after the training, AR outperformed traditional video training in terms of knowledge retention, long-term self-efficacy, and quality of instructions. However, the AR experience was not as effective as the VR experience in all these areas, but the AR group had a smaller decrease in knowledge over time. These findings suggest that the AR-based training approach offers benefits in long-term memory recall.",http://dx.doi.org/10.1016/j.ssci.2024.106714,ELSEVIER,Yes,Yes,"The study explores the effectiveness of AR training for knowledge acquisition and retention, specifically for operating a fire extinguisher using the PASS procedure, and compares it with VR and video training.","The findings indicate that, directly after the training, AR outperformed traditional video training in terms of knowledge retention, long-term self-efficacy, and quality of instructions. However, the AR experience was not as effective as the VR experience in all these areas, but the AR group had a smaller decrease in knowledge over time. These findings suggest that the AR-based training approach offers benefits in long-term memory recall.",Somatic Tacit Knowledge,Somatic Tacit Knowledge,Yes,Yes,The study developed a video see-through Augmented Reality (AR) training tool on a tablet to teach the fire extinguisher procedure.,"We developed a new video see-through AR training tool on a tablet to teach users about operating a fire extinguisher to put out a fire following the PASS procedure: Pull, Aim, Squeeze, and Sweep (PASS). The AR training tool was tested with 60 participants. Test results were systematically compared with findings from the literature investigating Virtual Reality (VR) and video-based safety training.",Human–Computer Interaction and Immersive Technologies,"Human–Computer Interaction and Immersive Technologies; Human–Computer Interaction and Immersive Technologies; Imaging, Sensing, and Perception Technologies",Empirical Study,Empirical Study,True,True
01f4cf94-e128-46fe-a293-97ffee66a542,Assessing The Role Of Augmented Reality In Enhancing Employee Operational Engagement And Knowledge Retention In Uae Business Training,"PurposeThis study aims to investigate the impact of augmented reality (AR) training modules on knowledge retention in corporate settings, focusing on the context of the United Arab Emirates (UAE). Drawing on the Technology Acceptance Model (TAM) and existing literature, the study examines the relationships between AR training modules, employees' engagement, interactive learning environments and knowledge retention.Design/methodology/approachThis study uses a quantitative technique by using a structured survey to collect data from participants in service sectors in the UAE. The survey gathers information on their attitudes, views and behaviors toward using AR in business training. This study used a stratified random selection to guarantee representation across several service sectors in the UAE, including hospitality, tourism, retail and finance. A SEM analysis tool was used to test the relationship that exists between the construct under investigation, that is, employees' engagements (EE), AR training modules (ARTM), interactive learning environment (ILE), Fintech training content (FTC), the moderating role of technological aptitude (TA) on knowledge retention (KR).FindingsFindings reveal a significant positive correlation between AR training modules and knowledge retention, emphasizing the potential of immersive technologies in enhancing learning outcomes. Moreover, the study underscores the importance of engaged employees, customized training materials and technological proficiency in shaping knowledge retention. Limitations and avenues for further research are also discussed.Originality/valueOverall, this study contributes to understanding the factors influencing knowledge retention in corporate training contexts and provides practical insights for organizations seeking to optimize their training programs.",http://dx.doi.org/10.1108/GKMC-05-2024-0287,EMERALD GROUP PUBLISHING LTD,Yes,Yes,"The abstract explicitly investigates 'the impact of augmented reality (AR) training modules on knowledge retention in corporate settings', focusing on retaining knowledge from training, which involves capturing knowledge from the organizational environment.","The study investigates the impact of augmented reality (AR) training modules on knowledge retention in corporate settings, focusing on the context of the United Arab Emirates (UAE).",Relational Tacit Knowledge,Relational Tacit Knowledge,Yes,Yes,"The abstract explicitly states 'augmented reality (AR) training modules' are used to enhance knowledge retention, indicating digital technology is used to capture and retain knowledge.",The study uses AR training modules to enhance knowledge retention in corporate settings.,Human–Computer Interaction and Immersive Technologies,Human–Computer Interaction and Immersive Technologies,Empirical Study,Empirical Study,True,True
8ef53e22-6b64-4e94-9d0e-d5cd213b87d0,Digital Learning Platforms In Aircraft Maintenance Technology: Evaluating The Effectiveness Of Gamified Learning Approaches,"Traditional teaching methods in Aircraft Maintenance Technology (AMT) often struggle to maintain student engagement, motivation, and knowledge retention. While gamification has been recognised as a potential solution, its application in AMT education remains underexplored, particularly in bridging theoretical knowledge with practical skill acquisition. This study investigates the effectiveness of Kahoot-based gamification in enhancing student engagement, motivation, knowledge retention, and practical skills development. A mixed-methods approach was employed, integrating quantitative surveys, pre- and post-assessments, and qualitative interviews with students and instructors. The study assessed 120 participants, revealing statistically significant improvements: engagement increased by 43.8%, motivation by 55.2%, knowledge retention by 41.2%, and practical skills by 51.6%. Qualitative findings supported these results, with students reporting higher participation, improved concept recall, and greater enthusiasm. Instructors observed enhanced confidence in applying theoretical knowledge. Despite these benefits, challenges such as internet connectivity issues, time constraints, and question format limitations were identified. The study recommends a blended learning approach integrating gamification with hands-on training, scenario-based exercises, and emerging technologies such as Augmented Reality and Virtual Reality. Beyond AMT, these findings highlight gamification's potential in technical and vocational education, emphasising the need for future research on adaptive gamification models and AI-driven learning platforms.",http://dx.doi.org/10.25304/rlt.v33.3373,ASSOC LEARNING TECHNOLOGY-ALT,Yes,Yes,"The abstract explicitly discusses 'knowledge retention' as a measured outcome: 'This study investigates the effectiveness of Kahoot-based gamification in enhancing student engagement, motivation, knowledge retention, and practical skills development.' and 'knowledge retention by 41.2%'. This directly addresses knowledge retention from individuals.","The study investigates the effectiveness of Kahoot-based gamification in enhancing student engagement, motivation, knowledge retention, and practical skills development in Aircraft Maintenance Technology (AMT).",Somatic Tacit Knowledge,Relational Tacit Knowledge; Relational Tacit Knowledge; Relational Tacit Knowledge; Somatic Tacit Knowledge,Yes,Yes,The abstract explicitly mentions 'Kahoot-based gamification' as a digital platform used to enhance knowledge retention and practical skills. Kahoot is a digital learning platform.,"The study employs Kahoot-based gamification, and qualitative findings supported these results, with students reporting higher participation, improved concept recall, and greater enthusiasm. Instructors observed enhanced confidence in applying theoretical knowledge.","Mobile, Social, and Communication Technologies",Human–Computer Interaction and Immersive Technologies,Empirical Study,Empirical Study,True,True
4a14d97e-89c8-4cf3-bd84-64c29db3b0f5,Sustainable Learning In Sight: A Multi-Analytical Investigation Into Potential Impact Of Extended Reality (Xr) On Knowledge Retention And Skill Development,"Extended reality (XR) technologies as a pedagogical instrument have been transforming education by offering immersive learning experiences and enhanced instructional design. However, our understanding on how to leverage XR characteristics for optimal learning outcomes remains limited. This study investigates the mechanisms through which XR engagement, content quality, and interaction quality affect knowledge retention and skill development. Drawing on Experiential Learning Theory, we developed a comprehensive model of XR-enabled learning effectiveness. Using survey responses from 302 university students in China, we employed a multi-analytical approach, combining partial least squares structural equation modelling (PLS-SEM), necessary condition analysis (NCA), and fuzzy-set qualitative comparative analysis (fsQCA). Our findings reveal that, while XR engagement and interaction quality directly enhance knowledge retention, multiple configurations of XR characteristics can lead to desired learning outcomes, with knowledge retention as a crucial mediator. Additionally, we identify minimum threshold requirements of XR characteristics necessary for achieving learning effectiveness. This study uncovers both the causal pathways and configurational patterns through which XR influences learning outcomes. While XR's educational value emerges from its capacity to support pedagogical goals rather than technological features, our analysis implies how educational institutions shift from technology-driven implementations to pedagogy-centred integrations of XR affordances.",http://dx.doi.org/10.1080/02188791.2025.2596922,"ROUTLEDGE JOURNALS, TAYLOR & FRANCIS LTD",Yes,Yes,"The study investigates how XR engagement, content quality, and interaction quality affect knowledge retention and skill development, and identifies knowledge retention as a crucial mediator for learning outcomes.","This study investigates the mechanisms through which XR engagement, content quality, and interaction quality affect knowledge retention and skill development. Our findings reveal that, while XR engagement and interaction quality directly enhance knowledge retention, multiple configurations of XR characteristics can lead to desired learning outcomes, with knowledge retention as a crucial mediator.",None identified,Relational Tacit Knowledge; Somatic Tacit Knowledge,Yes,Yes,Extended reality (XR) technologies are used as a pedagogical instrument to enhance learning effectiveness and knowledge retention.,"Extended reality (XR) technologies as a pedagogical instrument have been transforming education by offering immersive learning experiences and enhanced instructional design. Using survey responses from 302 university students in China, we employed a multi-analytical approach, combining partial least squares structural equation modelling (PLS-SEM), necessary condition analysis (NCA), and fuzzy-set qualitative comparative analysis (fsQCA).",Human–Computer Interaction and Immersive Technologies,Human–Computer Interaction and Immersive Technologies,Empirical Study,Empirical Study,True,True
8714163c-7833-4108-b6c5-22005677ebf8,Fostering Scientific Inquiry With Hybrid Intelligence: A Semester-Long Experiment On Knowledge Acquisition In The Science Classroom,"Scientific inquiry is essential for developing deep conceptual understanding and exploratory skill, yet its complexity presents significant challenges for classroom implementation. While technologies like learning analytics (LA) and artificial intelligence (AI) offer promising tools for monitoring and guidance, the comparative and longitudinal effects of their integration remain underexplored. This study addresses this gap through a semester-long quasi-experiment with 177 secondary students across four conditions representing progressively enhanced technological support: a control (GICG), a structured system (BICG), the system plus an LA dashboard (ADIG), and the full integration of the system, dashboard, and an AI assistant (HIIG). A mixed-method analysis was conducted to assess knowledge acquisition and learning experiences. Quantitative findings revealed a clear performance hierarchy in theme-specific knowledge assessments (HIIG > ADIG approximate to BICG > GICG), with the fully integrated HIIG group demonstrating significantly higher comprehensive knowledge acquisition than the control group. Qualitative findings highlighted positive student perceptions of technology-augmented inquiry, like improved engagement, reduced frustration, and enhanced ability to navigate inquiry challenges, though the level of technological support influenced help-seeking behaviors and collaboration dynamics. This study provides empirical evidence for the synergistic value of integrating AI and LA, demonstrating that their combination creates an effective scaffolding system that fosters sustained knowledge acquisition by supporting both the cognitive and affective dimensions of student inquiry in authentic classrooms.",http://dx.doi.org/10.1016/j.compedu.2025.105493,PERGAMON-ELSEVIER SCIENCE LTD,Yes,Yes,"The study examines knowledge acquisition through a semester-long quasi-experiment with 177 secondary students, assessing how AI and LA integration supports sustained knowledge acquisition.","This study addresses this gap through a semester-long quasi-experiment with 177 secondary students across four conditions representing progressively enhanced technological support: a control (GICG), a structured system (BICG), the system plus an LA dashboard (ADIG), and the full integration of the system, dashboard, and an AI assistant (HIIG). Quantitative findings revealed a clear performance hierarchy in theme-specific knowledge assessments (HIIG > ADIG approximate to BICG > GICG), with the fully integrated HIIG group demonstrating significantly higher comprehensive knowledge acquisition than the control group.",None identified,Relational Tacit Knowledge,Yes,Yes,The study uses learning analytics (LA) dashboards and an AI assistant to support knowledge acquisition and inquiry.,"technologies like learning analytics (LA) and artificial intelligence (AI) offer promising tools for monitoring and guidance. The full integration of the system, dashboard, and an AI assistant (HIIG).",Artificial Intelligence and Intelligent Computation,"Artificial Intelligence and Intelligent Computation; Data, Information, and Knowledge Systems",Empirical Study,Empirical Study,True,True
52daa792-8b0a-4572-8b4f-c301d1816a75,Medical Education Escape Room Aligned With Flipped Classroom And Powered By Mobile Augmented Reality,"Medical education escape rooms are emerging as a viable technological resource for pedagogy-first, learner-centric educational activities. This work presents the evaluation results of the first flipped classroom implementation in medical education, thus utilizing a mobile-driven augmented reality (AR) escape room. A total of 21 first-year medical students attended a flipped classroom educational activity that aimed to acclimate the students with the workflows of basic life support. Knowledge acquisition and user perceptions were evaluated. Knowledge acquisition was evaluated with an ad hoc relevant instrument at three timepoints: (a) baseline at recruitment, (b) preclass after students had prepared for the episode, and (c) after class. Learner perceptions about the activity and the AR escape room were recorded at the activity's end using a previously designed evaluation instrument. The results demonstrated sufficient knowledge acquisition only after completing the whole educational activity, while learners found the experience interesting, and the AR escape room challenging, thus reflecting an activity that was well formulated in structure and content. The challenges identified were the limited out of class collaboration capacity of the digital application and the highly gamified approach that at points counteracted the educational scope of the activity. Overall, these positive initial results demonstrate the potential of collaborative, escape based, activities for self-directed, learner-centric medical education.",http://dx.doi.org/10.3390/electronics13122367,MDPI,Yes,Yes,"The study evaluates knowledge acquisition at three timepoints (baseline, preclass, after class) in a medical education escape room activity.","Knowledge acquisition was evaluated with an ad hoc relevant instrument at three timepoints: (a) baseline at recruitment, (b) preclass after students had prepared for the episode, and (c) after class. The results demonstrated sufficient knowledge acquisition only after completing the whole educational activity.",None identified,Relational Tacit Knowledge,Yes,Yes,The study uses a mobile-driven augmented reality (AR) escape room to facilitate knowledge acquisition.,utilizing a mobile-driven augmented reality (AR) escape room. A total of 21 first-year medical students attended a flipped classroom educational activity that aimed to acclimate the students with the workflows of basic life support.,Human–Computer Interaction and Immersive Technologies,Human–Computer Interaction and Immersive Technologies,Empirical Study,Empirical Study,True,True
ea86c3a9-d35b-42f8-a03c-a75d914f90b6,The Transformative Impact Of Ai On Knowledge Management Processes,"PurposeThis study seeks to explore the prospective strategic relationship between knowledge management (KM) and artificial intelligence (AI) by examining how AI technologies are currently perceived to enhance critical knowledge management processes (KMPs) in organizations.Design/methodology/approachAn online survey of 378 employees and managers, representing a diverse range of sociodemographic and occupational backgrounds, evaluated the perceived usefulness of AI in key KMPs: knowledge acquisition, documentation, sharing and application. It also evaluated the perceived importance of AI implementation and trust in AI tools for KMPs, inspired by established theoretical frameworks for technology acceptance. Statistical tests included ANOVA, t-tests, MANOVA, Pearson and Spearman.FindingsAI is perceived as highly beneficial across all KMPs, with varying degrees of usefulness. Specifically, managers generally see higher potential in AI for KM than regular employees. Positive attitudes toward AI were noted among knowledge managers for knowledge acquisition and graduated for knowledge application. The findings also show a positive correlation between the perceived usefulness of AI, the importance of its implementation and trust in AI tools. Surprisingly, the high-tech sector reported lower perceptions of AI's usefulness, especially for knowledge acquisition and sharing. Gender, age, seniority and organization size showed no significant impact.Originality/valueGiven that research on AI in KM is still in its early stages and largely theoretical, this empirical investigation is timely. The findings thus represent a pioneering effort in harnessing the potential of AI within knowledge-intensive organizational environments.",http://dx.doi.org/10.1108/BPMJ-11-2024-1137,EMERALD GROUP PUBLISHING LTD,Yes,Yes,"The abstract explicitly discusses AI enhancing 'knowledge acquisition, documentation, sharing and application' as key knowledge management processes, and evaluates the perceived usefulness of AI in these processes, implying capture and retention of knowledge.","This study seeks to explore the prospective strategic relationship between knowledge management (KM) and artificial intelligence (AI) by examining how AI technologies are currently perceived to enhance critical knowledge management processes (KMPs) in organizations. It also evaluated the perceived importance of AI implementation and trust in AI tools for KMPs, inspired by established theoretical frameworks for technology acceptance.",Relational Tacit Knowledge,Relational Tacit Knowledge,Yes,Yes,"The abstract explicitly states that AI technologies are used to enhance knowledge management processes including knowledge acquisition and documentation, indicating digital technology is used to capture/retain knowledge.","This study seeks to explore the prospective strategic relationship between knowledge management (KM) and artificial intelligence (AI) by examining how AI technologies are currently perceived to enhance critical knowledge management processes (KMPs) in organizations. It also evaluated the perceived importance of AI implementation and trust in AI tools for KMPs, inspired by established theoretical frameworks for technology acceptance.",Artificial Intelligence and Intelligent Computation,Artificial Intelligence and Intelligent Computation,Empirical Study,Empirical Study,True,True
38c25db3-ac40-42a5-9632-425c957da187,Optical See-Through Augmented Reality Fire Safety Training For Building Occupants,"Fire safety training is crucial to increase building occupants' chances of surviving a fire emergency. Traditional training methods, such as lectures using video presentations, have limitations that can hinder learning performance. This article describes the development and testing of an alternative training solution using Augmented Reality (AR) technology. Through a controlled between-subject experiment, the AR-based fire safety training method was compared against a conventional video-based one based on participants' knowledge acquisition and retention, intrinsic motivation, and self-efficacy. Results suggest that the AR system was well-designed and as effective as the traditional method in terms of knowledge acquisition and retention and overall learning experience. However, it was found to be superior in terms of intrinsic motivation gain and self-efficacy retention. These findings demonstrate the potential of AR-based training methods to enhance building occupants' safety and provide directions for future developments and research in the field.",http://dx.doi.org/10.1016/j.autcon.2024.105371,ELSEVIER,Yes,Yes,"The abstract explicitly discusses 'knowledge acquisition and retention' as measured outcomes of the AR-based fire safety training, comparing it to traditional methods, indicating a focus on capturing and retaining knowledge.","Through a controlled between-subject experiment, the AR-based fire safety training method was compared against a conventional video-based one based on participants' knowledge acquisition and retention, intrinsic motivation, and self-efficacy. Results suggest that the AR system was well-designed and as effective as the traditional method in terms of knowledge acquisition and retention and overall learning experience. However, it was found to be superior in terms of intrinsic motivation gain and self-efficacy retention.",Relational Tacit Knowledge,Relational Tacit Knowledge,Yes,Yes,"The abstract explicitly states that 'Augmented Reality (AR) technology' is used as a training solution to deliver fire safety knowledge, indicating digital technology is used to capture/retain knowledge.","Through a controlled between-subject experiment, the AR-based fire safety training method was compared against a conventional video-based one based on participants' knowledge acquisition and retention, intrinsic motivation, and self-efficacy. Results suggest that the AR system was well-designed and as effective as the traditional method in terms of knowledge acquisition and retention and overall learning experience. However, it was found to be superior in terms of intrinsic motivation gain and self-efficacy retention.",Human–Computer Interaction and Immersive Technologies,Human–Computer Interaction and Immersive Technologies,Empirical Study,Empirical Study,True,True
e4062e31-6808-4cf0-9bb8-20375146fdd8,Assessing The Impact Of Immersion On Learning In Medical Students: A Pilot Study Comparing Two-Dimensional And Three-Dimensional Virtual Simulation,"Introduction Virtual simulation within health professions education can be categorized as two-dimensional or three-dimensional, dependent upon how users interact with the scenario. A core difference between these two categories is the degree of immersion experienced by the user. The importance of immersion for knowledge-based learning is unclear. Hence, this pilot study compares two virtual simulators to determine the impact of immersion on knowledge acquisition and retention and user experience. Methods This randomized crossover trial consisted of 25 fifth-year medical students attending two consecutive teaching sessions using two-dimensional and three-dimensional virtual simulation, respectively. Multiple-choice questions, completed immediately before and after, and one-month after the sessions, were employed to determine knowledge acquisition and retention. Questionnaires, consisting of Likert-scale and open-ended questions, evaluated user experience. Quantitative data was analyzed using a Student's t-test and qualitative data was analyzed using thematic analysis. Results Both interventions demonstrated statistically significant levels of knowledge acquisition and retention, though there was no significant difference in the extent of learning between the simulators. The two interventions offered valuable and acceptable approaches to virtual simulation, though Likert-scale responses indicated that participants significantly preferred three-dimensional virtual simulation. Free-form responses revealed themes of education and technology, with subthemes of desirability, learning, curriculum integration, fidelity, hardware and software. Conclusions The findings indicate that higher levels of immersion do not appear to offer greater educational benefit, with two-dimensional simulation possibly offering an equally valuable learning experience to three-dimensional simulation. Participants appeared to significantly prefer three-dimensional virtual simulation, though potential uses for both simulators were identified.",http://dx.doi.org/10.1177/10468781231189287,SAGE PUBLICATIONS INC,Yes,Yes,The abstract explicitly discusses 'knowledge acquisition and retention' as measured outcomes of the virtual simulation interventions. It states: 'Multiple-choice questions... were employed to determine knowledge acquisition and retention.' This directly addresses capturing and retaining knowledge from individuals (medical students).,The study compares two-dimensional and three-dimensional virtual simulation to determine the impact of immersion on knowledge acquisition and retention.,None identified,Relational Tacit Knowledge,Yes,Yes,The abstract explicitly uses 'two-dimensional and three-dimensional virtual simulation' as digital technologies to facilitate learning and measure knowledge acquisition and retention. These are digital technologies used to capture and retain knowledge.,The study uses two-dimensional and three-dimensional virtual simulation to assess the impact of immersion on learning.,Human–Computer Interaction and Immersive Technologies,Human–Computer Interaction and Immersive Technologies,Empirical Study,Empirical Study,True,True
2c713c55-5862-4356-acb1-3f00bd94a108,Extracting Learning Data From Handwritten Notes: A New Approach To Educational Data Analysis Based On Image Segmentation And Generative Ai,"While handwritten notes offer valuable insights into students' knowledge retention, traditional analysis methods are often time-consuming and limited in scope. This study introduces an efficient approach for educational data analysis by combining image segmentation with generative AI to extract learning insights from students' handwritten notes. Leveraging the Attention Multi-task U-Net for accurate segmentation and GPT-4o for content analysis, our method precisely identifies and categorizes text, charts, and formulas within notes. The extracted data provides educators with a detailed view of students' knowledge retention, highlights the areas students focus on, and identifies critical knowledge points that may be missing from notes. Our experiments on student notes from a Digital Signal Processing course demonstrate the method's high accuracy and significant efficiency improvements in teachers' review of student notes. This research contributes to educational technology and data mining by introducing an automated, scalable method that supports more personalized and effective educational strategies.",http://dx.doi.org/10.1109/ACCESS.2025.3561916,IEEE-INST ELECTRICAL ELECTRONICS ENGINEERS INC,Yes,Yes,The abstract explicitly discusses extracting learning insights from handwritten notes to understand 'students' knowledge retention' and 'identifies critical knowledge points that may be missing from notes.' This directly addresses capturing and retaining knowledge from individuals (students).,"The study introduces an approach to extract learning insights from students' handwritten notes, which involves capturing and analyzing the content of these notes.",None identified,Relational Tacit Knowledge,Yes,Yes,The abstract explicitly uses 'image segmentation with generative AI' (specifically 'Attention Multi-task U-Net' and 'GPT-4o') as digital technologies to extract and analyze knowledge from handwritten notes. These are digital technologies used to capture and retain knowledge.,"The method combines image segmentation with generative AI to extract learning insights from students' handwritten notes, using the Attention Multi-task U-Net and GPT-4o.",Artificial Intelligence and Intelligent Computation,"Artificial Intelligence and Intelligent Computation; Imaging, Sensing, and Perception Technologies",Empirical Study,Empirical Study,True,True
3eeb160b-51e4-4b8d-afd6-7dd23ac95d1b,Enhancing Postgraduate Students' Learning Outcomes Through Flipped Mobile-Based Microlearning,"This study examines the effects of implementing a Flipped Mobile -Based Microlearning (FMM) approach on postgraduate students' accessibility, engagement, knowledge retention, overall learning experience and academic achievement. A quantitative multiple methods approach was employed, utilising a two -group quasi -experimental design and a survey questionnaire to gather data. The results suggest that the FMM approach may have positive effects on accessibility, engagement, knowledge retention, overall learning experience and final exam scores when compared to the traditional learning approach. The findings support the efficacy of integrating FMM, highlighting its potential for enhancing the learning process and academic outcomes. These results have implications for educational practice and research, emphasising the value of technology -enhanced learning approaches, active and interactive learning experiences and the promotion of student motivation and attitudes towards learning. This study underscores the broader applicability of FMM and suggests its potential for improving educational outcomes across different educational levels and subject areas.",http://dx.doi.org/10.25304/rlt.v32.3110,ASSOC LEARNING TECHNOLOGY-ALT,Yes,Yes,The abstract explicitly discusses 'knowledge retention' as one of the measured outcomes of the Flipped Mobile-Based Microlearning (FMM) approach. It states the FMM approach may have positive effects on 'knowledge retention' among other outcomes. This directly addresses retaining knowledge from individuals (postgraduate students).,"The study examines the effects of implementing a Flipped Mobile-Based Microlearning (FMM) approach on postgraduate students' accessibility, engagement, knowledge retention, overall learning experience, and academic achievement.",None identified,Relational Tacit Knowledge,Yes,Yes,The abstract explicitly uses 'Flipped Mobile-Based Microlearning (FMM)' as a digital technology approach to enhance learning and knowledge retention. The 'mobile-based' aspect indicates the use of digital technology for knowledge delivery and retention.,"The study uses a Flipped Mobile-Based Microlearning (FMM) approach, which involves mobile-based technology to enhance learning outcomes.","Mobile, Social, and Communication Technologies","Mobile, Social, and Communication Technologies",Empirical Study,Empirical Study,True,True
10edb75d-1297-4380-89b6-3b0d03a92057,A Visual Management And Augmented-Reality-Based Training Module For The Enhancement Of Short And Long-Term Procedural Knowledge Retention In Complex Machinery Setup,"Proper training for operators is essential, given the complexity of modern manufacturing and the challenges posed by diverse worker demographics and high workforce turnover. Since conventional training methods are inadequate when considering the mentioned challenges, digital technologies and assistive devices can be used to improve information management. This work studies how the combination of Augmented Reality (AR) and Visual Management (VM) supports worker training by considering short- and long-term efficacy. The literature gaps on researching the training and knowledge retention of manufacturing workers using combined lean tools and digital technologies indicate that current studies focus on short-term training performed in laboratories, overlooking the integration of VM and AR for industrial training. Thus, the authors developed and validated in practice a VMAR-based training module for the setup of complex machinery in the process industry. To assess its efficacy, a comparison between a test group and a confirmation group of company's workers has been performed. The number and types of setup error have been collected and analysed to evaluate and compare short- and longterm procedural knowledge retention. The results reveal that the VMAR-based training module better supports workers both in the short- and long-period compared with traditional working procedures. Furthermore, the analysis demonstrates the inefficacy of traditional approaches in properly supporting the training of complex machinery setups considering the study's application. Future works should address the assessment of knowledge retention by considering a longer period, as well as on physiological data collection to better understand which elements of the training module are most crucial to the transfer of knowledge.",http://dx.doi.org/10.1016/j.cie.2024.110478,PERGAMON-ELSEVIER SCIENCE LTD,Yes,Yes,"The study explicitly discusses 'short and long-term procedural knowledge retention' and evaluates a training module designed to support 'the transfer of knowledge' for complex machinery setup, indicating a focus on retaining knowledge from workers.",The work studies how the combination of Augmented Reality (AR) and Visual Management (VM) supports worker training by considering short- and long-term efficacy. The results reveal that the VMAR-based training module better supports workers both in the short- and long-period compared with traditional working procedures.,Somatic Tacit Knowledge,Somatic Tacit Knowledge,Yes,Yes,The study uses 'Augmented Reality (AR)' and 'Visual Management (VM)' combined into a 'VMAR-based training module' to support worker training and knowledge retention.,The authors developed and validated in practice a VMAR-based training module for the setup of complex machinery in the process industry.,Human–Computer Interaction and Immersive Technologies,Human–Computer Interaction and Immersive Technologies; Others(*),Empirical Study,Empirical Study,True,True
d32e384c-8d76-4979-b5d3-013fd93cfbf1,Comparing The Productive Failure And Directive Instruction For Declarative Safety Knowledge Training Using Virtual Reality,"Background StudyVirtual reality (VR) is becoming a popular technology for safety training in construction. Several VR training prototypes have been designed and tested, which show they can perform better than traditional training tools. However, most of these existing tools are not underpinned by clear pedagogical theory, and studies assessing the impact of pedagogical theories on the effectiveness of VR prototypes are still rare in the literature.ObjectivesThis study aims to investigate if and how the productive failure theory and the directive instruction theory have an impact on the effectiveness of VR safety training for confined space workers.MethodsThe study used a randomized controlled method involving 74 participants. The effectiveness of these two training methods was assessed in terms of knowledge acquisition and retention.Results and ConclusionsThe results illustrate that the productive failure training design performed better in terms of knowledge acquisition and retention. This paper introduces the Productive Failure Theory and shows the great potential of this approach for self-service VR safety training in the field of construction. What is already known about this topicPF has been proven effective in classroom-based teaching practice.PF has been proven effective in non-immersive virtual training.DI is a commonly used pedagogical method for VR training.The present paper investigates the feasibility of applying PF theory in VR safety training.The present paper examines the pedagogical impacts of the two pedagogical approaches within VR serious games.Implications for practice and/or policyPF can be applied to self-help VR safety training, reducing the demand for resources such as teaching staff and venues.PF training design performed better in terms of knowledge acquisition and retention.PF has great potential for self-help VR safety training in various fields.",http://dx.doi.org/10.1111/jcal.12937,WILEY,Yes,Yes,"The study explicitly assesses 'knowledge acquisition and retention' of declarative safety knowledge using VR training, focusing on retaining knowledge from workers.",The study aims to investigate if and how the productive failure theory and the directive instruction theory have an impact on the effectiveness of VR safety training for confined space workers. The results illustrate that the productive failure training design performed better in terms of knowledge acquisition and retention.,Relational Tacit Knowledge,Relational Tacit Knowledge,Yes,Yes,The study uses 'Virtual Reality (VR)' as the technology for safety training to facilitate knowledge acquisition and retention.,The study used a randomized controlled method involving 74 participants. The effectiveness of these two training methods was assessed in terms of knowledge acquisition and retention using Virtual Reality (VR).,Human–Computer Interaction and Immersive Technologies,Human–Computer Interaction and Immersive Technologies,Empirical Study,Empirical Study,True,True
3b4a079b-7662-4389-85b9-700be63410f1,Digital Enabled Innovation Ecosystems: A Dual Case Study Of Knowledge Flows In Intellectual Property Platforms,"PurposeThe embedding of digital technology and the fuzzy organizational boundary have changed the operation of platform innovation ecosystem (PIE). Specifically, as an important energy of PIE, the internal logic of knowledge flow needs to be reconsidered in the context of digital age, which will be helpful to select the cultivation and governance strategy of PIE.Design/methodology/approachA dual case-analysis is applied to open the black box of knowledge flow in the PIE from the perspective of enabled by digital technology, by taking the intellectual property (IP) operation platform as cases.FindingsThe research findings are as follow: (1) The knowledge flow mechanism of PIE is mainly demonstrated through the processes of knowledge acquisition, knowledge integration and knowledge spillover. During this process, connectivity empowerment and scenario empowerment realize the digital empowerment of the platform. (2) Connectivity empowerment provides a channel of knowledge acquisition for the digital connection between participants in PIE. In the process of knowledge integration, scenario empowerment improves the opportunities for accurate matching and collaborative innovation between knowledge supplier and demander, and enhance the value of knowledge. The dual effect of connectivity empowerment and scenario empowerment has accelerated the knowledge spillover in PIE. Particularly, connectivity empowerment expands the range of knowledge spillover, and scenario empowerment affects the generativity of the platform, resulting in the enhancement of platform's capability to embed and expand its value network. (3) Participants have been benefitted from the PIE enabled by digital technology through three key modules (knowledge acquisition, knowledge integration and knowledge spillover), as the result of knowledge flow.Originality/valueThis study focuses on the knowledge flow mechanism of PIE enabled by digital technology, which enriches the PIE theory, and has enlightenments for the cultivation of digital platform ecosystem.",http://dx.doi.org/10.1108/EJIM-07-2023-0610,EMERALD GROUP PUBLISHING LTD,Yes,Yes,"The study discusses 'knowledge flow' mechanisms including 'knowledge acquisition, knowledge integration and knowledge spillover' within a digital platform innovation ecosystem, focusing on how knowledge is captured and retained among participants.","The research findings are as follow: (1) The knowledge flow mechanism of PIE is mainly demonstrated through the processes of knowledge acquisition, knowledge integration and knowledge spillover. During this process, connectivity empowerment and scenario empowerment realize the digital empowerment of the platform. (2) Connectivity empowerment provides a channel of knowledge acquisition for the digital connection between participants in PIE. In the process of knowledge integration, scenario empowerment improves the opportunities for accurate matching and collaborative innovation between knowledge supplier and demander, and enhance the value of knowledge. The dual effect of connectivity empowerment and scenario empowerment has accelerated the knowledge spillover in PIE.",Collective Tacit Knowledge,Collective Tacit Knowledge,Yes,Yes,"The study explicitly states that 'digital technology' enables the platform, with 'connectivity empowerment' and 'scenario empowerment' facilitating knowledge acquisition, integration, and spillover.","Connectivity empowerment and scenario empowerment realize the digital empowerment of the platform. Connectivity empowerment provides a channel of knowledge acquisition for the digital connection between participants in PIE. Scenario empowerment improves the opportunities for accurate matching and collaborative innovation between knowledge supplier and demander, and enhance the value of knowledge.","Data, Information, and Knowledge Systems",Others(*),Case Study,Case Study,True,True
dbad9f84-4d40-4e6d-9725-0d7ff4e921ad,Development And Usability Testing Of A Knowledge Graph-Based Digital Teaching Platform In Internal Medicine Nursing (Kg-Dtpnursing): A Cross-Sectional Study,"BackgroundThe integration of Internet Plus Education has spurred the rapid emergence and development of diverse online education platforms. However, few studies have developed and evaluated the usability of knowledge graph-based digital teaching platforms for undergraduate nursing education.AimThis study aimed to develop a knowledge graph-based digital teaching platform in internal medicine nursing (KG-DTPNursing) to support systematic knowledge acquisition and evaluate its usability among nursing students.MethodsA cross-sectional study was conducted. The KG-DTPNursing was developed by following established procedures for constructing knowledge graph-based curriculum platforms, grounded in constructivism learning theory. Usability was assessed using the Chinese version of the Health Information Technology Usability Evaluation Scale.ResultsAmong the 54 nursing students included in the usability testing, the mean score was 83.24, which indicates acceptable levels of impact, perceived usefulness, perceived ease of use, and user control.ConclusionsThe KG-DTPNursing platform was successfully developed and was perceived as usable by nursing students. It is designed to support systematic knowledge acquisition and provide structured access to high-quality educational resources.",http://dx.doi.org/10.1155/nuf/3369523,WILEY,Yes,Yes,"The study explicitly aims to develop a platform to 'support systematic knowledge acquisition' in internal medicine nursing, focusing on retaining knowledge from educational resources for students.",This study aimed to develop a knowledge graph-based digital teaching platform in internal medicine nursing (KG-DTPNursing) to support systematic knowledge acquisition and evaluate its usability among nursing students. The KG-DTPNursing platform was successfully developed and was perceived as usable by nursing students. It is designed to support systematic knowledge acquisition and provide structured access to high-quality educational resources.,Relational Tacit Knowledge,Relational Tacit Knowledge,Yes,Yes,The study develops a 'knowledge graph-based digital teaching platform' (KG-DTPNursing) to support systematic knowledge acquisition and structured access to educational resources.,"The KG-DTPNursing was developed by following established procedures for constructing knowledge graph-based curriculum platforms, grounded in constructivism learning theory. Usability was assessed using the Chinese version of the Health Information Technology Usability Evaluation Scale.","Data, Information, and Knowledge Systems","Data, Information, and Knowledge Systems",Empirical Study,Empirical Study,True,True
8cfe4668-c4c7-4f7e-9d95-882d081fba86,"Leveraging Ai-Based Analytics, Knowledge Acquisition, Opportunity Exploitation, And Circular Innovation For High-Performance Circular Product Development","The increasing pressure of sustainability and circular development of products remains a critical challenge for high-tech SMEs in China. The research has advanced its knowledge by determining how AI-based analytics, knowledge acquisition, opportunity exploitation, and circular innovation orientation drive circular product development performance. The study also examines these relationships under the influence of knowledge transfer and sustainable entrepreneurial orientation, which serve as mediators and moderators. The outcomes based on PLS-SEM, reveal that factors such as AI-based analytics, knowledge acquisition, opportunity exploitation, and circular innovation directly influence circular product development performance. The role of knowledge transfer indirectly appears to be substantial, suggesting its crucial role in circular performance. The findings also highlight that the addition of sustainable orientation as a moderator would amplify the circular performance outcomes. However. These outcomes highlight that not only organizational and technological resources are crucial, but also behavioral factors which are equally essential in the circular product life cycle. The considerations confirm that such performances stem from a resource-based and knowledge-based view, which are further shaped by circular innovations; hence, they should be treated as a critical lever of circular performance.",http://dx.doi.org/10.1002/csr.70269,WILEY,Yes,Yes,The abstract explicitly discusses 'knowledge acquisition' and 'knowledge transfer' as factors driving circular product development performance. Knowledge acquisition implies capturing knowledge from the environment.,"The study examines how AI-based analytics, knowledge acquisition, opportunity exploitation, and circular innovation drive circular product development performance, which involves capturing and retaining knowledge.",Relational Tacit Knowledge,Relational Tacit Knowledge,Yes,Yes,The abstract explicitly mentions 'AI-based analytics' as a factor driving circular product development performance. This implies digital technology is used in the knowledge process.,The study uses AI-based analytics as a key factor in driving circular product development performance.,Artificial Intelligence and Intelligent Computation,Artificial Intelligence and Intelligent Computation,Empirical Study,Empirical Study,True,True
ad08fa5a-6a2f-4693-bfae-2a68d0efaf0d,Effects Of Classroom Response System On The Achievement And Knowledge Retention Of The Students In Mathematics,"Classroom Response System (CRS) is a promising educational tool that can create an interactive learning space. In high school, less is known about its impact on learning mathematics. Most studies on the integration of CRS in teaching and learning use internet-dependent tool. This paper aimed to determine the effectiveness of the CRS that uses Bluetooth technology in improving the mathematics achievement and knowledge retention of the students. A quasi-experimental design and longitudinal study with post-test and delayed post-test was employed in this study. The assessment and re-administered assessment results of the CRS and Traditional Classroom Instruction (TCI) groups were compared. Data were analyzed using an independent sample t-test and Welch t-test, and the Mean Percentage Scores (MPS) were calculated to determine the achievement level. Findings revealed that there was a significant difference between the assessment of the CRS and the TCI groups. Moreover, the re-administered assessment results suggest that students exposed to CRS have better knowledge retention compared to the TCI. Furthermore, the MPS showed that CRS exhibited higher mastery level of the learning competencies over the TCI group. This study provides valuable insights into the integration of CRS in mathematics teaching and its consequential effect on achievement and retention.",http://dx.doi.org/10.1080/2331186X.2024.2323364,TAYLOR & FRANCIS AS,Yes,Yes,"The abstract explicitly discusses 'knowledge retention' and measures it via a delayed post-test, comparing the CRS group to the TCI group. It states 'students exposed to CRS have better knowledge retention'.","This paper aimed to determine the effectiveness of the CRS that uses Bluetooth technology in improving the mathematics achievement and knowledge retention of the students. Findings revealed that there was a significant difference between the assessment of the CRS and the TCI groups. Moreover, the re-administered assessment results suggest that students exposed to CRS have better knowledge retention compared to the TCI.",None identified,Relational Tacit Knowledge,Yes,Yes,The abstract explicitly uses a 'Classroom Response System (CRS) that uses Bluetooth technology' to improve knowledge retention.,This paper aimed to determine the effectiveness of the CRS that uses Bluetooth technology in improving the mathematics achievement and knowledge retention of the students.,"Mobile, Social, and Communication Technologies",Human–Computer Interaction and Immersive Technologies,Empirical Study,Empirical Study,True,True
be2aac70-5a32-4bde-8e33-6e210ade9fa4,Virtual Onboarding: Using The Metaverse For Induction Of New Employees On Remote Work,"This paper explores the integration of metaverse and Virtual Reality (VR) technologies into remote employee onboarding processes within a multinational company. The study compares traditional remote onboarding methods with a newly developed metaverse-based solution. The evaluation focuses on employee engagement and knowledge retention during the onboarding process. Key results indicate that the metaverse-based approach enhances engagement and retention, offering practical insights for companies seeking to adopt VR solutions for onboarding.",http://dx.doi.org/10.1109/ICGI64003.2024.10923790,IEEE,Yes,Yes,The abstract explicitly discusses 'knowledge retention' during the onboarding process and compares a metaverse-based approach to traditional methods.,"The evaluation focuses on employee engagement and knowledge retention during the onboarding process. Key results indicate that the metaverse-based approach enhances engagement and retention, offering practical insights for companies seeking to adopt VR solutions for onboarding.",None identified,Relational Tacit Knowledge,Yes,Yes,The abstract explicitly uses 'metaverse and Virtual Reality (VR) technologies' for the onboarding process to enhance knowledge retention.,This paper explores the integration of metaverse and Virtual Reality (VR) technologies into remote employee onboarding processes within a multinational company. The evaluation focuses on employee engagement and knowledge retention during the onboarding process.,Human–Computer Interaction and Immersive Technologies,Human–Computer Interaction and Immersive Technologies,Empirical Study,Empirical Study,True,True
cbfce2b4-9574-4ca7-9f6c-503229a51186,Comparative Effects Of Dynamic Geometry System And Physical Manipulatives On Inquiry-Based Math Learning For Students In Junior High School,"Mathematical inquiry involving hands-on activities has received increasing attention in mathematics education. Besides various customized physical teaching aids, subject-specific information technology, such as Dynamic Geometry System (DGS), finds extensive use in mathematical inquiry activities. However, effects of DGS and physical manipulatives on inquiry-based math learning remain an open question. Hence, by adopting a quasi-experimental research design, this paper aims to empirically compare the immediate learning outcomes, knowledge retention, and learning interest of seventh-grade students who explore with virtual manipulatives (i.e., the DGS) and who explore with physical manipulatives. Specifically, 131 students participated in learning activities centered on exploring pyramids and prisms. During the inquiry process, Group A (n = 33) constructed pyramids and prisms in DGS, Group B (n = 34) observed pre-made virtual models in DGS, Group C (n = 32) observed physical models, and Group D (n = 32) made physical pyramids and prisms with polymer clay and small sticks. Moreover, pretest, post-test, and delayed post-test designed according to the Van Hiele model, as well as an adapted interest questionnaire, were employed to evaluate students' performances; and collected data were analyzed by means of ANCOVA and t-test. Findings of the study revealed that in the context of construction, students employing the DGS exhibited superior immediate learning outcomes and greater knowledge retention compared to their peers who utilized physical manipulatives; while in the case of observation, the virtual and physical manipulatives yielded similar impacts on students' immediate learning outcomes, but students who involved in the DGS demonstrated higher knowledge retention. Furthermore, regarding the DGS environment, students who engaged in constructive manipulation surpassed their peers who engaged in observing manipulation. In terms of interest, the DGS proved to be more effective in both stimulating and maintaining higher interest compared to the physical manipulatives, and constructive manipulation was more effective than observing manipulation. In summary, as compared to the physical manipulatives, DGS, particularly when employed with constructive strategy, has shown to encourage students to more actively engage in task-related cognitive behaviors, thereby supporting and enhancing inquiry-based math learning of students in junior high school.",http://dx.doi.org/10.1007/s10639-024-12663-6,SPRINGER,Yes,Yes,"The abstract explicitly discusses 'knowledge retention' as a measured outcome, using a delayed post-test to compare groups. It states 'students employing the DGS exhibited... greater knowledge retention'.","Findings of the study revealed that in the context of construction, students employing the DGS exhibited superior immediate learning outcomes and greater knowledge retention compared to their peers who utilized physical manipulatives; while in the case of observation, the virtual and physical manipulatives yielded similar impacts on students' immediate learning outcomes, but students who involved in the DGS demonstrated higher knowledge retention.",None identified,Relational Tacit Knowledge,Yes,Yes,The abstract explicitly uses a 'Dynamic Geometry System (DGS)' as a virtual manipulative to support learning and knowledge retention.,"This paper aims to empirically compare the immediate learning outcomes, knowledge retention, and learning interest of seventh-grade students who explore with virtual manipulatives (i.e., the DGS) and who explore with physical manipulatives.",Human–Computer Interaction and Immersive Technologies,"Data, Information, and Knowledge Systems",Empirical Study,Empirical Study,True,True
b76b0e86-3e2f-4c1c-9bd4-0fabea02e175,"Revolutionizing Safety Training: Enhancing Safety Knowledge Acquisition, Retention, And User Experience With Adaptive Vr-Llm Integration","Safety training is essential for preventing industrial accidents. The integration of Virtual Reality (VR) and Large Language Models (LLMs) holds transformative potential for safety training, as each technology has critical limitations when used alone. While VR provides realistic, risk-free simulations, it lacks adaptability to individual learning needs. Conversely, LLMs offer personalized feedback but lack contextual immersion. Guided by adaptive learning theory, this study proposes a framework which integrating VR and LLMs for safety training, namely AIVR. AIVR consists three core components: an AI tutoring system, that leveraging LLMs for personalized content generation; an adaptive learning system that continuously assesses learner performance and adjusts training content to address individual knowledge gaps; a VR system that contributes adaptive navigation support by visually emphasizing weak points, highlighting relevant areas in the immersive environment, and restructuring interaction paths in response to learner progress.This study then compared AIVR with traditional VR and slide-based instruction in an experiment assessing knowledge acquisition, retention, and user experience. Results demonstrated that AIVR significantly improved knowledge acquisition and retention, and outperformed the other methods in self-efficacy and technology acceptance. The findings also indicated that AIVR's personalization enhanced engagement and reduced anxiety. These results highlight the effectiveness of applying adaptive learning theory to combine immersive and intelligent technologies for enhancing safety training.",http://dx.doi.org/10.1007/s10055-025-01261-7,SPRINGER LONDON LTD,Yes,Yes,The abstract explicitly discusses 'knowledge acquisition' and 'knowledge retention' as measured outcomes of the safety training framework. It states 'AIVR significantly improved knowledge acquisition and retention'.,"This study proposes a framework which integrating VR and LLMs for safety training, namely AIVR. AIVR consists three core components: an AI tutoring system, that leveraging LLMs for personalized content generation; an adaptive learning system that continuously assesses learner performance and adjusts training content to address individual knowledge gaps; a VR system that contributes adaptive navigation support by visually emphasizing weak points, highlighting relevant areas in the immersive environment, and restructuring interaction paths in response to learner progress. Results demonstrated that AIVR significantly improved knowledge acquisition and retention, and outperformed the other methods in self-efficacy and technology acceptance.",None identified,Relational Tacit Knowledge,Yes,Yes,The abstract explicitly uses 'Virtual Reality (VR) and Large Language Models (LLMs)' integrated into a framework (AIVR) to enhance knowledge acquisition and retention.,"This study proposes a framework which integrating VR and LLMs for safety training, namely AIVR. AIVR consists three core components: an AI tutoring system, that leveraging LLMs for personalized content generation; an adaptive learning system that continuously assesses learner performance and adjusts training content to address individual knowledge gaps; a VR system that contributes adaptive navigation support by visually emphasizing weak points, highlighting relevant areas in the immersive environment, and restructuring interaction paths in response to learner progress.",Human–Computer Interaction and Immersive Technologies,Human–Computer Interaction and Immersive Technologies; Artificial Intelligence and Intelligent Computation,Empirical Study,Empirical Study,True,True
76d59148-5ba6-41bb-ab58-ffc2393cb9ef,Supporting The Management Of Rolling Stock Maintenance With An Ontology-Based Virtual Depot,"The railway industry forecasts growth in passenger and freight traffic over the next 30 years. This places additional demands on rolling stock depot facilities, many of which were designed and built before the modern age of information technology. This paper explores the potential of improving the efficiency and effectiveness of rolling stock maintenance management to meet the challenges of the near future, by utilising advanced computing techniques. The objective of the work is to create optimised maintenance plans for a fleet of trains, considering optimal use of resources. As a glue for joining up functions and operations, a generic Depot and Vehicle ontology (called the Virtual Depot) is introduced. The ontology captures the structures, relationships, and attributes of objects in the Depot (rolling stock, sensors, depot assets, tools, resources, and staff). The ontology is populated with example company and fleet-specific knowledge using an automated knowledge acquisition method. This paper describes the systematic method for the creation of a Virtual Depot. Two particular aspects are discussed in detail-knowledge acquisition of fleet-specific information obtained from a manufacturer's Vehicle Maintenance Instruction manuals and the construction of a short-term scheduling process within the Virtual Depot. Our evaluation considers the integrative aspects of the method, demonstrating how the ontological structure and its acquired specific information informs and benefits the scheduling process, in particular with respect to schedule optimisation. Results from an initial case study show there is significant potential to optimise short-term maintenance schedules, and the ability to automatically consider resource availability in short-term scheduling is demonstrated.",http://dx.doi.org/10.3390/app14031220,MDPI,Yes,Yes,"The abstract explicitly discusses 'knowledge acquisition' of fleet-specific information from Vehicle Maintenance Instruction manuals and uses an ontology (Virtual Depot) to capture structures, relationships, and attributes of objects, preserving knowledge for maintenance scheduling.","The study introduces a generic Depot and Vehicle ontology (called the Virtual Depot) to capture the structures, relationships, and attributes of objects in the depot. It uses an automated knowledge acquisition method to populate the ontology with fleet-specific information.",Relational Tacit Knowledge,Relational Tacit Knowledge,Yes,Yes,"The abstract describes using an 'ontology-based Virtual Depot' and 'automated knowledge acquisition method' to capture and retain knowledge from manuals, which involves digital technologies for knowledge representation and acquisition.","The study uses advanced computing techniques and an automated knowledge acquisition method to create and populate the Virtual Depot, which is a digital technology used to capture and retain knowledge.","Data, Information, and Knowledge Systems","Data, Information, and Knowledge Systems; Others(*)",Case Study,Case Study,True,True
4a5b1586-2542-46bb-9168-efefd755e79a,Investigating The Effects Of Virtual Site Tours In Construction Technology Education: An Eplatform For Students' Transferable Knowledge Acquisition,"In construction technology education (CTE), construction site tours play an essential role for undergraduate students to obtain familiarity with construction environments, combine content knowledge with practice, and develop their competencies to embrace construction innovations before entering the industry. Implementing real construction site visits for education purposes faces challenges in getting access to proper construction sites and ensuring the safety of visiting students. This study combined the application of Project-based learning (PBL), game-based learning (GBL), and deeper learning theories to develop TheProjectLive ePlatform for students to experience virtual site tours. In this platform, 360-degree panoramas were utilized to present the approximate complexity of construction sites and provide an immersive learning environment. The study evaluated the effects of the proposed virtual site tour approach through two years of implementation in a tertiary course: Introductory Construction Technology and Materials. The students' knowledge acquisition and learning experience when applying the ePlatform were well measured through in-class quizzes and questionnaire surveys, respectively. Based on the descriptive and statistical sources of evidence, the developed ePlatform for conducting the virtual construction site tour demonstrated its potential to effectively improve students' transferable knowledge acquisition. The results of two in-class quizzes designed to assess students' comprehension of content knowledge and their competency to solve practical problems showed that the average scores of students who experienced the virtual site tour were higher than students who learned via lecture notes. Specifically, the average scores of the former were 13.3% and 17.8% higher than the latter in the two quizzes, respectively. According to students' feedback, this case study research also provided suggestions to further improve the proposed virtual site tour approach in tertiary CTE, emphasizing the importance of clear content presentation as well as indicating the benefits of perceived helpfulness and well-designed game elements.",http://dx.doi.org/10.1061/JCEECD.EIENG-1959,ASCE-AMER SOC CIVIL ENGINEERS,Yes,Yes,"The abstract discusses knowledge acquisition in construction technology education, specifically 'transferable knowledge acquisition' through virtual site tours. It measures 'students' knowledge acquisition and learning experience' and assesses 'students' comprehension of content knowledge and their competency to solve practical problems'.","The study evaluates the effects of virtual site tours on students' transferable knowledge acquisition in construction technology education, using an ePlatform with 360-degree panoramas.",Somatic Tacit Knowledge,Relational Tacit Knowledge,Yes,Yes,"The abstract describes a digital platform (TheProjectLive ePlatform) that uses 360-degree panoramas to present construction site complexity and provide an immersive learning environment for virtual site tours, which facilitates knowledge acquisition.",The study uses an ePlatform with 360-degree panoramas to provide an immersive learning environment for virtual site tours.,"Imaging, Sensing, and Perception Technologies","Human–Computer Interaction and Immersive Technologies; Imaging, Sensing, and Perception Technologies",Case Study,Empirical Study,True,True
0e474583-4007-4041-af22-f918b76b7a8e,An Anthropotechnological Analysis Of Training Innovations In Prosub: The Role Of Computer-Based Training (Cbt) In Achieving Operational Readiness For Brazil'S Riachuelo-Class Submarine Crews,"This study investigates strategies to optimize knowledge retention and operational performance among Brazil's Riachuelo-Class Submarines (RCS) crews during the France-Brazil technology transfer under PROSUB. Using a Grounded Theory approach, we analyzed semi-structured interviews with submariners and instructors, complemented by anthropotechnological frameworks, to evaluate how all training instances mitigate skill gaps, enhance adaptive capacity in high-complexity naval environments, and ensure effective technology transfer. Results identified four key categories: (1) Cross-Cultural Communication Barriers impacting knowledge transmission, (2) Technical Capability Building via immersive simulations, (3) Organizational Adaptation to new roles and technologies, and (4) Technological Trust in Computer-Based Training (CBT) systems. Findings underscore CBT's critical role in maintaining crew readiness amid evolving technological and operational demands.",http://dx.doi.org/10.1007/978-981-95-0289-9_6,SPRINGER-VERLAG SINGAPORE PTE LTD,Yes,Yes,The study investigates strategies to optimize knowledge retention among submarine crews and evaluates how training instances mitigate skill gaps and ensure effective technology transfer.,The study investigates strategies to optimize knowledge retention and operational performance among Brazil's Riachuelo-Class Submarines (RCS) crews during the France-Brazil technology transfer under PROSUB. The abstract mentions mitigating skill gaps and enhancing adaptive capacity in high-complexity naval environments.,Collective Tacit Knowledge,Collective Tacit Knowledge,Yes,Yes,Computer-Based Training (CBT) systems are explicitly used to maintain crew readiness and support knowledge retention.,The abstract mentions the use of Computer-Based Training (CBT) systems to maintain crew readiness amid evolving technological and operational demands.,Human–Computer Interaction and Immersive Technologies,Human–Computer Interaction and Immersive Technologies,Case Study,Empirical Study,True,True
278166b7-2d9b-47cd-a331-99764d2c034f,Study With Confucius: An Ai-Based Immersive Educational Game With Multiple Educational Modes,"Current history education faces challenges in cultivating student immersion and knowledge retention. This study introduces an innovative educational game, Study with Confucius, which blends traditional Chinese cultural education with AI technology. The game's objective is to enhance student engagement and learning outcomes by simulating historical figures and reconstructing historical backgrounds. Utilizing ChatGPT technology, the game assigns distinct educational abilities to different Agents, resulting in three unique educational modes. Players interact with these Agents, learning classical knowledge and gaining insights into the associated wisdom and moral culture. User study findings demonstrate that the game improves student immersion and their understanding and memorization of knowledge. This game offers adolescents a novel learning approach, where they can engage with and inherit traditional culture through interactive and enjoyable means.",http://dx.doi.org/10.1145/3680533.3697066,ASSOC COMPUTING MACHINERY,Yes,Yes,"The study aims to enhance student immersion and knowledge retention through an AI-based educational game, and user study findings demonstrate improved understanding and memorization of knowledge.","The study introduces an educational game, Study with Confucius, which aims to enhance student engagement and learning outcomes by simulating historical figures and reconstructing historical backgrounds. The abstract mentions improving student immersion and their understanding and memorization of knowledge.",Collective Tacit Knowledge,Collective Tacit Knowledge,Yes,Yes,"ChatGPT technology is used to simulate historical figures and reconstruct historical backgrounds, assigning distinct educational abilities to different Agents for knowledge transmission.",The abstract mentions the use of ChatGPT technology to assign distinct educational abilities to different Agents in the game.,Artificial Intelligence and Intelligent Computation,Artificial Intelligence and Intelligent Computation,Empirical Study,Empirical Study,True,True
e69bcc55-74c1-4095-8358-12854305ccef,A Comparative Study On The Effectiveness Of Ai Chatbots And Dictionary Apps For Lexical Tasks And Retention,"This study compared an AI chatbot (Kimi) and a bilingual dictionary app (NCD) in supporting vocabulary tasks among Chinese junior English majors. Sixty-six participants used either Kimi or NCD to complete both receptive and productive lexical tasks. Questionnaires gathered user feedback on tool use, and a surprise retention test assessed long-term vocabulary retention one week later. Results showed that Kimi significantly outperformed NCD in vocabulary comprehension, collocation production, and productive knowledge retention. Additionally, Kimi demonstrated more consistent performance than NCD across all test items, highlighting its reliability. The study underscores the potential of AI chatbots to address language-related queries and enhance vocabulary acquisition. It also advocates for aligning technological advancements with pedagogical goals to optimize language learning tools and create a sustainable learning environment.",http://dx.doi.org/10.5788/35-1-2027,BURO VAN DIE WAT,Yes,Yes,"The study explicitly compares the effectiveness of an AI chatbot and a dictionary app for vocabulary retention, with a surprise retention test assessing long-term vocabulary retention one week later.",The study compares an AI chatbot (Kimi) and a bilingual dictionary app (NCD) in supporting vocabulary tasks among Chinese junior English majors. The abstract mentions long-term vocabulary retention and productive knowledge retention.,Relational Tacit Knowledge,Collective Tacit Knowledge,Yes,Yes,An AI chatbot (Kimi) and a bilingual dictionary app (NCD) were used as digital technologies to support vocabulary tasks and retention.,The abstract mentions the use of an AI chatbot (Kimi) and a bilingual dictionary app (NCD) to support vocabulary tasks and assess long-term vocabulary retention.,Artificial Intelligence and Intelligent Computation,"Artificial Intelligence and Intelligent Computation; Data, Information, and Knowledge Systems",Empirical Study,Empirical Study,True,True
fb9de19c-bf5c-4e85-8fe2-cfc5498e2c96,Design And Evaluation Of A Virtual Rehabilitation System Integrating Intangible Cultural Heritage: A Case Study Of Baduanjin-Based Somatosensory Training,"Motor coordination disorders significantly impair patients' ability to perform daily activities. Traditional rehabilitation approaches often suffer from low adherence due to their monotony. This study presents The Wonderful Journey Based on Baduanjin (TWJB), a gamified virtual rehabilitation system that integrates somatosensory interaction with the traditional Chinese exercise Baduanjin. The system employs embodied narrative scenarios and avatar-guided mechanisms to facilitate culturally embedded rehabilitation training. By incorporating real-time motion capture, dynamic feedback, and interactive knowledge cards, the system enhances user immersion and rehabilitation motivation. A controlled experiment was conducted to evaluate its effectiveness. Results indicate that TWJB outperforms conventional rehabilitation methods in terms of user engagement, cultural knowledge acquisition, and functional recovery. These findings underscore the potential of combining traditional culture with intelligent interaction technologies in modern rehabilitation medicine.",http://dx.doi.org/10.1016/j.cag.2025.104378,PERGAMON-ELSEVIER SCIENCE LTD,Yes,Yes,"The abstract states that the system 'facilitates culturally embedded rehabilitation training' and 'enhances user immersion and rehabilitation motivation', and that results indicate 'cultural knowledge acquisition'. This implies the system is designed to capture and retain the cultural knowledge of Baduanjin, a traditional practice, for users.","The system enhances user immersion and rehabilitation motivation. A controlled experiment was conducted to evaluate its effectiveness. Results indicate that TWJB outperforms conventional rehabilitation methods in terms of user engagement, cultural knowledge acquisition, and functional recovery.",Somatic Tacit Knowledge,Collective Tacit Knowledge; Somatic Tacit Knowledge,Yes,Yes,"The abstract explicitly mentions 'real-time motion capture, dynamic feedback, and interactive knowledge cards' as technologies used to facilitate the rehabilitation training and knowledge acquisition.","This study presents The Wonderful Journey Based on Baduanjin (TWJB), a gamified virtual rehabilitation system that integrates somatosensory interaction with the traditional Chinese exercise Baduanjin. The system employs embodied narrative scenarios and avatar-guided mechanisms to facilitate culturally embedded rehabilitation training. By incorporating real-time motion capture, dynamic feedback, and interactive knowledge cards, the system enhances user immersion and rehabilitation motivation.",Human–Computer Interaction and Immersive Technologies,"Human–Computer Interaction and Immersive Technologies; Imaging, Sensing, and Perception Technologies; Others(*)",Empirical Study,Empirical Study,True,True
d79e1c9c-d338-4062-8962-f5da702dac5b,Class Incremental Learning For Knowledge Acquisition Based On Prototype Network Gating Mechanism,"With the development of information technology, the medical field has accumulated a large amount of medical data, which continues to grow. Efficient extraction and effective utilization of knowledge from this vast amount of medical data are crucial for realizing its immense value. Traditional knowledge acquisition algorithms face challenges in effectively identifying and acquiring new types of knowledge in practical applications. To address this, this paper proposes a class-incremental learning method based on a prototype network gating mechanism, called PGMoE. This method integrates multiple experts through a prototype network-based gating mechanism, dynamically adjusting the model's response to new and old knowledge, thereby effectively mitigating the issue of catastrophic forgetting in class incremental learning. PGMoE not only improves the stability and accuracy of the model in continuous learning processes but also ensures the model's ability to remember historical knowledge. Comparative experiments on multiple datasets with existing class-incremental learning methods demonstrate that PGMoE has significant performance advantages in handling continuous learning tasks.",http://dx.doi.org/10.1109/MedAI62885.2024.00063,IEEE COMPUTER SOC,Yes,Yes,"The abstract discusses a method (PGMoE) that 'dynamically adjusts the model's response to new and old knowledge, thereby effectively mitigating the issue of catastrophic forgetting in class incremental learning' and 'ensures the model's ability to remember historical knowledge', which directly addresses knowledge retention from a data environment.",PGMoE not only improves the stability and accuracy of the model in continuous learning processes but also ensures the model's ability to remember historical knowledge.,None identified,"Data, Information, and Knowledge Systems",Yes,Yes,"The abstract describes a 'prototype network gating mechanism' and 'multiple experts' integrated through a digital model (PGMoE) to retain knowledge, which is a digital technology approach.","This paper proposes a class-incremental learning method based on a prototype network gating mechanism, called PGMoE. This method integrates multiple experts through a prototype network-based gating mechanism, dynamically adjusting the model's response to new and old knowledge, thereby effectively mitigating the issue of catastrophic forgetting in class incremental learning.",Artificial Intelligence and Intelligent Computation,"Artificial Intelligence and Intelligent Computation; Data, Information, and Knowledge Systems; Rule-Based, Decision, and Expert Systems",Empirical Study,Empirical Study,True,True
0d86bab1-b5e6-4d5e-bedd-989c160e98d4,Evaluation Of An Immersive Vr-Based Chemical Production Safety Learning Using A Transferable Psychosomatic Approach,"Considering effective transfer of knowledge and skills in chemical production safety, virtual reality (VR) technology is adopted to build training platform of safety operation. This study focuses on shortening the breach between the highly demanded human-machine interactions and the learning approaches utilized in process engineering by experimentally evaluating the effectiveness of different learning approaches in an image-based unusual state. The trainees' performance are assessed through quantifiable measures, learning efficacy and performance, used for the specific objectives. The result reveals that testable training in VR for complicated safety-specific activities is not statistically different from the conventional lecture mode. But VR learning shows an appreciable positive enhancements in participants' perceptions of entire learning and their existence on task during the training. Also, it reveals that the knowledge retention rate of video -based lecturing can be over-valuated if left unchecked. The positive results of this method lie in improving the dependability, reducing damage costs and enhancing safety performance in chemical operation process.",Empty,TEMPUS PUBLICATIONS,Yes,Yes,"The abstract states 'it reveals that the knowledge retention rate of video-based lecturing can be over-valuated if left unchecked' and discusses VR learning for knowledge and skills transfer, implying a focus on knowledge retention.",The result reveals that testable training in VR for complicated safety-specific activities is not statistically different from the conventional lecture mode. But VR learning shows an appreciable positive enhancement in participants' perceptions of entire learning and their existence on task during the training.,None identified,Somatic Tacit Knowledge; Relational Tacit Knowledge,Yes,Yes,"The abstract explicitly uses 'virtual reality (VR) technology' to build a training platform for safety operation, which is used to transfer knowledge and skills.","Considering effective transfer of knowledge and skills in chemical production safety, virtual reality (VR) technology is adopted to build a training platform of safety operation.",Human–Computer Interaction and Immersive Technologies,Human–Computer Interaction and Immersive Technologies,Empirical Study,Empirical Study,True,True
b2a3a5c1-c4e9-45a1-ae7a-30096a186ac7,Nk-Msvm: A Lossless Recognition Framework For Nk-Cola Education Symbol Set Based On Online Handwriting,"With the rapid development of information technology, digital transformation has significantly influenced various industries. In the educational sphere, digital transformation aims to reshape the landscape through the comprehensive application of digital technologies, impacting both the medium of delivery and the mode of knowledge acquisition. Nevertheless, several challenges persist, including data isolation, inadequate identification mechanisms, and inefficient data extraction process. In this study, we propose NK-MSVM, a framework for lossless recognition of the NK-Cola education symbol set based on online handwriting. First, we present the NK-Cola education symbol set, specifically designed for K-12 education. Subsequently, we implement classifiers that integrate the generalization capability of Support Vector Machines (SVM) and the parameter allocation advantage of Mixture of Experts (MoE) to enhance symbol recognition. Finally, to mitigate the potential adverse effects of misjudgments on students, we employ a probability boundary with thresholds, ensuring lossless recognition. Experimental results demonstrate that the proposed method effectively achieves lossless recognition of the NK-Cola education symbol set. This research contributes a viable solution to address the challenge of lossless data identification in educational digitalization.",http://dx.doi.org/10.1145/3702163.3702439,ASSOC COMPUTING MACHINERY,Yes,Yes,"The study proposes a framework for 'lossless recognition' of an education symbol set, aiming to prevent loss of knowledge (symbols) during data identification and extraction in educational digitalization.","we propose NK-MSVM, a framework for lossless recognition of the NK-Cola education symbol set based on online handwriting. ... to mitigate the potential adverse effects of misjudgments on students, we employ a probability boundary with thresholds, ensuring lossless recognition.",None identified,Somatic Tacit Knowledge,Yes,Yes,"The study uses Support Vector Machines (SVM) and Mixture of Experts (MoE) classifiers for symbol recognition, and a probability boundary with thresholds for lossless recognition.","we implement classifiers that integrate the generalization capability of Support Vector Machines (SVM) and the parameter allocation advantage of Mixture of Experts (MoE) to enhance symbol recognition. Finally, to mitigate the potential adverse effects of misjudgments on students, we employ a probability boundary with thresholds, ensuring lossless recognition.",Artificial Intelligence and Intelligent Computation,"Artificial Intelligence and Intelligent Computation; Rule-Based, Decision, and Expert Systems",Empirical Study,Empirical Study,True,True
6372a818-e75b-434d-a8c0-c285f221479d,Metaverse For Sustainable Circular Supply Chains: Unlocking Value And Knowledge Synergies,"PurposeThe purpose of this study is to integrate metaverse into their supply chain operations to achieve circular economy. Integrating metaverse technology is a complex challenge for organization. Therefore, present study investigates the implementation of emerging technology (metaverse) from the lens of knowledge-based view (KBV) and the theory of consumption values (TCV).Design/methodology/approachA qualitative study was conducted and dimensions were analyzed using TCV and KBV lens. Open-ended surveys were used to obtain cardinal insights for effectively adopting metaverse in managing circular supply chain operations.FindingsThe study found that metaverse technology offers significant values in terms of improved functional efficiency and reduction in waste. It also fosters emotional confidence, trust and collaboration across supply chain partners. The key constructs include epistemic, functional, conditional, social and emotional. Moreover, KBV theory is integrated, which includes knowledge creation, knowledge acquisition, knowledge sharing, knowledge application and knowledge integration.Originality/valueThis paper adds to the literature by assessing multiple values derived from adopting metaverse in circular supply chain, and adding perspectives from the knowledge management aspects.",http://dx.doi.org/10.1108/JSTPM-11-2025-0514,EMERALD GROUP PUBLISHING LTD,Yes,Yes,"The abstract explicitly discusses knowledge creation, knowledge acquisition, knowledge sharing, knowledge application and knowledge integration as key constructs from the knowledge-based view (KBV) theory, which are processes of capturing and retaining knowledge from individuals and the organization environment.","KBV theory is integrated, which includes knowledge creation, knowledge acquisition, knowledge sharing, knowledge application and knowledge integration.",Collective Tacit Knowledge,Collective Tacit Knowledge,Yes,Yes,"The abstract discusses adopting metaverse technology in circular supply chain operations, which is a digital technology used to foster collaboration and knowledge integration across supply chain partners.",The study investigates the implementation of emerging technology (metaverse) from the lens of knowledge-based view (KBV) and the theory of consumption values (TCV).,Human–Computer Interaction and Immersive Technologies,Human–Computer Interaction and Immersive Technologies,Empirical Study,Empirical Study,True,True
03ebe64b-74a7-466c-8a5d-d27c5e5384a7,Mobile-Enhanced Outdoor Education For Tang Sancai Heritage Tourism: An Interactive Experiential Learning Approach,"Outdoor experiences significantly enrich intangible cultural heritage tourism, yet limited interaction often restricts deep cultural learning. This research investigates how a mobile application, grounded in experiential learning theory, enhances tourists' learning about Tang Sancai, a form of Chinese intangible cultural heritage, in the outdoor setting of Sancai Town, Luoyang. Employing a theory learning behavior design scenario framework, the application integrates activity-based exploration, reflective multimedia content, and immersive simulation scenarios to promote active participation, critical reflection, and context-rich outdoor learning experiences. Controlled experiments using pre- and post-tests and questionnaires revealed that participants using the application significantly outperformed those using conventional digital tools in knowledge retention, comprehension, and experiential learning outcomes. Technology acceptance analysis highlighted perceived usefulness as a critical driver of learning success. However, limited effects on behavioral progression suggest that short-term digital interactions may not sustain long-term behavioral change. This research offers a replicable mobile learning framework for outdoor cultural education, extends experiential learning theory to informal tourism contexts, and provides practical insights into using technology to enrich outdoor educational experiences, while supporting heritage preservation.",http://dx.doi.org/10.3390/educsci15060743,MDPI,Yes,Yes,"The abstract discusses enhancing tourists' learning about Tang Sancai heritage, with outcomes including 'knowledge retention, comprehension, and experiential learning outcomes', and the mobile application is designed to promote 'active participation, critical reflection, and context-rich outdoor learning experiences', implying capture of cultural knowledge.","Controlled experiments using pre- and post-tests and questionnaires revealed that participants using the application significantly outperformed those using conventional digital tools in knowledge retention, comprehension, and experiential learning outcomes.",Collective Tacit Knowledge,Relational Tacit Knowledge; Relational Tacit Knowledge,Yes,Yes,"The abstract explicitly states that a 'mobile application, grounded in experiential learning theory, enhances tourists' learning about Tang Sancai' and that the application integrates 'activity-based exploration, reflective multimedia content, and immersive simulation scenarios' to promote learning and knowledge retention.","Employing a theory learning behavior design scenario framework, the application integrates activity-based exploration, reflective multimedia content, and immersive simulation scenarios to promote active participation, critical reflection, and context-rich outdoor learning experiences.","Mobile, Social, and Communication Technologies",Human–Computer Interaction and Immersive Technologies; Human–Computer Interaction and Immersive Technologies; Human–Computer Interaction and Immersive Technologies,Empirical Study,Empirical Study,True,True
6a338295-33d9-4242-a987-b219b99e6921,Semantic Knowledge Models For Decision Making In Asset Management: Im-Safe Knowledge Base,"Against the backdrop of physical ageing, asset management organizations not only struggle with scattered object-related data across incompatible software and models, but also dispersed, often missing, insights from domain experts. There is a large volume of data already available particularly at National Road Authorities i.e. object characteristics, inspection and measurement results, usage records. Yet this data is distributed, has complex and varying structures, it takes cumbersome effort to find and obtain for a particular asset management decision. Semantic knowledge models aim to capture domain information and represent it via class definitions, their attributes, relationships and in instances. Such models are used to create knowledge bases, where different technologies are utilized. In the IM-SAFE project, a knowledge base is created based on a Semantic Wiki Platform. It captures asset information concerning their structural analysis and state on 99 civil structures across Europe. In this paper, a step-by-step methodology is provided to build the knowledge base. The paper involves knowledge acquisition, data collection, knowledge modelling, populating datasets and quality assurance steps. It will conclude future implications to make the base expandable and widely used for asset management.",http://dx.doi.org/10.1002/cepa.2212,ERNST & SOHN VERLAG ARCHITEKTUR & TECHNISCHE WISSENSCHAFTEN GMBH & CO KG,Yes,Yes,"The abstract discusses capturing scattered object-related data and dispersed insights from domain experts to build a knowledge base for asset management, explicitly involving knowledge acquisition and knowledge modelling steps.","Semantic knowledge models aim to capture domain information and represent it via class definitions, their attributes, relationships and in instances. Such models are used to create knowledge bases, where different technologies are utilized.",Relational Tacit Knowledge,Relational Tacit Knowledge,Yes,Yes,"The abstract states that a knowledge base is created based on a Semantic Wiki Platform, which is a digital technology used to capture and represent domain information.","In the IM-SAFE project, a knowledge base is created based on a Semantic Wiki Platform. It captures asset information concerning their structural analysis and state on 99 civil structures across Europe.","Data, Information, and Knowledge Systems","Data, Information, and Knowledge Systems",Case Study,Case Study,True,True
99178ec7-85f0-4e3a-980e-e1aec3175dde,"The Dual Role Of Ai In Enhancing And Challenging Skills, Creativity And Innovation Of Michelin-Star Chefs","PurposeThis study examined the impact of Artificial Intelligence (AI)-driven technological tools in Michelin-starred restaurant kitchens on the general skills, creativity and innovativeness of chefs.Design/methodology/approachFollowing the qualitative research approach, semi-structured interviews were conducted with 23 chefs working in Michelin-starred restaurants.FindingsThe findings identify three main areas of impact of AI-driven tools: culinary skills, creativity and innovation. The findings reveal a complex relationship between AI-driven tools and culinary expertise in Michelin-starred kitchens. First, while AI-driven tools have the potential to diminish skills, they also facilitate skill development and knowledge acquisition. Chefs acknowledge AI's potential to expand creativity through new techniques, but also consider AI-driven tools a potential limiter or threat to creativity. They emphasise the need to balance the use of AI-driven tools with traditional skills. Moreover, the dual role of AI as both an enabler and a limiter underscores the need for strategic integration that inspires without compromising the authenticity of haute cuisine.Originality/valueThe study contributes to understanding how and why AI-driven tools benefit or challenge human skills, creativity and innovation, which can guide Michelin-star restaurants and their chefs in adopting AI technology.",http://dx.doi.org/10.1108/BFJ-11-2025-1521,EMERALD GROUP PUBLISHING LTD,Yes,Yes,"The abstract discusses that AI-driven tools 'facilitate skill development and knowledge acquisition' and mentions the 'dual role of AI as both an enabler and a limiter' of skills, creativity, and innovation, implying that knowledge is being captured or retained through AI tools, though the focus is on impact rather than explicit retention mechanisms.","The study examines the impact of AI-driven tools on culinary skills, creativity, and innovation, which involves capturing and retaining knowledge related to these areas.",Somatic Tacit Knowledge,Somatic Tacit Knowledge; Collective Tacit Knowledge,Yes,Yes,"The abstract explicitly mentions 'AI-driven technological tools' used in Michelin-starred restaurant kitchens that impact chefs' skills, creativity, and innovation, implying these tools capture or retain culinary knowledge.","AI-driven tools are used to facilitate skill development and knowledge acquisition, and to expand creativity through new techniques.",Artificial Intelligence and Intelligent Computation,Artificial Intelligence and Intelligent Computation,Empirical Study,Case Study,True,True
36c52257-5640-4bb8-b393-ff35f7af1dfa,Determinants Of Generative Ai In Promoting Green Purchasing Behavior: A Hybrid Partial Least Squares-Artificial Neural Network Approach,"In the era of rapid technological advancement, generative artificial intelligence (AI) has emerged as a transformative force in various sectors, including environmental sustainability. This research investigates the factors and consequences of using generative AI to access environmental information and influence green purchasing behavior. It integrates theories such as the information adoption model, value-belief-norm theory, elaboration likelihood model, and cognitive dissonance theory to pinpoint and prioritize determinants of generative AI usage for environmental information and green purchasing behavior. Data from 467 participants were analyzed using a hybrid methodology that blends partial least squares (PLS) with artificial neural networks (ANN). The PLS outcomes indicate that interactivity, responsiveness, knowledge acquisition and application, environmental concern, and ascription of responsibility are key predictors of generative AI use for environmental information. Furthermore, environmental concerns, green values, personal norms, ascription of responsibility, individual impact, and generative AI use emerge as predictors of green purchasing behavior. The ANN analysis offers a unique perspective and discloses variations in the hierarchy of these predictors. This research provides valuable insights for stakeholders on harnessing generative AI to promote sustainable consumer behaviors and environmental sustainability.",http://dx.doi.org/10.1002/bse.4186,WILEY,Yes,Yes,"The abstract explicitly mentions 'knowledge acquisition and application' as key predictors of generative AI use for environmental information, indicating that knowledge is being captured or retained through generative AI.","The study investigates the factors and consequences of using generative AI to access environmental information and influence green purchasing behavior, which involves capturing and retaining knowledge related to environmental information and green values.",Relational Tacit Knowledge,Collective Tacit Knowledge,Yes,Yes,"The abstract explicitly discusses 'generative artificial intelligence (AI)' used to access environmental information and influence green purchasing behavior, and identifies 'knowledge acquisition and application' as predictors of its use, implying technology captures knowledge.",Generative AI is used to access and influence environmental information and green purchasing behavior.,Artificial Intelligence and Intelligent Computation,Artificial Intelligence and Intelligent Computation,Empirical Study,Empirical Study,True,True
207b0aed-7e80-4d76-be29-dc7c898db7d0,Organisational Learning And Sustainable Tourism: The Enabling Role Of Digital Transformation,"PurposeOrganisational learning drives tourism organisations towards more sustainable tourism. Digital transformation also provides opportunities for sustainable tourism development. This study aims to combine these perspectives and explore how digital transformation enables organisational learning to contribute to sustainable tourism, following organisational learning theory (OLT). Design/methodology/approachBased on a critical realist paradigm, this study focuses on developing an in-depth understanding of organisational learning in tourism organisations. Thirty qualitative interviews with tourism organisations participating in an executive development programme (EDP) show how tourism organisations create, retain and transfer knowledge. FindingsThis study demonstrates that the EDP initiates knowledge creation through content transmission and exchange, triggers knowledge retention through utilisation of digital technologies and reinforces digitalisation through data value creation. Furthermore, this study enables knowledge transformation as implementation, which contributes to the three pillars of sustainable tourism and facilitates the development of networks encouraging sustainable tourism. Originality/valueThis study identifies approaches that enable economic, social and environmentally sustainable tourism development by facilitating collaborations via digital transformation, digital technologies that guide guest streams, online mobility offers and online environmental awareness campaigns that reduce environmental impacts. Thus, this study strengthens OLT and has implications for organisational learning and tourism policymakers.",http://dx.doi.org/10.1108/JKM-06-2022-0434,EMERALD GROUP PUBLISHING LTD,Yes,Yes,"The abstract explicitly discusses 'how tourism organisations create, retain and transfer knowledge' and mentions 'knowledge retention through utilisation of digital technologies'.","This study aims to combine these perspectives and explore how digital transformation enables organisational learning to contribute to sustainable tourism, following organisational learning theory (OLT). The EDP initiates knowledge creation through content transmission and exchange, triggers knowledge retention through utilisation of digital technologies and reinforces digitalisation through data value creation.",Collective Tacit Knowledge,Relational Tacit Knowledge,Yes,Yes,The abstract states 'digital transformation enables organisational learning to contribute to sustainable tourism' and 'triggers knowledge retention through utilisation of digital technologies'.,"The EDP initiates knowledge creation through content transmission and exchange, triggers knowledge retention through utilisation of digital technologies and reinforces digitalisation through data value creation.","Data, Information, and Knowledge Systems","Data, Information, and Knowledge Systems; Others(*)",Empirical Study,Empirical Study,True,True
b0900e76-cb34-44d9-a38c-df0a2f1fb8d6,Integrating Ai-Driven Large Language Models Tools For Enhanced Problem-Solving And Troubleshooting In Automation Of Manufacturing Systems Education,"In response to the rapid and continuous needs of Industry 4.0 and 5.0, this paper presents an innovative educational approach developed in a Smart Factory, called FrED Factory, as part of a global classroom between Tecnologico de Monterrey and the Massachusetts Institute of Technology (MIT). The focus is on integrating artificial intelligence (AI) tools, such as large language models (LLM's) similar to ChatGPT, to create a troubleshooting chatbot system. This AI-powered tool assists students in solving industrial problems by providing real-time access to equipment manuals and past experiences during their use of industrial machines in the lab. The chatbot also generates direct links to the specific section of the manuals where more information is available, allowing students to access additional and detailed information when needed. Results from surveys conducted with current students and alumni suggest that the chatbot supports problem-solving and contributes to knowledge retention. In addition, the chatbot's conversation history allows us to identify what students search for the most and where they encounter the most problems. The findings highlight the importance of integrating AI-powered tools to bridge the gap between traditional education and the evolving requirements of industry.",http://dx.doi.org/10.1007/978-3-031-98880-6_16,SPRINGER INTERNATIONAL PUBLISHING AG,Yes,Yes,"The abstract discusses a chatbot that 'assists students in solving industrial problems by providing real-time access to equipment manuals and past experiences' and that 'the chatbot's conversation history allows us to identify what students search for the most and where they encounter the most problems', indicating capture and retention of knowledge from student interactions and past experiences.","The chatbot assists students in solving industrial problems by providing real-time access to equipment manuals and past experiences during their use of industrial machines in the lab. The chatbot also generates direct links to the specific section of the manuals where more information is available, allowing students to access additional and detailed information when needed. The chatbot's conversation history allows us to identify what students search for the most and where they encounter the most problems.",Relational Tacit Knowledge,Relational Tacit Knowledge,Yes,Yes,"The abstract explicitly states the use of 'artificial intelligence (AI) tools, such as large language models (LLM's) similar to ChatGPT, to create a troubleshooting chatbot system' that captures and retains knowledge from past experiences and conversation history.","The focus is on integrating artificial intelligence (AI) tools, such as large language models (LLM's) similar to ChatGPT, to create a troubleshooting chatbot system. This AI-powered tool assists students in solving industrial problems by providing real-time access to equipment manuals and past experiences during their use of industrial machines in the lab. The chatbot also generates direct links to the specific section of the manuals where more information is available, allowing students to access additional and detailed information when needed.",Artificial Intelligence and Intelligent Computation,Artificial Intelligence and Intelligent Computation,Empirical Study,Empirical Study,True,True
7e42cdad-19ce-4ca3-bed2-1c14e4e935ee,Understanding The Manufacturer'S Technological Innovation Driven By Digital Business Strategy,"PurposeThis study investigates how and when digital business strategy (DBS) enhances manufacturers' competitiveness in technological innovation (TI). Specifically, it examines the mediating role of knowledge search (KS) from academia, market and supply chain, and the moderating effect of organizational resilience (OR) within China's manufacturing sector.Design/methodology/approachData were collected through a two-wave questionnaire from 337 middle and senior managers in Chinese manufacturing firms. The hypothesized relationships were tested using structural equation modeling (SEM) with a bootstrap method for mediation.FindingsResults indicate that DBS significantly promotes manufacturers' TI. KS from academia, market and supply chain partially mediate this relationship, underscoring the strategic importance of external knowledge integration facilitated by DBS. Furthermore, OR positively moderates the impact of DBS on KS and the mediating role of KS, demonstrating that resilient organizations are more adept at leveraging digital strategies to enhance knowledge acquisition.Practical implicationsManufacturers should strategically deploy digital business strategies, leveraging data-driven systems for precise knowledge search and integration. Enhancing organizational resilience through dynamic capabilities and comprehensive risk management can effectively mitigate disruptions, promoting sustained technological innovation and strengthening competitive advantage.Originality/valueThis study enriches the knowledge-based view by emphasizing strategic knowledge resource orchestration and dynamic capabilities in digital transformation, offering valuable managerial implications for implementing DBS effectively to foster technological innovation.",http://dx.doi.org/10.1108/JMTM-04-2025-0304,EMERALD GROUP PUBLISHING LTD,Yes,Yes,"The abstract discusses how digital business strategy (DBS) enhances knowledge search (KS) from academia, market and supply chain, and how organizational resilience moderates this effect. This implies capturing and retaining external knowledge from the environment to foster technological innovation.","Specifically, it examines the mediating role of knowledge search (KS) from academia, market and supply chain, and the moderating effect of organizational resilience (OR) within China's manufacturing sector. KS from academia, market and supply chain partially mediate this relationship, underscoring the strategic importance of external knowledge integration facilitated by DBS.",Relational Tacit Knowledge,Relational Tacit Knowledge,Yes,Yes,"The abstract mentions 'data-driven systems for precise knowledge search and integration' as part of digital business strategy, which implies digital technologies are used to capture and retain knowledge.","DBS significantly promotes manufacturers' TI. KS from academia, market and supply chain partially mediate this relationship, underscoring the strategic importance of external knowledge integration facilitated by DBS.","Data, Information, and Knowledge Systems",Others(*),Empirical Study,Empirical Study,True,True
22e1e027-642c-4214-9366-fcbf2301dc19,Strategic Measures For Enhancing Resiliency In Knowledge Base Supply Chains: An Emerging Economy Perspective,"In the disruptive environment, the supply chains are unpredictable, volatile, and complex. By effectively applying knowledge, information, data, human intelligence, and new technologies, businesses with knowledge-based supply chains may successfully navigate the disruptive environment. This study has made an attempt to identify and evaluate the challenging factors that essential for knowledge-based supply chains to attain resilience. Due to the high effectiveness in determining the relationship among the factors, the study used the Fuzzy DEMATEL methodology. A total of 25 factors from the literature review were explored and validated by expert's judgement to be grouped as causal and effect group variables. The Fuzzy DEMATEL results exhibit that digital technologies-based supply chains, agility, green perspective, personalization, last mile delivery, e-Procurement, mentoring & coaching for knowledge retention are the significant causal factors to be considered by the knowledge-based supply chains. Furthermore, the strategic measures are investigated and evaluated using the Best-Worst Method (BWM) application, which reveals that the two most important strategic solutions that have the potential to improve resilience in knowledge-based supply chains are a focus on socially sustainable supply chains and Industry 4.0 technologies. The report can help businesses think through important methods for long-term resilience.",http://dx.doi.org/10.1007/s12063-023-00376-x,SPRINGER,Yes,Yes,The abstract explicitly discusses 'mentoring & coaching for knowledge retention' as a significant causal factor for knowledge-based supply chains to attain resilience.,"The study identifies and evaluates challenging factors for knowledge-based supply chains to attain resilience, including mentoring & coaching for knowledge retention.",Relational Tacit Knowledge,Relational Tacit Knowledge,Yes,Yes,"The abstract mentions 'digital technologies-based supply chains' and 'Industry 4.0 technologies' as strategic solutions to improve resilience, implying use of digital technologies for knowledge retention.","The study mentions digital technologies-based supply chains as significant causal factors, which are used to enhance knowledge retention and resilience in supply chains.","Cyber-Physical Systems, IoT, and Smart Environments","Cyber-Physical Systems, IoT, and Smart Environments",Empirical Study,Empirical Study,True,True
80523f35-bd7b-48a5-87d0-c757aaac462c,Enhancing Safety Training Performance Using Extended Reality: A Hybrid Delphi-Ahp Multi-Attribute Analysis In A Type-2 Fuzzy Environment,"Safety training effectively addresses the inexperience of and lack of knowledge among construction workers, which are some of the most significant contributors to workplace accidents on construction sites. This paper aims to understand the effectiveness of different extended reality (XR) technologies in imparting important construction safety training to construction workers in a virtual environment compared to conventional classroom training sessions. A group of experts were engaged to understand the most effective learning criteria and the impact of XR visualizations, and their responses were analysed using the interval type-2 fuzzy Delphi (IT2FD) method. Following this, a cohort of engineering students were subjected to construction safety training in traditional, augmented reality (AR) and virtual reality (VR) environments. Their feedback was collected using an online questionnaire and the responses were analysed using the interval type-2 fuzzy analytic hierarchy process (IT2F-AHP). The results revealed that addressing the virtual interface design of the training to maintain the attention of trainees and ensuring the virtual environment's resemblance to the actual site and task were the most important factors in ensuring effective knowledge retention by the trainees. AR visualizations were most effective at imparting knowledge, and their interactive nature allowed trainees to retain the learned knowledge.",http://dx.doi.org/10.3390/buildings13030625,MDPI,Yes,Yes,The abstract explicitly discusses 'effective knowledge retention by the trainees' and states that AR visualizations allowed trainees to 'retain the learned knowledge'.,"The study aims to understand the effectiveness of different extended reality (XR) technologies in imparting important construction safety training, which includes ensuring effective knowledge retention by the trainees.",Somatic Tacit Knowledge,Somatic Tacit Knowledge; Relational Tacit Knowledge,Yes,Yes,The abstract explicitly uses 'augmented reality (AR)' and 'virtual reality (VR)' technologies to impart safety training and ensure knowledge retention.,"The study uses extended reality (XR) technologies, including augmented reality (AR) and virtual reality (VR), to impart construction safety training and ensure knowledge retention.",Human–Computer Interaction and Immersive Technologies,Human–Computer Interaction and Immersive Technologies,Empirical Study,Empirical Study,True,True
df61758e-d919-40a5-991e-1a13ae64d48f,Education 4.0 For Industry 4.0: A Mixed Reality Framework For Workforce Readiness In Manufacturing,"The rapid emergence of Industry 4.0 technologies has transformed manufacturing, requiring a workforce skilled in automation, data-driven decision-making, and process optimisation. While traditional education includes structured formats such as lectures and tutorials, it may not always equip graduates with the hands-on expertise demanded by modern industrial challenges. This study presents a Mixed Reality (MR)-based educational framework that promotes interactive experiences to enhance students' engagement with and understanding of Industry 4.0 concepts, aiming to bridge the skills gap through immersive Virtual Learning Factories (VLFs). The framework was developed using a mixed-methods approach, combining qualitative feedback with quantitative benchmarking. A proof-of-concept MR application was developed and tested at the (Anonymised), simulating Industry 4.0 scenarios in an engineering education context to validate the framework. The findings indicate that MR-based learning improved students' engagement with the academic content, leading to better knowledge retention and deeper conceptual understanding. The students also demonstrated enhanced problem-solving, process optimisation, and adaptability compared to traditional methods. The immersive nature of MR provided an interactive, context-rich environment that fostered active learning. This research highlights MR's potential as a transformative educational tool, aligning academic training with industry needs. Future research is recommended to evaluate the framework's scalability and long-term effectiveness.",http://dx.doi.org/10.3390/mti9050043,MDPI,Yes,Yes,The abstract explicitly states that MR-based learning led to 'better knowledge retention and deeper conceptual understanding'.,"The study presents a Mixed Reality (MR)-based educational framework that promotes interactive experiences to enhance students' engagement with and understanding of Industry 4.0 concepts, leading to better knowledge retention and deeper conceptual understanding.",Somatic Tacit Knowledge,Collective Tacit Knowledge; Relational Tacit Knowledge,Yes,Yes,The abstract explicitly uses 'Mixed Reality (MR)' technology to create 'immersive Virtual Learning Factories (VLFs)' for knowledge retention.,The study uses Mixed Reality (MR) technology to develop a proof-of-concept MR application that simulates Industry 4.0 scenarios in an engineering education context.,Human–Computer Interaction and Immersive Technologies,Human–Computer Interaction and Immersive Technologies,Empirical Study,Empirical Study,True,True
7aafce5a-384b-42cd-b155-733bf3348b27,Digital Immersion Technologies Transform Agricultural Learning: A Study Of Interactive Educational Platforms Among Rural Colombian University Students,"BackgroundTraditional agricultural education in rural contexts demonstrates limitations in student engagement and knowledge retention. Studies suggest virtual reality (VR) implementation may enhance educational outcomes in resource-constrained environments.PurposeThis investigation examines how VR-mediated instruction affects academic performance, engagement, and attitudes among rural Agricultural Science undergraduates in Colombia.Design and methodThe study employed a quantitative experimental design with 250 undergraduate students across three Colombian universities. The experimental group (n = 125) utilized VR technology and AgriSphere software for soil nutrient management education, while the control group (n = 125) received traditional instruction over 14 weeks. Data collection included pre-test/post-test assessments, engagement measurements, and attitudinal surveys.ResultsStatistical analysis demonstrated significant improvement in academic performance for the experimental group compared to traditional instruction (experimental M = 85.0, SD = 8.5; control M = 80.0, SD = 9.0; t(248) = 2.90, p = 0.004, d = 0.63). The VR group exhibited higher engagement levels and more positive attitudes toward agricultural education. However, technical infrastructure limitations presented implementation challenges in some rural contexts.DiscussionThe findings indicate VR-mediated instruction effectiveness for agricultural education in rural settings. Given increasing emphasis on technology-enhanced learning, this study provides empirical evidence for educational technology integration in rural tertiary education. Future research should address technical infrastructure requirements and broader geographical applications.",http://dx.doi.org/10.1080/02635143.2025.2491079,"ROUTLEDGE JOURNALS, TAYLOR & FRANCIS LTD",Yes,Yes,The abstract explicitly discusses 'knowledge retention' as a limitation of traditional education and implies VR-mediated instruction enhances knowledge retention through improved academic performance and engagement.,"The study examines how VR-mediated instruction affects academic performance, engagement, and attitudes among rural Agricultural Science undergraduates, leading to significant improvement in academic performance and higher engagement levels.",Somatic Tacit Knowledge,Relational Tacit Knowledge; Collective Tacit Knowledge,Yes,Yes,"The abstract explicitly uses 'virtual reality (VR) technology' and 'AgriSphere software' for education, implying knowledge retention through immersive instruction.",The study uses Virtual Reality (VR) technology and AgriSphere software to enhance educational outcomes in resource-constrained environments.,Human–Computer Interaction and Immersive Technologies,Human–Computer Interaction and Immersive Technologies,Empirical Study,Empirical Study,True,True
f33ed3fa-da09-4c6c-8be7-9887c39a311f,Knowledge Management Model In The Integration Of Open Innovation And Circular Economy Driven By Digital Intelligence: A Comparative Multi-Case Study,"While emerging digital technologies-such as artificial intelligence, blockchain, big data analytics, and digital twins-have reshaped knowledge management practices, their combined potential to support knowledge-based innovation and sustainability remains underexplored. This study proposes and validates an integrated knowledge management model enabled by digital intelligence that systematically connects open innovation and circular economy strategies. Grounded in the Knowledge-Based View, this study conceptualizes digital intelligence as a dynamic enabler that enhances firms' capabilities to absorb, integrate, and apply distributed knowledge across organizational boundaries. A comparative multi-case design was applied across four industry benchmark companies, such as PDD Holdings, Huawei, State Grid, and Siemens, using a mixed-methods approach that combined document analysis, 262 survey responses, and expert interviews. Findings show that knowledge management powered by digital intelligence enables the integration of open innovation and circular economy practices by automating knowledge capture, facilitating cross-boundary collaboration, and enabling real-time, sustainabilityoriented decision-making. Theoretically, the study extends the knowledge-based view to include digital intelligence-driven mechanisms; empirically, it offers a validated framework applicable across industries. These insights provide practical guidance for organizations to align their innovation performance with sustainability goals in the digital age.",http://dx.doi.org/10.1016/j.jik.2025.100839,ELSEVIER ESPANA,Yes,Yes,"The abstract explicitly discusses 'knowledge management powered by digital intelligence enables the integration of open innovation and circular economy practices by automating knowledge capture, facilitating cross-boundary collaboration, and enabling real-time, sustainability-oriented decision-making.' This clearly indicates capturing and retaining knowledge from individuals and the organizational environment.","Findings show that knowledge management powered by digital intelligence enables the integration of open innovation and circular economy practices by automating knowledge capture, facilitating cross-boundary collaboration, and enabling real-time, sustainability-oriented decision-making.",Collective Tacit Knowledge,Relational Tacit Knowledge; Collective Tacit Knowledge,Yes,Yes,"The abstract states that 'digital intelligence' (including artificial intelligence, blockchain, big data analytics, and digital twins) is used to 'automate knowledge capture' and 'facilitate cross-boundary collaboration', which are mechanisms for retaining knowledge.","This study proposes and validates an integrated knowledge management model enabled by digital intelligence that systematically connects open innovation and circular economy strategies. Findings show that knowledge management powered by digital intelligence enables the integration of open innovation and circular economy practices by automating knowledge capture, facilitating cross-boundary collaboration, and enabling real-time, sustainability-oriented decision-making.",Artificial Intelligence and Intelligent Computation,"Artificial Intelligence and Intelligent Computation; Data, Information, and Knowledge Systems; Other(*)",Case Study,Empirical Study,True,True
81f8b5bc-03fb-4dde-b29a-59cba19e8f7f,Enhancing Failure Analysis With Augmented Reality: Insights From A Rolling Stock Case Study,"The role of the maintenance operator is evolving with Industry 4.0, leveraging advanced technologies to enhance physical, sensory, and cognitive capabilities. Efficient troubleshooting support is critical to reducing operators' physical and mental stress in high-demand maintenance environments. Augmented reality (AR) presents a powerful solution by integrating real-time data visualisation, contextualised fault diagnostics, and interactive guidance into the troubleshooting workflow. However, existing research lacks structured approaches for AR-assisted troubleshooting that enable operators to rapidly detect, analyse, and resolve system failures. This research investigates the essential artificial intelligence (AI) and AR functionalities needed for effective troubleshooting. It examines how AR can enhance troubleshooting by seamlessly integrating real-time data, adaptive user interfaces (UI), and operator-driven insights. Findings from a railway case study indicate that AR-assisted troubleshooting improves decision-making, reduces task errors, facilitates knowledge capture, and supports both novice and experienced operators in structuring and contextualising system data. Iterative prototype development highlighted the importance of clear visualisation, guided autonomy, contextual information, and operator feedback. Future research will explore adaptive interfaces, real-time feedback loops, and broader deployment to further optimise AR-supported maintenance workflows.",http://dx.doi.org/10.1080/21693277.2025.2595446,TAYLOR & FRANCIS LTD,Yes,Yes,The abstract states that AR-assisted troubleshooting 'facilitates knowledge capture' and 'supports both novice and experienced operators in structuring and contextualising system data.' This explicitly discusses capturing knowledge from individuals (operators).,"Augmented reality (AR) presents a powerful solution by integrating real-time data visualisation, contextualised fault diagnostics, and interactive guidance into the troubleshooting workflow. Findings from a railway case study indicate that AR-assisted troubleshooting improves decision-making, reduces task errors, facilitates knowledge capture, and supports both novice and experienced operators in structuring and contextualising system data.",Somatic Tacit Knowledge,Somatic Tacit Knowledge; Relational Tacit Knowledge,Yes,Yes,"The abstract explicitly states that 'Augmented reality (AR) presents a powerful solution' and that 'AR-assisted troubleshooting improves decision-making, reduces task errors, facilitates knowledge capture.' AR is a digital technology used to capture knowledge.","Augmented reality (AR) presents a powerful solution by integrating real-time data visualisation, contextualised fault diagnostics, and interactive guidance into the troubleshooting workflow. Findings from a railway case study indicate that AR-assisted troubleshooting improves decision-making, reduces task errors, facilitates knowledge capture, and supports both novice and experienced operators in structuring and contextualising system data.",Human–Computer Interaction and Immersive Technologies,Human–Computer Interaction and Immersive Technologies,Case Study,Case Study,True,True
3122b1af-5847-4c64-a394-3657db601ce4,Integrating Change Management With A Knowledge Management Framework: A Methodological Proposal,"This study proposes the integration of change management with a knowledge management framework to address knowledge retention and successful change management in the context of Industry 5.0. Using the ADKAR model, it is suggested to implement strategies for training and user acceptance testing. The research highlights the importance of applying the human capital life cycle in knowledge and change management, demonstrating the effectiveness of this approach in adapting to Industry 5.0. The methodology includes a review of the state of the art in intangible asset management, change management models, and the integration of change and knowledge management. In addition, a case study is presented in a food production company that validates the effectiveness of the ADKAR model in implementing digital technologies, improving process efficiency and increasing employee acceptance of new technologies. The results show a significant improvement in process efficiency and a reduction in resistance to change. The originality of the study lies in the combination of the ADKAR model with intangible asset and knowledge management, providing a holistic solution for change management in the Industry 5.0 era. Future implications suggest the need to explore the applicability of the ADKAR model in different industries and cultures, as well as its long-term effects on organisational sustainability and innovation. This comprehensive approach can serve as a guide for other organisations seeking to implement successful digital transformations.",http://dx.doi.org/10.3390/info15070406,MDPI,Yes,Yes,"The abstract explicitly discusses 'knowledge retention' and 'knowledge management framework' to address knowledge retention in the context of Industry 5.0, and applies the human capital life cycle in knowledge management.",The study proposes the integration of change management with a knowledge management framework to address knowledge retention and successful change management in the context of Industry 5.0. The research highlights the importance of applying the human capital life cycle in knowledge and change management.,Collective Tacit Knowledge,Relational Tacit Knowledge,Yes,Yes,"The abstract mentions 'implementing digital technologies' and 'digital transformations' as part of the change management process, and the case study validates the ADKAR model in a food production company using digital technologies.","The study suggests implementing strategies for training and user acceptance testing using the ADKAR model. A case study is presented in a food production company that validates the effectiveness of the ADKAR model in implementing digital technologies, improving process efficiency, and increasing employee acceptance of new technologies.",Others(*),"Rule-Based, Decision, and Expert Systems; Others(*)",Case Study,Case Study,True,True
1ec65571-bd31-4401-b380-64122e6deadf,Sheet Metal Forming Tooling- State Of Art And Practice In Five Manufacturing Companies,"There are several recent developments in technology and methods for the design, manufacture and operation of tooling for sheet metal forming. Technologies such as electric presses with accurately controlled motions and design tools such as forming simulations and AI technologies for knowledge capture and reuse are actively progressing. Manufacturing processes such as additive manufacturing and materials are advancing. There are advancements in the operation of the tooling via for example sensor technology. In this paper, a structured literature search is presented to understand the state of the art in sheet metal forming tooling. In addition, the paper presents an interview study with staff and management from five different industrial companies that are active in tooling design, manufacture, and operation. The objective is finding the current challenges for the companies and to what extent new technologies and methods are considered or being implemented to meet the current challenges. The interviews show that there are challenges concerning the lead time for tooling design and manufacture as well as the availability of the tooling in production. Although the companies have made recent investments, they are lacking the knowledge to fully exploit the potential of the new technologies. The paper strongly advocates for the utilization of technology to address the challenges within the tooling industry, aiming for enhanced efficiency and improved tooling design processes.",http://dx.doi.org/10.1007/978-3-031-74485-3_23,SPRINGER INTERNATIONAL PUBLISHING AG,Yes,Yes,The abstract explicitly discusses knowledge capture and reuse: 'AI technologies for knowledge capture and reuse are actively progressing' and identifies a knowledge gap: 'they are lacking the knowledge to fully exploit the potential of the new technologies'.,The abstract discusses the use of AI technologies for knowledge capture and reuse in the context of sheet metal forming tooling.,Relational Tacit Knowledge,Relational Tacit Knowledge,Yes,Yes,The abstract explicitly mentions 'AI technologies for knowledge capture and reuse' as a technology being used for this purpose.,AI technologies are used for knowledge capture and reuse in the context of sheet metal forming tooling.,Artificial Intelligence and Intelligent Computation,Artificial Intelligence and Intelligent Computation,Case Study,Case Study,True,True
3ada2005-3ebf-4ddc-94fa-f75531b49100,Convolutional Neural Network Algorithm-Based Novel Automatic Text Classification Framework For Construction Accident Reports,"Construction sites remain one of the most hazardous workplaces globally. To improve workplace safety in the construction industry and reduce the personal injuries and socioeconomic impacts resulting from workplace accidents, tacit knowledge containing fundamental causes of accidents or specific contextual factors can be extracted from past accident narrative reports. However, manually analyzing unstructured or semistructured textual data stored in records is a daunting task, and requires the use of automated and intelligent technologies to achieve rapid and accurate knowledge acquisition. Therefore, this paper proposes a text self-classification model based on deep learning natural language processing (NLP) technology for automated classification of construction site accident cases by accident type. First, combined with two statistical measures, mutual information and information entropy, the preprocessed text data were subjected to phrase segmentation to identify more complete and accurate accident precursor information without human intervention. Then a complete multilayer and multisize convolutional neural network (CNN) model was constructed using pretrained Word2Vec word embeddings for text self-classification tasks. Finally, the test results of the CNN classification algorithm were compared with the practical application results of three shallow learning algorithms, and the performance of different types of classification algorithms was evaluated. The results showed that the CNN-based deep learning algorithm developed in this paper demonstrated excellent feature extraction and learning abilities in the task of automatic text classification in the field of NLP. This not only demonstrated that reliable accident prevention knowledge could be obtained from the textual descriptions of construction accidents, but also provided a novel model reference for document archiving and information retrieval.",http://dx.doi.org/10.1061/JCEMD4.COENG-13523,ASCE-AMER SOC CIVIL ENGINEERS,Yes,Yes,"The abstract explicitly discusses extracting 'tacit knowledge containing fundamental causes of accidents or specific contextual factors' from past accident narrative reports to improve workplace safety, which involves capturing knowledge from the organizational environment.","tacit knowledge containing fundamental causes of accidents or specific contextual factors can be extracted from past accident narrative reports. This not only demonstrated that reliable accident prevention knowledge could be obtained from the textual descriptions of construction accidents, but also provided a novel model reference for document archiving and information retrieval.",Collective Tacit Knowledge,Relational Tacit Knowledge,Yes,Yes,"The abstract explicitly uses 'deep learning natural language processing (NLP) technology' and a 'convolutional neural network (CNN) model' for automated classification of accident cases, which are digital technologies used to capture and retain the tacit knowledge from accident reports.",a text self-classification model based on deep learning natural language processing (NLP) technology for automated classification of construction site accident cases by accident type. A complete multilayer and multisize convolutional neural network (CNN) model was constructed using pretrained Word2Vec word embeddings for text self-classification tasks.,Artificial Intelligence and Intelligent Computation,"Artificial Intelligence and Intelligent Computation; Data, Information, and Knowledge Systems",Empirical Study,Empirical Study,True,True
5b9e717e-36ca-4bc8-ab20-944000602f3f,Using Computational Grounded Theory To Analyze Pre-Service Chemistry Teachers' Reflective Practice Regarding Technology Integration In Classrooms Within A Service-Learning-Oriented Seminar,"Integrating digital technologies in science education requires innovative methods to bridge theoretical knowledge and practical classroom application. This study examines a seminar at an Austrian university that was redesigned to address pre-service chemistry teachers' professional knowledge regarding technology implementation in high school classes via a service-learning approach. By combining questionnaires with formative evaluation through reflective learning diaries, our study captures the multifaceted nature of professional knowledge acquisition. Central to this work is the use of natural language processing within a Computational Grounded Theory framework to analyze students' reflective diaries. We employed techniques such as word embeddings and topic modeling to extract latent themes and patterns in student texts. We revealed that, despite mixed results from conventional self-report measures and deductive qualitative content analysis, students' written reflections offered rich insights into their learning processes when we investigated them through the lens of natural language processing. Along the diary entries, our analysis uncovered shifts in emphasis from, e.g., broad cultural perceptions of teaching and learning to more detailed considerations of lesson planning and technology integration. These nuanced insights underscore the complementary value of natural language processing in identifying underlying patterns of reflective practice that traditional assessments may overlook. Although the study is limited by its small sample size and methodological constraints, the findings suggest that incorporating computational techniques can enhance the formative assessment of free writing in teacher education programs. Overall, the results motivate us to advocate for the integration of computational text analysis as a promising tool in evaluating and fostering the complex interplay of professional knowledge and reflective practice in technology-enhanced science education.",http://dx.doi.org/10.1007/s10956-025-10236-x,SPRINGER,Yes,Yes,"The study uses natural language processing within a Computational Grounded Theory framework to analyze students' reflective diaries, capturing latent themes and patterns in student texts, which represents capturing knowledge from individuals (pre-service teachers) about their reflective practice.","By combining questionnaires with formative evaluation through reflective learning diaries, our study captures the multifaceted nature of professional knowledge acquisition. Central to this work is the use of natural language processing within a Computational Grounded Theory framework to analyze students' reflective diaries. We employed techniques such as word embeddings and topic modeling to extract latent themes and patterns in student texts.",Collective Tacit Knowledge,Relational Tacit Knowledge,Yes,Yes,The study explicitly uses natural language processing techniques such as word embeddings and topic modeling within a Computational Grounded Theory framework to analyze students' reflective diaries and extract latent themes and patterns.,Central to this work is the use of natural language processing within a Computational Grounded Theory framework to analyze students' reflective diaries. We employed techniques such as word embeddings and topic modeling to extract latent themes and patterns in student texts.,Artificial Intelligence and Intelligent Computation,Artificial Intelligence and Intelligent Computation,Empirical Study,Empirical Study,True,True
40e77299-d8b5-4e44-81ec-733650ce5912,Intelligent Innovation And Circular Economy Adoption: The Mediating Role Of Knowledge Integration Capability,"The change toward circular economy (CE) has emerged as a strategic imperative for sustainable industrial transformation. Many firms are still facing substantial challenges with the implementation of designing principles, ecosystem support, and digital technologies. The research explores the relationship between circular business design (CBD), entrepreneurial ecosystem support (EES), artificial intelligence-enabled innovation (AII), and knowledge acquisition mechanisms (KAM) and their influence on ensuring the enhancement in knowledge integration capability (KIC) of a company which consequently leads to circular economy adoption (CEA). This study examines digital circular economy maturity (DCEM) as a moderating variable that influences how far the process of knowledge integration leads to improved adoption outcomes, based on the resource-based view, the knowledge-based view, the dynamic capabilities theory, and the technology-organization-environment framework. This study surveyed 500 manufacturing managers from China and analyzed the survey data through the partial least squares structural equation modeling (PLS-SEM). The outcomes show that cognitive-based dynamic (CBD), EES, AII, and knowledge asset management (KAM) served as essential predictors for both KIC and CEA. KIC has emerged as the significant determinant of adoption behavior, mediating the effects of these antecedent factors. The findings confirm that the DCEM influences a direct and positive impact on CEA, as well as on the mediating role of KIC in facilitating adoption. To ensure the reliability of findings, a series of robustness assessments were conducted, including multicollinearity diagnostics, model fit evaluation, and bootstrapped indirect effect testing. The study overall contributes to a deeper theoretical and practical understanding of mechanisms and contextual conditions through which firms adopt circular practices through the integration of multiple theoretical perspectives, while also offering strategic insights for policy makers and managers aiming to accelerate digitally driven circular evolutions.",http://dx.doi.org/10.1002/csr.70283,WILEY,Yes,Yes,"The abstract explicitly discusses 'knowledge acquisition mechanisms (KAM)' and 'knowledge integration capability (KIC)' as factors influencing circular economy adoption. It states that KIC mediates the effects of antecedent factors, implying the capture and integration of knowledge from the organizational environment.","The research explores the relationship between circular business design (CBD), entrepreneurial ecosystem support (EES), artificial intelligence-enabled innovation (AII), and knowledge acquisition mechanisms (KAM) and their influence on ensuring the enhancement in knowledge integration capability (KIC) of a company which consequently leads to circular economy adoption (CEA). KIC has emerged as the significant determinant of adoption behavior, mediating the effects of these antecedent factors.",Collective Tacit Knowledge,Relational Tacit Knowledge,Yes,Yes,"The abstract mentions 'artificial intelligence-enabled innovation (AII)' and 'digital circular economy maturity (DCEM)' as moderating variables, indicating digital technologies are used to influence knowledge integration and adoption outcomes.",artificial intelligence-enabled innovation (AII); digital circular economy maturity (DCEM) as a moderating variable,Artificial Intelligence and Intelligent Computation,Artificial Intelligence and Intelligent Computation; Others(*),Empirical Study,Empirical Study,True,True
60cb43de-6981-4ee6-ba63-57b270d6e8f5,Leveraging Task-Specific Vaes For Efficient Exemplar Generation In Har,"The emerging technologies of smartphones and wearable devices have transformed Human Activity Recognition (HAR), offering a rich source of sensor data for building an automated system to recognize people's daily activities. The sensor-based HAR data also enables Machine Learning (ML) algorithms to classify various activities, indicating a new era of intelligent systems for health monitoring and diagnostics. However, integrating ML into these systems faces the challenge of catastrophic forgetting, where models lose proficiency in previously learned activities when introduced to new ones by users. Continual Learning (CL) has emerged as a solution, enabling models to learn continuously from evolving data streams while reducing forgetting of past knowledge. Within CL methodologies, the use of generative models, such as Variational Autoencoders (VAEs), for example, has drawn significant interest for their capacity to generate synthetic data. This reduces storage demands by creating on-demand samples. However, the application of VAEs with a CL classifier has been limited to low-dimensional data or fine-grained features, leaving a gap in harnessing raw, high-dimensional sensor data for the HAR model. Our research aims to bridge this gap by constructing VAEs with a filtering mechanism for direct training with raw sensor data from the HAR dataset, enhancing CL models' capability in class-incremental learning scenario. We demonstrate that VAE with a boundary box sampling and filtering process significantly outperforms both traditional and hybrid exemplar CL methods, offering a more balanced and diverse training set that enhances the knowledge acquisition of the model. Our findings also emphasize the importance of sampling strategies in the latent space of VAEs to maximize data diversity, crucial for recognizing the variability in human activities for better representation of each activity in each CL task.",http://dx.doi.org/10.1007/978-3-031-81900-1_13,SPRINGER INTERNATIONAL PUBLISHING AG,Yes,Yes,"The abstract discusses 'Continual Learning (CL)' and 'generative models, such as Variational Autoencoders (VAEs)' used to generate synthetic data to reduce forgetting of past knowledge, which is a form of knowledge retention. It also mentions 'knowledge acquisition of the model'.","Continual Learning (CL) has emerged as a solution, enabling models to learn continuously from evolving data streams while reducing forgetting of past knowledge. Our research aims to bridge this gap by constructing VAEs with a filtering mechanism for direct training with raw sensor data from the HAR dataset, enhancing CL models' capability in class-incremental learning scenario.",Collective Tacit Knowledge,Relational Tacit Knowledge,Yes,Yes,The abstract explicitly uses 'Variational Autoencoders (VAEs)' as a digital technology to generate synthetic data for knowledge retention in Continual Learning.,Variational Autoencoders (VAEs); generative models; Continual Learning (CL),Artificial Intelligence and Intelligent Computation,Artificial Intelligence and Intelligent Computation,Empirical Study,Empirical Study,True,True
67afb66c-86c0-4483-963a-eac4351a690d,Revisiting Knowledge Tracing: A Simple And Powerful Model,"Advances in multimedia technology and its widespread application in education have made multimedia learning increasingly important. Knowledge Tracing (KT) is the key technology for achieving adaptive multimedia learning, aiming to monitor the degree of knowledge acquisition and predict students' performance during the learning process. Current KT research is dedicated to enhancing the performance of KT problems by integrating the most advanced deep learning techniques. However, this has led to increasingly complex models, which reduce model usability and divert researchers' attention away from exploring the core issues of KT. This paper aims to tackle the fundamental challenges of KT tasks, including the knowledge state representation and the core architecture design, and investigate a novel KT model that is both simple and powerful. We have revisited the KT task and propose the ReKT model. First, taking inspiration from the decision-making process of human teachers, we model the knowledge state of students from three distinct perspectives: questions, concepts, and domains. Second, building upon human cognitive development models, such as constructivism, we have designed a Forget-Response-Update (FRU) framework to serve as the core architecture for the KT task. The FRU is composed of just two linear regression units, making it an extremely lightweight framework. Extensive comparisons were conducted with 22 state-of-the-art KT models on 7 publicly available datasets. The experimental results demonstrate that ReKT outperforms all the comparative methods in question-based KT tasks, and consistently achieves the best (in most cases) or near-best performance in concept-based KT tasks. Furthermore, in comparison to other KT core architectures like Transformers or LSTMs, the FRU achieves superior prediction performance with approximately only 38% computing resources. Through an exploration of the ReKT model that is both simple and powerful, is able to offer new insights to future KT research. The code can be found at https://github.com/lilstrawberry/ReKT.",http://dx.doi.org/10.1145/3664647.3681205,ASSOC COMPUTING MACHINERY,Yes,Yes,"The abstract discusses 'Knowledge Tracing (KT)' as 'the key technology for achieving adaptive multimedia learning, aiming to monitor the degree of knowledge acquisition and predict students' performance during the learning process.' It focuses on capturing and retaining knowledge states of students.","Knowledge Tracing (KT) is the key technology for achieving adaptive multimedia learning, aiming to monitor the degree of knowledge acquisition and predict students' performance during the learning process. We have revisited the KT task and propose the ReKT model. Extensive comparisons were conducted with 22 state-of-the-art KT models on 7 publicly available datasets.",Collective Tacit Knowledge,Relational Tacit Knowledge,Yes,Yes,"The abstract describes a digital model 'ReKT' with a 'Forget-Response-Update (FRU) framework' that uses 'linear regression units' to model knowledge states, which is a digital technology for knowledge tracing.",Knowledge Tracing (KT); ReKT model; Forget-Response-Update (FRU) framework,Artificial Intelligence and Intelligent Computation,"Artificial Intelligence and Intelligent Computation; Rule-Based, Decision, and Expert Systems",Empirical Study,Empirical Study,True,True
b85c9c2a-7e0b-4cc8-93ac-566b62466028,Extracting Fruit Disease Knowledge From Research Papers Based On Large Language Models And Prompt Engineering,"In China, fruit tree diseases are a significant threat to the development of the fruit tree industry, and knowledge about fruit tree diseases is the most needed professional knowledge for fruit farmers and other practitioners in the fruit tree industry. Research papers are the primary sources of professional knowledge that represent the cutting-edge progress in fruit disease research. Traditional knowledge engineering methods for knowledge acquisition require extensive and cumbersome preparatory work, and they demand a high level of professional background and information technology skills from the handlers. This paper, from the perspective of fruit tree industry knowledge dissemination, aims at users such as fruit farmers, fruit tree experts, fruit tree knowledge communicators, and information gatherers. It proposes a fast, cost-effective, and low-technical-barrier method for extracting fruit tree disease knowledge from research paper abstracts-K-Extract, based on large language models (LLMs) and prompt engineering. Under zero-shot conditions, K-Extract utilizes conversational LLMs to automate the extraction of fruit tree disease knowledge. The K-Extract method has constructed a comprehensive classification system for fruit tree diseases and, through a series of optimized prompt questions, effectively overcomes the deficiencies of LLM models in providing factual accuracy. This paper tests multiple LLM models available in the Chinese market, and the results show that K-Extract can seamlessly integrate with any conversational LLM model, with the DeepSeek model and the Kimi model performing particularly well. The experimental results indicate that LLM models have a high accuracy rate in handling judgment tasks and simple knowledge Q&A tasks. The K-Extract method is simple, efficient, and accurate, and can serve as a convenient tool for knowledge extraction in the agricultural field.",http://dx.doi.org/10.3390/app15020628,MDPI,Yes,Yes,The abstract explicitly discusses 'knowledge acquisition' and proposes a method 'for extracting fruit tree disease knowledge from research paper abstracts' to capture knowledge from research papers.,"It proposes a fast, cost-effective, and low-technical-barrier method for extracting fruit tree disease knowledge from research paper abstracts-K-Extract, based on large language models (LLMs) and prompt engineering. Under zero-shot conditions, K-Extract utilizes conversational LLMs to automate the extraction of fruit tree disease knowledge.",Collective Tacit Knowledge,Relational Tacit Knowledge,Yes,Yes,The abstract explicitly uses 'large language models (LLMs) and prompt engineering' as digital technologies to automate the extraction of knowledge.,large language models (LLMs); prompt engineering; conversational LLMs,Artificial Intelligence and Intelligent Computation,Artificial Intelligence and Intelligent Computation; Human–Computer Interaction and Immersive Technologies,Empirical Study,Empirical Study,True,True
f3798661-3681-4cb7-bbfa-8cf4ed830d4a,Impact Of Newton Technology-Enhanced Learning Solutions On Knowledge Acquisition In Pilots Involving Students With Hearing Impairments,"Contributions: This article presents the results of a study carried out as part of two large-scale pilots and analyzes the impact of the use of modern technologies in education in term of knowledge acquisition in case of students with hearing disabilities. Background: Teaching topics from STEM area is a challenging task for all teachers who have students with hearing disabilities in their class. On the one hand, because of the high degree of difficulty of the information in this field and on the other hand, because of the difficulties that students with hearing disabilities face in understanding this information. In this context, the use of modern technologies in education, but especially the way they are used together with traditional ones, can provide great support for teachers of students with special needs. Intended Outcomes: A set of modern technologies, i.e., virtual lab, virtual reality (VR), in the game-based learning context of the EU-funded NEWTON project, were employed in education as part of the Earth Course. The goal was to increase the accessibility of STEM information in the area of natural sciences for the benefit of students, especially those with hearing disabilities. Application Design: The study targeted secondary school students with hearing disabilities. Content related to natural sciences (i.e., wildlife and sealife) was presented as part of the Earth Course via innovative applications that included virtual laboratories and VR. Avatars were used to support the students with special needs (sign-language translation). Findings: The results of this study demonstrate that the use of modern technologies, combined with game-based learning in science lessons for students with hearing disabilities, contribute to increasing their knowledge level. The best results were obtained when these technologies were used in mixed lessons, alongside the traditional teaching methods.",http://dx.doi.org/10.1109/TE.2024.3378103,IEEE-INST ELECTRICAL ELECTRONICS ENGINEERS INC,Yes,Yes,The abstract explicitly discusses 'knowledge acquisition' in the title and abstract: 'analyzes the impact of the use of modern technologies in education in term of knowledge acquisition in case of students with hearing disabilities.',"A set of modern technologies, i.e., virtual lab, virtual reality (VR), in the game-based learning context of the EU-funded NEWTON project, were employed in education as part of the Earth Course. The goal was to increase the accessibility of STEM information in the area of natural sciences for the benefit of students, especially those with hearing disabilities. The results of this study demonstrate that the use of modern technologies, combined with game-based learning in science lessons for students with hearing disabilities, contribute to increasing their knowledge level.",Collective Tacit Knowledge,Relational Tacit Knowledge,Yes,Yes,"The abstract explicitly mentions 'virtual lab, virtual reality (VR), in the game-based learning context' as modern technologies used to increase knowledge acquisition.",virtual lab; virtual reality (VR); game-based learning; avatars for sign-language translation,Human–Computer Interaction and Immersive Technologies,"Human–Computer Interaction and Immersive Technologies; Cyber-Physical Systems, IoT, and Smart Environments",Empirical Study,Empirical Study,True,True
6c8cf7d3-cba4-47cd-b790-3f04ac916739,Knowledge Sharing In A Remote Working Organisation,"Background: With the increase in remote working environments since the coronavirus disease 2019 (COVID-19) pandemic, organisations were periodically forced to adopt remote working strategies. Moving to a remote working environment has several advantages and challenges. A challenge faced by most organisations is the adoption of a strategy that would emulate a face-to-face working environment as closely as possible. One crucial aspect in trying to achieve this has been the sharing of knowledge remotely, as knowledge sharing is easier to conduct face-to-face than in a remote working environment. Objectives: This study explored how knowledge is shared and retained in a remote working organisation. The study also identifies some of the benefits and barriers to knowledge sharing in remote working environments. Method: This qualitative study collected empirical data from seven semi-structured interviews with individuals who were part of a remote team from a research organisation. Results: The study found that knowledge can be shared remotely using a combination of processes and technological tools such as online platforms (e.g. Microsoft Teams and SharePoint). It was also found that mentoring and collaboration should be implemented as knowledge-retention strategies. The building of trust through the socialisation of team members should be encouraged to promote knowledge sharing. The findings of this study add value with a focus on sharing knowledge in a remote working organisation to ultimately enhance or optimise knowledge sharing for this environment. Conclusion: Collaborative practices such as knowledge sharing can be significantly impacted by the nature of remote working. Strategic initiatives need to be thoughtfully implemented to promote collaboration and knowledge sharing, as the reliance on technology alone may not bring favourable results. Contribution: This study adds findings and suggestions to a relatively new but important aspect of knowledge management and focuses on managing knowledge remotely where physical interaction is very limited.",http://dx.doi.org/10.4102/sajim.v27i1.2051,AOSIS,Yes,Yes,The abstract explicitly states the study explored 'how knowledge is shared and retained in a remote working organization' and identifies 'mentoring and collaboration should be implemented as knowledge-retention strategies'.,The study explores how knowledge is shared and retained in a remote working organization. It discusses the use of processes and technological tools to share and retain knowledge remotely.,Relational Tacit Knowledge,Collective Tacit Knowledge,Yes,Yes,The abstract states knowledge is shared remotely using 'technological tools such as online platforms (e.g. Microsoft Teams and SharePoint)'.,The study mentions the use of online platforms such as Microsoft Teams and SharePoint to share and retain knowledge in a remote working environment.,"Mobile, Social, and Communication Technologies","Mobile, Social, and Communication Technologies",Case Study,Empirical Study,True,True
4e50fa79-8702-4065-a4f4-13ed8c00347e,Exercise Recommendation Algorithm Based On Reinforcement Learning,"- In recent years, the rapid development of technologies such as artificial intelligence, cloud computing, data mining, and mobile internet has significantly transformed educational methodologies. Online learning, an emerging educational paradigm, has garnered considerable attention for its accessibility and convenience. Although online education platforms offer learners a high degree of freedom, they lack personalized guidance, leading to challenges such as Information Overload and  Knowledge Loss.  . These challenges primarily manifest as learners struggling to identify resources that match their preferences and needs, adversely affecting their learning efficiency and outcomes. To address these challenges, this paper proposes an exercise recommendation algorithm that combines the emerging fields of reinforcement learning and recommendation systems to help learners find suitable exercise resources. Initially, we use a knowledge tracking model to assess the potential knowledge level of learners. Following this, the Deep Q Network algorithm is utilized to modify learners' exercise records by removing unsatisfactory exercises that learners may have mistakenly selected during the learning process. Based on the modified record of exercises and the knowledge levels of learners, the algorithm recommends appropriate exercises. Finally, extensive experiments have demonstrated the effectiveness of our method.",Empty,NEWSWOOD LTD,Yes,Yes,"The abstract discusses 'Knowledge Loss' as a challenge and proposes an algorithm to help learners find suitable exercise resources, which implies capturing and retaining knowledge about learners' knowledge levels and exercise records to prevent loss.","To address these challenges, this paper proposes an exercise recommendation algorithm that combines the emerging fields of reinforcement learning and recommendation systems to help learners find suitable exercise resources. Initially, we use a knowledge tracking model to assess the potential knowledge level of learners. Following this, the Deep Q Network algorithm is utilized to modify learners' exercise records by removing unsatisfactory exercises that learners may have mistakenly selected during the learning process. Based on the modified record of exercises and the knowledge levels of learners, the algorithm recommends appropriate exercises.",None identified,Relational Tacit Knowledge,Yes,Yes,"The abstract explicitly uses 'Deep Q Network algorithm' and 'knowledge tracking model' to modify learners' exercise records and recommend exercises, which are digital technologies for knowledge capture and retention.","we use a knowledge tracking model to assess the potential knowledge level of learners. Following this, the Deep Q Network algorithm is utilized to modify learners' exercise records by removing unsatisfactory exercises that learners may have mistakenly selected during the learning process. Based on the modified record of exercises and the knowledge levels of learners, the algorithm recommends appropriate exercises.",Artificial Intelligence and Intelligent Computation,"Artificial Intelligence and Intelligent Computation; Rule-Based, Decision, and Expert Systems",Empirical Study,Empirical Study,True,True
d32dd39a-29c5-4f1f-a02c-c00f4ac9efc4,Reshaping Disaster Management: An Integrated Community-Led Approach,"The management of disasters has traditionally involved public, private, and nongovernmental organisations working together. While scholars have examined the value of collaborations among these entities, less is known about how to successfully engage and empower communities in disaster management. Based on network governance theory, this article contributes to the growing body of public management literature on community engagement by presenting findings from an Australian research initiative conducted after the 2019/20 Black Summer bushfires in New South Wales. Through workshops and semi-structured interviews with a total of 58 members from local communities and emergency agencies, this paper identifies differing perspectives on power distribution among stakeholders, indicating complexities in achieving an integrated and community-led disaster management approach. The findings underscore the need to shift from exclusively centralised to more inclusive systems, recognising the unique contributions of nonofficial community-based groups. To address this, the study suggests: a funded community consultation committee, ensuring government and local community representation; collaborative debriefing sessions, leveraging technology for knowledge capture; and the adoption of different leadership styles able to identify, include, and integrate communities as both steerers and rowers within established hierarchical arrangements.Points for practitioners The current centralised emergency management system, which relies on recognised experts and state-controlled facilities, limits the integration of nonofficial resources and community-based knowledge. A shift towards a more community-centric and integrated approach (collaborative polycentric governance) is needed to enhance disaster resilience and response in Australia. Different stages of disaster reduction could and should have different leadership styles: a transformational, collaborative community-based style should be implemented before and after the disaster, while a transactional leadership style, more focused on restructuring the system or how it is applied, should be adopted during the disaster.",http://dx.doi.org/10.1111/1467-8500.12668,WILEY,Yes,Yes,"The abstract discusses 'leveraging technology for knowledge capture' as part of collaborative debriefing sessions, and emphasizes integrating community-based knowledge into disaster management.","Through workshops and semi-structured interviews with a total of 58 members from local communities and emergency agencies, this paper identifies differing perspectives on power distribution among stakeholders, indicating complexities in achieving an integrated and community-led disaster management approach. The findings underscore the need to shift from exclusively centralised to more inclusive systems, recognising the unique contributions of nonofficial community-based groups. To address this, the study suggests: a funded community consultation committee, ensuring government and local community representation; collaborative debriefing sessions, leveraging technology for knowledge capture; and the adoption of different leadership styles able to identify, include, and integrate communities as both steerers and rowers within established hierarchical arrangements.",Collective Tacit Knowledge,Collective Tacit Knowledge,Yes,Yes,The abstract explicitly mentions 'leveraging technology for knowledge capture' in the context of collaborative debriefing sessions.,"collaborative debriefing sessions, leveraging technology for knowledge capture","Data, Information, and Knowledge Systems","Data, Information, and Knowledge Systems",Empirical Study,Case Study,True,True
c63ebdb0-4c91-4463-80c0-f5603fc1a62e,Elder-Match: A Personality-Aware Expert System For Elderly Social Connection Through Ai-Powered Social Robots,"Global population aging has created unprecedented social isolation challenges among elderly populations, with significant negative health consequences. To address this, we propose ELDER-MATCH, a personality-aware expert system that moves beyond conventional interest- or need-based matchmaking. By leveraging AI-powered social robots as an interactive interface, our system helps elderly individuals form not just connections, but suitable and sustainable social relationships based on a deeper understanding of their personality and compatibility. We adopted a two-stage framework: (1) a BERT-based natural language processing stage deriving knowledge from conversational analysis to infer Big Five personality traits, and (2) a K-means clustering stage employing a hybrid knowledge representation to identify compatible social connections based on weighted combinations of personality vectors, interests, and geographical constraints. The social robot provides an intuitive, accessible interface for knowledge acquisition and recommendation delivery, tailored specifically to elderly users with varying technological familiarity. The system was evaluated with 83 older adults across multiple community-based settings. In Stage 2, our unsupervised learning approach identified seven distinct social compatibility clusters, each with specific reasoning rules guiding the recommendation engine. The expert system effectively facilitated meaningful social connections, with 76% of accepted recommendations resulting in ongoing relationships at the three-month follow-up. Beyond interests and needs, personality-aware introductions reduce first-meeting friction and improve trust calibration for older adults. We position ELDER-MATCH as a mediator of human-human ties, and we articulate a sunset-by-design principle whereby the system fades as relationships stabilise. Longitudinal assessments revealed significant reductions in loneliness, expansion of participants' social networks, and notable improvements in psychological well-being. These findings demonstrate that a two-stage, personality-aware expert system, coupled with a user-centric interface, successfully bridges technological capabilities and social needs, advancing elderly social wellbeing through responsible AI application within the AI-for-Social-Good paradigm. In practice, personality-aware introductions reduce first-meeting friction and calibrate trust for older adults-benefits that interest-only systems rarely deliver in sustained relationships.",http://dx.doi.org/10.1111/exsy.70206,WILEY,Yes,Yes,"The abstract discusses 'knowledge acquisition' through social robot interface and 'knowledge representation' for identifying compatible social connections, implying capture and retention of personality and preference knowledge.","By leveraging AI-powered social robots as an interactive interface, our system helps elderly individuals form not just connections, but suitable and sustainable social relationships based on a deeper understanding of their personality and compatibility. We adopted a two-stage framework: (1) a BERT-based natural language processing stage deriving knowledge from conversational analysis to infer Big Five personality traits, and (2) a K-means clustering stage employing a hybrid knowledge representation to identify compatible social connections based on weighted combinations of personality vectors, interests, and geographical constraints. The social robot provides an intuitive, accessible interface for knowledge acquisition and recommendation delivery, tailored specifically to elderly users with varying technological familiarity.",None identified,Somatic Tacit Knowledge; Relational Tacit Knowledge,Yes,Yes,"The abstract explicitly uses 'BERT-based natural language processing', 'K-means clustering', and 'AI-powered social robots' as digital technologies for knowledge acquisition and recommendation delivery.","By leveraging AI-powered social robots as an interactive interface, our system helps elderly individuals form not just connections, but suitable and sustainable social relationships based on a deeper understanding of their personality and compatibility. We adopted a two-stage framework: (1) a BERT-based natural language processing stage deriving knowledge from conversational analysis to infer Big Five personality traits, and (2) a K-means clustering stage employing a hybrid knowledge representation to identify compatible social connections based on weighted combinations of personality vectors, interests, and geographical constraints. The social robot provides an intuitive, accessible interface for knowledge acquisition and recommendation delivery, tailored specifically to elderly users with varying technological familiarity.",Artificial Intelligence and Intelligent Computation,"Artificial Intelligence and Intelligent Computation; Human–Computer Interaction and Immersive Technologies; Rule-Based, Decision, and Expert Systems",Empirical Study,Empirical Study,True,True
d75fafdd-2ce9-4165-9084-39041187d86a,How Does Artificial Intelligence Empower Enterprise Technological Innovation: From The Perspective Of Knowledge Management Capability,"PurposeThis paper aims to construct a systematic theoretical analysis framework from the perspective of knowledge management capabilities, and to explore the empowering effect and the underlying theoretical mechanisms of artificial intelligence (AI) technology application on enterprise technological innovation, thereby providing theoretical references and empirical evidence for policymaking and management practices.Design/methodology/approachThis paper selects the operation data and technical invention patent data of Chinese listed companies from 2012 to 2023 to deeply explore the empowering effect of AI on enterprise technological innovation. This paper uses a fixed-effects model to perform regression analysis on the samples, and conducts systematic robustness tests, heterogeneity analysis and extensibility analysis.FindingsThis study finds that the application of AI technology can systematically enhance enterprises' knowledge management capabilities (including knowledge acquisition, integration, application and transformation), thereby empowering technological innovation. This conclusion remains robust after a series of robustness checks. Moreover, compared with logical AI technologies, learning AI technologies exhibit a more pronounced empowering effect on enterprise's technological innovation. The heterogeneity analysis reveals that the empowering effect of AI technology on technological innovation is stronger in enterprises with low financing constraints, high human capital and technology-intensive characteristics. The extended analysis further shows that AI technology application significantly promotes both incremental and radical technological innovations, though its impact on the latter demonstrates a notable lagged effect.Originality/valueBased on the theory of knowledge management, this paper constructs a systematic theoretical analysis framework and explores the internal theoretical mechanism of AI empowering enterprise technological innovation from the perspective of knowledge management capabilities. Meanwhile, this paper innovatively uses machine learning methods to conduct text analysis on the annual reports of listed companies, and simultaneously uses the index of AI technology investment to directly quantify and measure the level of AI application of enterprises, and conduct classified research on it (logical AI and learning AI). In addition, this paper deeply explores the differentiated impact of AI on incremental technological innovation and breakthrough technological innovation.",http://dx.doi.org/10.1108/JKM-03-2025-0345,EMERALD GROUP PUBLISHING LTD,Yes,Yes,"The abstract states that AI technology application can systematically enhance enterprises' knowledge management capabilities (including knowledge acquisition, integration, application and transformation), thereby empowering technological innovation. This implies a process of capturing and retaining knowledge from the organizational environment to enable innovation.","This paper aims to construct a systematic theoretical analysis framework from the perspective of knowledge management capabilities, and to explore the empowering effect and the underlying theoretical mechanisms of artificial intelligence (AI) technology application on enterprise technological innovation. This study finds that the application of AI technology can systematically enhance enterprises' knowledge management capabilities (including knowledge acquisition, integration, application and transformation), thereby empowering technological innovation.",Other(General knowledge management capabilities),Relational Tacit Knowledge,Yes,Yes,"The abstract explicitly discusses the application of AI technology (including logical AI and learning AI) to enhance knowledge management capabilities, which involves capturing and retaining knowledge.","This paper innovatively uses machine learning methods to conduct text analysis on the annual reports of listed companies, and simultaneously uses the index of AI technology investment to directly quantify and measure the level of AI application of enterprises, and conduct classified research on it (logical AI and learning AI).",Artificial Intelligence and Intelligent Computation,Artificial Intelligence and Intelligent Computation,Empirical Study,Empirical Study,True,True
642f7908-b760-4794-ad08-789bf08b6d7a,A Multimodal Ai-Driven Framework For Adaptive Learning Of Differently-Abled Learners Using Deep Learning And Real-Time Gesture Recognition,"There are about 1.3 billion people with disabilities in the world, including those who are blind and deaf, yet they still face many obstacles when it comes to participating in educational opportunities. These challenges often emerge from a lack of inclusive infrastructure and limited personalization. Thus, this paper presents a proposed model of an advanced educational system that uses AI, smart content delivery, and gesture recognition. The framework uses a context-aware dialogue system that dynamically modifies content complexity based on individual learner proficiency levels, in conjunction with a hybrid CNN-Transformer architecture created especially for gesture recognition, enabling effective communication for the deaf. Real-time interaction, voice commands, and sign language all work together to promote reinforcement, which improves long-term memory retention. This study captured sign language videos, a variety of voice commands, and synchronized multimodal interactions using a number of datasets, including the Fluent Speech Commands dataset, the RWTH-PHOENIX-Weather 2014 dataset, and the ASL Alphabet dataset from Kaggle. The innovation's modular design enables scalable deployment across numerous educational institutions through federated learning implementations. Following testing, the proposed system demonstrates 96.8% accuracy in identifying American Sign Language (ASL) in educational settings, 94.5% accuracy in classifying the intent of voice-based commands, and responsive real-time performance with a latency of less than 300 ms. An 87% increase was observed in the completion of independent learning tasks, indicating a significant impact on user autonomy when compared to traditional assistive technologies. The model's adaptive content delivery, which adapts to the needs of each learner, is responsible for this improvement. Extensive experimental validation, which included 250 participants with various disability profiles, also showed a 20.8% improvement in knowledge retention. Post-test scores were used to calculate the improvement, which was then contrasted with baseline outcomes. The results are significant because controlled experiments across disabilities showed improvements in both engagement and retention.",http://dx.doi.org/10.1109/ACCESS.2026.3656016,IEEE-INST ELECTRICAL ELECTRONICS ENGINEERS INC,Yes,Yes,"The abstract discusses 'smart content delivery' that 'dynamically modifies content complexity based on individual learner proficiency levels' and 'adaptive content delivery, which adapts to the needs of each learner', indicating a system designed to capture and retain knowledge from the learner's interactions and performance to personalize learning.","The framework uses a context-aware dialogue system that dynamically modifies content complexity based on individual learner proficiency levels, in conjunction with a hybrid CNN-Transformer architecture created especially for gesture recognition, enabling effective communication for the deaf. Real-time interaction, voice commands, and sign language all work together to promote reinforcement, which improves long-term memory retention.",Relational Tacit Knowledge,Somatic Tacit Knowledge,Yes,Yes,"The abstract explicitly states the use of 'AI, smart content delivery, and gesture recognition', 'context-aware dialogue system', 'hybrid CNN-Transformer architecture', 'federated learning implementations', and datasets like 'Fluent Speech Commands dataset, the RWTH-PHOENIX-Weather 2014 dataset, and the ASL Alphabet dataset' to capture and adapt to learner knowledge.","The framework uses a context-aware dialogue system, a hybrid CNN-Transformer architecture, real-time interaction, voice commands, and sign language.",Artificial Intelligence and Intelligent Computation,"Artificial Intelligence and Intelligent Computation; Human–Computer Interaction and Immersive Technologies; Imaging, Sensing, and Perception Technologies",Empirical Study,Empirical Study,True,True
05521131-f697-4930-81d8-a68efe182042,A Generative Ai Model For Automating Construction Bid Preparation,"Construction bid preparation remains predominantly manual, labour-intensive, and time-pressured, often constrained by fragmented information, inconsistent documentation, and limited knowledge transfer. Despite advances in digital technologies, the construction industry still lacks effective AI tools to automate core bid preparation activities. This study develops a proof-of-concept Generative AI (GenAI) framework that automates key components of bid proposal development. A two-phase research design is employed: (1) a qualitative case study of two major engineering consulting firms in South Africa to understand existing workflows, challenges, and automation opportunities; and (2) the development of a GenAI system informed by these findings. Data were collected through semi-structured interviews with bid personnel and analysis of historical proposals and Requests for Proposals. The study identifies high-value automation targets, including technical write-ups, and translates these insights into a GenAI framework integrating LLMs, vector-based semantic retrieval, and structured bid repositories. Expert evaluation and a quantitative performance test (average F1 score: 96.25%) demonstrates the model's ability to significantly reduce manual effort, improve consistency, mitigate knowledge loss, and enhance turnaround times. This research contributes a novel AI-driven framework for construction bid preparation and advances understanding of how GenAI can support operational efficiency, organisational learning, and sustainable knowledge management in construction procurement.",http://dx.doi.org/10.1080/15623599.2026.2629023,TAYLOR & FRANCIS LTD,Yes,Yes,"The abstract states the framework aims to 'mitigate knowledge loss' and 'improve consistency' by capturing knowledge from historical proposals and Requests for Proposals, and integrating it into a structured bid repository.","The study develops a proof-of-concept Generative AI (GenAI) framework that automates key components of bid proposal development, including technical write-ups. The model aims to mitigate knowledge loss and enhance turnaround times.",Relational Tacit Knowledge,Relational Tacit Knowledge,Yes,Yes,"The abstract explicitly describes a GenAI framework integrating 'LLMs, vector-based semantic retrieval, and structured bid repositories' to automate bid preparation and retain knowledge.","The GenAI system integrates LLMs, vector-based semantic retrieval, and structured bid repositories to automate the process and retain knowledge.",Artificial Intelligence and Intelligent Computation,"Artificial Intelligence and Intelligent Computation; Data, Information, and Knowledge Systems",Case Study,Empirical Study,True,True
e9d88ca3-96ad-4913-b263-022fa046e428,Augmented Reality Training For Improved Learnability,"In the current era of Industry 4.0, many new technologies offer manufacturing industries to achieve high productivity. Augmented Reality (AR) is one of the emerging technologies that has been adopted in industries to aid users in acquiring complex skills and carrying out many complicated tasks such product assembly and maintenance. Nevertheless, most AR applications have been developed without clear understanding of how such technology can facilitate improved learnability in terms of knowledge reusability. This paper proposed an enhanced AR-based training system that provides multimodal information with a contextualized information to improve task comprehension and knowledge reusability compared with traditional AR that presents unimodal and decontextualized information. An empirical test was carried out to assess the task performance and the task learnability aspects of this enhanced AR compared to the traditional AR and the paper-based document. The experiment consisted of a training phase where participants carried out an electrical connection task of a sensor followed by a knowledge reuse phase where participants had to wire a second sensor using their previous training. A pre-test quiz was given before the experiment followed by the post-tests phase after the training. Posttests consist of one post-test given directly after the experiment (short-term retention test) and a second post-test quiz given one week later (long-term retention test) to measure information retention. The results indicated that AR-based approaches could enhance knowledge acquisition by around 18 % for traditional AR and almost 25 % for enhanced AR as compared to paper-based approach. While all training systems achieved relatively equivalent well for short-term retention test, trainees who used the enhanced AR training systems statistically outperformed those in the paper-based group for long term retention test. Furthermore, there was a positive correlation between the score of short-term retention test and the score in the knowledge reusability which was also shown by the higher scores in knowledge reusability for the enhanced AR training system compared to the other two approaches. These findings are discussed in relation to the Industry 5.0 ' s human centric core value.",http://dx.doi.org/10.1016/j.cirpj.2023.11.003,ELSEVIER,Yes,Yes,"The abstract explicitly discusses knowledge reusability and information retention, stating that the enhanced AR-based training system aims to improve task comprehension and knowledge reusability. It measures short-term and long-term retention tests, indicating a focus on retaining knowledge from training.","The study discusses how an enhanced AR-based training system can facilitate improved learnability in terms of knowledge reusability, which implies capturing and retaining knowledge.",Somatic Tacit Knowledge,Relational Tacit Knowledge,Yes,Yes,"The abstract explicitly states that an enhanced AR-based training system is used to provide multimodal information to improve task comprehension and knowledge reusability, and that AR-based approaches enhance knowledge acquisition.",The study uses Augmented Reality (AR) to enhance knowledge acquisition and retention.,Human–Computer Interaction and Immersive Technologies,Human–Computer Interaction and Immersive Technologies,Empirical Study,Empirical Study,True,True
632a3a4d-8f76-46b0-89d0-ba938b67b0a2,Tacit Knowledge Management Strategies Of Small- And Medium-Sized Enterprises: An Overview,"Background: The study argues that managing tacit knowledge (TKM) would reduce smalland medium-sized enterprises (SMEs) operational discontinuity and knowledge loss in KwaZulu-Natal (KZN) province, South Africa. Objectives: The article examined the strategies put in place by SMEs for tacit knowledge management (TKM) practices and to develop a framework that will promote TKM for SMEs. Method: The study adopted a quantitative research method and targeted 326 SMEs using Google Forms. One hundred and eighty (180; 55.2%) useful responses were obtained and analysed using the Statistical Package for Social Sciences. Results: Most of the SME owners are aware and affirmed that there is a particular tacit knowledge that is of importance to business. The most common methods of capturing tacit knowledge among SMEs are monitoring, practical sessions, in-house training programmes, and brainstorming. Tacit knowledge is shared during meetings (such as project teams) and when dialoguing. The study also revealed that electronic files in computers are the major tools for storing the collected tacit knowledge. Conclusion: The study concluded that TKM among SMEs in KZN required improvement and recommended improving teams and informal networks and making information and communication technology tools available to preserve tacit knowledge. The SMEs that can afford it can consider employing the services of consultant knowledge management officers to conduct periodic knowledge audits to identify knowledge gaps for proactive solutions. Contribution: The study contributed to knowledge management, tacit knowledge, explicit knowledge, and TKM.",http://dx.doi.org/10.4102/sajim.v26i1.1711,AOSIS,Yes,Yes,The abstract explicitly states: 'The study argues that managing tacit knowledge (TKM) would reduce small and medium-sized enterprises (SMEs) operational discontinuity and knowledge loss' and 'The article examined the strategies put in place by SMEs for tacit knowledge management (TKM) practices and to develop a framework that will promote TKM for SMEs.' This clearly discusses capturing and retaining knowledge to prevent loss.,"The study examines the strategies put in place by SMEs for tacit knowledge management (TKM) practices and to develop a framework that will promote TKM for SMEs. The most common methods of capturing tacit knowledge among SMEs are monitoring, practical sessions, in-house training programmes, and brainstorming. Tacit knowledge is shared during meetings and when dialoguing. Electronic files in computers are the major tools for storing the collected tacit knowledge.",Collective Tacit Knowledge,Relational Tacit Knowledge,Yes,Yes,The abstract states: 'The study also revealed that electronic files in computers are the major tools for storing the collected tacit knowledge.' This indicates digital technology is used to store captured tacit knowledge.,Electronic files in computers are the major tools for storing the collected tacit knowledge.,"Data, Information, and Knowledge Systems","Data, Information, and Knowledge Systems",Empirical Study,Empirical Study,True,True
1a0ef780-4808-451c-86dd-7e25f77c8e35,Empirical Insights On Organisational Sustainability: Exploring The Influence Of Communities Of Practice And Associated Technologies,"PurposeThis study aims to provide empirical insights into the role of communities of practice (CoPs) and associated technologies in fostering organisational sustainability (OS), particularly social and environmental sustainability within the oil and gas (O&G) sector in the Middle East. It explores how these mechanisms contribute to the enhancement of these sustainability through knowledge management (KM) and innovation.Design/methodology/approachThis quantitative study examines the causal relationships among the key variables. A survey of 330 engineers from six O&G firms across three northern governorates in Iraq was conducted using a structured questionnaire. The collected data were analysed through Partial Least Squares Structural Equation Modelling to validate the research model.FindingsThe study highlights that knowledge is a fundamental resource for driving innovation and sustainable organisational practices. CoPs serve as a dynamic KM framework, facilitating efficient knowledge exchange, dissemination and application. This, in turn, enhances employees' ability to address daily professional challenges while reinforcing social and environmental sustainability initiatives. The findings also reveal that CoPs and associated technologies significantly contribute to the economic, social and environmental dimensions of OS, demonstrating a moderate to substantial effect.Practical implicationsThe findings provide actionable insights for O&G companies aiming to integrate sustainability through technology-driven CoPs. By institutionalising CoPs and leveraging digital technologies, organisations can enhance collaborative learning, knowledge retention and sustainable innovation. This research also underscores the need for leaders and managers within O&G firms to prioritise technological advancements and knowledge-sharing strategies to drive social and environmental sustainability efforts.Social implicationsThe study highlights how technology-driven CoPs can foster knowledge-sharing, collaboration and social sustainability within organisations, particularly in the O&G sector. By leveraging digital platforms, virtual knowledge-sharing tools and AI-driven analytics, organisations can enhance workplace inclusivity, cross-disciplinary collaboration and employee engagement in sustainability initiatives. Furthermore, the adoption of CoPs and emerging digital technologies promotes a culture of collective learning and professional development, ensuring that employees at all levels contribute to and benefit from sustainable business practices. This research also underscores the role of technology-enhanced CoPs in bridging knowledge gaps, improving social equity in professional settings and strengthening corporate social responsibility efforts.Originality/valueWhile existing studies have demonstrated a link between KM and sustainable performance, this research uniquely examines CoPs and related technologies as enablers of social and environmental sustainability in the O&G sector. It provides a novel perspective on how organisations can leverage technological tools and knowledge-sharing platforms to enhance OS, bridging a critical gap in sustainability research.",http://dx.doi.org/10.1108/SAMPJ-02-2024-0155,EMERALD GROUP PUBLISHING LTD,Yes,Yes,"The abstract discusses communities of practice (CoPs) as a dynamic KM framework facilitating 'efficient knowledge exchange, dissemination and application' and mentions 'knowledge retention' as a benefit. This implies capturing and retaining knowledge within the organizational environment.","CoPs serve as a dynamic KM framework, facilitating efficient knowledge exchange, dissemination and application. This, in turn, enhances employees' ability to address daily professional challenges while reinforcing social and environmental sustainability initiatives.",Collective Tacit Knowledge,Collective Tacit Knowledge,Yes,Yes,"The abstract explicitly mentions 'associated technologies' and 'technology-driven CoPs', including 'digital platforms, virtual knowledge-sharing tools and AI-driven analytics' as enablers for knowledge sharing and retention.","By institutionalising CoPs and leveraging digital technologies, organisations can enhance collaborative learning, knowledge retention and sustainable innovation.",Artificial Intelligence and Intelligent Computation,"Distributed, Secure, and Trust Technologies",Empirical Study,Empirical Study,True,True
45a1e367-7c53-4059-b957-aab257c9e602,Game-Based Learning As Training To Use A Chemotherapy Preparation Robot,"INTRODUCTION: In 2015, our university hospital pharmacy acquired the PharmaHelp robot system to automate part of its chemotherapy production. Complex technical use, downtime periods, and insufficient training caused a drop in motivation and disparities in operators' knowledge. We created a short, playful, standardized, gamed-based training program to address this, and evaluated its impact. METHODS: Operators were classified as trainers or trainees according to their knowledge about Information and Communication Technologies. Before, after the training, and at 6 months (6M), their robot knowledge was assessed on a 0-24-scale, motivation and self-efficacy in using it on 0-to-100 scales. Pairwise comparison t-test with Bonferroni adjustment was used (p < 0.05 considered significant). Satisfaction was measured using a six-point Likert scale. Trainer/trainee teams participated in 2-hour training sessions with three games and a debriefing. For ""Knowing the manufacturing steps,"" cards with the steps were placed in the correct order. For ""Knowing the criteria for using the robot,"" teams guessed whether certain compounds could be used with the robot. For ""Knowing how to handle production errors,"" the answer to each error (taken from real-life issues) was selected from four options. RESULTS: Participants (n  =  14) were very satisfied about sessions' interactivity and playfulness. Knowledge improved from 57% pretraining to 77% (p < 0.005) to 76.6% (6M) (p < 0.05 compared to pretraining). Motivation and self-efficacy, respectively, improved from 57.6% to 86.6% (p < 0.05) to 70.4% (6M) and from 48.5% to 75.6% (p < 0.05) to 60.2% (6M) (p > 0.1 compared to pretraining) (t-test). CONCLUSIONS: This highly appreciated training program efficiently improved knowledge retention out to six months.",10.1177/10781552231181056 [doi],J Oncol Pharm Pract,Yes,Yes,The study explicitly discusses a training program designed to address 'insufficient training caused a drop in motivation and disparities in operators' knowledge' and evaluates its impact on 'knowledge retention out to six months'. This indicates an effort to capture and retain knowledge from individuals (operators) in the organization environment.,Knowledge improved from 57% pretraining to 77% (p < 0.005) to 76.6% (6M) (p < 0.05 compared to pretraining).,Relational Tacit Knowledge,Relational Tacit Knowledge,Yes,Yes,"The study uses a 'game-based training program' which is a digital technology. The abstract mentions 'Information and Communication Technologies' and the training involved games, which are digital tools used to transfer and retain knowledge.","We created a short, playful, standardized, game-based training program to address this, and evaluated its impact.",Human–Computer Interaction and Immersive Technologies,Human–Computer Interaction and Immersive Technologies,Empirical Study,Empirical Study,True,True
1cdb55d9-05cd-4bea-b09b-0c89e33708ff,Learning Critical Thinking Skills Online: Can Precision Teaching Help?,"Critical thinking is identified as a key educational outcome in higher education curricula; however, it is not trivial to support students in building this multifaceted skill. In this study, we evaluated a brief online learning intervention focusing on informal fallacy identification, a hallmark critical-thinking skill. The intervention used a bite-sized video learning approach, which has been shown to promote student engagement. Video-based learning was implemented within a precision teaching (PT) framework, which modulates the exposure of individual learners to the learning material to enable them to build 'fluency' in the targeted skills. In one of the learning conditions, PT was applied synergistically with domain-general problem-based training to support generalisation. The intervention consisted of two learning episodes and was administered to three groups (learning conditions) of 19 participants each: a PT fluency-based training group; a PT + group, where PT was combined with problem-based training; and a self-directed learning control group. All three groups showed comparable improvements in fallacy identification on taught (post-episode tests) and unseen materials (post-intervention assessment), with lower-scoring participants showing higher gains than high-scoring participants. The results of the knowledge retention tests a week later were also comparable between groups. Importantly, in the domain-general fallacy-identification assessment (post-intervention), the two PT groups showed higher improvements than the control group. These findings suggest that the integration of bite-sized video learning technologies with PT can improve students' critical-thinking skills. Furthermore, PT, on its own or combined with problem-based training, can improve their skill to generalise learning to novel contexts. We discuss the educational implications of our findings.",10.1007/s11423-023-10227-y [doi],Educ Technol Res Dev,Yes,Yes,"The study evaluates an online learning intervention using precision teaching (PT) to build 'fluency' in critical-thinking skills, with a focus on 'knowledge retention tests a week later'. This indicates an effort to capture and retain knowledge in individuals.","The intervention aimed to improve critical thinking skills, specifically informal fallacy identification, and showed improvements in both taught and unseen materials.",Relational Tacit Knowledge,Relational Tacit Knowledge,Yes,Yes,"The study uses a 'brief online learning intervention' with 'bite-sized video learning' and 'precision teaching (PT) framework', which are digital technologies used to deliver and retain knowledge.","Video-based learning was implemented within a precision teaching (PT) framework, which modulates the exposure of individual learners to the learning material to enable them to build 'fluency' in the targeted skills.",Human–Computer Interaction and Immersive Technologies,"Human–Computer Interaction and Immersive Technologies; Rule-Based, Decision, and Expert Systems",Empirical Study,Empirical Study,True,True
dc486de4-c09d-4f8b-b007-1892cd4acaa9,Implementation Of A Hepatitis-Themed Virtual Escape Room In Pharmacy Education: A Pilot Study,"As we enter a world of blended learning in higher education, an increased need for adaptation of teaching strategies to enhance engagement has been recognised to amplify learning outcomes online. Gamification has been identified as a creative tool to engage the current cohort of learners who are also characteristically tech-savvy. To this end, escape room games have gained considerable traction in medical and pharmacy education to promote learning, critical thinking and teamwork. In this pilot study we describe the implementation of a 60-minute, web-based hepatitis-themed escape room game within a Year 3 Pharmacotherapy unit at Monash University. A total of 418 students participated in this activity. Students' knowledge gain on the topic was assessed through a pre- and post-intervention assessment, whereby a statistically significant improvement was seen in the knowledge score following implementation of the gaming activity (58.66% pre-intervention vs. 72.05% post-intervention, p < 0.05). The innovative learning activity was also well perceived by the students. Virtual escape room game is a viable pedagogical approach to teach and reinforce clinical concepts among pharmacy students. With the evolving landscape of education and learner demographics, investment in technology- enhanced game-based learning is a promising trajectory to support students' growth in a learner-centered environment. A comparison between virtual escape room game and traditional teaching will further inform effectiveness of the gamification on long term knowledge retention.",10.1007/s10639-023-11745-1 [doi],Educ Inf Technol (Dordr),Yes,Yes,"The study implements a virtual escape room game to teach clinical concepts, with a pre- and post-intervention assessment showing 'statistically significant improvement' in knowledge score. This indicates an effort to capture and retain knowledge in students.","Students' knowledge gain on the topic was assessed through a pre- and post-intervention assessment, whereby a statistically significant improvement was seen in the knowledge score following implementation of the gaming activity.",Relational Tacit Knowledge,Relational Tacit Knowledge,Yes,Yes,"The study uses a 'web-based hepatitis-themed escape room game', which is a digital technology used to deliver and reinforce knowledge.","A 60-minute, web-based hepatitis-themed escape room game was implemented to enhance engagement and learning outcomes.",Human–Computer Interaction and Immersive Technologies,Human–Computer Interaction and Immersive Technologies,Empirical Study,Empirical Study,True,True
53cc9a0f-7ad9-4e28-b1d8-a1f7395e0e00,My Hands Are Running Away - Learning A Complex Nursing Skill Via Virtual Reality Simulation: A Randomised Mixed Methods Study,"BACKGROUND: Clinical skills training is an essential component of nursing education. However, sometimes education does not sufficiently prepare nurses for the real world. Virtual reality (VR) is an innovative method to complement existing learning strategies, yet few studies investigate its effectiveness. This study compared educational outcomes achieved by three groups learning with either of two different VR simulation variants, with varying technological features, or a video training on the endotracheal suctioning skill. METHODS: The investigated outcomes were knowledge and skill acquisition, learner satisfaction, and technology acceptance. 131 undergraduate nursing students were randomised into three groups, based on the interventions they received. Knowledge was assessed through a pre-post-test design, skill through a post-intervention objective structured clinical examination on a manikin, learning satisfaction and technology acceptance through standardised questionnaires, and qualitative feedback through focus groups. RESULTS: All interventions led to a significant knowledge acquisition, with no significant difference between the groups. The video intervention group performed significantly better than the VR groups in skill demonstration. One of the two VR intervention groups had a significantly higher learner satisfaction than the video group. Technology acceptance was high for both VR groups, with the simpler VR simulation resulting in higher technology acceptance than the one with more experimental features. Students described the VR experience as realistic, interactive, and immersive, and saw the opportunity to practise skills in a safe environment, learn from mistakes, and increase knowledge and confidence. CONCLUSIONS: For the development of VR trainings, we recommend keeping them simple and targeting a specific educational outcome since trying to optimise for multiple outcomes is resource intensive and hard to achieve. Psychomotor skills were easier for participants to learn by watching a video on the procedure rather than practically learning it with the VR hardware, which is a more abstract representation of reality. We therefore recommend using VR as a complementing resource to skills labs, rather than replacing existing learning strategies. Perhaps VR is not ideal for practising practical psychomotor skills at the moment, but it can increase knowledge, satisfaction, motivation, confidence and prepare for further practical training. TRIAL REGISTRATION: Not applicable.",10.1186/s12912-023-01384-9 [doi],BMC Nurs,Yes,Yes,"The study compares VR simulation and video training for learning a complex nursing skill (endotracheal suctioning), assessing knowledge and skill acquisition. This indicates an effort to capture and retain knowledge and skills in individuals.","All interventions led to a significant knowledge acquisition, with no significant difference between the groups. The video intervention group performed significantly better than the VR groups in skill demonstration.",Somatic Tacit Knowledge,Somatic Tacit Knowledge,Yes,Yes,The study uses 'virtual reality (VR) simulation' and 'video training' as digital technologies to deliver and retain knowledge and skills.,Virtual reality (VR) simulation variants and video training were used to teach the endotracheal suctioning skill.,Human–Computer Interaction and Immersive Technologies,Human–Computer Interaction and Immersive Technologies; Others(*),Empirical Study,Empirical Study,True,True
1f0b33a8-d41f-4cac-bb4c-7a35a6e54fd5,Applying The Project Echo Model To Support Implementation And Sustainment Of Cognitive Behavioral Therapy For Psychosis,"INTRODUCTION: Project Extension for Community Healthcare Outcomes (ECHO) is a teleconsultation model that leverages technology to sustain specialized interventions in underresourced settings. We present the application of the ECHO model to longitudinal training and consultation for community behavioral health providers learning to deliver cognitive behavioral therapy for psychosis, an evidence-based psychotherapy for individuals with psychotic disorders that has poorly penetrated the US mental health system. METHODS: We analyzed within-group change over practitioners' 6-month ECHO participation cycle using the Expanded Outcomes Framework. We evaluated outcomes associated with participation, satisfaction, knowledge acquisition, performance, patient symptom severity, and functional impairment. RESULTS: In the first 3 years, the cognitive behavioral therapy for psychosis ECHO Clinics supported 150 providers from 12 community agencies. Forty percent did not complete the 6-month ECHO calendar, most commonly due to separation from their agency. Participants reported high degrees of satisfaction. Declarative and procedural knowledge increased over the 6-month period. Of the 24 providers who received a fidelity review, 87.5% met or exceeded the competency benchmark within the 6-month period. Clinical outcomes reflected reductions in hallucinations, negative symptoms, depression, mania, and functional impairment, but no reductions were detected in delusions, disorganized speech, or abnormal psychomotor behavior. DISCUSSION: ECHO Clinics offer a mode of providing continuous access to expert instruction, peer-to-peer consultation, and case-based learning that other workforce training models lack. Our evaluation suggests that the ECHO model supports continuous professional development for practitioners, most of whom had indicated inadequate preparation for their role. We observed improved learner and select patient outcomes.",10.1097/CEH.0000000000000511 [doi],J Contin Educ Health Prof,Yes,Yes,"The study applies the Project ECHO model for 'longitudinal training and consultation' to support implementation and sustainment of cognitive behavioral therapy for psychosis, evaluating 'knowledge acquisition' and 'performance'. This indicates an effort to capture and retain knowledge in practitioners.","Declarative and procedural knowledge increased over the 6-month period. Of the 24 providers who received a fidelity review, 87.5% met or exceeded the competency benchmark within the 6-month period.",Relational Tacit Knowledge,Relational Tacit Knowledge,Yes,Yes,"The study uses the 'Project Extension for Community Healthcare Outcomes (ECHO) model', which is a 'teleconsultation model that leverages technology' to provide continuous access to expert instruction and peer-to-peer consultation.",Project Extension for Community Healthcare Outcomes (ECHO) is a teleconsultation model that leverages technology to sustain specialized interventions in underresourced settings.,"Mobile, Social, and Communication Technologies","Mobile, Social, and Communication Technologies",Empirical Study,Empirical Study,True,True
4c452bf6-11ed-4037-b6a5-4856a20ceeed,Ecsa: Mitigating Catastrophic Forgetting And Few-Shot Generalization In Medical Visual Question Answering,"Objective: Medical Visual Question Answering (Med-VQA), a key technology that integrates computer vision and natural language processing to assist in clinical diagnosis, possesses significant potential for enhancing diagnostic efficiency and accuracy. However, its development is constrained by two major bottlenecks: weak few-shot generalization capability stemming from the scarcity of high-quality annotated data and the problem of catastrophic forgetting when continually learning new knowledge. Existing research has largely addressed these two challenges in isolation, lacking a unified framework. Methods: To bridge this gap, this paper proposes a novel Evolvable Clinical-Semantic Alignment (ECSA) framework, designed to synergistically solve these two challenges within a single architecture. ECSA is built upon powerful pre-trained vision (BiomedCLIP) and language (Flan-T5) models, with two innovative modules at its core. First, we design a Clinical-Semantic Disambiguation Module (CSDM), which employs a novel debiased hard negative mining strategy for contrastive learning. This enables the precise discrimination of ""hard negatives"" that are visually similar but clinically distinct, thereby significantly enhancing the model's representation ability in few-shot and long-tail scenarios. Second, we introduce a Prompt-based Knowledge Consolidation Module (PKC), which acts as a rehearsal-free non-parametric knowledge store. It consolidates historical knowledge by dynamically accumulating and retrieving task-specific ""soft prompts,"" thus effectively circumventing catastrophic forgetting without relying on past data. Results: Extensive experimental results on four public benchmark datasets, VQA-RAD, SLAKE, PathVQA, and VQA-Med-2019, demonstrate ECSA's state-of-the-art or highly competitive performance. Specifically, ECSA achieves excellent overall accuracies of 80.15% on VQA-RAD and 85.10% on SLAKE, while also showing strong generalization with 64.57% on PathVQA and 82.23% on VQA-Med-2019. More critically, in continual learning scenarios, the framework achieves a low forgetting rate of just 13.50%, showcasing its significant advantages in knowledge retention. Conclusions: These findings validate the framework's substantial potential for building robust and evolvable clinical decision support systems.",10.3390/tomography11100115 [doi],Tomography,Yes,Yes,"The abstract discusses 'catastrophic forgetting when continually learning new knowledge' and proposes a 'Prompt-based Knowledge Consolidation Module (PKC), which acts as a rehearsal-free non-parametric knowledge store. It consolidates historical knowledge by dynamically accumulating and retrieving task-specific ""soft prompts,"" thus effectively circumventing catastrophic forgetting without relying on past data.' This explicitly addresses retaining knowledge from prior tasks.","PKC, which acts as a rehearsal-free non-parametric knowledge store. It consolidates historical knowledge by dynamically accumulating and retrieving task-specific 'soft prompts,' thus effectively circumventing catastrophic forgetting without relying on past data.",Relational Tacit Knowledge,Relational Tacit Knowledge,Yes,Yes,"The abstract explicitly describes a 'Prompt-based Knowledge Consolidation Module (PKC)' which is a digital technology that 'consolidates historical knowledge by dynamically accumulating and retrieving task-specific ""soft prompts""' to retain knowledge.","ECSA is built upon powerful pre-trained vision (BiomedCLIP) and language (Flan-T5) models, with two innovative modules at its core. PKC, which acts as a rehearsal-free non-parametric knowledge store. It consolidates historical knowledge by dynamically accumulating and retrieving task-specific 'soft prompts.'",Artificial Intelligence and Intelligent Computation,Artificial Intelligence and Intelligent Computation,Empirical Study,Empirical Study,True,True
83aa1998-5bd9-4567-aa65-811235367bf8,Workflow-Embedded Ai As A Cognitive Scaffold: A Randomized Trial On Knowledge Retention And Diagnostic Competency In Undergraduate Radiology Education,"BACKGROUND: Traditional didactic methods in medical imaging education, predominantly reliant on static images (non-augmented, traditional PACS workflow that requires manual, unguided search and interpretation), consistently fail to bridge the theory-practice divide, contributing to high diagnostic error rates. While the integration of artificial intelligence (AI) with Picture Archiving and Communication Systems (PACS+AI) offers transformative potential, robust evidence quantifying its impact on longitudinal competency development remains scarce. OBJECTIVE: This study aims to quantitatively evaluate the efficacy of a cognitively optimized PACS+AI framework versus conventional PACS in enhancing radiology education across four critical domains: theoretical knowledge, clinical decision-making competencies, AI acceptance, and knowledge retention. METHODS: In a prospective single-blind randomized controlled trial (RCT), 110 medical imaging undergraduates were randomized to PACS+AI (n = 55) or standard PACS (n = 55) groups. Theoretical knowledge was assessed using validated item-bank assessments; clinical decision-making competencies were evaluated through lesion detection, anatomical localization, diagnostic accuracy, and report completeness; AI acceptance was measured using the Technology Acceptance Model (TAM); and knowledge retention was tracked through immediate, 1-month, and 3-month follow-up assessments. The PACS+AI framework provided three core cognitive support functions: automated lesion annotation, structured diagnostic prompting, and workflow-contextualized feedback. RESULTS: The PACS+AI group demonstrated significantly superior outcomes across all domains: theoretical knowledge retention was substantially higher (79.3 % vs. 19.7 % at 3 months, P < 0.001, d=1.95); clinical decision-making competencies showed progressive improvement with large effect sizes (Δ=12.4-18.1, all P < 0.001, d=1.88-2.48); AI acceptance scores were significantly elevated across all TAM constructs (all P < 0.001, d>1.9); and knowledge retention was maintained longitudinally with amplified effects over time. CONCLUSION: The PACS+AI framework significantly enhances radiology education by optimizing cognitive load distribution, resulting in sustained knowledge retention, superior clinical decision-making competencies, and heightened AI acceptance. This integrated teaching model effectively bridges the gap between theory and practice, cultivates professionals adaptable to the artificial intelligence environment, and aligns with the core needs of the new generation of medical education.",10.1016/j.ejro.2026.100724 [doi],Eur J Radiol Open,Yes,Yes,"The study explicitly discusses knowledge retention as a key outcome, measured at immediate, 1-month, and 3-month follow-up assessments. The PACS+AI framework is designed to enhance knowledge retention and clinical decision-making competencies, indicating a focus on capturing and retaining knowledge from individuals (students).","The study aims to evaluate the efficacy of a cognitively optimized PACS+AI framework in enhancing radiology education across four critical domains: theoretical knowledge, clinical decision-making competencies, AI acceptance, and knowledge retention. The PACS+AI group demonstrated significantly superior outcomes across all domains, including higher theoretical knowledge retention (79.3% vs. 19.7% at 3 months, P < 0.001, d=1.95).",Somatic Tacit Knowledge,Collective Tacit Knowledge; Somatic Tacit Knowledge; Relational Tacit Knowledge,Yes,Yes,"The study uses a PACS+AI framework that provides automated lesion annotation, structured diagnostic prompting, and workflow-contextualized feedback to enhance knowledge retention and clinical competencies.","The study uses a PACS+AI framework that provides three core cognitive support functions: automated lesion annotation, structured diagnostic prompting, and workflow-contextualized feedback.",Artificial Intelligence and Intelligent Computation,"Artificial Intelligence and Intelligent Computation; Human–Computer Interaction and Immersive Technologies; Data, Information, and Knowledge Systems",Empirical Study,Empirical Study,True,True
42f0a7e2-6b97-490e-831c-71d3b61e939f,Effectiveness Of Fully Immersive Virtual Reality-Based Simulation Training On Objective Knowledge Acquisition In Acute Coronary Syndrome/St-Elevation Myocardial Infarction Emergency Management: A Pre-Post-Intervention Study,"AIMS: Effective management of emergencies, particularly acute coronary syndrome (ACS), demands rapid, guideline-based interventions to optimize outcomes. However, many medical students and young professionals report feeling unprepared due to limited hands-on experience. Virtual reality (VR) presents a promising training tool, though its efficacy remains unproven. METHODS AND RESULTS: In this single-center study, 247 medical students were assigned to three different guidance modes to manage a virtual ST-elevation myocardial infarction patient using the Simulation-based Training of Emergencies for Physicians using Virtual Reality (STEP-VR) application. A pre-post-test design, based on European Society of Cardiology (ESC) guidelines, was used to evaluate learning outcomes. Our results showed a significant increase in knowledge after the training. Students in the tutor-moderated 'human guidance' group demonstrated the greatest knowledge improvement ( M =  + 24%, SD = 13% ), being significantly better than the 'no guidance' group ( M = 14% , SD = 9% ). However, there was no significant difference between the 'human guidance' group and the 'integrated guidance' group ( M =  + 19%,  SD = 14% ), which used an embedded learning mode within STEP-VR. To evaluate the potential impact on clinical performance, we calculated composite quality indicators based on ESC-defined metrics. Consistently, we found a significant improvement in these indicators [clinical quality indicators (CQI) 0.47 (pre) vs. 0.76 (post) and 0.8 (post), respectively], with no significant difference between the 'human guidance' and 'integrated guidance' groups. CONCLUSION: In conclusion, our findings demonstrate that VR-based acute coronary syndrome/ST-elevation myocardial infarction training is both operationally feasible and educationally effective. Notably, integrated guidance yielded outcomes comparable to tutor-led instruction, underscoring the potential of this approach as a platform for independent, extracurricular learning. While our data suggest VR training may support clinical performance, future studies with objective assessments are needed to confirm its real-world value.",10.1093/ehjdh/ztaf094 [doi],Eur Heart J Digit Health,Yes,Yes,"The study explicitly measures knowledge acquisition through pre-post-test design based on ESC guidelines, showing a significant increase in knowledge after VR training. This indicates a focus on capturing and retaining knowledge from individuals (medical students).","The study evaluates the effectiveness of fully immersive virtual reality-based simulation training on objective knowledge acquisition in acute coronary syndrome/ST-elevation myocardial infarction emergency management. The results showed a significant increase in knowledge after the training, with the 'human guidance' group demonstrating the greatest knowledge improvement (M = +24%, SD = 13%).",Somatic Tacit Knowledge,Collective Tacit Knowledge; Somatic Tacit Knowledge,Yes,Yes,"The study uses a fully immersive virtual reality (VR) application (STEP-VR) to train and assess medical students, which is a digital technology used to capture and retain clinical knowledge.","The study uses a virtual reality (VR) application, Simulation-based Training of Emergencies for Physicians using Virtual Reality (STEP-VR), to manage a virtual ST-elevation myocardial infarction patient.",Human–Computer Interaction and Immersive Technologies,"Human–Computer Interaction and Immersive Technologies; Data, Information, and Knowledge Systems",Empirical Study,Empirical Study,True,True
61a74a7b-02d1-4a58-af93-120855139fa7,Application Of Renal Pathology Three-Dimensional Animation In Clinical Clerkship Teaching For Medical Students: A Randomized-Controlled Trial,"OBJECTIVES: Teaching renal pathology, characterized by complex spatial relationships and dynamic pathological processes, poses significant challenges. Traditional methods such as static slides often fail to convey these concepts effectively. This study evaluated the efficacy of custom-developed renal pathology three-dimensional (3D) animations in enhancing learning outcomes and satisfaction during students’ internal medicine clerkships in nephrology. METHODS: A randomized controlled trial was conducted. 93 students undertaking nephrology clerkships were randomly assigned 1:1 to either a conventional teaching group or a 3D animation group (intervention group). The intervention group utilized specifically developed 3D animations depicting renal microstructure and the dynamic progression of common pathologies. Teaching effectiveness was assessed via pre- and post-teaching written examinations. Student and faculty satisfaction with the 3D animations was evaluated using 5-point scale questionnaires. RESULTS: Baseline knowledge scores were comparable between groups. Post-teaching scores were significantly higher in the 3D animation group, representing a greater score improvement (34.5 ± 34.8 vs. 19.1 ± 32.4, p = 0.03). Over 95% of students in 3D animation group rated the 3D animations superior to traditional slides for vividness and conceptual understanding, 89% reported increased learning initiative and outcomes. Faculty unanimously agreed animations improved structural explanation clarity and student attentiveness. CONCLUSIONS: Incorporating 3D renal pathology animations significantly improved knowledge acquisition and achieved exceptionally high satisfaction among students and faculty during internal medicine clerkships. This approach effectively addresses traditional teaching difficulties in renal pathology, enhances engagement, and promotes self-directed learning. It offers a valuable model for teaching complex spatial and dynamic biomedical concepts in medical education. TRIAL REGISTRATION: Chinese Clinical Trial Registry ChiCTR2500112643, 2025-11-18, retrospective registration. SUPPLEMENTARY INFORMATION: The online version contains supplementary material available at 10.1186/s12909-026-08663-4.",10.1186/s12909-026-08663-4 [doi],BMC Med Educ,Yes,Yes,"The study explicitly evaluates knowledge acquisition through pre- and post-teaching written examinations, showing significantly higher scores in the 3D animation group. This indicates a focus on capturing and retaining knowledge from individuals (medical students).","The study evaluates the efficacy of custom-developed renal pathology three-dimensional (3D) animations in enhancing learning outcomes and satisfaction during students’ internal medicine clerkships in nephrology. Post-teaching scores were significantly higher in the 3D animation group, representing a greater score improvement (34.5 ± 34.8 vs. 19.1 ± 32.4, p = 0.03).",Somatic Tacit Knowledge,Collective Tacit Knowledge; Somatic Tacit Knowledge,Yes,Yes,"The study uses custom-developed renal pathology three-dimensional (3D) animations to enhance learning outcomes, which is a digital technology used to capture and retain knowledge.",The study uses custom-developed renal pathology three-dimensional (3D) animations to depict renal microstructure and the dynamic progression of common pathologies.,Human–Computer Interaction and Immersive Technologies,"Imaging, Sensing, and Perception Technologies; Human–Computer Interaction and Immersive Technologies",Empirical Study,Empirical Study,True,True
2516ee3c-8435-402a-bb1c-251237bab926,The Impact Of Generative Ai Health Knowledge Acquisition On Adolescents' Physical Activity: The Mediating Role Of Exercise Self-Efficacy And The Moderating Effect Of Health Information Literacy,"BACKGROUND: This study investigates the impact of generative artificial intelligence health knowledge acquisition (GAI-HKA) on adolescents' physical activity (PA), with a focus on the mediating role of exercise self-efficacy (ESE) and the moderating role of health information literacy (HIL). METHODS: Using stratified cluster random sampling, a total of 2,306 valid questionnaires were collected from 10 secondary schools across five cities in southern China. Data were obtained using the self-developed Generative AI Health Knowledge Acquisition Scale, the Adolescent Exercise Self-Efficacy Scale, the Health Information Literacy Scale, and Liang's revised Physical Activity Rating Scale. Structural equation modelling with PROCESS v3.5 macro (5,000 bootstraps) was employed to test direct, mediating, and moderating effects. RESULTS: GAI-HKA was significantly and positively associated with adolescents' PA (β = 0.376, p < 0.001). ESE partially mediated this relationship (indirect effect = 0.065, 95% CI [0.052, 0.079]). HIL positively moderated the pathway from GAI-HKA to ESE (interaction term β = 0.079, p < 0.001); the effect was more substantial among adolescents with high HIL (β = 0.367) compared with those with low HIL (β = 0.209). CONCLUSION: GAI-HKA directly enhances adolescents' PA and indirectly promotes exercise behavior through strengthening ESE. Moreover, higher HIL amplifies the positive effect of AI-based health knowledge on ESE. These findings suggest that schools and families should integrate efforts to cultivate adolescents' information literacy and efficacy beliefs when promoting AI-based health interventions, thereby maximizing the benefits of digital technologies in fostering youth physical activity.",10.3389/fpubh.2025.1705265 [doi],Front Public Health,Yes,Yes,"The study investigates how generative AI health knowledge acquisition (GAI-HKA) impacts adolescents' physical activity, with exercise self-efficacy as a mediator. This implies that knowledge is being acquired and retained from the AI system, influencing behavior.","The study investigates the impact of generative artificial intelligence health knowledge acquisition (GAI-HKA) on adolescents' physical activity (PA), with a focus on the mediating role of exercise self-efficacy (ESE) and the moderating effect of health information literacy (HIL). GAI-HKA was significantly and positively associated with adolescents' PA (β = 0.376, p < 0.001). ESE partially mediated this relationship (indirect effect = 0.065, 95% CI [0.052, 0.079]).",Relational Tacit Knowledge,Collective Tacit Knowledge; Somatic Tacit Knowledge,Yes,Yes,"The study explicitly uses generative artificial intelligence (GAI) as a source of health knowledge acquisition, which is a digital technology used to capture and retain knowledge.",The study uses generative artificial intelligence (GAI) to facilitate health knowledge acquisition among adolescents.,Artificial Intelligence and Intelligent Computation,Artificial Intelligence and Intelligent Computation,Empirical Study,Empirical Study,True,True
