uuid,Title,qwenbstract,deepseek_kr_flag,deepseek_kr_evidence,qwen_kr_flag,qwen_kr_evidence,ernie_kr_flag,ernie_kr_evidence,deepseek_DT_flag,deepseek_DT_evidence,qwen_DT_flag,qwen_DT_evidence,ernie_DT_flag,ernie_DT_evidence,deepseek_Doc_type,qwen_Doc_type,ernie_Doc_type,ernie_ic_label,deepseek_ic_label,qwen_ic_label,expert_qwen_audit_result,expert_ernie_audit_result,expert_deepseek_audit_result
16261321-a81f-43cf-ae94-cb46bb554a64,Research On A Virtual Teacher Personalized Interaction Model Integrating Affective Computing And Multi-Agent Systems,"This research develops a novel virtual teacher personalized interaction model integrating multimodal affective computing with multi-agent coordination mechanisms to address fundamental limitations in emotional intelligence and adaptive capabilities within contemporary educational technology systems. A three-layer distributed architecture was implemented, incorporating synchronized multimodal emotion recognition through confidence-weighted fusion of facial, vocal, and textual data streams, Byzantine Fault Tolerant consensus algorithms for coordinated multi-agent decision-making, and dynamic personality adaptation mechanisms based on Big Five psychological modeling. Experimental validation employed 500 participants across diverse educational contexts using established emotion recognition benchmarks supplemented with domain-specific educational interaction datasets. The multimodal emotion fusion component achieved 91.2% recognition accuracy, with overall system performance reaching 89.7% under realistic educational conditions while demonstrating substantial educational effectiveness improvements, including 43% higher learner engagement scores, 37% emotional satisfaction enhancement, 30% learning effectiveness increase, and 40% knowledge retention improvement compared to traditional virtual teaching approaches. Multi-agent coordination exhibited superior decision quality with 31% improvement over single-agent baselines, though personality adaptation effectiveness varied significantly across learner populations with 88% success rates for extraverted individuals compared to 65% for high-neuroticism learners. The integrated approach successfully bridges the emotional intelligence gap in virtual educational systems through sophisticated technological convergence, establishing theoretical foundations for distributed educational intelligence while revealing important implementation challenges. This research enables the development of emotionally responsive virtual teachers capable of sustained personalized instruction across diverse educational contexts, though deployment requires careful consideration of privacy protection and institutional adaptation requirements for broader educational technology transformation. © 2025, Future Publishing LLC. All rights reserved.",No,"The abstract focuses on developing a virtual teacher personalized interaction model with affective computing and multi-agent systems, aiming to improve educational effectiveness, not on capturing or retaining knowledge from individuals or organizations.",No,None identified,Yes,This research develops a novel virtual teacher personalized interaction model integrating multimodal affective computing with multi-agent coordination mechanisms to address fundamental limitations in emotional intelligence and adaptive capabilities within contemporary educational technology systems.,No,The abstract does not discuss digital technologies used to capture or retain knowledge.,No,None identified,Yes,"A three-layer distributed architecture was implemented, incorporating synchronized multimodal emotion recognition through confidence-weighted fusion of facial, vocal, and textual data streams, Byzantine Fault Tolerant consensus algorithms for coordinated multi-agent decision-making, and dynamic personality adaptation mechanisms based on Big Five psychological modeling.",Empirical Study,empirical study,Empirical Study,True,False,False,Not Support,Fully Support,Not Support
0de139df-102b-420a-8fd1-2c0fde228265,Smartread: A Multimodal Ereading Platform Integrating Computing And Gamification To Enhance Student Engagement And Knowledge Retention,"This paper explores the integration of computing and multimodal technologies into personal reading practices to enhance student engagement and knowledge assimilation in higher education. In response to a documented decline in voluntary academic reading, we investigated how technology-enhanced reading environments can re-engage students through interactive and personalized experiences. Central to this research is SmartRead, a proposed multimodal eReading platform that incorporates gamification, adaptive content delivery, and real-time feedback mechanisms. Drawing on empirical data collected from students at a higher education institution, we examined how features such as progress tracking, motivational rewards, and interactive comprehension aids influence reading behavior, engagement levels, and information retention. Results indicate that such multimodal interventions can significantly improve learner outcomes and user satisfaction. This paper contributes actionable insights into the design of innovative, accessible, and pedagogically sound digital reading tools and proposes a framework for future eReading technologies that align with multimodal interaction principles. © 2025 by the authors.",No,"The abstract discusses enhancing student engagement and knowledge retention through a multimodal eReading platform, but does not discuss capturing or retaining knowledge from individuals or organizations.",No,None identified,Yes,we investigated how technology-enhanced reading environments can re-engage students through interactive and personalized experiences.,No,No digital technologies are discussed for capturing or retaining knowledge.,No,None identified,Yes,"SmartRead, a proposed multimodal eReading platform that incorporates gamification, adaptive content delivery, and real-time feedback mechanisms.",Empirical Study,empirical study,Empirical Study,True,False,False,Not Support,Fully Support,Not Support
2a2e41fa-7d41-4a4b-a243-2a5c44db1a0e,Exploring The Impact Of Virtual Reality On Gen Z Students In Preserving The Cultural Heritage Of Karapan Sapi,"This study explores the use of virtual reality (VR) technology to maintain and revitalize the traditional cultural practice of Karapan Sapi, the bull racing tradition of Madura, Indonesia. Innovative strategies are needed to engage younger generations in cultural heritage, as globalization and technological progress increasingly distance them from their cultural roots. While VR has been applied in education and tourism, its role in preserving ethnosport traditions like Karapan Sapi remains underexplored. VR has distinctive prospects for crafting immersive and interactive experiences that augment user engagement and bolster cultural conservation. Eighty-five Gen Z participants (aged 20-24) were recruited, with exclusions applied for individuals familiar with the tradition and those with vertigo or migraines. Data were collected through pre- and postexperience knowledge tests, an unannounced two-week follow-up test, and 20 question surveys that covers engagement, immersion, learning interest, cultural preservation, and technology’s role. Structural Equation Modeling (SEM-PLS) was employed to validate the relationships among constructs. The results revealed substantial knowledge gains, with average scores rising from 20.35% (pre-test) to 78.70% (post-test) and stabilizing at 69% in follow-up, demonstrating effective knowledge retention. Survey responses showed high internal consistency (e.g., Engagement α = 0.923; Cultural Preservation α = 0.920), confirming reliability. The SEM-PLS analysis indicated strong path coefficients, particularly between immersion and learning interest (β = 0.742) and engagement and cultural preservation (β = 0.969), highlighting VR’s ability to stimulate curiosity and foster heritage appreciation. This study highlights the potential of virtual reality (VR) as a useful instrument for preserving cultural heritage. It also provides a fresh way to interact with the digital generation and encourage the continued applicability of ancient traditions in the contemporary environment. Copyright (c) 2026 The Authors. This work is licensed under a Creative Commons Attribution-NonCommercial-NoDerivatives 4.0 International License.",Yes,"The abstract discusses using VR to 'maintain and revitalize the traditional cultural practice of Karapan Sapi' and 'preserving cultural heritage', which implies capturing and retaining cultural knowledge.",No,None identified,No,"The abstract discusses the use of VR technology to preserve cultural heritage and engage younger generations but does not explicitly discuss preserving, capturing, retaining, transferring, or preventing loss of knowledge from individuals or organizations.",Yes,The abstract explicitly states 'virtual reality (VR) technology' is used to 'maintain and revitalize' and 'preserving cultural heritage'.,No,None identified,Yes,The abstract mentions the use of virtual reality (VR) technology to create immersive and interactive experiences for cultural preservation.,Empirical Study,empirical study,Empirical Study,False,True,False,Not Support,Partial Support,Fully Support
beb5346e-c4b0-40d8-828e-5886f7711f2a,Developing Future Specialists' Competencies Through A Digital Reflective Learning Model At The University,"The study examines the development of a reflexive ICT-based system aimed at improving the professional education of bachelor students in the natural sciences, with a focus on strengthening methodological training and digital competence. Modern higher education faces growing demands for innovation, technological readiness, and quality improvement in health sciences, which requires students to work confidently with digital tools, analyze their own learning processes, and make independent pedagogical and professional decisions. The proposed reflexive system is based on principles of self-regulation, reflective analysis, and active student engagement within an integrated information and educational environment. It includes electronic learning resources, blended learning, AR and VR tools, project work, and systematic development of reflective skills. A three-year experiment with bachelor students showed that the implementation of this system improved methodological competence, knowledge retention, digital literacy, motivation for professional activity, and the ability to organize and regulate learning. The results confirm that a reflexive ICT-supported approach increases the quality of training in fields where digital competencies and laboratory readiness are essential, including chemistry, biomedical sciences, and health sciences. By strengthening reflective thinking and the effective use of digital technologies, the system prepares students for current educational standards and supports the transition to flexible, competence-oriented models of professional education. © 2025 Journal of Advanced Pharmacy Education & Research.",No,"The abstract discusses a reflexive ICT-based system for developing competencies in bachelor students, focusing on methodological training and digital competence. It does not discuss capturing or retaining knowledge from individuals or organizations.",No,None identified,Yes,"The study examines the development of a reflexive ICT-based system aimed at improving the professional education of bachelor students in the natural sciences, with a focus on strengthening methodological training and digital competence.",No,"Digital technologies (AR, VR, blended learning) are mentioned for educational purposes, not for capturing or retaining knowledge.",No,None identified,Yes,"The proposed reflexive system includes electronic learning resources, blended learning, AR and VR tools, project work, and systematic development of reflective skills.",Empirical Study,empirical study,Empirical Study,True,False,False,Not Support,Fully Support,Not Support
3bd821b5-c005-469d-ab9e-eaefcd1dbc46,A Hybrid Approach To Raising Digital Literacy Among Adolescents In Ksa Using A Mobile Application,"As digital technologies and the Internet evolve, digital issues are becoming more prevalent and are a serious concern due to their increased level of integration in our daily lives. Many users lack the necessary digital literacy to protect themselves and their communities from such issues. Background research reveals that adolescents in Saudi Arabia are particularly vulnerable to these issues, also supported by the studies pre-test for students (15.8%). This highlights a gap regarding preventative measures that researchers aim to fill. This study investigates the effectiveness of integrating a dedicated mobile application focused on raising awareness regarding digital issues such as cyberbullying within a hybrid teaching framework amongst primary and middle school students in Saudi Arabia. The application’s features, including but not limited to pre-tests, post-tests, lecture material, and progress monitoring, along with its ease of use, are designed to efficiently achieve digital issue learning outcomes. To assess this hybrid approach toward raising awareness of digital issues, this study gathers 30 participants and splits them into three groups: group one (hybrid), group two (traditional), and group three (online only). The results, which were analysed via one-way analysis of variance (ANOVA) and Tukey’s honest significant difference (HSD) post-hoc test, demonstrate a significant advantage in the increased level of awareness of students from the first group. This indicates that our mobile application in hybrid settings is significantly more effective in enhancing knowledge retention amongst students and raising their level of awareness of digital issues. © 2025 by the authors of this article.",No,"The abstract discusses raising digital literacy among adolescents using a mobile application within a hybrid teaching framework. It focuses on awareness and knowledge retention in students, but does not explicitly discuss capturing or retaining knowledge from individuals or organizations.",No,None identified,Yes,This study investigates the effectiveness of integrating a dedicated mobile application focused on raising awareness regarding digital issues such as cyberbullying within a hybrid teaching framework amongst primary and middle school students in Saudi Arabia.,No,"A mobile application is used for teaching and awareness, but not specifically for capturing or retaining tacit knowledge. The application delivers lecture material and monitors progress, not knowledge capture from individuals.",No,None identified,Yes,integrating a dedicated mobile application,Empirical Study,empirical study,Empirical Study,True,False,False,Not Support,Fully Support,Not Support
13b384bf-606f-4a9e-907c-d164baddb911,Building Mental Health Resources: The Human-Centered Interaction Design Implemented In Me_Heli-D Platform,"This paper analyzes user feedback on the Moodle-based digital mental health literacy platform developed under the Erasmus+ project “me_HeLi-D: Mental Health Literacy and Diversity. Enhancing Mental Health and Resilience through digital Resources for Youth” (me_HeLi-D). The platform aimed to provide interactive mental health literacy content, and supported by user feedback contribute for engagement and improve learning outcomes. A mixed-methods approach, combining structured surveys and open-ended comments, was used to collect data on user experiences. Feedback was systematically categorized into general comments, module-specific critiques, and technical issues. Analysis helped identify recurring issues related to navigation, content accessibility, and technical difficulties with multimedia components, particularly with the multimedia functionality. Inconsistencies like the lack of availability for a “back to course” option confused users, and duplicated titles in some modules created additional navigational obstacles. Technical issues, such as the multimedia functionality, made content engagement difficult. These findings underscore the critical importance of user-centered design principles in developing effective digital learning environments. The study highlights the need for rigorous testing across diverse devices and operating systems to ensure accessibility and functionality. Furthermore, the feedback emphasizes the demand for more interactive learning experiences, suggesting that incorporating active learning strategies can enhance engagement and knowledge retention. Recommendations for platform revisions include addressing navigation inconsistencies, improving multimedia functionality, and incorporating interactive elements to promote active learning. This study contributes to the growing body of knowledge on best practices for designing and evaluating digital mental health literacy interventions and emphasizes the iterative nature of development based on continuous user feedback. © 2025, Sofia University St Kliment Ohridski Faculty of Mathematics and Informatics. All rights reserved.",No,"The abstract analyzes user feedback on a digital mental health literacy platform, focusing on usability and engagement, but does not discuss capturing or retaining knowledge from individuals or organizations.",No,None identified,Yes,"The platform aimed to provide interactive mental health literacy content, and supported by user feedback contribute for engagement and improve learning outcomes.",No,"The platform is a digital learning environment, but the abstract does not describe using digital technologies to capture or retain tacit knowledge.",No,None identified,Yes,This paper analyzes user feedback on the Moodle-based digital mental health literacy platform developed under the Erasmus+ project “me_HeLi-D: Mental Health Literacy and Diversity. Enhancing Mental Health and Resilience through digital Resources for Youth” (me_HeLi-D).,Empirical Study,empirical study,Empirical Study,True,False,False,Not Support,Fully Support,Not Support
2ee5b615-6edb-4ab4-85c7-978615bc980f,Perceived Impact And Effectiveness Of Vr And Ar In Higher Education: Evidence From A South African University Of Technology,"Virtual Reality (VR) and Augmented Reality (AR) are reshaping higher education by enhancing engagement, knowledge retention, and experiential learning. Nevertheless, most adoption studies reflect global perspectives, focusing little on African contexts. This study fills that gap by offering localized insights into VR/AR adoption at a South African University of Technology, a setting that is mostly absent from existing research. A mixed-methods approach was employed, involving 60 students who completed structured questionnaires with closed-and open-ended items. The quantitative analysis included descriptive statistics, reliability and validity testing, while the qualitative responses were thematically analyzed to discover contextual barriers and enablers. Findings reveal strong confidence: 85% expressed confidence in their ability to learn to operate VR/AR and agreed that its use could improve overall university efficiency. However, high costs, infrastructural deficits, and limited faculty readiness constrain wider adoption. Unlike global trends, socio-economic and institutional realities strongly shape adoption in South Africa. The study contributes uniquely to African higher education literature by contextualising global adoption models within South African realities and proposing practical strategies such as mobile-based AR labs, targeted faculty training, and supportive policy frameworks, for advancing immersive learning in resource-constrained environments. © Authors.",Yes,The abstract states that VR and AR enhance knowledge retention and experiential learning in higher education.,No,None identified,No,"The abstract discusses the perceived impact and effectiveness of VR and AR in higher education but does not clearly discuss preserving, capturing, retaining, transferring, or preventing loss of knowledge from individuals, groups, or organizations.",Yes,The abstract states that VR and AR are used to enhance knowledge retention and experiential learning.,No,None identified,No,"The abstract mentions VR and AR technologies but does not clearly link them to preserving, capturing, retaining, transferring, or preventing loss of knowledge.",Empirical Study,empirical study,Empirical Study,False,True,False,Not Support,Not Support,Fully Support
af169004-01a2-4d1a-9bd4-35b1fd5061e4,Enhanced Vr Learning With Dynamic Somatosensory Feedback To Assist In Understanding The Dynamic Process Of Blood Circulation,"With the rapid development of Virtual Reality (VR) and haptic technology, their applications in education have demonstrated tremendous potential. However, traditional VR learning that incorporates haptic feedback usually has a limited body coverage, and there is a weak alignment between the haptic feedback and the educational content. To address the above-mentioned issues, this study established an environment that combines VR with dynamic somatosensory feedback. Through the simulation of the human blood circulation, it explored the impacts of VR and somatosensory feedback on learning effects. Sixty participants were randomly divided into three groups: the computer-based group, the VR-only group, and the VR with somatosensory feedback group. Self-efficacy, perceived enjoyment, and knowledge retention were evaluated through targeted questionnaires. The results showed that VR with somatosensory feedback significantly outperformed the computer-based and VR-only learning modes. This study provides new insights and practical support for the effective integration of VR and somatosensory feedback technology in educational environments.  © 2025 IEEE.",Yes,"The abstract states that the study explored the impacts of VR and somatosensory feedback on learning effects, and evaluated knowledge retention through targeted questionnaires.",No,None identified,No,"The abstract discusses the impacts of VR and somatosensory feedback on learning effects but does not clearly discuss preserving, capturing, retaining, transferring, or preventing loss of knowledge from individuals, groups, or organizations.",Yes,The abstract states that the study established an environment combining VR with dynamic somatosensory feedback to improve learning effects and knowledge retention.,No,None identified,No,"The abstract mentions VR and somatosensory feedback technologies but does not clearly link them to preserving, capturing, retaining, transferring, or preventing loss of knowledge.",Empirical Study,empirical study,Empirical Study,False,True,False,Not Support,Not Support,Fully Support
0888f8b6-d950-432b-a38b-6f72fcb4b179,Features Of Using Mobile Applications To Identify Plants And Google Lens During The Learning Process,"Students’ motivation by providing personalized studies and using IT during classes is relevant in STEM. However, there is a lack of research devoted to justifying these approaches. The research aims to justify the choice of AR-plant recognition application, choosing to provide personalized experience during both the educational process at school and extracurricular activities. All apps have been analyzed and characterized by all interaction processes of the app with the user. In addition, the social environments of the apps and their usage during extracurricular activities are described. The didactics of the usage of AR-recognition apps in biology classes have been described. To provide usability analysis, a survey of experts on digital didactics was conducted to evaluate such criteria as installation simplicity, level of friendliness of the interface, and accuracy of picture processing. To evaluate the rationality of usage, apps were analyzed on the accuracy of plants recognition of the “Dneprovskiy district in Kyiv” list. It is proven that Google Lens is the most recommended app to use for these purposes. Recent meta-analyses (2020-2024) demonstrate that mobile plant identification applications achieve accuracy rates ranging from 71-92.6%, with Google Lens consistently outperforming specialized apps. These applications leverage deep learning models, particularly MobileNetV3 architectures, enabling offline functionality crucial for field-based education. Studies across diverse educational contexts reveal significant improvements in student engagement (35% increase), knowledge retention, and intrinsic motivation when plant ID apps are integrated with traditional teaching methods. However, implementation faces critical challenges including digital literacy gaps, infrastructure limitations in rural areas, and the need for comprehensive teacher training. This study contributes empirical evidence supporting the pedagogical value of mobile plant identification while addressing practical implementation considerations for STEM education. Considering the analysis results, Seek or Flora Incognita are both valid alternative options. However, these apps were characterized by lower accuracy. The use of mobile applications to identify plants is especially relevant for distance learning. © 2025 Copyright for this paper by its authors. Use permitted under Creative Commons License Attribution 4.0 International (CC BY 4.0).",Yes,The abstract states that mobile plant identification applications improve knowledge retention and intrinsic motivation when integrated with traditional teaching methods.,No,None identified,No,"The abstract discusses the use of mobile applications to identify plants and their impact on student engagement and knowledge retention but does not clearly discuss preserving, capturing, retaining, transferring, or preventing loss of knowledge from individuals, groups, or organizations.",Yes,"The abstract states that mobile plant identification applications (e.g., Google Lens, Seek, Flora Incognita) are used to improve knowledge retention.",No,None identified,No,"The abstract mentions mobile plant identification applications but does not clearly link them to preserving, capturing, retaining, transferring, or preventing loss of knowledge.",Empirical Study,empirical study,Empirical Study,False,True,False,Not Support,Not Support,Fully Support
cf01f7e5-2f95-4513-a023-15a2026fa90e,Ai-Driven Stylistic Analysis Of Plc Programming Content For Industrial Automation Education,"Artificial intelligence (AI) is increasingly being deployed in industrial automation education to enhance the comprehension and delivery of programming content for programmable logic controllers (PLCs), which remain foundational to modern factory systems. However, the rapid growth of PLC-based instructional materials often varies widely in style, complexity, and pedagogy, creating inconsistencies that hinder student engagement, knowledge retention, and adaptability across diverse learning environments. Traditional curriculum designs rarely account for stylistic alignment between instructional text and learner needs, limiting the effectiveness of teaching PLC logic and programming structures. To address this problem, the paper propose an AI-Driven Stylistic Profiling and Adaptation Model (AISPAM), which combines natural language processing (NLP), transformer-based text representation, and unsupervised clustering to analyze and adapt PLC programming content according to stylistic markers such as technical density, instructional clarity, cognitive load, and domain-specific readability. AISPAM classifies content into pedagogical clusters, aligning instructional material style with targeted learner categories ranging from novice technicians to advanced engineering students. Experimental validation on a curated dataset of PLC programming manuals, learning modules, and industrial training documents demonstrated that AISPAM achieved over 87 % accuracy in stylistic clustering, while adaptive transformation improved student comprehension scores by 22 % in test scenarios. These findings confirm that AI-based stylistic analysis can effectively bridge the gap between technical rigor and adaptive pedagogy, providing a robust framework for developing dynamic, learner-centered curricula in automation education. The work highlights future potential for integrating stylistic adaptability into smart industrial training platforms and intelligent tutoring systems for lifelong learning.  © 2025 IEEE.",Yes,"The abstract states that the proposed AI-Driven Stylistic Profiling and Adaptation Model (AISPAM) aims to enhance student engagement, knowledge retention, and adaptability across diverse learning environments.",No,None identified,No,"The abstract discusses an AI-Driven Stylistic Profiling and Adaptation Model for PLC programming content but does not clearly discuss preserving, capturing, retaining, transferring, or preventing loss of knowledge from individuals, groups, or organizations.",Yes,"The abstract states that AISPAM combines natural language processing (NLP), transformer-based text representation, and unsupervised clustering to analyze and adapt PLC programming content to improve knowledge retention.",No,None identified,No,"The abstract mentions AI-based stylistic analysis but does not clearly link it to preserving, capturing, retaining, transferring, or preventing loss of knowledge.",Empirical Study,empirical study,Empirical Study,False,True,False,Not Support,Not Support,Fully Support
dc3bd0c2-68b8-4151-b025-774919416268,Enhancing Science Education With Ar Bridging Cognitive Gaps In Students With Diverse Spatial Abilities,"The purpose of this research is to establish the increased impact of augmented reality on teaching and learning of science and the learning preferences within learners with spatial ability. In the pre-test/post-test design study, 34 fifth-grade students engaged in an interaction with an astronomy context-based AR-based learning module on the concepts like the rotation of the Earth, phases of the moon. The MRT was used to measure spatial ability and split the participants into high and low spatial ability groups. The results show that AR enhances the students' knowledge retention by a higher percentage of low spatial ability students 48% as compared to high spatial ability students 27%. First, it should be mentioned that, compared to conventional visualizations, AR provides manipulable 3D models which eliminate certain abstractive thickets of the human brain. This work sheds the light on the ability of AR to facilitate enhanced teaching and learning of science for diversely-abled learners within STEM fields. Subsequently, these studies should look at the durability of learning that is anchored on augmented reality as well as assess its possibilities in other areas of science.  © 2025 IEEE.",No,"The abstract focuses on augmented reality enhancing science learning and knowledge retention in students, but does not discuss capturing or retaining knowledge from individuals or organizations.",No,The purpose of this research is to establish the increased impact of augmented reality on teaching and learning of science and the learning preferences within learners with spatial ability.,Yes,The results show that AR enhances the students' knowledge retention by a higher percentage of low spatial ability students 48% as compared to high spatial ability students 27%.,No,"Augmented reality is used for teaching, not for capturing or retaining knowledge.",Yes,AR enhances the students' knowledge retention by a higher percentage of low spatial ability students 48% as compared to high spatial ability students 27%.,Yes,"In the pre-test/post-test design study, 34 fifth-grade students engaged in an interaction with an astronomy context-based AR-based learning module on the concepts like the rotation of the Earth, phases of the moon.",Empirical Study,empirical study,Empirical Study,True,False,False,Partial Support,Fully Support,Not Support
3ea5f3f2-31db-4d6a-a3af-2a0cdbbab5c2,A Metaverse-Based Approach For Financial Literacy In Brazilian Vocational School,"This article proposes a pioneering approach to teaching Financial Education in Brazilian schools by leveraging the immersive world of Metaverse Games, specifically within the Roblox platform. Financial literacy is a critical global skill, yet making it captivating for students is a challenge. Our Roblox-based educational space creatively demystifies complex financial concepts such as assets, salary, income management, savings, debts, and investments. To assess the impact, we administered three questionnaires: a pre-test to determine initial knowledge, an intermediary test during digital interaction, and a post-test to evaluate knowledge retention. Results indicate that Roblox effectively engages students with financial content in a fun and interactive way. The Metaverse represents a new frontier for educational technology, prompting the development of innovative assessment and learning management strategies. Despite observing impulsive decision-making in the virtual setting, students adopted a cooperative approach to improving outcomes through the reset function of the game, highlighting a collective learning experience. Our research concludes that financial literacy is essential for young individuals to manage real-life finances and that collaborative learning significantly boosts skill acquisition. It is, therefore, crucial to universally adopt playful and cooperative financial education in schools to prepare students for financial success in their personal lives and future society. © 2025 Author(s).",No,"The abstract focuses on teaching financial literacy using a metaverse game, assessing knowledge retention in students, but does not discuss capturing or retaining knowledge from individuals or organizations.",No,"This article proposes a pioneering approach to teaching Financial Education in Brazilian schools by leveraging the immersive world of Metaverse Games, specifically within the Roblox platform.",Yes,"This article proposes a pioneering approach to teaching Financial Education in Brazilian schools by leveraging the immersive world of Metaverse Games, specifically within the Roblox platform.",No,"Metaverse games are used for education, not for capturing or retaining knowledge.",Yes,Roblox effectively engages students with financial content in a fun and interactive way.,Yes,"Our Roblox-based educational space creatively demystifies complex financial concepts such as assets, salary, income management, savings, debts, and investments.",Empirical Study,empirical study,Empirical Study,True,False,False,Partial Support,Fully Support,Not Support
463be81f-65ff-4371-9e5f-727a71969852,Exploring The Impact Of Adaptive Real-Time Quiz Platforms With Differentiated Learning Features On Student Engagement And Learning Outcomes: A Mixed-Methods Approach,"The integration of digital tools in education has significantly transformed traditional teaching and assessment practices, opening new pathways for enhanced engagement and learning. This study employs a mixed-methods approach to investigate the impact of a custom-developed adaptive real-time quiz platform, designed with differentiated learning features that tailor questions and feedback based on individual student needs to boost engagement and improve learning outcomes. A total of 100 high school students participated in the experiment, split into two groups: one group used traditional paper-based quizzes (n = 50), while the other engaged with the customdeveloped adaptive digital quiz platform (n = 50) for real-time assessments. Quantitative data were collected via pre-and posttests to assess knowledge retention and academic performance, showing a marked improvement in the experimental group compared to the control group (p < 0.001). Additionally, qualitative data from student interviews and surveys provided valuable insights into motivation and engagement levels. Results indicate that students using the custom-developed adaptive realtime quiz platform, with its differentiated learning capabilities, exhibited increased engagement, faster response times, and improved performance relative to the control group. This study contributes to the expanding educational technology literature by demonstrating the effectiveness of adaptive interactive quiz platforms as engaging, impactful tools for real-time learning and assessment, with promising implications for enhancing student outcomes through personalized learning. © 2025 by the authors.",No,"The abstract investigates an adaptive real-time quiz platform to boost engagement and learning outcomes, but does not explicitly discuss capturing or retaining knowledge from individuals or organizations.",No,"The study investigates the impact of an adaptive real-time quiz platform on student engagement and learning outcomes, but does not explicitly discuss capturing or retaining knowledge from individuals or organizations.",Yes,"This study employs a mixed-methods approach to investigate the impact of a custom-developed adaptive real-time quiz platform, designed with differentiated learning features that tailor questions and feedback based on individual student needs to boost engagement and improve learning outcomes.",No,"The abstract mentions a custom-developed adaptive digital quiz platform, but not for capturing or retaining knowledge.",No,"The study uses an adaptive real-time quiz platform with differentiated learning features, but not for capturing or retaining knowledge.",Yes,"This study employs a mixed-methods approach to investigate the impact of a custom-developed adaptive real-time quiz platform, designed with differentiated learning features that tailor questions and feedback based on individual student needs to boost engagement and improve learning outcomes.",Empirical Study,empirical study,Empirical Study,True,False,False,Not Support,Fully Support,Not Support
bc2b16d7-676b-4910-8d75-55dcbbcf1b45,Augmented Reality In Tabletop Exercises As An Approach To Sustainable Disaster Preparedness Training: A Pilot Study,"Disaster preparedness training is essential for enhancing the effectiveness and resilience of first responders. Conventional tabletop exercises (TTX) have been widely used for disaster training due to their structured yet low-risk nature. However, limitations such as a lack of realism and engagement necessitate innovative approaches. This study explores the integration of augmented reality (AR) technology into TTX to enhance training effectiveness. This study utilises an exploratory sequential mixed-methods research design in three phases. Phase 1 involved collecting qualitative data through document analysis, in-depth interviews, and non-participatory observations to develop a realistic disaster scenario. Phase 2 transforms the identified disaster scenario into an AR-based TTX application using the Rapid Application Development (RAD) model. Phase 3 assesses the validity and usability of the AR-based TTX through a pilot study involving twenty undergraduate final-year nursing students who had undertaken an elective course (NURD 4412: Elective Disaster Nursing), evaluated using the System Usability Scale (SUS). Results demonstrate that the developed AR application provided an immersive and interactive training experience, fostering better engagement and realism than conventional TTX methods. The pilot study yields a SUS score of 58.4, classifying the application as 'Not acceptable' in terms of usability, which indicates that it faces significant usability issues when used in a tabletop exercise as an approach to sustainable disaster preparedness training. Key advantages included improved knowledge retention, real-time interaction, and enhanced decision-making skills among participants. However, limitations such as device compatibility issues and the need for technical support were identified, suggesting areas for future improvements. In conclusion, this study highlights the potential of AR-based TTX as an innovative and sustainable approach to disaster preparedness training. The findings underscore the need for further enhancements to optimise user experience and broaden accessibility, ultimately strengthening the capacity of emergency responders to manage disaster scenarios effectively. © 2025 IEEE.",Yes,"The abstract states that the AR-based TTX provided improved knowledge retention among participants, indicating that knowledge was captured and retained.",No,None identified,No,"The abstract focuses on the integration of augmented reality technology into tabletop exercises for disaster preparedness training, without discussing knowledge capture or retention from individuals or organizations.",Yes,The abstract explicitly mentions the use of augmented reality (AR) technology integrated into tabletop exercises for disaster preparedness training.,No,None identified,Yes,This study explores the integration of augmented reality (AR) technology into TTX to enhance training effectiveness.,Empirical Study,empirical study,Empirical Study,False,True,False,Not Support,Partial Support,Fully Support
e60eaa4b-ca7c-416b-a395-d0625313cf91,The Effect Of Technological Infrastructure On Managerial Innovation: The Mediating Role Of Knowledge Management Processes,"This study aimed to identify the impact of the technological infrastructure on managerial innovation in the Jordanian Ministry of Interior with evaluating the mediating role of knowledge management processes (knowledge acquisition, knowledge storage, knowledge transfer, and knowledge application). The study adopted the descriptive analytical causal approach to achieve its objectives; the study used the simple random sample method by distributing an electronic questionnaire consisting of (32) items that measure the study variables. The study population was represented by all workers in the centers of the governorates of the Jordanian Ministry of Interior, which numbered (515) employees, while the study sample consisted of (327) employees. The results showed that there is a positive impact of the technological infrastructure and knowledge management processes on managerial innovation, where the coefficient of determination (R2) indicates that the technological infrastructure with knowledge management processes as an intermediate role explains (77.4%) of the variation in managerial innovation as a dependent variable. The study recommended based on the results developing strategies to employ the technological infrastructure and use its components to improve managerial innovation. Also, the study recommended the necessity of activating the official means of communication and exploiting the available knowledge resources to explore creative ideas and apply them through the administrative units in the governorates of the Jordanian Ministry of Interior. © 2025 DSR Publishers/The University of Jordan.",Yes,"The abstract explicitly examines 'knowledge management processes (knowledge acquisition, knowledge storage, knowledge transfer, and knowledge application)' as a mediating role, which includes capturing and retaining knowledge.",No,None identified,No,The study aimed to identify the impact of the technological infrastructure on managerial innovation with evaluating the mediating role of knowledge management processes but does not explicitly discuss capturing or retaining knowledge.,Yes,"The abstract states that 'technological infrastructure' impacts managerial innovation with knowledge management processes as a mediator, implying digital technologies support these processes.",No,None identified,No,The abstract does not clearly link digital technologies to capturing or retaining knowledge.,Empirical Study,empirical study,Empirical Study,False,True,False,Not Support,Not Support,Fully Support
517b1a09-1f09-421f-b27a-7cfcb5b17378,Applying Biometric Technologies For Personalized Learning In Education Management Systems,"In recent years, biometric technologies have gained significant attention in the field of education, offering new possibilities for personalized learning experiences. This study explores the application of biometric technologies in education management systems to enhance adaptive learning and improve student engagement. The research proposes a model that utilizes biometric data, including facial recognition, eye-tracking, and physiological signals (heart rate, EEG), to assess students' cognitive states in real-time. By analyzing these biometric indicators, the system dynamically adjusts learning materials and teaching strategies to match individual learning needs. The proposed model is implemented using artificial intelligence algorithms to process biometric inputs and personalize the learning environment accordingly. A controlled experiment was conducted with university students to evaluate the system's effectiveness. The results indicate that biometric-driven personalized learning improves knowledge retention and student engagement compared to traditional learning approaches. Additionally, the system demonstrates the potential to identify learners' stress levels and attention spans, enabling more effective educational interventions. This study highlights the potential of biometric-based adaptive learning systems in modern education and suggests future directions for integrating biometric technology into large-scale learning platforms. The findings provide valuable insights for researchers and education policymakers aiming to enhance the efficiency of learning management systems through biometric data integration. © 2025 IEEE.",No,"The abstract focuses on using biometric technologies for personalized learning and adaptive education; it does not discuss capturing, retaining, or preserving knowledge from individuals or organizations.",No,None identified,Yes,"The research proposes a model that utilizes biometric data to assess students' cognitive states in real-time. By analyzing these biometric indicators, the system dynamically adjusts learning materials and teaching strategies to match individual learning needs.",No,No digital technologies are discussed in relation to knowledge capture or retention.,No,None identified,Yes,The proposed model is implemented using artificial intelligence algorithms to process biometric inputs and personalize the learning environment accordingly.,Empirical Study,empirical study,Empirical Study,True,False,False,Not Support,Fully Support,Not Support
0aff404f-05c1-4794-b2d1-d258bc58a15f,Personalized Ai-Driven Online Education Technologies For Adaptive Learning And Cognitive Skill Enhancement,"The integration of artificial intelligence (AI) in online education is transforming learning experiences through personalized adaptive technologies. This study evaluates AI-driven online education platforms designed to enhance cognitive skills and learning adaptability. By leveraging machine learning algorithms and natural language processing, these platforms tailor content delivery based on learner profiles, real-time performance, and engagement patterns. A mixed-methods approach was adopted, involving data collection from user interaction logs, AI-driven personalization through reinforcement learning, and an experimental study with 500 students. Participants were divided into AI-personalized and conventional online learning groups, with evaluations conducted using knowledge retention tests, engagement analytics, and cognitive skill assessments. The findings reveal that AI-personalized learning improved knowledge retention by 28% and engagement levels by 35%, compared to conventional e-learning. Cognitive skill enhancement, including problem-solving and critical thinking, increased by 24%, while learning adaptability improved by 40% due to AI's dynamic content adjustments. Furthermore, 82% of students preferred AI-based adaptive learning over static online courses, highlighting its effectiveness in personalized education. These results emphasize the potential of AI-driven learning platforms in fostering individualized educational experiences and enhancing student outcomes. Future research will focus on refining AI models for greater adaptability and assessing their impact across diverse educational settings. © 2025 IEEE.",No,"The abstract discusses AI-driven personalized learning and knowledge retention tests, but does not explicitly discuss capturing or retaining knowledge from individuals or organizations.",No,None identified,Yes,This study evaluates AI-driven online education platforms designed to enhance cognitive skills and learning adaptability.,No,"AI technologies are used for personalization, but not explicitly for capturing or retaining knowledge.",No,None identified,Yes,"By leveraging machine learning algorithms and natural language processing, these platforms tailor content delivery based on learner profiles, real-time performance, and engagement patterns.",Empirical Study,empirical study,Empirical Study,True,False,False,Not Support,Fully Support,Not Support
870e07fc-a198-476f-9e97-98e059bbafe2,Metaclues: Constructivist Learning Via Progressive Clues From Generative Ai In A Metaverse Environment,"This paper introduces MetaClues, an AI-driven framework that integrates generative AI and Metaverse technology to deliver a constructivist learning experience. This innovative system combines image-to-3D generation, large language models, and text-to-image models to create progressive clues within a virtual campus. Learners engage in thematic zones, interact with AI-powered non-playable characters, and manipulate artifact items - creating, fusing, or exchanging them - to steer their own discovery process.At the heart of MetaClues is the goal of uncovering or recreating a secret artifact, a multidisciplinary item rich with educational significance. Learners follow progressive clues tied to a relevance score for each item they possess. This scoring system evaluates an item's connection to the secret artifact across multiple dimensions, offering insights into its value. To unlock additional clues, learners must create, fuse, or exchange items, refining their understanding of the artifact based on these scores. This adaptive approach strikes a balance between structured, domain-specific learning and open-ended creativity, fostering active engagement.A pilot study with 19 participants showed notable improvements in participation, knowledge retention, and motivation to explore further. Impressively, 84% of novice learners gained a substantive understanding of multidisciplinary concepts. Evaluations using the System Usability Scale (SUS) and the Technology Acceptance Model (TAM) confirmed high usability and educational impact.Using generative AI as a collaborative tool, MetaClues aims to transform learners from passive recipients into creative problem solvers. Our research demonstrated how constructivist principles can be blended with generative AI and immersive technology to enrich multidisciplinary education. © 2025 IEEE.",No,"The abstract describes MetaClues, an AI-driven framework for constructivist learning. It focuses on learning and discovery, not on capturing or retaining knowledge from individuals or organizations.",No,"The paper introduces MetaClues, an AI-driven framework that integrates generative AI and Metaverse technology to deliver a constructivist learning experience.",Yes,"This paper introduces MetaClues, an AI-driven framework that integrates generative AI and Metaverse technology to deliver a constructivist learning experience. This innovative system combines image-to-3D generation, large language models, and text-to-image models to create progressive clues within a virtual campus. Learners engage in thematic zones, interact with AI-powered non-playable characters, and manipulate artifact items - creating, fusing, or exchanging them - to steer their own discovery process.",No,No digital technologies are discussed for capturing or retaining knowledge.,Yes,"MetaClues combines image-to-3D generation, large language models, and text-to-image models to create progressive clues within a virtual campus. Learners engage in thematic zones, interact with AI-powered non-playable characters, and manipulate artifact items - creating, fusing, or exchanging them - to steer their own discovery process.",Yes,"This paper introduces MetaClues, an AI-driven framework that integrates generative AI and Metaverse technology to deliver a constructivist learning experience. This innovative system combines image-to-3D generation, large language models, and text-to-image models to create progressive clues within a virtual campus.",Empirical Study,empirical study,Empirical Study,True,False,False,Partial Support,Fully Support,Not Support
3273f15a-78b3-4b92-af78-0d9ed3995694,Enhancing Aiops With Lilt: A Lora-Based Incremental Learning Transformer For Robust Adaptation To Concept Drift,"With the widespread application of artificial intelligence technology in the field of operations and maintenance, AIOps (Artificial Intelligence for IT Operations) has become a key technology for improving operational efficiency and automated decision-making. However, traditional machine learning models often struggle to maintain stable performance when dealing with concept drift and catastrophic forgetting. To address this issue, this paper proposes the LILT model (LoRA-based Incremental Learning Transformer), which implements incremental learning in the Transformer neural network through LoRA fine-tuning technology. Additionally, the model incorporates regularization methods to constrain the model parameters, effectively addressing concept drift and knowledge retention issues in hard disk failure prediction. The LoRA adapter facilitates incremental learning by fine-tuning the feedforward layer parameters, improving the model's adaptability when new tasks arise. Meanwhile, freezing the parameters of the self-attention layer ensures the stability of the task and promotes the accumulation of knowledge over long-term learning. Regularization techniques add constraints to control model parameter changes, ensuring stability between tasks and supporting long-term knowledge retention. Moreover, the integrated gradient (IG) method is employed to analyze the feature importance of the model, specifically demonstrating the contribution of each input feature to the model's predictions by outputting the tensor of feature contributions. Experimental results show that LILT, when applied to hard disk failure prediction tasks with concept drift, demonstrates stronger task adaptability and stability compared to traditional Transformer models. Furthermore, LILT has a lower forgetting rate compared to the LoRA-based incremental learning method. The model has made significant progress in retaining the memory of old tasks, effectively mitigating catastrophic forgetting. At the same time, the integrated gradient method enhances the interpretability of LILT. This study provides a novel solution for the fault prediction domain, demonstrating strong stability and interpretability in a drift-driven streaming data environment. © 2025 IEEE.",Yes,The abstract explicitly discusses 'knowledge retention issues' and 'long-term knowledge retention' in the context of incremental learning for hard disk failure prediction.,No,None identified,No,"The paper proposes the LILT model to address concept drift and knowledge retention issues in hard disk failure prediction. However, it does not explicitly discuss capturing or retaining knowledge from individuals or organizations.",Yes,"The abstract describes using a LoRA-based Incremental Learning Transformer (LILT) model to address knowledge retention and concept drift, explicitly linking digital technology to knowledge retention.",Yes,LILT model; LoRA fine-tuning technology; regularization methods; integrated gradient method,No,The paper mentions the LILT model and regularization techniques but does not explicitly discuss their use in capturing or retaining tacit knowledge.,Empirical Study,empirical study,Conceptual Paper,False,True,False,Partial Support,Not Support,Fully Support
e16d143f-3d32-4511-be5f-ae6427cb1059,Ai-Powered Learning Pathways: Personalized Learning And Dynamic Assessments,"Integrating artificial intelligence (AI) in education has introduced innovative approaches, particularly in personalized learning and dynamic assessment. Conventional teaching models often struggle to address learners’ diverse needs and abilities, underscoring the necessity for AI-driven flexible learning frameworks. This study explores how AI-aided smart learning paths and dynamic assessments enhance learning efficiency by improving knowledge acquisition, optimizing task completion time, and increasing student engagement. A six-week quasi-experimental study was conducted with 200 students, divided into an experimental group using an AI-based learning system and a control group following traditional methods. Pre- and post-tests and engagement analyses were used to evaluate outcomes. The experimental group demonstrated a 25% improvement in performance, completed tasks 25% faster, and showed a 15% increase in engagement compared to the control group. These findings highlight the potential of AI to deliver personalized learning experiences and timely feedback, significantly enhancing student outcomes. Future research should involve larger participant groups across higher educational levels and examine the long-term impact of AI-supported education on students’ knowledge retention and skill reinforcement. © (2025), (Science and Information Organization). All rights reserved.",No,"The abstract discusses AI-powered personalized learning and dynamic assessments to improve learning efficiency, not capturing or retaining knowledge from individuals or organizations.",Yes,"This study explores how AI-aided smart learning paths and dynamic assessments enhance learning efficiency by improving knowledge acquisition, optimizing task completion time, and increasing student engagement.",No,"This study explores how AI-aided smart learning paths and dynamic assessments enhance learning efficiency by improving knowledge acquisition, optimizing task completion time, and increasing student engagement. It does not clearly discuss preserving, capturing, retaining, transferring, or preventing loss of knowledge from individuals, groups, or organizational environments.",No,"Digital technologies (AI) are used for learning delivery and assessment, not for knowledge capture or retention.",Yes,"This study explores how AI-aided smart learning paths and dynamic assessments enhance learning efficiency by improving knowledge acquisition, optimizing task completion time, and increasing student engagement.",Yes,"Integrating artificial intelligence (AI) in education has introduced innovative approaches, particularly in personalized learning and dynamic assessment.",Empirical Study,empirical study,Empirical Study,False,False,True,Fully Support,Partial Support,Not Support
08d6e079-b5f4-4458-8f62-73b240e2c245,Research On Learning System Based On Vr Technology And Artificial Intelligence Algorithm,"With the fast growth of digital technologies, Virtual Reality (VR) and Artificial Intelligence (AI) have emerged as key means of changing educational practices. VR enables interactive and virtual learning environments, whereas AI delivers adaptive and intelligent learning assistance. Yet, current learning systems typically suffer from low interactivity, non-personalization, and poor adaptability to the needs of individual learners. Most traditional systems, such as web-based learning platforms and multimedia instructional materials, simply provide static materials that are unable to dynamically adapt to the pace or learning style of learners and thereby achieve less engagement and retention. While prior methods tried to augment user experience with gamification or basic adaptive techniques, they remain to lack full real-time personalization. To address these issues, this paper suggests a VR-AI Adaptive Learning System (VRAILS) that combines interactive VR simulations and adaptive AI-powered algorithms. The system uses reinforcement learning and predictive modeling to tailor learning routes, offer instant feedback, and adapt difficulty levels based on learner performance. Experimental testing and comparative evaluation with conventional systems prove that VRAILS generates considerable improvements in learner interaction, knowledge retention, and satisfaction. The findings validate the potential of pairing VR and AI to create a solid framework for future intelligent education systems. © 2025 IEEE.",No,"The abstract focuses on developing an adaptive learning system using VR and AI to improve learner interaction and retention, but does not explicitly discuss capturing or retaining knowledge from individuals or organizations.",No,None identified,Yes,"To address issues of low interactivity, non-personalization, and poor adaptability in current learning systems, this paper suggests a VR-AI Adaptive Learning System (VRAILS) that combines interactive VR simulations and adaptive AI-powered algorithms to tailor learning routes, offer instant feedback, and adapt difficulty levels based on learner performance.",No,No digital technology is discussed for capturing or retaining knowledge from individuals or organizations.,No,None identified,Yes,The paper suggests a VR-AI Adaptive Learning System (VRAILS) that combines interactive VR simulations and adaptive AI-powered algorithms.,Empirical Study,empirical study,Empirical Study,True,False,False,Not Support,Fully Support,Not Support
6b47f348-c52f-49fb-bfa1-11f527110d75,The Influence Of Flipped Learning On Geographic Concept Acquisition Among Al-Balqa' Applied University Undergraduate Students In The Environment And Society Course,"This study aimed to determine the influence of flipped classroom techniques on the acquisition of geographical concepts within an undergraduate Environment and Society course. Using an experimental design, 50 students at Al-Balqa Applied University were randomly divided into a flipped learning intervention group and a traditional learning control group. Quantitative pre- and post-achievement tests and a questionnaire gauged changes in academic performance and perceptions. The flipped approach incorporated pre-class educational videos, homework tasks, and active in-class learning. Analyses revealed the experimental group attained statistically significantly higher post-test scores versus the control, with a large effect size demonstrating 41.9% of the variance in achievement explained by flipped methods. Triangulation from the questionnaire further showed strong agreement that flipped learning enhanced motivation and self-directed education. While supporting earlier research that flipping classrooms has positive effects across all subjects, this study adds to our knowledge of how effective it is in helping Jordanian undergraduates master human geographical concepts. Recommendations include broader implementation of flipped techniques aligned to course objectives, faculty training in instructional technologies, enhanced university digital infrastructure, and additional research tracking long-term knowledge retention. Overall, carefully gathered data showed significant gains in both the quantity and quality of learning, supporting ideas about the benefits of incorporating flipped learning into higher education with care. According to the main findings, the critical recommendation is to implement flipped learning in the Environment and Society course at Al-Balqa Applied University, involving a task force to design a tailored framework incorporating pre-recorded lectures and online materials via the LMS. Copyright for this article is retained by the author(s)",No,"The abstract discusses flipped learning to improve geographic concept acquisition, but does not explicitly discuss capturing or retaining knowledge from individuals or organizations.",No,None identified,Yes,"This study aimed to determine the influence of flipped classroom techniques on the acquisition of geographical concepts within an undergraduate Environment and Society course. Analyses revealed the experimental group attained statistically significantly higher post-test scores versus the control, with a large effect size demonstrating 41.9% of the variance in achievement explained by flipped methods.",No,"The abstract mentions pre-class educational videos and online materials, but not in the context of capturing or retaining tacit knowledge.",Yes,"The flipped approach incorporated pre-class educational videos, homework tasks, and active in-class learning. Triangulation from the questionnaire further showed strong agreement that flipped learning enhanced motivation and self-directed education.",Yes,"The flipped approach incorporated pre-class educational videos, homework tasks, and active in-class learning.",Empirical Study,empirical study,Empirical Study,True,False,False,Partial Support,Fully Support,Not Support
5329d278-6076-44ac-92c9-974c8c40adf0,Transformative Pedagogies: Educational Innovations In Cybersecurity,"As the digital landscape undergoes continual transformation, the necessity for adept cybersecurity professionals has reached unprecedented levels. This paper investigates the convergence of education and cybersecurity. It offers a thorough analysis of avant-garde pedagogical approaches geared towards equipping the forthcoming generation of cyber defenders. Our study delves into cutting-edge educational strategies that transcend conventional cybersecurity curricula. It embraces dynamic methodologies such as hands-on learning, immersive simulations, and collaborative problem-solving. Moreover, we explore the seamless integration of emerging technologies that include virtual labs, gamification, and interactive scenarios in order to foster the cultivation of practical skills. Furthermore, this study evaluates the tangible impacts of educational innovations on knowledge retention, skills development, and adaptability to the ever-evolving realm of cyber threats. Through the examination of case studies and empirical evidence gathered, we spotlight the successful implementations of these innovations across diverse educational landscapes, spanning from academic institutions to professional training programs. In addition to the above, our research dissects the pivotal roles played by mentorship, industry partnerships, and real-world applications in nurturing a holistic educational environment. By unravelling the symbiotic relationship between academia and industry, we ensure that educational advancements remain finely attuned to the dynamic demands of the cybersecurity landscape.  © 2024 IEEE.",No,"The abstract discusses educational innovations and pedagogical approaches for cybersecurity training, but does not explicitly discuss capturing or retaining knowledge from individuals or organizations. It focuses on teaching methodologies and skill development rather than knowledge retention mechanisms.",No,None identified,Yes,"This study evaluates the tangible impacts of educational innovations on knowledge retention, skills development, and adaptability to the ever-evolving realm of cyber threats.",No,No digital technologies are discussed in the context of capturing or retaining knowledge.,Yes,"virtual labs, gamification, and interactive scenarios",Yes,"we explore the seamless integration of emerging technologies that include virtual labs, gamification, and interactive scenarios in order to foster the cultivation of practical skills.",Conceptual Paper,empirical study,Empirical Study,True,False,False,Partial Support,Fully Support,Not Support
d8a1b14c-1353-4258-aaa3-7917e9f8cf18,Evaluating The Effectiveness Of Game-Based Learning For Long-Term Knowledge Retention,"This longitudinal study investigated the efficacy of game-based learning in enhancing the retention of safety knowledge, specifically within the domain of construction safety. The research focused on assessing participants’ retention of safety knowledge 1year after game-based training, revealing a resilient performance despite a perceived decline in preparedness. Analysis of the data indicated no statistically significant variance in participants’ performance in hazard identification tests conducted 1year after the initial assessment following game-based training. The study also explored the relationship between perceived preparation, actual performance, and the temporal gap between evaluations, highlighting the necessity for a comprehensive understanding of these dynamics in educational settings. The implications of this research extend beyond construction safety, underscoring the transformative potential of game-based learning in cultivating enduring safety awareness across various industries. By harnessing innovative educational technologies, organizations can enhance workplace safety protocols and mitigate occupational hazards. © 2024 Human Factors and Ergonomics Society.",No,"The abstract focuses on evaluating the effectiveness of game-based learning for long-term knowledge retention, but does not discuss capturing or retaining knowledge from individuals or organizations.",Yes,"This longitudinal study investigated the efficacy of game-based learning in enhancing the retention of safety knowledge, specifically within the domain of construction safety. The research focused on assessing participants’ retention of safety knowledge 1 year after game-based training, revealing a resilient performance despite a perceived decline in preparedness.",No,"This longitudinal study investigated the efficacy of game-based learning in enhancing the retention of safety knowledge, specifically within the domain of construction safety. The research focused on assessing participants’ retention of safety knowledge 1 year after game-based training.",No,The abstract mentions game-based learning but not in the context of capturing or retaining knowledge from individuals or organizations.,Yes,"This longitudinal study investigated the efficacy of game-based learning in enhancing the retention of safety knowledge, specifically within the domain of construction safety. The research focused on assessing participants’ retention of safety knowledge 1 year after game-based training, revealing a resilient performance despite a perceived decline in preparedness.",Yes,This longitudinal study investigated the efficacy of game-based learning in enhancing the retention of safety knowledge.,Empirical Study,empirical study,Empirical Study,False,False,True,Fully Support,Partial Support,Not Support
0d33ac7b-f741-46dd-9890-ee674d33e07c,A Large-Scale Feasibility And Ethnography Study Of Screen-Based Ar And 3D Visualization Tools For Anatomy Education: Exploring Gender Perspectives In Learning Experience,"Anatomy education is an indispensable part of medical training, but traditional methods face challenges like limited resources for dissection in large classes and difficulties understanding 2D anatomy in textbooks. Advanced technologies, such as 3D visualization and augmented reality (AR), are transforming anatomy learning. This paper presents two in-house solutions that use handheld tablets or screen-based AR to visualize 3D anatomy models with informative labels and in-situ visualizations of the muscle anatomy. To assess these tools, a user study of muscle anatomy education involved 236 premedical students in dyadic teams, with results showing that the tablet-based 3D visualization and screen-based AR tools led to significantly higher learning experience scores than traditional textbook. While knowledge retention didn't differ significantly, ethnographic and gender analysis showed that male students generally reported more positive learning experiences than female students. This study discusses the implications for anatomy and medical education, highlighting the potential of these innovative learning tools considering gender and team dynamics in body painting anatomy learning interventions. © 2024 IEEE.",No,"The abstract focuses on evaluating learning experience and knowledge retention from anatomy education tools, but does not explicitly discuss capturing or retaining knowledge from individuals or organizations.",Yes,"To assess these tools, a user study of muscle anatomy education involved 236 premedical students in dyadic teams, with results showing that the tablet-based 3D visualization and screen-based AR tools led to significantly higher learning experience scores than traditional textbook. While knowledge retention didn't differ significantly, ethnographic and gender analysis showed that male students generally reported more positive learning experiences than female students.",No,"The paper presents two in-house solutions that use handheld tablets or screen-based AR to visualize 3D anatomy models with informative labels and in-situ visualizations of the muscle anatomy, but does not clearly discuss capturing or retaining knowledge from individuals or organizations.",No,"The abstract mentions tablet-based 3D visualization and screen-based AR as learning tools, but does not discuss their use for capturing or retaining tacit knowledge.",Yes,"Advanced technologies, such as 3D visualization and augmented reality (AR), are transforming anatomy learning. This paper presents two in-house solutions that use handheld tablets or screen-based AR to visualize 3D anatomy models with informative labels and in-situ visualizations of the muscle anatomy.",Yes,"Advanced technologies, such as 3D visualization and augmented reality (AR), are transforming anatomy learning. This paper presents two in-house solutions that use handheld tablets or screen-based AR to visualize 3D anatomy models with informative labels and in-situ visualizations of the muscle anatomy.",Empirical Study,empirical study,Empirical Study,False,False,True,Fully Support,Partial Support,Not Support
f11979e9-34ab-4802-b120-5a5d30505197,Enhancing Safety Training Performance Using Extended Reality: A Hybrid Delphi–Ahp Multi-Attribute Analysis In A Type-2 Fuzzy Environment,"Safety training effectively addresses the inexperience of and lack of knowledge among construction workers, which are some of the most significant contributors to workplace accidents on construction sites. This paper aims to understand the effectiveness of different extended reality (XR) technologies in imparting important construction safety training to construction workers in a virtual environment compared to conventional classroom training sessions. A group of experts were engaged to understand the most effective learning criteria and the impact of XR visualizations, and their responses were analysed using the interval type-2 fuzzy Delphi (IT2FD) method. Following this, a cohort of engineering students were subjected to construction safety training in traditional, augmented reality (AR) and virtual reality (VR) environments. Their feedback was collected using an online questionnaire and the responses were analysed using the interval type-2 fuzzy analytic hierarchy process (IT2F–AHP). The results revealed that addressing the virtual interface design of the training to maintain the attention of trainees and ensuring the virtual environment’s resemblance to the actual site and task were the most important factors in ensuring effective knowledge retention by the trainees. AR visualizations were most effective at imparting knowledge, and their interactive nature allowed trainees to retain the learned knowledge. © 2023 by the authors.",Yes,"The abstract discusses 'knowledge retention by the trainees' and 'imparting knowledge' through extended reality training, which involves capturing and retaining safety knowledge.",No,None identified,No,"The abstract discusses the effectiveness of different extended reality (XR) technologies in imparting construction safety training, but does not explicitly discuss capturing or retaining knowledge from individuals or organizations.",Yes,The abstract explicitly states that 'extended reality (XR) technologies' including 'augmented reality (AR) and virtual reality (VR)' are used for safety training to impart knowledge.,No,None identified,Yes,The paper aims to understand the effectiveness of different extended reality (XR) technologies in imparting important construction safety training to construction workers in a virtual environment.,Empirical Study,empirical study,Empirical Study,False,True,False,Not Support,Partial Support,Fully Support
cbfce2b4-9574-4ca7-9f6c-503229a51186,Comparative Effects Of Dynamic Geometry System And Physical Manipulatives On Inquiry-Based Math Learning For Students In Junior High School,"Mathematical inquiry involving hands-on activities has received increasing attention in mathematics education. Besides various customized physical teaching aids, subject-specific information technology, such as Dynamic Geometry System (DGS), finds extensive use in mathematical inquiry activities. However, effects of DGS and physical manipulatives on inquiry-based math learning remain an open question. Hence, by adopting a quasi-experimental research design, this paper aims to empirically compare the immediate learning outcomes, knowledge retention, and learning interest of seventh-grade students who explore with virtual manipulatives (i.e., the DGS) and who explore with physical manipulatives. Specifically, 131 students participated in learning activities centered on exploring pyramids and prisms. During the inquiry process, Group A (n = 33) constructed pyramids and prisms in DGS, Group B (n = 34) observed pre-made virtual models in DGS, Group C (n = 32) observed physical models, and Group D (n = 32) made physical pyramids and prisms with polymer clay and small sticks. Moreover, pretest, post-test, and delayed post-test designed according to the Van Hiele model, as well as an adapted interest questionnaire, were employed to evaluate students' performances; and collected data were analyzed by means of ANCOVA and t-test. Findings of the study revealed that in the context of construction, students employing the DGS exhibited superior immediate learning outcomes and greater knowledge retention compared to their peers who utilized physical manipulatives; while in the case of observation, the virtual and physical manipulatives yielded similar impacts on students' immediate learning outcomes, but students who involved in the DGS demonstrated higher knowledge retention. Furthermore, regarding the DGS environment, students who engaged in constructive manipulation surpassed their peers who engaged in observing manipulation. In terms of interest, the DGS proved to be more effective in both stimulating and maintaining higher interest compared to the physical manipulatives, and constructive manipulation was more effective than observing manipulation. In summary, as compared to the physical manipulatives, DGS, particularly when employed with constructive strategy, has shown to encourage students to more actively engage in task-related cognitive behaviors, thereby supporting and enhancing inquiry-based math learning of students in junior high school.",Yes,"The abstract explicitly measures 'knowledge retention' as a key outcome, comparing effects of different tools on retention, indicating a focus on retaining knowledge.",No,None identified,No,"However, effects of DGS and physical manipulatives on inquiry-based math learning remain an open question. Hence, by adopting a quasi-experimental research design, this paper aims to empirically compare the immediate learning outcomes, knowledge retention, and learning interest of seventh-grade students who explore with virtual manipulatives (i.e., the DGS) and who explore with physical manipulatives.",Yes,"The abstract discusses 'Dynamic Geometry System (DGS)' as a digital technology used to support inquiry-based learning and knowledge retention, linking technology to knowledge retention.",No,None identified,No,"While the abstract mentions the use of Dynamic Geometry System (DGS) and physical manipulatives, it does not explicitly state that these technologies are used to capture or retain knowledge.",Empirical Study,empirical study,Empirical Study,False,True,False,Not Support,Not Support,Fully Support
9b185e70-9167-41f2-b501-0bca41cfe883,Does A Student'S Attendance And A Classroom Task Significantly Enhance Learning Outcomes? Implications Of Policy In Gamely And Management Education,"Technological elements have always influenced learning outcomes in classroom settings. The influence of gamification as a technological tool has been widely researched at primary and secondary levels of education. However, no previous model focused on constructing it to measure the learning outcomes at the postgraduate level of management education, specifically by considering elements of the National Education Policy 2023. The current study outlines this gap and signifies its unique contribution by answering three research questions formulated using the FINER approach to get policy insights. First, the study explores relevance and significance among various constructs (latent variables), such as student attendance, task influence, academic performance, and knowledge retention, affecting expected learning performance directly or indirectly via gamification, directly affecting expected learning outcomes. Secondly, select constructs are assessed based on the serial mediation effect and positive association via gamification with expected learning outcomes. Thirdly, the study validated student attendance (at the beginning and end stages), the moderating effect of task completion by students (orientation, motivation, teacher feedback, and time management), and their learning intent and expected outcomes via gamification construct. Using structural equation modeling, the model hypotheses were validated on primary data-based instruments and based on a sample collected from student respondents (executives) in a typical management classroom of a postgraduate-level management course. The reliability and validity of the research model were assessed. In addition, assessing the effect size and predictive relevance, the performance of select constructs, such as academic learning and knowledge retention, was highly significant. In contrast, student attendance and tasks showed less importance. The study concludes and shows theoretical and policy implications for management education research and artificial intelligence, with a few particular data biases and heterogeneity in data sets the future research directions for management education.",No,"The abstract discusses learning outcomes, gamification, attendance, and task influence on expected learning performance, but does not explicitly discuss capturing or retaining knowledge from individuals or organizations.",No,None identified,Yes,"The study outlines the gap in measuring learning outcomes at the postgraduate level of management education by considering elements of the National Education Policy 2023, and constructs a model to measure the impact of student attendance, task influence, academic performance, and knowledge retention on learning outcomes via gamification.",No,"Gamification is mentioned as a technological tool influencing learning outcomes, but not explicitly used for capturing or retaining knowledge.",No,None identified,Yes,"The influence of gamification as a technological tool has been widely researched. The study validated student attendance (at the beginning and end stages), the moderating effect of task completion by students (orientation, motivation, teacher feedback, and time management), and their learning intent and expected outcomes via gamification construct.",Empirical Study,empirical study,Empirical Study,True,False,False,Not Support,Fully Support,Not Support
e69bcc55-74c1-4095-8358-12854305ccef,A Comparative Study On The Effectiveness Of Ai Chatbots And Dictionary Apps For Lexical Tasks And Retention,"This study compared an AI chatbot (Kimi) and a bilingual dictionary app (NCD) in supporting vocabulary tasks among Chinese junior English majors. Sixty-six participants used either Kimi or NCD to complete both receptive and productive lexical tasks. Questionnaires gathered user feedback on tool use, and a surprise retention test assessed long-term vocabulary retention one week later. Results showed that Kimi significantly outperformed NCD in vocabulary comprehension, collocation production, and productive knowledge retention. Additionally, Kimi demonstrated more consistent performance than NCD across all test items, highlighting its reliability. The study underscores the potential of AI chatbots to address language-related queries and enhance vocabulary acquisition. It also advocates for aligning technological advancements with pedagogical goals to optimize language learning tools and create a sustainable learning environment.",No,"The abstract compares AI chatbot and dictionary app for vocabulary tasks and retention, focusing on learning outcomes rather than capturing or retaining knowledge from individuals or organizations.",No,None identified,Yes,"Results showed that Kimi significantly outperformed NCD in vocabulary comprehension, collocation production, and productive knowledge retention.",No,"The abstract mentions AI chatbot and dictionary app as tools for vocabulary learning, not for capturing or retaining tacit knowledge.",Yes,AI chatbot (Kimi) and a bilingual dictionary app (NCD),Yes,This study compared an AI chatbot (Kimi) and a bilingual dictionary app (NCD) in supporting vocabulary tasks among Chinese junior English majors.,Empirical Study,empirical study,Empirical Study,True,False,False,Partial Support,Fully Support,Not Support
03ebe64b-74a7-466c-8a5d-d27c5e5384a7,Mobile-Enhanced Outdoor Education For Tang Sancai Heritage Tourism: An Interactive Experiential Learning Approach,"Outdoor experiences significantly enrich intangible cultural heritage tourism, yet limited interaction often restricts deep cultural learning. This research investigates how a mobile application, grounded in experiential learning theory, enhances tourists' learning about Tang Sancai, a form of Chinese intangible cultural heritage, in the outdoor setting of Sancai Town, Luoyang. Employing a theory learning behavior design scenario framework, the application integrates activity-based exploration, reflective multimedia content, and immersive simulation scenarios to promote active participation, critical reflection, and context-rich outdoor learning experiences. Controlled experiments using pre- and post-tests and questionnaires revealed that participants using the application significantly outperformed those using conventional digital tools in knowledge retention, comprehension, and experiential learning outcomes. Technology acceptance analysis highlighted perceived usefulness as a critical driver of learning success. However, limited effects on behavioral progression suggest that short-term digital interactions may not sustain long-term behavioral change. This research offers a replicable mobile learning framework for outdoor cultural education, extends experiential learning theory to informal tourism contexts, and provides practical insights into using technology to enrich outdoor educational experiences, while supporting heritage preservation.",No,"The abstract discusses enhancing learning and knowledge retention as outcomes, but does not explicitly discuss capturing or retaining knowledge from individuals or organizations.",No,"This research investigates how a mobile application, grounded in experiential learning theory, enhances tourists' learning about Tang Sancai, a form of Chinese intangible cultural heritage, in the outdoor setting of Sancai Town, Luoyang.",Yes,"Controlled experiments using pre- and post-tests and questionnaires revealed that participants using the application significantly outperformed those using conventional digital tools in knowledge retention, comprehension, and experiential learning outcomes.",No,No digital technologies are discussed for capturing or retaining knowledge.,No,"Employing a theory learning behavior design scenario framework, the application integrates activity-based exploration, reflective multimedia content, and immersive simulation scenarios to promote active participation, critical reflection, and context-rich outdoor learning experiences.",Yes,"This research investigates how a mobile application, grounded in experiential learning theory, enhances tourists' learning about Tang Sancai, a form of Chinese intangible cultural heritage, in the outdoor setting of Sancai Town, Luoyang.",Empirical Study,empirical study,Empirical Study,True,False,False,Not Support,Fully Support,Not Support
7bb3afeb-e3e1-4d69-b069-4a6c02838cda,Affective Statistics: Influence Of Visual Designs On The Interpretation Of Public Health Data,"Effective visualisation is crucial for interpreting and disseminating data in both professional and public domains. This study investigates the impact of colour hue and visualisation modes - static maps, short videos, and augmented reality (AR) animations - on knowledge accuracy (KA), cognitive evaluation, and emotional response using January 2022 COVID-19 data from the continental U.S. Participants (N = 105) viewed maps depicting COVID-19 cases or vaccination rates in each mode and in either red or green hues. Results indicate that negative emotional impact was greater for static compared to video mode, but only in the green condition, while KA improved for static mode in both colour conditions and for AR in the red condition. Cognitive evaluations were not significantly affected by mode or colour. A second model with KA as outcome and including surprise and cognitive evaluation as mediators showed that static mode associated with improved KA, with surprise positively associated with KA scores, but only in video mode. The results suggest insights into effective health data visualisation strategies and the potential of AR technology for enhancing knowledge retention and engagement.",No,"The abstract discusses knowledge accuracy and knowledge retention as outcomes, but does not explicitly discuss capturing or retaining knowledge from individuals or organizations.",No,"Effective visualisation is crucial for interpreting and disseminating data in both professional and public domains. This study investigates the impact of colour hue and visualisation modes - static maps, short videos, and augmented reality (AR) animations - on knowledge accuracy (KA), cognitive evaluation, and emotional response using January 2022 COVID-19 data from the continental U.S.",Yes,"Results indicate that negative emotional impact was greater for static compared to video mode, but only in the green condition, while KA improved for static mode in both colour conditions and for AR in the red condition.",No,No digital technologies are discussed for capturing or retaining knowledge.,No,"Participants (N = 105) viewed maps depicting COVID-19 cases or vaccination rates in each mode and in either red or green hues. Results indicate that negative emotional impact was greater for static compared to video mode, but only in the green condition, while KA improved for static mode in both colour conditions and for AR in the red condition.",Yes,"This study investigates the impact of colour hue and visualisation modes - static maps, short videos, and augmented reality (AR) animations - on knowledge accuracy (KA), cognitive evaluation, and emotional response using January 2022 COVID-19 data from the continental U.S.",Empirical Study,empirical study,Empirical Study,True,False,False,Not Support,Fully Support,Not Support
ff43e243-583a-45ed-b0dd-0bd61fa976bc,Collaborative Knowledge Management In The Digitized Train Maintenance Workplace: A Case Study At The Dutch Railways,"Dutch train maintenance faces challenges due to workforce losses and skill gaps driven by rapid technological advancements. Effective knowledge management (KM) is vital to prevent knowledge loss and optimise total productive maintenance (TPM). Maintenance workers' processes and knowledge-sharing behaviours are currently underexplored. Human-Computer Interaction (HCI) methods can reveal key challenges and opportunities for improvement. This study illustrates the use of contextual inquiry combined with affinity and ideation workshops, which led to valuable insights and concepts. Eight opportunities were identified and grouped into three clusters: Communication, information accessibility, and administration adequacy. Further ideation produced four concepts. Research in a complex, safety-critical environment like maintenance requires thorough preparation and expectation management. Despite these challenges, involving maintenance workers in the innovation process has proven highly valuable.",Yes,The abstract explicitly states: 'Effective knowledge management (KM) is vital to prevent knowledge loss and optimise total productive maintenance (TPM).' This indicates a clear focus on retaining knowledge to prevent loss.,Yes,Effective knowledge management (KM) is vital to prevent knowledge loss and optimise total productive maintenance (TPM). Maintenance workers' processes and knowledge-sharing behaviours are currently underexplored.,Yes,Effective knowledge management (KM) is vital to prevent knowledge loss and optimise total productive maintenance (TPM).,No,"The abstract mentions Human-Computer Interaction (HCI) methods like contextual inquiry and workshops, but does not describe any digital technology used to capture or retain knowledge; these are research methods, not retention technologies.",No,None identified,Yes,"This study illustrates the use of contextual inquiry combined with affinity and ideation workshops, which led to valuable insights and concepts.",Case Study,case study,Case Study,True,False,False,Partial Support,Fully Support,Partial Support
86cb7a5b-83d7-4ceb-b4ac-76245d647bc1,Application Of Artificial Intelligence And Virtual Reality In Soft Skills Training With Modeled Personality,"Across the world, people are exploring fields where AI (Artificial Intelligence) and VR (Virtual Reality) can be harnessed to unlock new possibilities and drive innovation. The aim of this article was to review the potential and assess the feasibility of using virtual reality technology in soft skills training (including people management, stress management, communication, conflict resolution, and sales). A project was developed featuring an application that utilizes virtual reality and artificial intelligence to facilitate communication with a virtual coach. The application operates on Meta Quest 3 virtual reality goggles (Meta Platforms, Inc., Menlo Park, CA, USA). Tests of the presented solution confirm market trends, highlighting the potential for achieving positive training outcomes through immersive technologies. The conclusions outline opportunities for improvement and further development of such solutions. This study applied a quasi-experimental model with pretest, posttest, and four-week follow-up measurements. The effectiveness of VR training was evaluated using a knowledge test (0-100%), a self-assessment scale of soft skills (Likert 1-5), expert behavior observation (0-10 scale), and posttraining surveys. The VR group demonstrated significantly higher gains in knowledge, soft skills, and behavioral performance with knowledge retention reaching 89% after four weeks. These results confirm the effectiveness of immersive VR training and its alignment with current market trends in innovative professional development.",No,"The abstract evaluates VR training for soft skills, measuring knowledge gains and retention, but does not discuss capturing or retaining knowledge from individuals or organizations. It focuses on training effectiveness, not on knowledge retention practices.",No,None identified,Yes,The aim of this article was to review the potential and assess the feasibility of using virtual reality technology in soft skills training.,No,"Virtual reality and artificial intelligence are used for training, but not explicitly for capturing or retaining knowledge; they are training delivery tools, not retention technologies.",Yes,"A project was developed featuring an application that utilizes virtual reality and artificial intelligence to facilitate communication with a virtual coach. The application operates on Meta Quest 3 virtual reality goggles (Meta Platforms, Inc., Menlo Park, CA, USA).",Yes,A project was developed featuring an application that utilizes virtual reality and artificial intelligence to facilitate communication with a virtual coach.,Empirical Study,empirical study,Empirical Study,True,False,False,Partial Support,Fully Support,Not Support
8aa7096c-677d-4d5b-85a3-63730a2abde2,Development Of A Virtual Reality For Physiology Education,"This study explores the development and evaluation of a Virtual Reality (VR)-based Massive Open Online Course (MOOC) designed to enhance the learning of complex physiological concepts in exercise physiology education. Traditional teaching methods often struggle to effectively convey dynamic physiological processes, such as muscle contraction and energy metabolism. By utilizing VR technology, this research provides an immersive, interactive environment for students to visualize and engage with these processes in 3D. The study employed a Research and Development (R&D) approach, using the 4D model (Define, Design, Development, Dissemination) to create and assess the VR program. Experts in physiology, educational media, and linguistics validated the content, ensuring both pedagogical soundness and technical quality. Evaluation methods included expert validation questionnaires, practicality surveys, and student feedback. The tool received high ratings for its educational value, interactivity, and usability, with an average expert validation score of 97.42% and a student practicality score of 98.89%. Instructors found the VR program practical for enhancing conceptual learning, especially in visualizing complex processes difficult to simulate in traditional settings. The study suggests that integrating VR with MOOCs can democratize access to exercise physiology education globally. However, challenges related to technology access and content development remain. Future research should explore VR's longterm impact on knowledge retention and its applicability in real-world scenarios. This research demonstrates VR's potential to revolutionize specialized education by offering scalable, immersive, and engaging learning experiences that enhance both accessibility and effectiveness.",No,"The abstract describes developing a VR-based MOOC for physiology education to enhance learning, but does not discuss capturing or retaining knowledge from individuals or organizations.",No,None identified,Yes,This study explores the development and evaluation of a Virtual Reality (VR)-based Massive Open Online Course (MOOC) designed to enhance the learning of complex physiological concepts in exercise physiology education.,No,No digital technologies are discussed in the context of capturing or retaining tacit knowledge.,Yes,"By utilizing VR technology, this research provides an immersive, interactive environment for students to visualize and engage with these processes in 3D.",Yes,"By utilizing VR technology, this research provides an immersive, interactive environment for students to visualize and engage with these processes in 3D.",Empirical Study,empirical study,Empirical Study,True,False,False,Partial Support,Fully Support,Not Support
1ec65571-bd31-4401-b380-64122e6deadf,Sheet Metal Forming Tooling- State Of Art And Practice In Five Manufacturing Companies,"There are several recent developments in technology and methods for the design, manufacture and operation of tooling for sheet metal forming. Technologies such as electric presses with accurately controlled motions and design tools such as forming simulations and AI technologies for knowledge capture and reuse are actively progressing. Manufacturing processes such as additive manufacturing and materials are advancing. There are advancements in the operation of the tooling via for example sensor technology. In this paper, a structured literature search is presented to understand the state of the art in sheet metal forming tooling. In addition, the paper presents an interview study with staff and management from five different industrial companies that are active in tooling design, manufacture, and operation. The objective is finding the current challenges for the companies and to what extent new technologies and methods are considered or being implemented to meet the current challenges. The interviews show that there are challenges concerning the lead time for tooling design and manufacture as well as the availability of the tooling in production. Although the companies have made recent investments, they are lacking the knowledge to fully exploit the potential of the new technologies. The paper strongly advocates for the utilization of technology to address the challenges within the tooling industry, aiming for enhanced efficiency and improved tooling design processes.",Yes,"The abstract mentions 'AI technologies for knowledge capture and reuse' in the context of sheet metal forming tooling design, indicating explicit discussion of capturing knowledge.",No,None identified,No,"The paper presents an interview study with staff and management from five different industrial companies that are active in tooling design, manufacture, and operation. The objective is finding the current challenges for the companies and to what extent new technologies and methods are considered or being implemented to meet the current challenges.",Yes,The abstract explicitly states 'AI technologies for knowledge capture and reuse'.,Yes,Technologies such as electric presses with accurately controlled motions and design tools such as forming simulations and AI technologies for knowledge capture and reuse are actively progressing.,No,"Although the companies have made recent investments, they are lacking the knowledge to fully exploit the potential of the new technologies.",Empirical Study,empirical study,Empirical Study,False,True,False,Partial Support,Not Support,Fully Support
68d23da1-d285-4d68-9579-478d1fba01f2,Design And Implementation Of Vr Teaching Practice Model For Higher Vocational Students' Mental Health Education Course Oriented Towards Improving Psychological Resilience,"Issues of mental health among higher vocational education students have attracted growing concern, fueling the need for novel pedagogical approaches that can foster psychological resilience. This study details the design and implementation of an innovative Virtual Reality (VR) pedagogical framework for mental health courses in higher vocational education settings. The research addresses the limitations of conventional pedagogical approaches through the use of immersive VR technology to create experiential learning spaces that foster the development of psychological resilience. Through a mixed-methods research design, we created an extensive VR-based curriculum with four main modules: stress management simulation, social interaction training, problem-solving under pressure, and exercises on emotional regulation. A 12 week experiment was carried out with 200 higher vocational students, comparing the effects of the VR intervention group with a control group receiving conventional instruction. Quantitative results revealed significant improvements in psychological resilience scores (Cohen's d = 0.78, p < 0.001). Qualitative findings revealed significant improvements in student engagement, skill transfer to real-life situations, and self-efficacy in coping with psychological adversity. The virtual reality (VR) model showed greater educational efficacy in terms of knowledge retention, with a 23% improvement, as well as in practical skill application, which showed a 31% improvement compared to traditional learning methods. This study presents an empirically supported model for incorporating VR technology in mental health training, providing data-driven recommendations for its use in professional settings and opening the door for new approaches utilizing VR technology to enhance psychological resilience.",No,"The abstract describes a VR pedagogical framework for mental health education, focusing on improving psychological resilience and knowledge retention. However, it does not explicitly discuss capturing or retaining knowledge from individuals or organizations; it focuses on student learning outcomes.",No,None identified,Yes,This study details the design and implementation of an innovative Virtual Reality (VR) pedagogical framework for mental health courses in higher vocational education settings. The research addresses the limitations of conventional pedagogical approaches through the use of immersive VR technology to create experiential learning spaces that foster the development of psychological resilience.,No,"The abstract mentions Virtual Reality (VR) as a technology used to create experiential learning spaces, but not for capturing or retaining knowledge. The technology is used for teaching and skill development.",Yes,Virtual Reality (VR) pedagogical framework,Yes,The research addresses the limitations of conventional pedagogical approaches through the use of immersive VR technology to create experiential learning spaces that foster the development of psychological resilience.,Empirical Study,empirical study,Empirical Study,True,False,False,Partial Support,Fully Support,Not Support
6e6e7544-4b87-4ac1-92e2-1df9418e48a6,Analyzing The Effectiveness Of Verbal-Visual Learning Style Rating (Vvlsr) Using Eye-Tracking Technology,"The study aims to analyze the effects of visual and verbal learning with the help of eye-tracking technology. A quantitative research design is adopted to assess verbal/visual performance using eye-tracking technology. The study recruited sixty-two students. The responses of participants were collected regarding the verbal-visual learning style rating (VVLSR). This study used eyetracking technology and assessed the verbal/visual performance of the participants. Fixation count on the map (FCm), Fixation count on the text (FCt), fixation duration on the map (FDm), and fixation duration on the text (FDt) were involved in the measures. Statistical analysis was performed through one-way analysis of variance (ANOVA) and Pearson correlation. Data were gathered with the Tobii X120 and collected with Tobii Studio. The findings revealed a significant relationship between text duration and verbal score (r = 0.543, p < 0.001). One-way ANOVA findings showed a significant impact of learning style on the visual test [F (2.59) = 6.26, p = 0.003]. No significant effect of learning style was reported on the verbal test [F (2.59) = 0.957, p = 0.390)]. The study has provided evidence of the effectiveness of visuals in multimedia learning environments. The participants' perceptions varied about the learning procedure. The study found a significant positive impact of using visual and verbal information for better learning and knowledge retention. In the future, the VVLSR will add value to the research in applied cognitive psychology as it will help the psychologist to identify the effects of different verbal/visual learning styles via eye-tracking technology.",No,"The abstract analyzes verbal-visual learning styles using eye-tracking technology, focusing on learning effectiveness and knowledge retention. It does not discuss capturing or retaining knowledge from individuals or organizations; it examines learning style effects.",No,None identified,Yes,The study aims to analyze the effects of visual and verbal learning with the help of eye-tracking technology.,No,"The abstract mentions eye-tracking technology (Tobii X120) as a tool to assess verbal/visual performance, but not for capturing or retaining knowledge. The technology is used for data collection on learning behaviors.",Yes,eye-tracking technology,Yes,The study aims to analyze the effects of visual and verbal learning with the help of eye-tracking technology.,Empirical Study,empirical study,Empirical Study,True,False,False,Partial Support,Fully Support,Not Support
23c8d744-386f-49ea-8736-c079e6c88dec,Xr Vest: A Novel System For Demonstration-Based Learning Of Safety Skills,"This work investigates the design and usability of a novel eXtended Reality (XR) Vest, which combines two viewpoints for demonstration-based training (DBT). Traditional modalities for DBT, such as prerecorded videos and live instruction, are minimally engaging and potentially hazardous resulting in low motivation and knowledge retention. To combat this, works incorporate XR technology to improve training immersiveness, safety, and engagement. When worn by a trainer, our XR Vest enables trainees to have the first-person perspective of immersive XR environments on an integrated tablet while simultaneously watching the third-person motor movements. To test the XR Vest in DBT, 28 individuals completed three training sessions: 1) using an Oculus Quest 2 (baseline); 2) watching a DBT video on a desktop computer monitor (first-person perspective); and 3) viewing a DBT on the XR Vest (first-person and third-person perspectives). Following each session, the participants performed a memory aptitude test to evaluate their recall, a NASA Task Load Index questionnaire to investigate their perceived workload, and a System Usability Scale (SUS) questionnaire to measure the usability of the systems. A linear mixed-effect analysis showed significant differences between the temporal demand, physical demand, and frustration in the NASA-TLX scores and the integration and learnability features in the SUS scores. The results suggest that incorporating XR technology in first- and third-person perspectives within the XR Vest decreased workload and improved system usability. Future works should evaluate the benefits of this XR design in other domains where DBT is used.",Yes,The abstract discusses 'knowledge retention' as a measured outcome of the XR Vest training system.,No,None identified,No,"This work investigates the design and usability of a novel eXtended Reality (XR) Vest, which combines two viewpoints for demonstration-based training (DBT).",Yes,The abstract explicitly describes the use of an eXtended Reality (XR) Vest and Oculus Quest 2 for demonstration-based training to improve knowledge retention.,No,None identified,No,The work does not explicitly discuss using digital technologies to capture or retain tacit knowledge.,Empirical Study,empirical study,Empirical Study,False,True,False,Not Support,Not Support,Fully Support
1d440c26-11c0-4d17-9774-7eb2af6455e7,Design Of Artificial Intelligence Based Teaching Assistance System For Online Basic Disaster Rescue Medicine Courses,"Disaster rescue medicine is an integral component of emergency medical education, with the goal of educating students in the necessary knowledge and life-saving skills used during emergency situations. The current educational methods are plagued by several drawbacks such as inflexible content delivery, absence of real-time interaction, limited remote access, and insufficient testing of practical decision-making abilities. The conventional systems tend to be static and do not involve learners in interactive, real-time rescue contexts. In order to tackle these challenges, this work suggests a Web-Enabled BERT-based Teaching Assistance System specifically designed for the  Basic Disaster Rescue Medicine course. The system architecture consists of modular content delivery with web technologies, simulation-based interactive case practice, real-time skill testing, and an intelligent feedback loop that adjusts learning materials according to user performance. The major innovations encompass dynamic rendering of learning material, asynchronous support for remote learners, and inbuilt behaviour tracking to monitor performance and decision validity. Experimental evaluation of the platform included comparative testing against standard learning environments. Experimental findings establish a significant improvement in learner interest, knowledge retention, and emergency response preparedness. Performance measures comprise accuracy at 97.8%, precision at 97.8%, recall at 97.5%, and F1-score at 97.5%, which signify high efficacy of the proposed system. This web-based system is a breakthrough towards scalable, interactive, and result-oriented training in emergency medical education with high potential to be further enriched through AI-based adaptation and immersion simulations.",Yes,The abstract explicitly mentions 'knowledge retention' as a performance measure of the proposed teaching assistance system.,No,None identified,No,"The current educational methods are plagued by several drawbacks such as inflexible content delivery, absence of real-time interaction, limited remote access, and insufficient testing of practical decision-making abilities.",Yes,The abstract describes a 'Web-Enabled BERT-based Teaching Assistance System' that uses AI-based adaptation and simulation for knowledge retention.,No,None identified,No,The work does not explicitly discuss using digital technologies to capture or retain tacit knowledge.,Empirical Study,empirical study,Empirical Study,False,True,False,Not Support,Not Support,Fully Support
4c0b0f45-a2f4-44a2-b4de-ec2661b31521,Improving Higher Education With The Use Of Mobile Augmented Reality (Mar): A Case Study,"Currently, students face difficulties in understanding and assembling desktop computer hardware. Traditional teaching, which relies on theoretical classes and manuals, does not provide sufficient interactive or practical experience, hindering the comprehension and retention of knowledge. Understanding hardware is fundamental for computer science and related fields students, as it is the basis for building and maintaining computer systems. The lack of practical knowledge in this area can result in inadequate training, limiting students' abilities to apply theoretical concepts in real-world situations, which can affect their academic performance and job market readiness. There have been initiatives that included the use of printed manuals, video tutorials, and software simulations to teach hardware. However, these methods failed to engage students sufficiently or provide a practical and realistic learning experience. These methods can become boring and disconnected from the practical experience necessary for properly assembling computer hardware. The proposed solution is the use of an augmented reality (AR) mobile application to create an interactive and practical learning experience. The application called Build_PC was designed, and it allows students to visualize and manipulate hardware components in a virtual environment superimposed on the real world, allowing practical learning of computer assembly and operation. The main results of the research, which used volunteer students associated with control and experimental groups, show that the use of Build_PC significantly improved the understanding and retention of knowledge about computer hardware. Students who used the application demonstrated a greater ability to understand the operation of hardware components compared to those who used traditional methods. In addition, students reported greater motivation and satisfaction with the learning process. Implementing a AR-powered application in hardware education has several important implications. Firstly, it provides an effective tool to enhance understanding and knowledge retention, which can lead to better academic and professional preparation for students. Furthermore, it can serve as a model for integrating emerging technologies in other educational areas, enhancing practical teaching and interactive learning. It also highlights the need to invest in innovative educational technologies to keep up with job market demands and student expectations.",No,"The abstract discusses using a mobile AR application (Build_PC) to improve understanding and retention of knowledge about computer hardware, but this is about learning and knowledge retention in students, not about capturing or retaining knowledge from individuals or organizations. The focus is on educational outcomes, not knowledge management practices.",No,None identified,Yes,The proposed solution is the use of an augmented reality (AR) mobile application to create an interactive and practical learning experience.,No,"No knowledge capture or retention from individuals/organizations is discussed, so digital technologies are not applied for that purpose.",No,None identified,Yes,"The application called Build_PC was designed, and it allows students to visualize and manipulate hardware components in a virtual environment superimposed on the real world, allowing practical learning of computer assembly and operation.",Empirical Study,case study,Case Study,True,False,False,Not Support,Fully Support,Not Support
02127705-87f4-4b12-ab6b-7642ca734854,A Smartphone Application And Education Program For Hearing Health Promotion In High School Teenagers,"OBJECTIVES: To assess knowledge retention after video-based hearing health education and measure headphone listening behavior change using a novel smartphone application. METHODS: In this prospective longitudinal study, students participated in video-based hearing health education and hearing screening sessions. Hearing health knowledge was assessed in students and parents after 6 weeks. A novel smartphone application was created to measure daily noise exposure based on volume settings with headphone use and to display the National Institute for Occupational Safety and Health (NIOSH) noise doses with alerts for cumulative daily doses nearing the maximum. RESULTS: Seventy-six teenage students and parents participated. Eighty three percent of participants identified as a racial or ethnic minority and 66% were of low-income socioeconomic status. Hearing health knowledge was retained in students 6 weeks after education and parents' knowledge improved from baseline. The smartphone app was installed on 12 student phones, and 25% of days monitored exhibited noise doses that exceeded the NIOSH maximum. App use for at least 10 days by nine students showed a significant reduction in average daily noise dose and time spent at the highest volume settings during the second-half of app use. CONCLUSIONS: Video-based hearing health education with knowledge question reinforcement was associated with knowledge retention in students and improved parental attitudes and knowledge about hearing conservation. A smartphone app with a real-time display of headphone cumulative noise exposure dose identified at-risk students. The integration of hearing health education, hearing screening, and digital health tools has promised to promote positive behavior changes for long-term hearing conservation. LEVEL OF EVIDENCE: 4 Laryngoscope, 133:2007-2013, 2023.",No,"The abstract discusses hearing health education and a smartphone app for monitoring noise exposure, but does not explicitly discuss capturing or retaining knowledge from individuals or organizations.",Yes,To assess knowledge retention after video-based hearing health education and measure headphone listening behavior change using a novel smartphone application.,No,The abstract discusses knowledge retention and behavior change using a smartphone application but does not explicitly discuss capturing or retaining knowledge from individuals or organizations.,No,The abstract mentions a smartphone application for monitoring noise exposure but not in the context of capturing or retaining tacit knowledge.,Yes,A novel smartphone application was created to measure daily noise exposure based on volume settings with headphone use and to display the National Institute for Occupational Safety and Health (NIOSH) noise doses with alerts for cumulative daily doses nearing the maximum.,Yes,The abstract mentions the use of a smartphone application to measure daily noise exposure and display noise doses.,Empirical Study,empirical study,Empirical Study,False,False,True,Fully Support,Partial Support,Not Support
dcc509cd-2368-4c10-b268-2850fdbca8cb,Development And Validation Of An Escape Game For Food Safety Education: Gamifying The Management Of A Food-Borne Health Alert,"Veterinary training programs in Europe must equip future professionals with essential knowledge and skills in food hygiene and technology to assess, promote, and monitor food safety, as outlined by the World Organization for Animal Health, Directive 2005/36/EC, and the European Association of Establishments for Veterinary Education standards. In France, veterinary education follows a competency-based framework that includes investigating food chain contamination and participating in multidisciplinary crisis management. To address the challenge of teaching practical public health skills, a food safety escape game was developed at the National Veterinary School of Toulouse. This teaching sequence simulates the management of a food-borne outbreak, using gamification to engage students in problem-solving through a realistic scenario. This study details the game's development, implementation, and efficacy evaluation. Student progress was assessed using a pretest and post-test survey, and perceptions were gathered through qualitative feedback. Results showed significant improvements in students' understanding of food-borne outbreak management and increased engagement with the subject. A debriefing session following the game further enhanced knowledge retention and reflection. The findings highlight the effectiveness of gamification and small-group problem-solving exercises, such as serious games, in veterinary public health education. In particular, the results of student questionnaires suggest that teaching health crisis management through an escape game linked to a real-life situation, along with the game's constraints (e.g., competition between groups, time limits), is highly valued and can improve the quality of teaching. This study provides valuable insights for educators aiming to enhance student satisfaction and learning outcomes. Furthermore, it demonstrates that escape games offer an innovative approach to teaching complex public health subjects, helping students grasp key concepts in an interactive way. Future efforts will focus on expanding the game's scope, adjusting difficulty levels, and refining mechanics to better meet the diverse needs of veterinary students and professionals.",No,"The abstract discusses using an escape game for food safety education to improve knowledge retention and engagement, but does not explicitly discuss capturing or retaining knowledge from individuals or organizations.",No,None identified,Yes,"This study details the game's development, implementation, and efficacy evaluation.",No,The abstract mentions gamification and serious games but not digital technologies used to capture or retain tacit knowledge.,No,None identified,Yes,a food safety escape game was developed,Empirical Study,empirical study,Empirical Study,True,False,False,Not Support,Fully Support,Not Support
96c76769-f9f4-4cfe-bd83-860e96ed0109,Immersive Virtual Reality For Enabling Patient Experience And Enrollment In Oncology Clinical Trials: A Feasibility Study,"Background/Objectives: Informed consent is a crucial part of the clinical trial enrollment process in which patients are asked to understand and provide approval for medical interventions. Consent forms can be complex and hinder patient comprehension, highlighting the need for novel tools to improve the patient enrollment experience. This feasibility study aimed to develop an immersive technology to enroll human subjects in oncology clinical trials and provide 3D avatar-based informed consent in a virtual reality (VR) environment. Methods: Clinical feasibility and the effects of head-mounted VR devices on motion sickness and educational quality were evaluated in adult oncology patients enrolled in an intravenous (IV) port placement intervention study. Participants received before- and after-questionnaires to measure their understanding of the information received in VR. A follow-up questionnaire was given four weeks post-consent to measure knowledge retention. Results: Clinical staff reported that VR technology was manageable to use. Among 16 adult participants, all reported that VR was well tolerated with no motion sickness. The mean pre-intervention knowledge score was 64.6%, with an immediate post-intervention knowledge score of 97.9%. A mean knowledge score of 93.3% four-weeks post-consent was observed among 10/16 participants who completed a follow-up questionnaire. Conclusions: These findings support that VR is well tolerated and effective at delivering information during the informed consent process for oncology clinical trials. Key limitations include the small sample size and single clinical population. Further trials are warranted to compare efficacy over traditional consenting mechanisms and include more diverse clinical populations among a wider participant pool.",No,"The abstract discusses using VR to deliver informed consent and improve patient comprehension and knowledge retention, but does not explicitly discuss capturing or retaining knowledge from individuals or organizations.",No,None identified,Yes,This feasibility study aimed to develop an immersive technology to enroll human subjects in oncology clinical trials and provide 3D avatar-based informed consent in a virtual reality (VR) environment.,No,The abstract mentions VR technology but not in the context of capturing or retaining tacit knowledge.,Yes,"immersive technology, virtual reality (VR), 3D avatar-based informed consent",Yes,"develop an immersive technology, virtual reality (VR) environment",Empirical Study,empirical study,Empirical Study,True,False,False,Partial Support,Fully Support,Not Support
bbd423b3-e483-47b3-9e65-ff59c7c6c64f,Factors Influencing Educators' Perspectives On Accepting Extended Reality In Health Care Education: Qualitative Study,"BACKGROUND: Palestinian higher education institutions face limitations in providing interactive practical training for medical education. Extended reality (XR), which encompasses virtual reality and augmented reality, is increasingly recognized for addressing these challenges by offering immersive learning experiences. OBJECTIVE: This study investigates the factors influencing the acceptance and adoption of XR in health care education within Palestinian universities, exploring its potential to transform traditional teaching methods. METHODS: A qualitative approach was used in this study to collect data through semistructured interviews and artifacts from the participants. The participants of the study were 25 faculty members from 2 large Palestinian universities who teach in the field of medical sciences. RESULTS: Three primary categories-external, internal, and design-related factors-emerged as pivotal in influencing XR adoption. Professional development, technical support, and infrastructure were key external enablers. Internally, prior experience with digital tools and positive attitudes had a significant impact on the adoption of XR. Design factors, including ease of use and interactivity, played a crucial role but also posed challenges for less tech-savvy educators. Despite barriers such as cost and technical issues, XR demonstrated notable benefits, including enhanced learning outcomes, improved knowledge retention, and the ability to simulate complex medical scenarios. CONCLUSIONS: XR technologies offer transformative potential for health care education in Palestine. By addressing challenges and leveraging XR's strengths, educational institutions can foster innovation and improve student engagement and skill acquisition. The study contributes to the theoretical understanding of technology acceptance in education by identifying the interplay of external, internal, and design factors. Practically, it emphasizes strategic investments in infrastructure, professional training, and institutional policies to optimize XR integration.",No,"The abstract discusses factors influencing XR adoption in healthcare education and mentions improved knowledge retention, but does not explicitly discuss capturing or retaining knowledge from individuals or organizations.",No,None identified,Yes,"XR demonstrated notable benefits, including enhanced learning outcomes, improved knowledge retention, and the ability to simulate complex medical scenarios.",No,The abstract mentions XR technologies but not in the context of capturing or retaining tacit knowledge.,Yes,"Extended reality (XR), virtual reality, augmented reality",Yes,"Extended reality (XR), which encompasses virtual reality and augmented reality, is increasingly recognized for addressing these challenges by offering immersive learning experiences",Empirical Study,qualitative study,Empirical Study,True,False,False,Not Support,Fully Support,Not Support
e89c2850-014a-4701-bdee-f8ebe2fcb979,Effect Of Virtual Reality Educational Program On Critical Thinking Disposition Among Nursing Students In Egypt: A Quasi-Experimental Pretest-Posttest Design,"BACKGROUND: Education has continuously evolved to keep pace with advancements in information technology. Virtual reality (VR) has emerged as an innovative and effective learning approach that enhances student engagement, particularly in developing problem-solving and critical thinking skills. Since its introduction in the early 1980s, VR has gained increasing attention in nursing education due to its potential to improve learning outcomes and skill acquisition. However, there is a need for further research to explore its impact on critical thinking disposition among nursing students. METHODS: This quasi-experimental pretest-posttest study was conducted with a convenience sample of 190 nursing students from Damietta University's Faculty of Nursing. Participants were assessed on their critical thinking disposition and VR-related knowledge at three time points: before the intervention, immediately after, and two months post-intervention. AIM: The VR-based educational program aimed to improve students' critical thinking disposition and assess their knowledge of virtual reality before, during, and after the program. RESULTS: A statistically significant improvement in students' mean scores for critical thinking disposition was observed across all evaluations (p < 0.001). The effect size (η²p ≥ 0.14) indicated a substantial impact, reinforcing the effectiveness of the VR-based educational program in fostering higher-order cognitive skills. Additionally, students demonstrated increased retention of VR-related knowledge when assessed immediately after the program and again after two months. CONCLUSIONS: This study highlights the transformative potential of VR as an educational tool in nursing. VR-based learning promotes active engagement, knowledge retention, and skill development in a safe and controlled environment. By integrating VR programs into nursing education, institutions can enhance students' critical thinking, collaboration, and communication skills, ultimately preparing them for real-world clinical practice. Given these findings, educational institutions should consider incorporating VR technology to support the continuous development of essential nursing competencies. TRIAL REGISTRATION: This study is formally registered on ClinicalTrials.gov (Identifier Code: NCT06622811; Registration Date: 01/10/2024).",No,"The abstract discusses a VR educational program to improve critical thinking disposition and knowledge retention among nursing students, but does not explicitly discuss capturing or retaining knowledge from individuals or organizations.",No,None identified,Yes,"The VR-based educational program aimed to improve students' critical thinking disposition and assess their knowledge of virtual reality before, during, and after the program.",No,The abstract mentions VR as an educational tool but not for the purpose of capturing or retaining knowledge from individuals or organizations.,No,None identified,Yes,"The VR-based educational program aimed to improve students' critical thinking disposition and assess their knowledge of virtual reality before, during, and after the program.",Empirical Study,empirical study,Empirical Study,True,False,False,Not Support,Fully Support,Not Support
c658e980-2a61-457a-903c-cbea594555af,From Surface To Deep Learning: Gamified Mobile Education For Subcutaneous And Intramuscular Injection Skills,"The aim of this study was to investigate the effect of a game-based mobile application on nursing students' skills in administering subcutaneous (SC) and intramuscular (IM) injections. Nursing education traditionally involves both theoretical and practical components. With the advent of digital technologies, innovative methods such as game-based learning have been introduced to enhance practical skills and knowledge retention in nursing education. This study explores the use of a mobile application designed to improve students' competence in SC and IM drug administration. This was an experimental study conducted during the 2021-2022 academic year. It involved a study group of 64 students who received training through a simulation game system and a control group of 65 students who underwent traditional training methods. Data were collected using the Self-Demonstration Form, the Study Process Questionnaire, and the Skills Performance List for Subcutaneous and Intramuscular Administration. The study focused on assessing the impact of game-based learning on students' performance and learning approaches. The study group showed significantly greater improvements in learning approaches and medication administration skills compared to the control group. Deep learning scores increased from 31.39 ± 6.23 to 45.05 ± 5.46 in the study group, versus 31.78 ± 5.68 to 37.02 ± 4.17 in the control group (p < 0.01). SC and IM administration scores improved significantly in the study group (SC: 22.50 ± 15.46 to 42.45 ± 11.66, p = 0.015; IM: 27.75 ± 15.98 to 59.45 ± 12.95, p < 0.001) compared to the control group. Scenario-based analyses also showed significant performance gains in the study group across all scenarios (p < 0.05). The HEM-SC-IM game-based mobile application proved effective in improving nursing students' skills in administering SC and IM injections. The interactive and engaging nature of game-based learning provides a valuable educational experience, promoting deeper understanding and practical skills development. This study supports the integration of educational technology in nursing curricula to enhance learning outcomes.",No,"The abstract discusses a game-based mobile application to improve nursing students' injection skills and knowledge retention, but does not explicitly discuss capturing or retaining knowledge from individuals or organizations.",No,None identified,Yes,The study investigates the effect of a game-based mobile application on nursing students' skills in administering subcutaneous (SC) and intramuscular (IM) injections.,No,The abstract mentions a game-based mobile application for training but not for the purpose of capturing or retaining knowledge from individuals or organizations.,No,None identified,Yes,The study uses a mobile application designed to improve students' competence in SC and IM drug administration.,Empirical Study,empirical study,Empirical Study,True,False,False,Not Support,Fully Support,Not Support
d0f7cb80-b6fb-416c-a546-d9000a81d8ef,Enhancing Educational Outcomes Through Hybrid Simulation Methods,"PURPOSE: To investigate long-term effectiveness of immersive virtual reality (VR) compared with traditional learning methods in a radiography education program through a comparative longitudinal analysis. METHODS: For 3 years, educational outcomes, such as student engagement and knowledge retention, were assessed to determine the effects of hybrid simulation methods incorporating immersive VR. The study used Virtual Medical Coaching's X-Ray Pro VR software to integrate VR into the curriculum. RESULTS: The data and graphical analyses substantiate the effectiveness of the hybrid learning model over traditional physical methods in terms of academic and practical performance metrics, affective measures, and career preparedness. Students using a hybrid of VR and physical simulations had significantly higher mean posttest scores, mean practical exam scores, career readiness, internship performance, mean motivation level, and mean engagement level compared with the students who only used physical simulation machines (P < .001). DISCUSSION: The significant improvements in student engagement and retention observed in this study suggest that VR can effectively address some of the limitations of traditional learning methods. The immersive nature of VR might provide a more engaging and interactive learning environment, leading to better educational outcomes. These findings support the potential for VR to be a valuable tool in higher education, particularly in fields that benefit from simulation-based training. However, further research is needed to explore the practical challenges of implementing VR at scale and to evaluate its effectiveness across various educational disciplines. CONCLUSION: This study uniquely contributes to the literature by providing empirical evidence of the sustained benefits of VR in educational settings, highlighting its potential to transform learning experiences and outcomes. The implications of these results suggest the need for educational institutions to consider integrating VR technologies strategically into their curricula to optimize teaching and learning effectiveness.",No,"The abstract discusses immersive virtual reality and hybrid simulation methods to improve educational outcomes such as student engagement and knowledge retention, but does not explicitly discuss capturing or retaining knowledge from individuals or organizations.",Yes,"hybrid learning model over traditional physical methods in terms of academic and practical performance metrics, affective measures, and career preparedness; VR can effectively address some of the limitations of traditional learning methods",No,The abstract discusses the effectiveness of hybrid simulation methods incorporating immersive VR in radiography education but does not explicitly discuss capturing or retaining knowledge from individuals or organizations.,No,"The abstract mentions immersive virtual reality as a learning tool, but does not explicitly discuss digital technologies being used to capture or retain knowledge.",Yes,immersive virtual reality (VR); Virtual Medical Coaching's X-Ray Pro VR software,Yes,The study used Virtual Medical Coaching's X-Ray Pro VR software to integrate VR into the curriculum.,Empirical Study,empirical study,Empirical Study,False,False,True,Fully Support,Partial Support,Not Support
00e7a588-358c-49d0-bab4-3154939e6fc6,Certainty-Based Marking In Multiple-Choice Assessments In Physiology: A Web-Based Implementation Using An Ai Assistant,"Certainty-based marking (CBM) requires students to indicate their certainty levels alongside their answers. CBM has been shown to enhance self-assessment and metacognitive awareness. This study aimed to explore the implementation of CBM in multiple-choice assessments in physiology. The CBM assessment tool was developed with an artificial intelligence (AI) assistant, Claude 3.5, with prompts focused on functional rather than technical requirements. The assessment consisted of 15 multiple-choice questions (MCQs), which were administered as a pretest and posttest during a small group teaching session to first-year medical students. Following the assessment, students completed a survey to evaluate their perceptions regarding the format, knowledge-gap identification, and overall acceptability. Answers from 195 students were analyzed, and significant improvements were observed in performance measures and certainty indices from the pretest to the posttest. Most students (80.9%) found the certainty scale beneficial, and 78.3% changed their answers after reflecting on their certainty. CBM demonstrated metacognitive benefits, with 86.4% of students better recognizing their knowledge gaps and 85.8% feeling more aware of their learning progress. About 73% of students preferred the CBM format and expressed greater engagement (82.8%) than traditional MCQs. CBM implemented through a web-based platform functioned as an assessment tool and an instructional intervention that enhanced students' metacognitive awareness and self-monitoring skills in physiology education. Our study focused on a single physiology topic and showed improvements in knowledge retention and certainty calibration. However, further longitudinal studies across multiple topics are needed to determine whether students maintain these self-assessment skills over time.NEW & NOTEWORTHY To introduce certainty-based marking (CBM) to novice students, a custom web-based multiple-choice question (MCQ) test was developed with assistance from an artificial intelligence (AI) tool. This enhanced accessibility and allowed for data collection to evaluate and analyze student performance. The integration of AI in creating this assessment tool highlights the potential of technology to improve educational practices, especially in designing various assessment strategies.",No,"The abstract discusses certainty-based marking (CBM) to enhance self-assessment and metacognitive awareness in students, but does not explicitly discuss capturing or retaining knowledge from individuals or organizations. It focuses on assessment and learning improvement.",No,None identified,Yes,"CBM demonstrated metacognitive benefits, with 86.4% of students better recognizing their knowledge gaps and 85.8% feeling more aware of their learning progress.",No,"The abstract mentions using an AI assistant (Claude 3.5) to develop the CBM assessment tool, but this is for tool development, not for capturing or retaining tacit knowledge. The technology is not linked to knowledge retention or capture.",Yes,"The CBM assessment tool was developed with an artificial intelligence (AI) assistant, Claude 3.5, with prompts focused on functional rather than technical requirements.",Yes,"The CBM assessment tool was developed with an artificial intelligence (AI) assistant, Claude 3.5, with prompts focused on functional rather than technical requirements.",Empirical Study,empirical study,Empirical Study,True,False,False,Partial Support,Fully Support,Not Support
dac85a16-b40f-45ca-9139-85da7468278e,"Virtual Simulation Experiments In Medical Education: Technology Acceptance, Learning Outcomes, And Motivational Impacts","BACKGROUND: Virtual Simulation Experiments (VSE) are increasingly applied in medical education, yet their role in medical microbiology remains underexplored. This study evaluated a VSE system designed for the isolation, culture, and identification of enteric pathogens, framed by Self-Determination Theory (SDT) and the Unified Theory of Acceptance and Use of Technology 2 (UTAUT2). METHODS: Ninety medical students were randomly assigned to either a VSE group or a traditional teaching group. Outcomes were assessed through operational skill and knowledge tests, supplemented by qualitative feedback. RESULTS: The VSE group achieved higher scores in operational skills (89.6 ± 5.2 vs. 81.8 ± 6.3, p < 0.01) and knowledge retention (87.4 ± 4.4 vs. 81.8 ± 5.0, p < 0.01). Students reported that VSE’ immersive environment and instant feedback enhanced satisfaction and autonomy, aligning with SDT. CONCLUSIONS: VSE significantly improved learning outcomes in medical microbiology and promoted intrinsic motivation. These findings provide empirical support for integrating VSE into medical curricula and highlight the need for further research on its long-term and broader educational impact. SUPPLEMENTARY INFORMATION: The online version contains supplementary material available at 10.1186/s12909-025-08025-6.",No,"The abstract discusses Virtual Simulation Experiments (VSE) to improve learning outcomes and knowledge retention in medical microbiology, but does not explicitly discuss capturing or retaining knowledge from individuals or organizations. It focuses on educational effectiveness and student motivation.",No,None identified,Yes,"Students reported that VSE’ immersive environment and instant feedback enhanced satisfaction and autonomy, aligning with SDT.",No,"The abstract mentions virtual simulation experiments as an educational technology, but this is used for teaching and learning, not for capturing or retaining tacit knowledge from individuals or organizations.",Yes,"Virtual Simulation Experiments (VSE) are increasingly applied in medical education, yet their role in medical microbiology remains underexplored. This study evaluated a VSE system designed for the isolation, culture, and identification of enteric pathogens, framed by Self-Determination Theory (SDT) and the Unified Theory of Acceptance and Use of Technology 2 (UTAUT2).",Yes,"Virtual Simulation Experiments (VSE) are increasingly applied in medical education, yet their role in medical microbiology remains underexplored. This study evaluated a VSE system designed for the isolation, culture, and identification of enteric pathogens, framed by Self-Determination Theory (SDT) and the Unified Theory of Acceptance and Use of Technology 2 (UTAUT2).",Empirical Study,empirical study,Empirical Study,True,False,False,Partial Support,Fully Support,Not Support
89fa8889-d958-4d88-a9d1-f04e9f762dba,Ai Empowers Traditional Physical Education Teaching In Higher Vocational Education: Exploring New Paths For The Integration Of Health Education,"This study evaluates an AI-guided atomization sensing system designed to integrate adaptive health education into vocational physical education. A quasi-experimental design was conducted with 356 participants allocated to either an intervention group (n = 178) or a control group (n = 178). The system used wearable atomization sensors (monitoring respiratory patterns, ambient temperature, and motion) connected to an AI engine that applied rule-based and machine-learning logic to adjust instructional content in real time-for example, reducing complexity or switching to audiovisual demonstrations when signs of fatigue were detected. Sessions were delivered in classroom settings twice per week for six weeks, with surveys administered immediately before and after the intervention. Five outcomes were assessed using validated instruments: knowledge retention, engagement, behavioral intention, self-efficacy, and technology acceptance. Statistical analyses included ANOVA, paired-sample t-tests, Pearson correlations, and χ(2) tests, with results reported as F(df1, df2), p, η(2), and 95% confidence intervals where applicable. The intervention group achieved significantly greater improvements than the control group in knowledge retention (Δ = +21.7 vs. +10.6; F(1, 354) = 46.21, p < 0.001, η(2) = 0.21), engagement (F(1, 354) = 39.87, p < 0.001, η(2) = 0.18), behavioral intention (F(1, 354) = 42.55, p < 0.001, η(2) = 0.19), self-efficacy (F(1, 354) = 27.63, p < 0.001, η(2) = 0.13), and technology acceptance (F(1, 354) = 35.12, p < 0.001, η(2) = 0.17). These findings demonstrate that combining real-time sensing with AI-guided decision support provides a reproducible, adaptive framework for enhancing health education outcomes in vocational PE settings.",No,"The abstract discusses an AI-guided atomization sensing system to integrate adaptive health education into vocational physical education, focusing on improving learning outcomes, but does not explicitly discuss capturing or retaining knowledge from individuals or organizations.",No,"The abstract evaluates an AI-guided atomization sensing system for adaptive health education, but does not explicitly discuss capturing or retaining knowledge.",Yes,The intervention group achieved significantly greater improvements than the control group in knowledge retention.,No,"The abstract mentions wearable atomization sensors and an AI engine for real-time instructional adjustment, but not for capturing or retaining knowledge from individuals or organizations.",Yes,"A quasi-experimental design was conducted with 356 participants allocated to either an intervention group (n = 178) or a control group (n = 178). The system used wearable atomization sensors (monitoring respiratory patterns, ambient temperature, and motion) connected to an AI engine that applied rule-based and machine-learning logic to adjust instructional content in real time.",Yes,This study evaluates an AI-guided atomization sensing system designed to integrate adaptive health education into vocational physical education.,Empirical Study,empirical study,Empirical Study,True,False,False,Partial Support,Fully Support,Not Support
b9f2a9ae-59c5-49b0-acd5-906124fae046,Clicking One Dot Opens A Whole New World: A Qualitative Study On Using Knowledge Graphs In Surgical Nursing Education,"BACKGROUND: The integration of intelligent technologies in surgical nursing education offers opportunities to enhance learning outcomes and address challenges in mastering complex topics. Knowledge graphs serve as a visual and interactive learning tool. It represents a novel approach to improving systematic thinking and enhancing knowledge retention in blended teaching models. AIM: This study explored nursing undergraduates' experiences with a knowledge graph platform in surgical nursing education, focusing on perceptions of its usefulness and ease of use, factors influencing engagement, and suggestions for improvement. METHODS: A qualitative descriptive study approach was employed to investigate the experiences of 13 nursing students. Semi-structured interviews were conducted after completing a surgical nursing course. The interviews were guided by the Unified Theory of Acceptance and Use of Technology 2 (UTAUT2). Data were analyzed using reflexive thematic analysis to identify key themes related to knowledge graph use. RESULTS: The analysis identified three main themes: (1) Developing conceptual clarity through knowledge integration, where knowledge graphs helped students build systematic thinking, discover learning pathways, and enhance post-class review efficiency; (2) Stimulating interest through enriched content, where enriched and well-organized content increased students' interest and enthusiasm for independent study; and (3) Navigating challenges and envisioning opportunities, where participants reported technical and access limitations, a need for richer content, and requests for clearer usage guidance. CONCLUSION: Knowledge graphs offer innovative intelligent technology integration within blended nursing education. These tools cultivate systematic thinking, enhance surgical nursing knowledge and skill development, and enrich the comprehensive learning experience. Future studies should explore sustained educational outcomes, broaden technological capabilities, and examine cross-contextual adaptability.",No,"The abstract discusses using knowledge graphs as a visual and interactive learning tool to enhance systematic thinking and knowledge retention in surgical nursing education, but does not explicitly discuss capturing or retaining knowledge from individuals or organizations.",No,"The abstract explores nursing undergraduates' experiences with a knowledge graph platform in surgical nursing education, but does not explicitly discuss capturing or retaining knowledge.",Yes,"Knowledge graphs offer innovative intelligent technology integration within blended nursing education. These tools cultivate systematic thinking, enhance surgical nursing knowledge and skill development, and enrich the comprehensive learning experience.",No,The abstract mentions knowledge graphs as a learning tool but does not discuss their use for capturing or retaining knowledge from individuals or organizations.,Yes,Knowledge graphs serve as a visual and interactive learning tool. It represents a novel approach to improving systematic thinking and enhancing knowledge retention in blended teaching models.,Yes,Knowledge graphs serve as a visual and interactive learning tool.,Empirical Study,empirical study,Empirical Study,True,False,False,Partial Support,Fully Support,Not Support
32c9a1fd-bbe0-4aa0-9d03-8503a7212a96,Infection Prevention And Control (Ipc) Curriculum In Universities Offering Medical Imaging Programs,"INTRODUCTION: Infection prevention and control (IPC) is essential in healthcare education, including medical imaging disciplines such as computed tomography (CT) and nuclear medicine (NM). Drug administration, including contrast media (CM) and radiopharmaceuticals, poses an increased infection risk. The aim of this study was to explore IPC curricula related to drug administration in medical imaging programs. METHODS: An online cross-sectional survey was distributed to program directors from universities offering medical imaging programs in Australia, the United Kingdom (UK), New Zealand, and Ireland. The survey explored curriculum content, teaching approaches, resource utilisation, and challenges in delivering IPC education. Data were analysed using descriptive statistics, non-parametric tests, and qualitative content analysis. RESULTS: Twenty participants from Australia and the UK completed the survey. Most programs include practical activities, simulations, and multimedia resources. IPC curricula are routinely reviewed and aligned with national guidelines. Key challenges include limited resources and restricted clinical access. Participants highlighted collaboration with healthcare professionals, regular curriculum updates, and innovative teaching technologies as effective strategies to address these issues. Experiential learning through case studies and simulations was viewed as essential for developing practical IPC skills and supporting knowledge retention. CONCLUSION: Medical imaging programs demonstrate a strong commitment to IPC education through diverse active learning strategies. Addressing resource limitations and ensuring ongoing curriculum updates via collaboration, innovation, and experiential learning are crucial for sustainable IPC training that protects both patients and healthcare professionals. IMPLICATIONS FOR PRACTICE: The findings emphasize the need for medical imaging departments to prioritise ongoing IPC training, incorporating simulation, case-based learning, and regular alignment with national standards. Stronger collaboration between universities and clinical sites can improve student preparedness for drug administration and enhance patient safety.",No,"The abstract discusses IPC curriculum content and teaching approaches, but does not explicitly discuss capturing or retaining knowledge from individuals or organizations.",Yes,explore IPC curricula related to drug administration in medical imaging programs,Yes,The aim of this study was to explore IPC curricula related to drug administration in medical imaging programs.,No,The abstract mentions simulations and multimedia resources but does not discuss their use for capturing or retaining knowledge.,Yes,practical activities; simulations; multimedia resources,No,"The study explores curriculum content and teaching approaches, not digital technology for capturing or retaining knowledge.",Empirical Study,empirical study,Empirical Study,False,False,True,Fully Support,Partial Support,Not Support
