uuid,Title,audit_result
748d3f69-2787-4bc7-af53-9bc8fe348402,Academic Knowledge Sharing On Digital Knowledge Platforms: A Tam Approach,"{""uuid"": ""748d3f69-2787-4bc7-af53-9bc8fe348402"", ""Title"": ""Academic Knowledge Sharing On Digital Knowledge Platforms: A Tam Approach"", ""audit_processes"": [{""question_id"": 1, ""expert_compliance"": {""expert_A"": ""Unsupported"", ""expert_B"": ""Fully supported"", ""expert_C"": ""Fully supported""}, ""audit_evidence"": ""The abstract does not explicitly discuss capturing or retaining knowledge.""}, {""question_id"": 2, ""expert_compliance"": {""expert_A"": ""Unsupported"", ""expert_B"": ""Fully supported"", ""expert_C"": ""Fully supported""}, ""audit_evidence"": ""Digital technologies for KR are not clearly identified as being used for capture/retention.""}, {""question_id"": 3, ""expert_compliance"": {""expert_A"": ""Fully supported"", ""expert_B"": ""Fully supported"", ""expert_C"": ""Fully supported""}, ""audit_evidence"": ""Based on the methodology described, the paper is categorized as Empirical Study.""}], ""audit_results"": {""expert_A_audit_result"": ""Not Support"", ""expert_B_audit_result"": ""Fully Support"", ""expert_C_audit_result"": ""Fully Support""}}"
a0ce1896-88bb-458b-9d68-ac4cda4ff27a,Knowledge Calibration Fusion And Label Space Graph Regularization-Based Multi-Center Fuzzy Systems,"{""uuid"": ""a0ce1896-88bb-458b-9d68-ac4cda4ff27a"", ""Title"": ""Knowledge Calibration Fusion And Label Space Graph Regularization-Based Multi-Center Fuzzy Systems"", ""audit_processes"": [{""question_id"": 1, ""expert_compliance"": {""expert_A"": ""Fully supported"", ""expert_B"": ""Unsupported"", ""expert_C"": ""Unsupported""}, ""audit_evidence"": ""The abstract does not explicitly discuss capturing or retaining knowledge.""}, {""question_id"": 2, ""expert_compliance"": {""expert_A"": ""Unsupported"", ""expert_B"": ""Unsupported"", ""expert_C"": ""Unsupported""}, ""audit_evidence"": ""Digital technologies for KR are not clearly identified as being used for capture/retention.""}, {""question_id"": 3, ""expert_compliance"": {""expert_A"": ""Fully supported"", ""expert_B"": ""Unsupported"", ""expert_C"": ""Fully supported""}, ""audit_evidence"": ""Based on the methodology described, the paper is categorized as Empirical Study.""}], ""audit_results"": {""expert_A_audit_result"": ""Partial Support"", ""expert_B_audit_result"": ""Not Support"", ""expert_C_audit_result"": ""Not Support""}}"
b633d1dc-b865-4fac-8acd-879d6b4043cf,Research On Construction Method Of Information Knowledge Map Of Penetration And Explosion In Open-Pit Mining,"{""uuid"": ""b633d1dc-b865-4fac-8acd-879d6b4043cf"", ""Title"": ""Research On Construction Method Of Information Knowledge Map Of Penetration And Explosion In Open-Pit Mining"", ""audit_processes"": [{""question_id"": 1, ""expert_compliance"": {""expert_A"": ""Unsupported"", ""expert_B"": ""Unsupported"", ""expert_C"": ""Fully supported""}, ""audit_evidence"": ""The abstract explicitly discuss capturing or retaining knowledge.""}, {""question_id"": 2, ""expert_compliance"": {""expert_A"": ""Unsupported"", ""expert_B"": ""Unsupported"", ""expert_C"": ""Fully supported""}, ""audit_evidence"": ""Digital technologies for KR are identified as being used for capture/retention.""}, {""question_id"": 3, ""expert_compliance"": {""expert_A"": ""Unsupported"", ""expert_B"": ""Unsupported"", ""expert_C"": ""Unsupported""}, ""audit_evidence"": ""Based on the methodology described, the paper is categorized as Theoretical/Conceptual.""}], ""audit_results"": {""expert_A_audit_result"": ""Not Support"", ""expert_B_audit_result"": ""Not Support"", ""expert_C_audit_result"": ""Partial Support""}}"
16261321-a81f-43cf-ae94-cb46bb554a64,Research On A Virtual Teacher Personalized Interaction Model Integrating Affective Computing And Multi-Agent Systems,"{""uuid"": ""16261321-a81f-43cf-ae94-cb46bb554a64"", ""Title"": ""Research On A Virtual Teacher Personalized Interaction Model Integrating Affective Computing And Multi-Agent Systems"", ""audit_processes"": [{""question_id"": 1, ""expert_compliance"": {""expert_A"": ""Unsupported"", ""expert_B"": ""Fully supported"", ""expert_C"": ""Unsupported""}, ""audit_evidence"": ""The abstract explicitly discuss capturing or retaining knowledge.""}, {""question_id"": 2, ""expert_compliance"": {""expert_A"": ""Unsupported"", ""expert_B"": ""Fully supported"", ""expert_C"": ""Unsupported""}, ""audit_evidence"": ""Digital technologies for KR are identified as being used for capture/retention.""}, {""question_id"": 3, ""expert_compliance"": {""expert_A"": ""Fully supported"", ""expert_B"": ""Fully supported"", ""expert_C"": ""Fully supported""}, ""audit_evidence"": ""Based on the methodology described, the paper is categorized as Empirical Study.""}], ""audit_results"": {""expert_A_audit_result"": ""Not Support"", ""expert_B_audit_result"": ""Fully Support"", ""expert_C_audit_result"": ""Not Support""}}"
a0faa309-d9ce-4ab9-b655-1c0eb43aa010,A Structural-Functional Model Of Learning In Computerized Learning Systems,"{""uuid"": ""a0faa309-d9ce-4ab9-b655-1c0eb43aa010"", ""Title"": ""A Structural-Functional Model Of Learning In Computerized Learning Systems"", ""audit_processes"": [{""question_id"": 1, ""expert_compliance"": {""expert_A"": ""Fully supported"", ""expert_B"": ""Fully supported"", ""expert_C"": ""Fully supported""}, ""audit_evidence"": ""The abstract explicitly discuss capturing or retaining knowledge.""}, {""question_id"": 2, ""expert_compliance"": {""expert_A"": ""Fully supported"", ""expert_B"": ""Fully supported"", ""expert_C"": ""Fully supported""}, ""audit_evidence"": ""Digital technologies for KR are identified as being used for capture/retention.""}, {""question_id"": 3, ""expert_compliance"": {""expert_A"": ""Unsupported"", ""expert_B"": ""Unsupported"", ""expert_C"": ""Unsupported""}, ""audit_evidence"": ""Based on the methodology described, the paper is categorized as Theoretical/Conceptual.""}], ""audit_results"": {""expert_A_audit_result"": ""Partial Support"", ""expert_B_audit_result"": ""Partial Support"", ""expert_C_audit_result"": ""Partial Support""}}"
aa2ea651-54ff-4ce5-aa96-4e2e806e4c16,Immersive Ideological And Political Education Model Integrating Virtual Reality And Artificial Intelligence,"{""uuid"": ""aa2ea651-54ff-4ce5-aa96-4e2e806e4c16"", ""Title"": ""Immersive Ideological And Political Education Model Integrating Virtual Reality And Artificial Intelligence"", ""audit_processes"": [{""question_id"": 1, ""expert_compliance"": {""expert_A"": ""Fully supported"", ""expert_B"": ""Unsupported"", ""expert_C"": ""Fully supported""}, ""audit_evidence"": ""The abstract explicitly discuss capturing or retaining knowledge.""}, {""question_id"": 2, ""expert_compliance"": {""expert_A"": ""Fully supported"", ""expert_B"": ""Unsupported"", ""expert_C"": ""Fully supported""}, ""audit_evidence"": ""Digital technologies for KR are identified as being used for capture/retention.""}, {""question_id"": 3, ""expert_compliance"": {""expert_A"": ""Unsupported"", ""expert_B"": ""Unsupported"", ""expert_C"": ""Unsupported""}, ""audit_evidence"": ""Based on the methodology described, the paper is categorized as Case Study.""}], ""audit_results"": {""expert_A_audit_result"": ""Partial Support"", ""expert_B_audit_result"": ""Not Support"", ""expert_C_audit_result"": ""Partial Support""}}"
65a0f0f2-910e-4e66-a291-fe9abbb7c118,A Study On Factors Influencing Deep Interaction In Informal Online Learning Communities In The Context Of Educational Informatization,"{""uuid"": ""65a0f0f2-910e-4e66-a291-fe9abbb7c118"", ""Title"": ""A Study On Factors Influencing Deep Interaction In Informal Online Learning Communities In The Context Of Educational Informatization"", ""audit_processes"": [{""question_id"": 1, ""expert_compliance"": {""expert_A"": ""Fully supported"", ""expert_B"": ""Unsupported"", ""expert_C"": ""Fully supported""}, ""audit_evidence"": ""The abstract does not explicitly discuss capturing or retaining knowledge.""}, {""question_id"": 2, ""expert_compliance"": {""expert_A"": ""Fully supported"", ""expert_B"": ""Unsupported"", ""expert_C"": ""Fully supported""}, ""audit_evidence"": ""Digital technologies for KR are not clearly identified as being used for capture/retention.""}, {""question_id"": 3, ""expert_compliance"": {""expert_A"": ""Fully supported"", ""expert_B"": ""Fully supported"", ""expert_C"": ""Fully supported""}, ""audit_evidence"": ""Based on the methodology described, the paper is categorized as Empirical Study.""}], ""audit_results"": {""expert_A_audit_result"": ""Fully Support"", ""expert_B_audit_result"": ""Not Support"", ""expert_C_audit_result"": ""Fully Support""}}"
8ffefdea-7664-44d1-8a01-b23dc6710bee,Impact Of Personalized Learning Paths Supported By Mobile Technology On Student Academic Achievement,"{""uuid"": ""8ffefdea-7664-44d1-8a01-b23dc6710bee"", ""Title"": ""Impact Of Personalized Learning Paths Supported By Mobile Technology On Student Academic Achievement"", ""audit_processes"": [{""question_id"": 1, ""expert_compliance"": {""expert_A"": ""Fully supported"", ""expert_B"": ""Unsupported"", ""expert_C"": ""Fully supported""}, ""audit_evidence"": ""The abstract does not explicitly discuss capturing or retaining knowledge.""}, {""question_id"": 2, ""expert_compliance"": {""expert_A"": ""Fully supported"", ""expert_B"": ""Unsupported"", ""expert_C"": ""Fully supported""}, ""audit_evidence"": ""Digital technologies for KR are not clearly identified as being used for capture/retention.""}, {""question_id"": 3, ""expert_compliance"": {""expert_A"": ""Unsupported"", ""expert_B"": ""Unsupported"", ""expert_C"": ""Unsupported""}, ""audit_evidence"": ""Based on the methodology described, the paper is categorized as Theoretical/Conceptual.""}], ""audit_results"": {""expert_A_audit_result"": ""Partial Support"", ""expert_B_audit_result"": ""Not Support"", ""expert_C_audit_result"": ""Partial Support""}}"
ea1801fa-d18c-45ba-bbfd-020a481d6cbf,Dikolan-Sk – Development Of A Measurement Instrument For Academic Self-Concept Of Digitalization-Related Competencies In Science Education,"{""uuid"": ""ea1801fa-d18c-45ba-bbfd-020a481d6cbf"", ""Title"": ""Dikolan-Sk \u2013 Development Of A Measurement Instrument For Academic Self-Concept Of Digitalization-Related Competencies In Science Education"", ""audit_processes"": [{""question_id"": 1, ""expert_compliance"": {""expert_A"": ""Unsupported"", ""expert_B"": ""Unsupported"", ""expert_C"": ""Fully supported""}, ""audit_evidence"": ""The abstract does not explicitly discuss capturing or retaining knowledge.""}, {""question_id"": 2, ""expert_compliance"": {""expert_A"": ""Unsupported"", ""expert_B"": ""Fully supported"", ""expert_C"": ""Fully supported""}, ""audit_evidence"": ""Digital technologies for KR are not clearly identified as being used for capture/retention.""}, {""question_id"": 3, ""expert_compliance"": {""expert_A"": ""Fully supported"", ""expert_B"": ""Fully supported"", ""expert_C"": ""Fully supported""}, ""audit_evidence"": ""Based on the methodology described, the paper is categorized as Empirical Study.""}], ""audit_results"": {""expert_A_audit_result"": ""Not Support"", ""expert_B_audit_result"": ""Partial Support"", ""expert_C_audit_result"": ""Fully Support""}}"
c2f3aa36-7791-4569-a2fb-024930586fd5,"The Interplay Of Digital Transformation, Organizational Agility, And Knowledge Management In Optimizing Construction Project Management","{""uuid"": ""c2f3aa36-7791-4569-a2fb-024930586fd5"", ""Title"": ""The Interplay Of Digital Transformation, Organizational Agility, And Knowledge Management In Optimizing Construction Project Management"", ""audit_processes"": [{""question_id"": 1, ""expert_compliance"": {""expert_A"": ""Fully supported"", ""expert_B"": ""Unsupported"", ""expert_C"": ""Unsupported""}, ""audit_evidence"": ""The abstract does not explicitly discuss capturing or retaining knowledge.""}, {""question_id"": 2, ""expert_compliance"": {""expert_A"": ""Fully supported"", ""expert_B"": ""Unsupported"", ""expert_C"": ""Fully supported""}, ""audit_evidence"": ""Digital technologies for KR are not clearly identified as being used for capture/retention.""}, {""question_id"": 3, ""expert_compliance"": {""expert_A"": ""Fully supported"", ""expert_B"": ""Fully supported"", ""expert_C"": ""Fully supported""}, ""audit_evidence"": ""Based on the methodology described, the paper is categorized as Empirical Study.""}], ""audit_results"": {""expert_A_audit_result"": ""Fully Support"", ""expert_B_audit_result"": ""Not Support"", ""expert_C_audit_result"": ""Partial Support""}}"
0de139df-102b-420a-8fd1-2c0fde228265,Smartread: A Multimodal Ereading Platform Integrating Computing And Gamification To Enhance Student Engagement And Knowledge Retention,"{""uuid"": ""0de139df-102b-420a-8fd1-2c0fde228265"", ""Title"": ""Smartread: A Multimodal Ereading Platform Integrating Computing And Gamification To Enhance Student Engagement And Knowledge Retention"", ""audit_processes"": [{""question_id"": 1, ""expert_compliance"": {""expert_A"": ""Unsupported"", ""expert_B"": ""Fully supported"", ""expert_C"": ""Unsupported""}, ""audit_evidence"": ""The abstract explicitly discuss capturing or retaining knowledge.""}, {""question_id"": 2, ""expert_compliance"": {""expert_A"": ""Unsupported"", ""expert_B"": ""Fully supported"", ""expert_C"": ""Unsupported""}, ""audit_evidence"": ""Digital technologies for KR are identified as being used for capture/retention.""}, {""question_id"": 3, ""expert_compliance"": {""expert_A"": ""Fully supported"", ""expert_B"": ""Fully supported"", ""expert_C"": ""Fully supported""}, ""audit_evidence"": ""Based on the methodology described, the paper is categorized as Empirical Study.""}], ""audit_results"": {""expert_A_audit_result"": ""Not Support"", ""expert_B_audit_result"": ""Fully Support"", ""expert_C_audit_result"": ""Not Support""}}"
a742306b-9f4c-45ef-ae6a-2de4d5a5367f,Cyber-Xai-Block: An End-To-End Cyber Threat Detection & Fl-Based Risk Assessment Framework For Iot Enabled Smart Organization Using Xai And Blockchain Technologies,"{""uuid"": ""a742306b-9f4c-45ef-ae6a-2de4d5a5367f"", ""Title"": ""Cyber-Xai-Block: An End-To-End Cyber Threat Detection & Fl-Based Risk Assessment Framework For Iot Enabled Smart Organization Using Xai And Blockchain Technologies"", ""audit_processes"": [{""question_id"": 1, ""expert_compliance"": {""expert_A"": ""Fully supported"", ""expert_B"": ""Fully supported"", ""expert_C"": ""Unsupported""}, ""audit_evidence"": ""The abstract does not explicitly discuss capturing or retaining knowledge.""}, {""question_id"": 2, ""expert_compliance"": {""expert_A"": ""Unsupported"", ""expert_B"": ""Fully supported"", ""expert_C"": ""Unsupported""}, ""audit_evidence"": ""Digital technologies for KR are not clearly identified as being used for capture/retention.""}, {""question_id"": 3, ""expert_compliance"": {""expert_A"": ""Unsupported"", ""expert_B"": ""Unsupported"", ""expert_C"": ""Unsupported""}, ""audit_evidence"": ""Based on the methodology described, the paper is categorized as Theoretical/Conceptual.""}], ""audit_results"": {""expert_A_audit_result"": ""Not Support"", ""expert_B_audit_result"": ""Partial Support"", ""expert_C_audit_result"": ""Not Support""}}"
e4813f1b-9c09-41ac-aa65-d09a479126b5,Data-Driven Knowledge Management Frameworks For Effective Risk And Crisis Management: A Cross-Industry Approach,"{""uuid"": ""e4813f1b-9c09-41ac-aa65-d09a479126b5"", ""Title"": ""Data-Driven Knowledge Management Frameworks For Effective Risk And Crisis Management: A Cross-Industry Approach"", ""audit_processes"": [{""question_id"": 1, ""expert_compliance"": {""expert_A"": ""Fully supported"", ""expert_B"": ""Fully supported"", ""expert_C"": ""Fully supported""}, ""audit_evidence"": ""The abstract explicitly discuss capturing or retaining knowledge.""}, {""question_id"": 2, ""expert_compliance"": {""expert_A"": ""Fully supported"", ""expert_B"": ""Fully supported"", ""expert_C"": ""Fully supported""}, ""audit_evidence"": ""Digital technologies for KR are identified as being used for capture/retention.""}, {""question_id"": 3, ""expert_compliance"": {""expert_A"": ""Unsupported"", ""expert_B"": ""Unsupported"", ""expert_C"": ""Unsupported""}, ""audit_evidence"": ""Based on the methodology described, the paper is categorized as Theoretical/Conceptual.""}], ""audit_results"": {""expert_A_audit_result"": ""Partial Support"", ""expert_B_audit_result"": ""Partial Support"", ""expert_C_audit_result"": ""Partial Support""}}"
24d3a363-6d5e-4f94-9b9b-bc1496d6efc8,Large Language Model Based System With Causal Inference And Chain-Of-Thoughts Reasoning For Traffic Scene Risk Assessment,"{""uuid"": ""24d3a363-6d5e-4f94-9b9b-bc1496d6efc8"", ""Title"": ""Large Language Model Based System With Causal Inference And Chain-Of-Thoughts Reasoning For Traffic Scene Risk Assessment"", ""audit_processes"": [{""question_id"": 1, ""expert_compliance"": {""expert_A"": ""Fully supported"", ""expert_B"": ""Fully supported"", ""expert_C"": ""Unsupported""}, ""audit_evidence"": ""The abstract does not explicitly discuss capturing or retaining knowledge.""}, {""question_id"": 2, ""expert_compliance"": {""expert_A"": ""Unsupported"", ""expert_B"": ""Fully supported"", ""expert_C"": ""Unsupported""}, ""audit_evidence"": ""Digital technologies for KR are not clearly identified as being used for capture/retention.""}, {""question_id"": 3, ""expert_compliance"": {""expert_A"": ""Fully supported"", ""expert_B"": ""Fully supported"", ""expert_C"": ""Fully supported""}, ""audit_evidence"": ""Based on the methodology described, the paper is categorized as Empirical Study.""}], ""audit_results"": {""expert_A_audit_result"": ""Partial Support"", ""expert_B_audit_result"": ""Fully Support"", ""expert_C_audit_result"": ""Not Support""}}"
19a16946-fde5-465b-a2b9-6d6f25d046b4,Systemic Dynamics Of Knowledge Sharing And Digital Transformation: Evidence From Bhutanese Mses,"{""uuid"": ""19a16946-fde5-465b-a2b9-6d6f25d046b4"", ""Title"": ""Systemic Dynamics Of Knowledge Sharing And Digital Transformation: Evidence From Bhutanese Mses"", ""audit_processes"": [{""question_id"": 1, ""expert_compliance"": {""expert_A"": ""Unsupported"", ""expert_B"": ""Fully supported"", ""expert_C"": ""Fully supported""}, ""audit_evidence"": ""The abstract does not explicitly discuss capturing or retaining knowledge.""}, {""question_id"": 2, ""expert_compliance"": {""expert_A"": ""Unsupported"", ""expert_B"": ""Fully supported"", ""expert_C"": ""Fully supported""}, ""audit_evidence"": ""Digital technologies for KR are not clearly identified as being used for capture/retention.""}, {""question_id"": 3, ""expert_compliance"": {""expert_A"": ""Fully supported"", ""expert_B"": ""Fully supported"", ""expert_C"": ""Fully supported""}, ""audit_evidence"": ""Based on the methodology described, the paper is categorized as Empirical Study.""}], ""audit_results"": {""expert_A_audit_result"": ""Not Support"", ""expert_B_audit_result"": ""Fully Support"", ""expert_C_audit_result"": ""Fully Support""}}"
546e0db4-4a47-4fae-b8a4-3fad601e9233,Application Research On Artificial Intelligence-Empowered Library Service Model,"{""uuid"": ""546e0db4-4a47-4fae-b8a4-3fad601e9233"", ""Title"": ""Application Research On Artificial Intelligence-Empowered Library Service Model"", ""audit_processes"": [{""question_id"": 1, ""expert_compliance"": {""expert_A"": ""Unsupported"", ""expert_B"": ""Unsupported"", ""expert_C"": ""Fully supported""}, ""audit_evidence"": ""The abstract does not explicitly discuss capturing or retaining knowledge.""}, {""question_id"": 2, ""expert_compliance"": {""expert_A"": ""Unsupported"", ""expert_B"": ""Unsupported"", ""expert_C"": ""Fully supported""}, ""audit_evidence"": ""Digital technologies for KR are not clearly identified as being used for capture/retention.""}, {""question_id"": 3, ""expert_compliance"": {""expert_A"": ""Unsupported"", ""expert_B"": ""Unsupported"", ""expert_C"": ""Unsupported""}, ""audit_evidence"": ""Based on the methodology described, the paper is categorized as Theoretical/Conceptual.""}], ""audit_results"": {""expert_A_audit_result"": ""Not Support"", ""expert_B_audit_result"": ""Not Support"", ""expert_C_audit_result"": ""Partial Support""}}"
77baa740-356b-47f9-b7b2-9af2406056de,Generative Artificial Intelligence Empowers The Research Of Digital Textbooks In Vocational Education,"{""uuid"": ""77baa740-356b-47f9-b7b2-9af2406056de"", ""Title"": ""Generative Artificial Intelligence Empowers The Research Of Digital Textbooks In Vocational Education"", ""audit_processes"": [{""question_id"": 1, ""expert_compliance"": {""expert_A"": ""Unsupported"", ""expert_B"": ""Fully supported"", ""expert_C"": ""Fully supported""}, ""audit_evidence"": ""The abstract does not explicitly discuss capturing or retaining knowledge.""}, {""question_id"": 2, ""expert_compliance"": {""expert_A"": ""Unsupported"", ""expert_B"": ""Fully supported"", ""expert_C"": ""Fully supported""}, ""audit_evidence"": ""Digital technologies for KR are not clearly identified as being used for capture/retention.""}, {""question_id"": 3, ""expert_compliance"": {""expert_A"": ""Unsupported"", ""expert_B"": ""Unsupported"", ""expert_C"": ""Unsupported""}, ""audit_evidence"": ""Based on the methodology described, the paper is categorized as Theoretical/Conceptual.""}], ""audit_results"": {""expert_A_audit_result"": ""Not Support"", ""expert_B_audit_result"": ""Partial Support"", ""expert_C_audit_result"": ""Partial Support""}}"
aac76a34-cb38-4447-9aa3-cd9d44fe1dd7,Redefining Work In The Supply Chain: Combining Digital Technologies And Knowledge Sharing For A Smart Working Environment,"{""uuid"": ""aac76a34-cb38-4447-9aa3-cd9d44fe1dd7"", ""Title"": ""Redefining Work In The Supply Chain: Combining Digital Technologies And Knowledge Sharing For A Smart Working Environment"", ""audit_processes"": [{""question_id"": 1, ""expert_compliance"": {""expert_A"": ""Fully supported"", ""expert_B"": ""Unsupported"", ""expert_C"": ""Fully supported""}, ""audit_evidence"": ""The abstract does not explicitly discuss capturing or retaining knowledge.""}, {""question_id"": 2, ""expert_compliance"": {""expert_A"": ""Fully supported"", ""expert_B"": ""Unsupported"", ""expert_C"": ""Fully supported""}, ""audit_evidence"": ""Digital technologies for KR are not clearly identified as being used for capture/retention.""}, {""question_id"": 3, ""expert_compliance"": {""expert_A"": ""Unsupported"", ""expert_B"": ""Unsupported"", ""expert_C"": ""Unsupported""}, ""audit_evidence"": ""Based on the methodology described, the paper is categorized as Case Study.""}], ""audit_results"": {""expert_A_audit_result"": ""Partial Support"", ""expert_B_audit_result"": ""Not Support"", ""expert_C_audit_result"": ""Partial Support""}}"
f7204db1-bdc9-4b5d-9c23-1c38041a0f2b,Enhancing Supply Chain Innovation Via Generative Ai: Mediating Effects Of Knowledge Sharing And Supply Chain Learning,"{""uuid"": ""f7204db1-bdc9-4b5d-9c23-1c38041a0f2b"", ""Title"": ""Enhancing Supply Chain Innovation Via Generative Ai: Mediating Effects Of Knowledge Sharing And Supply Chain Learning"", ""audit_processes"": [{""question_id"": 1, ""expert_compliance"": {""expert_A"": ""Unsupported"", ""expert_B"": ""Unsupported"", ""expert_C"": ""Fully supported""}, ""audit_evidence"": ""The abstract does not explicitly discuss capturing or retaining knowledge.""}, {""question_id"": 2, ""expert_compliance"": {""expert_A"": ""Unsupported"", ""expert_B"": ""Fully supported"", ""expert_C"": ""Fully supported""}, ""audit_evidence"": ""Digital technologies for KR are not clearly identified as being used for capture/retention.""}, {""question_id"": 3, ""expert_compliance"": {""expert_A"": ""Fully supported"", ""expert_B"": ""Fully supported"", ""expert_C"": ""Fully supported""}, ""audit_evidence"": ""Based on the methodology described, the paper is categorized as Empirical Study.""}], ""audit_results"": {""expert_A_audit_result"": ""Not Support"", ""expert_B_audit_result"": ""Partial Support"", ""expert_C_audit_result"": ""Fully Support""}}"
64715c00-69f2-449f-8c49-3f3f379814c8,Beyond Instrumental Use: A Tam-Based Study Of Al-Assistedlanguage Learning Among Chinese University Students,"{""uuid"": ""64715c00-69f2-449f-8c49-3f3f379814c8"", ""Title"": ""Beyond Instrumental Use: A Tam-Based Study Of Al-Assistedlanguage Learning Among Chinese University Students"", ""audit_processes"": [{""question_id"": 1, ""expert_compliance"": {""expert_A"": ""Fully supported"", ""expert_B"": ""Unsupported"", ""expert_C"": ""Fully supported""}, ""audit_evidence"": ""The abstract does not explicitly discuss capturing or retaining knowledge.""}, {""question_id"": 2, ""expert_compliance"": {""expert_A"": ""Fully supported"", ""expert_B"": ""Unsupported"", ""expert_C"": ""Fully supported""}, ""audit_evidence"": ""Digital technologies for KR are not clearly identified as being used for capture/retention.""}, {""question_id"": 3, ""expert_compliance"": {""expert_A"": ""Fully supported"", ""expert_B"": ""Fully supported"", ""expert_C"": ""Fully supported""}, ""audit_evidence"": ""Based on the methodology described, the paper is categorized as Empirical Study.""}], ""audit_results"": {""expert_A_audit_result"": ""Fully Support"", ""expert_B_audit_result"": ""Not Support"", ""expert_C_audit_result"": ""Fully Support""}}"
ba492cc8-cbe8-4d64-a640-7dd1850355e9,Knowledge Types Of Pre- And In-Service Chemistry Teachers–A Self-Regulated Learning Perspective,"{""uuid"": ""ba492cc8-cbe8-4d64-a640-7dd1850355e9"", ""Title"": ""Knowledge Types Of Pre- And In-Service Chemistry Teachers\u2013A Self-Regulated Learning Perspective"", ""audit_processes"": [{""question_id"": 1, ""expert_compliance"": {""expert_A"": ""Fully supported"", ""expert_B"": ""Unsupported"", ""expert_C"": ""Fully supported""}, ""audit_evidence"": ""The abstract does not explicitly discuss capturing or retaining knowledge.""}, {""question_id"": 2, ""expert_compliance"": {""expert_A"": ""Fully supported"", ""expert_B"": ""Unsupported"", ""expert_C"": ""Fully supported""}, ""audit_evidence"": ""Digital technologies for KR are not clearly identified as being used for capture/retention.""}, {""question_id"": 3, ""expert_compliance"": {""expert_A"": ""Unsupported"", ""expert_B"": ""Unsupported"", ""expert_C"": ""Unsupported""}, ""audit_evidence"": ""Based on the methodology described, the paper is categorized as Theoretical/Conceptual.""}], ""audit_results"": {""expert_A_audit_result"": ""Partial Support"", ""expert_B_audit_result"": ""Not Support"", ""expert_C_audit_result"": ""Partial Support""}}"
4be87464-49fa-4731-ab29-0f93e4286802,Academic Advising Chatbot Powered With Ai Agent,"{""uuid"": ""4be87464-49fa-4731-ab29-0f93e4286802"", ""Title"": ""Academic Advising Chatbot Powered With Ai Agent"", ""audit_processes"": [{""question_id"": 1, ""expert_compliance"": {""expert_A"": ""Fully supported"", ""expert_B"": ""Unsupported"", ""expert_C"": ""Fully supported""}, ""audit_evidence"": ""The abstract does not explicitly discuss capturing or retaining knowledge.""}, {""question_id"": 2, ""expert_compliance"": {""expert_A"": ""Fully supported"", ""expert_B"": ""Unsupported"", ""expert_C"": ""Fully supported""}, ""audit_evidence"": ""Digital technologies for KR are not clearly identified as being used for capture/retention.""}, {""question_id"": 3, ""expert_compliance"": {""expert_A"": ""Unsupported"", ""expert_B"": ""Unsupported"", ""expert_C"": ""Unsupported""}, ""audit_evidence"": ""Based on the methodology described, the paper is categorized as Theoretical/Conceptual.""}], ""audit_results"": {""expert_A_audit_result"": ""Partial Support"", ""expert_B_audit_result"": ""Not Support"", ""expert_C_audit_result"": ""Partial Support""}}"
2a2e41fa-7d41-4a4b-a243-2a5c44db1a0e,Exploring The Impact Of Virtual Reality On Gen Z Students In Preserving The Cultural Heritage Of Karapan Sapi,"{""uuid"": ""2a2e41fa-7d41-4a4b-a243-2a5c44db1a0e"", ""Title"": ""Exploring The Impact Of Virtual Reality On Gen Z Students In Preserving The Cultural Heritage Of Karapan Sapi"", ""audit_processes"": [{""question_id"": 1, ""expert_compliance"": {""expert_A"": ""Unsupported"", ""expert_B"": ""Unsupported"", ""expert_C"": ""Fully supported""}, ""audit_evidence"": ""The abstract explicitly discuss capturing or retaining knowledge.""}, {""question_id"": 2, ""expert_compliance"": {""expert_A"": ""Unsupported"", ""expert_B"": ""Fully supported"", ""expert_C"": ""Fully supported""}, ""audit_evidence"": ""Digital technologies for KR are identified as being used for capture/retention.""}, {""question_id"": 3, ""expert_compliance"": {""expert_A"": ""Fully supported"", ""expert_B"": ""Fully supported"", ""expert_C"": ""Fully supported""}, ""audit_evidence"": ""Based on the methodology described, the paper is categorized as Empirical Study.""}], ""audit_results"": {""expert_A_audit_result"": ""Not Support"", ""expert_B_audit_result"": ""Partial Support"", ""expert_C_audit_result"": ""Fully Support""}}"
0cdc9830-ca1d-4342-a83c-cd340ff52684,Performance Or Governance? Serious Game And Workshop As A Tool For Fostering Awareness Of Responsible Ai,"{""uuid"": ""0cdc9830-ca1d-4342-a83c-cd340ff52684"", ""Title"": ""Performance Or Governance? Serious Game And Workshop As A Tool For Fostering Awareness Of Responsible Ai"", ""audit_processes"": [{""question_id"": 1, ""expert_compliance"": {""expert_A"": ""Fully supported"", ""expert_B"": ""Fully supported"", ""expert_C"": ""Unsupported""}, ""audit_evidence"": ""The abstract does not explicitly discuss capturing or retaining knowledge.""}, {""question_id"": 2, ""expert_compliance"": {""expert_A"": ""Fully supported"", ""expert_B"": ""Fully supported"", ""expert_C"": ""Unsupported""}, ""audit_evidence"": ""Digital technologies for KR are not clearly identified as being used for capture/retention.""}, {""question_id"": 3, ""expert_compliance"": {""expert_A"": ""Fully supported"", ""expert_B"": ""Fully supported"", ""expert_C"": ""Fully supported""}, ""audit_evidence"": ""Based on the methodology described, the paper is categorized as Empirical Study.""}], ""audit_results"": {""expert_A_audit_result"": ""Fully Support"", ""expert_B_audit_result"": ""Fully Support"", ""expert_C_audit_result"": ""Not Support""}}"
b9ce2ded-d9f3-499b-8bde-08b87bcdff83,Empirical Study On Boundary-Spanning Search And Organizational Agility: Based On Spss Data Analysis Technology And Amos Structural Equation Model,"{""uuid"": ""b9ce2ded-d9f3-499b-8bde-08b87bcdff83"", ""Title"": ""Empirical Study On Boundary-Spanning Search And Organizational Agility: Based On Spss Data Analysis Technology And Amos Structural Equation Model"", ""audit_processes"": [{""question_id"": 1, ""expert_compliance"": {""expert_A"": ""Unsupported"", ""expert_B"": ""Fully supported"", ""expert_C"": ""Fully supported""}, ""audit_evidence"": ""The abstract does not explicitly discuss capturing or retaining knowledge.""}, {""question_id"": 2, ""expert_compliance"": {""expert_A"": ""Unsupported"", ""expert_B"": ""Fully supported"", ""expert_C"": ""Fully supported""}, ""audit_evidence"": ""Digital technologies for KR are not clearly identified as being used for capture/retention.""}, {""question_id"": 3, ""expert_compliance"": {""expert_A"": ""Fully supported"", ""expert_B"": ""Fully supported"", ""expert_C"": ""Fully supported""}, ""audit_evidence"": ""Based on the methodology described, the paper is categorized as Empirical Study.""}], ""audit_results"": {""expert_A_audit_result"": ""Not Support"", ""expert_B_audit_result"": ""Fully Support"", ""expert_C_audit_result"": ""Fully Support""}}"
6fe7ab82-c772-48c5-810c-6128ac867ea9,Digital Technologies And Chinese Digital Firms’ Green Innovation,"{""uuid"": ""6fe7ab82-c772-48c5-810c-6128ac867ea9"", ""Title"": ""Digital Technologies And Chinese Digital Firms\u2019 Green Innovation"", ""audit_processes"": [{""question_id"": 1, ""expert_compliance"": {""expert_A"": ""Fully supported"", ""expert_B"": ""Unsupported"", ""expert_C"": ""Fully supported""}, ""audit_evidence"": ""The abstract does not explicitly discuss capturing or retaining knowledge.""}, {""question_id"": 2, ""expert_compliance"": {""expert_A"": ""Fully supported"", ""expert_B"": ""Unsupported"", ""expert_C"": ""Fully supported""}, ""audit_evidence"": ""Digital technologies for KR are not clearly identified as being used for capture/retention.""}, {""question_id"": 3, ""expert_compliance"": {""expert_A"": ""Fully supported"", ""expert_B"": ""Fully supported"", ""expert_C"": ""Fully supported""}, ""audit_evidence"": ""Based on the methodology described, the paper is categorized as Empirical Study.""}], ""audit_results"": {""expert_A_audit_result"": ""Fully Support"", ""expert_B_audit_result"": ""Not Support"", ""expert_C_audit_result"": ""Fully Support""}}"
beb5346e-c4b0-40d8-828e-5886f7711f2a,Developing Future Specialists' Competencies Through A Digital Reflective Learning Model At The University,"{""uuid"": ""beb5346e-c4b0-40d8-828e-5886f7711f2a"", ""Title"": ""Developing Future Specialists' Competencies Through A Digital Reflective Learning Model At The University"", ""audit_processes"": [{""question_id"": 1, ""expert_compliance"": {""expert_A"": ""Unsupported"", ""expert_B"": ""Fully supported"", ""expert_C"": ""Unsupported""}, ""audit_evidence"": ""The abstract explicitly discuss capturing or retaining knowledge.""}, {""question_id"": 2, ""expert_compliance"": {""expert_A"": ""Unsupported"", ""expert_B"": ""Fully supported"", ""expert_C"": ""Unsupported""}, ""audit_evidence"": ""Digital technologies for KR are identified as being used for capture/retention.""}, {""question_id"": 3, ""expert_compliance"": {""expert_A"": ""Fully supported"", ""expert_B"": ""Fully supported"", ""expert_C"": ""Fully supported""}, ""audit_evidence"": ""Based on the methodology described, the paper is categorized as Empirical Study.""}], ""audit_results"": {""expert_A_audit_result"": ""Not Support"", ""expert_B_audit_result"": ""Fully Support"", ""expert_C_audit_result"": ""Not Support""}}"
e651f9c1-1b8a-4fbb-9011-17fc6385e417,The Effect Of Knowledge Management Capabilities On Organisation Performance: An Empirical Study On Ethiopian Manufacturing Firms,"{""uuid"": ""e651f9c1-1b8a-4fbb-9011-17fc6385e417"", ""Title"": ""The Effect Of Knowledge Management Capabilities On Organisation Performance: An Empirical Study On Ethiopian Manufacturing Firms"", ""audit_processes"": [{""question_id"": 1, ""expert_compliance"": {""expert_A"": ""Unsupported"", ""expert_B"": ""Unsupported"", ""expert_C"": ""Unsupported""}, ""audit_evidence"": ""The abstract does not explicitly discuss capturing or retaining knowledge.""}, {""question_id"": 2, ""expert_compliance"": {""expert_A"": ""Unsupported"", ""expert_B"": ""Fully supported"", ""expert_C"": ""Fully supported""}, ""audit_evidence"": ""Digital technologies for KR are not clearly identified as being used for capture/retention.""}, {""question_id"": 3, ""expert_compliance"": {""expert_A"": ""Fully supported"", ""expert_B"": ""Fully supported"", ""expert_C"": ""Fully supported""}, ""audit_evidence"": ""Based on the methodology described, the paper is categorized as Empirical Study.""}], ""audit_results"": {""expert_A_audit_result"": ""Not Support"", ""expert_B_audit_result"": ""Partial Support"", ""expert_C_audit_result"": ""Partial Support""}}"
3bd821b5-c005-469d-ab9e-eaefcd1dbc46,A Hybrid Approach To Raising Digital Literacy Among Adolescents In Ksa Using A Mobile Application,"{""uuid"": ""3bd821b5-c005-469d-ab9e-eaefcd1dbc46"", ""Title"": ""A Hybrid Approach To Raising Digital Literacy Among Adolescents In Ksa Using A Mobile Application"", ""audit_processes"": [{""question_id"": 1, ""expert_compliance"": {""expert_A"": ""Unsupported"", ""expert_B"": ""Fully supported"", ""expert_C"": ""Unsupported""}, ""audit_evidence"": ""The abstract explicitly discuss capturing or retaining knowledge.""}, {""question_id"": 2, ""expert_compliance"": {""expert_A"": ""Unsupported"", ""expert_B"": ""Fully supported"", ""expert_C"": ""Unsupported""}, ""audit_evidence"": ""Digital technologies for KR are identified as being used for capture/retention.""}, {""question_id"": 3, ""expert_compliance"": {""expert_A"": ""Fully supported"", ""expert_B"": ""Fully supported"", ""expert_C"": ""Fully supported""}, ""audit_evidence"": ""Based on the methodology described, the paper is categorized as Empirical Study.""}], ""audit_results"": {""expert_A_audit_result"": ""Not Support"", ""expert_B_audit_result"": ""Fully Support"", ""expert_C_audit_result"": ""Not Support""}}"
5cab746b-d71e-435f-9ae6-5d87a4e38413,Observing A Robot Peer’S Failures Facilitates Students’ Classroom Learning,"{""uuid"": ""5cab746b-d71e-435f-9ae6-5d87a4e38413"", ""Title"": ""Observing A Robot Peer\u2019S Failures Facilitates Students\u2019 Classroom Learning"", ""audit_processes"": [{""question_id"": 1, ""expert_compliance"": {""expert_A"": ""Fully supported"", ""expert_B"": ""Unsupported"", ""expert_C"": ""Fully supported""}, ""audit_evidence"": ""The abstract does not explicitly discuss capturing or retaining knowledge.""}, {""question_id"": 2, ""expert_compliance"": {""expert_A"": ""Fully supported"", ""expert_B"": ""Unsupported"", ""expert_C"": ""Fully supported""}, ""audit_evidence"": ""Digital technologies for KR are not clearly identified as being used for capture/retention.""}, {""question_id"": 3, ""expert_compliance"": {""expert_A"": ""Unsupported"", ""expert_B"": ""Unsupported"", ""expert_C"": ""Unsupported""}, ""audit_evidence"": ""Based on the methodology described, the paper is categorized as Theoretical/Conceptual.""}], ""audit_results"": {""expert_A_audit_result"": ""Partial Support"", ""expert_B_audit_result"": ""Not Support"", ""expert_C_audit_result"": ""Partial Support""}}"
d8a3e62b-03bf-4160-b7f1-df1ec3d08bce,Adaptive Multi-Agent System For Dynamic Missing Value Imputation In Time Series,"{""uuid"": ""d8a3e62b-03bf-4160-b7f1-df1ec3d08bce"", ""Title"": ""Adaptive Multi-Agent System For Dynamic Missing Value Imputation In Time Series"", ""audit_processes"": [{""question_id"": 1, ""expert_compliance"": {""expert_A"": ""Fully supported"", ""expert_B"": ""Fully supported"", ""expert_C"": ""Unsupported""}, ""audit_evidence"": ""The abstract does not explicitly discuss capturing or retaining knowledge.""}, {""question_id"": 2, ""expert_compliance"": {""expert_A"": ""Fully supported"", ""expert_B"": ""Unsupported"", ""expert_C"": ""Unsupported""}, ""audit_evidence"": ""Digital technologies for KR are not clearly identified as being used for capture/retention.""}, {""question_id"": 3, ""expert_compliance"": {""expert_A"": ""Fully supported"", ""expert_B"": ""Fully supported"", ""expert_C"": ""Fully supported""}, ""audit_evidence"": ""Based on the methodology described, the paper is categorized as Empirical Study.""}], ""audit_results"": {""expert_A_audit_result"": ""Fully Support"", ""expert_B_audit_result"": ""Partial Support"", ""expert_C_audit_result"": ""Not Support""}}"
11c40e06-b958-464c-a635-5f39e1b910c4,Emotional Challenges And Skill Retention In Basic Life Support Training Among Nonphysician Hospital Employees: A Mixed-Method Study,"{""uuid"": ""11c40e06-b958-464c-a635-5f39e1b910c4"", ""Title"": ""Emotional Challenges And Skill Retention In Basic Life Support Training Among Nonphysician Hospital Employees: A Mixed-Method Study"", ""audit_processes"": [{""question_id"": 1, ""expert_compliance"": {""expert_A"": ""Unsupported"", ""expert_B"": ""Unsupported"", ""expert_C"": ""Fully supported""}, ""audit_evidence"": ""The abstract does not explicitly discuss capturing or retaining knowledge.""}, {""question_id"": 2, ""expert_compliance"": {""expert_A"": ""Fully supported"", ""expert_B"": ""Unsupported"", ""expert_C"": ""Fully supported""}, ""audit_evidence"": ""Digital technologies for KR are not clearly identified as being used for capture/retention.""}, {""question_id"": 3, ""expert_compliance"": {""expert_A"": ""Fully supported"", ""expert_B"": ""Fully supported"", ""expert_C"": ""Fully supported""}, ""audit_evidence"": ""Based on the methodology described, the paper is categorized as Empirical Study.""}], ""audit_results"": {""expert_A_audit_result"": ""Partial Support"", ""expert_B_audit_result"": ""Not Support"", ""expert_C_audit_result"": ""Fully Support""}}"
3cefd0c0-0eb3-42b5-85c8-ee24e3f0c9db,Sviadf: Small Vessel Identification And Anomaly Detection Based On Wide-Area Remote Sensing Imagery And Ais Data Fusion,"{""uuid"": ""3cefd0c0-0eb3-42b5-85c8-ee24e3f0c9db"", ""Title"": ""Sviadf: Small Vessel Identification And Anomaly Detection Based On Wide-Area Remote Sensing Imagery And Ais Data Fusion"", ""audit_processes"": [{""question_id"": 1, ""expert_compliance"": {""expert_A"": ""Fully supported"", ""expert_B"": ""Unsupported"", ""expert_C"": ""Fully supported""}, ""audit_evidence"": ""The abstract does not explicitly discuss capturing or retaining knowledge.""}, {""question_id"": 2, ""expert_compliance"": {""expert_A"": ""Unsupported"", ""expert_B"": ""Unsupported"", ""expert_C"": ""Fully supported""}, ""audit_evidence"": ""Digital technologies for KR are not clearly identified as being used for capture/retention.""}, {""question_id"": 3, ""expert_compliance"": {""expert_A"": ""Fully supported"", ""expert_B"": ""Fully supported"", ""expert_C"": ""Fully supported""}, ""audit_evidence"": ""Based on the methodology described, the paper is categorized as Empirical Study.""}], ""audit_results"": {""expert_A_audit_result"": ""Partial Support"", ""expert_B_audit_result"": ""Not Support"", ""expert_C_audit_result"": ""Fully Support""}}"
7bf0fef8-4566-49fd-b759-ee5686811afe,Energy-Efficient Over-The-Air Computation For Federated Generative Model Fine-Tuning In Unmanned Vehicle-Assisted Disaster Relief,"{""uuid"": ""7bf0fef8-4566-49fd-b759-ee5686811afe"", ""Title"": ""Energy-Efficient Over-The-Air Computation For Federated Generative Model Fine-Tuning In Unmanned Vehicle-Assisted Disaster Relief"", ""audit_processes"": [{""question_id"": 1, ""expert_compliance"": {""expert_A"": ""Fully supported"", ""expert_B"": ""Unsupported"", ""expert_C"": ""Fully supported""}, ""audit_evidence"": ""The abstract does not explicitly discuss capturing or retaining knowledge.""}, {""question_id"": 2, ""expert_compliance"": {""expert_A"": ""Fully supported"", ""expert_B"": ""Unsupported"", ""expert_C"": ""Fully supported""}, ""audit_evidence"": ""Digital technologies for KR are not clearly identified as being used for capture/retention.""}, {""question_id"": 3, ""expert_compliance"": {""expert_A"": ""Unsupported"", ""expert_B"": ""Unsupported"", ""expert_C"": ""Unsupported""}, ""audit_evidence"": ""Based on the methodology described, the paper is categorized as Theoretical/Conceptual.""}], ""audit_results"": {""expert_A_audit_result"": ""Partial Support"", ""expert_B_audit_result"": ""Not Support"", ""expert_C_audit_result"": ""Partial Support""}}"
c6cd4799-7cb3-4e48-9abc-6590e45274ef,Exploration And Practice Of Constructing A New Ecology Of Experimental Stomatology Practice Teaching Driven By Digital Intelligence,"{""uuid"": ""c6cd4799-7cb3-4e48-9abc-6590e45274ef"", ""Title"": ""Exploration And Practice Of Constructing A New Ecology Of Experimental Stomatology Practice Teaching Driven By Digital Intelligence"", ""audit_processes"": [{""question_id"": 1, ""expert_compliance"": {""expert_A"": ""Fully supported"", ""expert_B"": ""Unsupported"", ""expert_C"": ""Fully supported""}, ""audit_evidence"": ""The abstract does not explicitly discuss capturing or retaining knowledge.""}, {""question_id"": 2, ""expert_compliance"": {""expert_A"": ""Unsupported"", ""expert_B"": ""Unsupported"", ""expert_C"": ""Fully supported""}, ""audit_evidence"": ""Digital technologies for KR are not clearly identified as being used for capture/retention.""}, {""question_id"": 3, ""expert_compliance"": {""expert_A"": ""Fully supported"", ""expert_B"": ""Fully supported"", ""expert_C"": ""Unsupported""}, ""audit_evidence"": ""Based on the methodology described, the paper is categorized as Empirical Study.""}], ""audit_results"": {""expert_A_audit_result"": ""Partial Support"", ""expert_B_audit_result"": ""Not Support"", ""expert_C_audit_result"": ""Partial Support""}}"
13b384bf-606f-4a9e-907c-d164baddb911,Building Mental Health Resources: The Human-Centered Interaction Design Implemented In Me_Heli-D Platform,"{""uuid"": ""13b384bf-606f-4a9e-907c-d164baddb911"", ""Title"": ""Building Mental Health Resources: The Human-Centered Interaction Design Implemented In Me_Heli-D Platform"", ""audit_processes"": [{""question_id"": 1, ""expert_compliance"": {""expert_A"": ""Unsupported"", ""expert_B"": ""Fully supported"", ""expert_C"": ""Unsupported""}, ""audit_evidence"": ""The abstract explicitly discuss capturing or retaining knowledge.""}, {""question_id"": 2, ""expert_compliance"": {""expert_A"": ""Unsupported"", ""expert_B"": ""Fully supported"", ""expert_C"": ""Unsupported""}, ""audit_evidence"": ""Digital technologies for KR are identified as being used for capture/retention.""}, {""question_id"": 3, ""expert_compliance"": {""expert_A"": ""Fully supported"", ""expert_B"": ""Fully supported"", ""expert_C"": ""Fully supported""}, ""audit_evidence"": ""Based on the methodology described, the paper is categorized as Empirical Study.""}], ""audit_results"": {""expert_A_audit_result"": ""Not Support"", ""expert_B_audit_result"": ""Fully Support"", ""expert_C_audit_result"": ""Not Support""}}"
52d7ee91-cf88-4e6b-8d5c-844e7abc54c9,Integrating Quizizz-Based Digital Learning Into Pjbl-Stem: A Pathway To Improve Students’ Achievement And Critical Thinking,"{""uuid"": ""52d7ee91-cf88-4e6b-8d5c-844e7abc54c9"", ""Title"": ""Integrating Quizizz-Based Digital Learning Into Pjbl-Stem: A Pathway To Improve Students\u2019 Achievement And Critical Thinking"", ""audit_processes"": [{""question_id"": 1, ""expert_compliance"": {""expert_A"": ""Fully supported"", ""expert_B"": ""Unsupported"", ""expert_C"": ""Fully supported""}, ""audit_evidence"": ""The abstract does not explicitly discuss capturing or retaining knowledge.""}, {""question_id"": 2, ""expert_compliance"": {""expert_A"": ""Unsupported"", ""expert_B"": ""Unsupported"", ""expert_C"": ""Fully supported""}, ""audit_evidence"": ""Digital technologies for KR are not clearly identified as being used for capture/retention.""}, {""question_id"": 3, ""expert_compliance"": {""expert_A"": ""Fully supported"", ""expert_B"": ""Fully supported"", ""expert_C"": ""Fully supported""}, ""audit_evidence"": ""Based on the methodology described, the paper is categorized as Empirical Study.""}], ""audit_results"": {""expert_A_audit_result"": ""Partial Support"", ""expert_B_audit_result"": ""Not Support"", ""expert_C_audit_result"": ""Fully Support""}}"
94562d96-1e96-4572-8872-046bdee3abb7,Implementation Of Meteorological Database Question-Answering Based On Large-Scale Model Retrieval-Augmentation Generation,"{""uuid"": ""94562d96-1e96-4572-8872-046bdee3abb7"", ""Title"": ""Implementation Of Meteorological Database Question-Answering Based On Large-Scale Model Retrieval-Augmentation Generation"", ""audit_processes"": [{""question_id"": 1, ""expert_compliance"": {""expert_A"": ""Fully supported"", ""expert_B"": ""Unsupported"", ""expert_C"": ""Fully supported""}, ""audit_evidence"": ""The abstract does not explicitly discuss capturing or retaining knowledge.""}, {""question_id"": 2, ""expert_compliance"": {""expert_A"": ""Unsupported"", ""expert_B"": ""Unsupported"", ""expert_C"": ""Fully supported""}, ""audit_evidence"": ""Digital technologies for KR are not clearly identified as being used for capture/retention.""}, {""question_id"": 3, ""expert_compliance"": {""expert_A"": ""Fully supported"", ""expert_B"": ""Fully supported"", ""expert_C"": ""Fully supported""}, ""audit_evidence"": ""Based on the methodology described, the paper is categorized as Empirical Study.""}], ""audit_results"": {""expert_A_audit_result"": ""Partial Support"", ""expert_B_audit_result"": ""Not Support"", ""expert_C_audit_result"": ""Fully Support""}}"
a0973b1d-4d89-453e-93cb-d9c51947e965,The Impact Of Knowledge Sharing On Virtual Communities Of Higher Education Sector,"{""uuid"": ""a0973b1d-4d89-453e-93cb-d9c51947e965"", ""Title"": ""The Impact Of Knowledge Sharing On Virtual Communities Of Higher Education Sector"", ""audit_processes"": [{""question_id"": 1, ""expert_compliance"": {""expert_A"": ""Unsupported"", ""expert_B"": ""Unsupported"", ""expert_C"": ""Unsupported""}, ""audit_evidence"": ""The abstract does not explicitly discuss capturing or retaining knowledge.""}, {""question_id"": 2, ""expert_compliance"": {""expert_A"": ""Unsupported"", ""expert_B"": ""Fully supported"", ""expert_C"": ""Fully supported""}, ""audit_evidence"": ""Digital technologies for KR are not clearly identified as being used for capture/retention.""}, {""question_id"": 3, ""expert_compliance"": {""expert_A"": ""Fully supported"", ""expert_B"": ""Fully supported"", ""expert_C"": ""Fully supported""}, ""audit_evidence"": ""Based on the methodology described, the paper is categorized as Empirical Study.""}], ""audit_results"": {""expert_A_audit_result"": ""Not Support"", ""expert_B_audit_result"": ""Partial Support"", ""expert_C_audit_result"": ""Partial Support""}}"
c8442e98-9ec7-447d-9c4e-5f33bb3e2156,Green Technology Transfer For Firms In A Multi-Layer Network Perspective: The Dual Impact Of Knowledge Resources And Regional Environment,"{""uuid"": ""c8442e98-9ec7-447d-9c4e-5f33bb3e2156"", ""Title"": ""Green Technology Transfer For Firms In A Multi-Layer Network Perspective: The Dual Impact Of Knowledge Resources And Regional Environment"", ""audit_processes"": [{""question_id"": 1, ""expert_compliance"": {""expert_A"": ""Unsupported"", ""expert_B"": ""Unsupported"", ""expert_C"": ""Unsupported""}, ""audit_evidence"": ""The abstract does not explicitly discuss capturing or retaining knowledge.""}, {""question_id"": 2, ""expert_compliance"": {""expert_A"": ""Unsupported"", ""expert_B"": ""Fully supported"", ""expert_C"": ""Fully supported""}, ""audit_evidence"": ""Digital technologies for KR are not clearly identified as being used for capture/retention.""}, {""question_id"": 3, ""expert_compliance"": {""expert_A"": ""Unsupported"", ""expert_B"": ""Unsupported"", ""expert_C"": ""Unsupported""}, ""audit_evidence"": ""Based on the methodology described, the paper is categorized as Theoretical/Conceptual.""}], ""audit_results"": {""expert_A_audit_result"": ""Not Support"", ""expert_B_audit_result"": ""Not Support"", ""expert_C_audit_result"": ""Not Support""}}"
b737a8b8-ea32-47fa-bb62-e6e881f262e3,Conversational Health Agents: A Personalized Large Language Model-Powered Agent Framework,"{""uuid"": ""b737a8b8-ea32-47fa-bb62-e6e881f262e3"", ""Title"": ""Conversational Health Agents: A Personalized Large Language Model-Powered Agent Framework"", ""audit_processes"": [{""question_id"": 1, ""expert_compliance"": {""expert_A"": ""Fully supported"", ""expert_B"": ""Unsupported"", ""expert_C"": ""Fully supported""}, ""audit_evidence"": ""The abstract does not explicitly discuss capturing or retaining knowledge.""}, {""question_id"": 2, ""expert_compliance"": {""expert_A"": ""Fully supported"", ""expert_B"": ""Unsupported"", ""expert_C"": ""Fully supported""}, ""audit_evidence"": ""Digital technologies for KR are not clearly identified as being used for capture/retention.""}, {""question_id"": 3, ""expert_compliance"": {""expert_A"": ""Unsupported"", ""expert_B"": ""Unsupported"", ""expert_C"": ""Unsupported""}, ""audit_evidence"": ""Based on the methodology described, the paper is categorized as Theoretical/Conceptual.""}], ""audit_results"": {""expert_A_audit_result"": ""Partial Support"", ""expert_B_audit_result"": ""Not Support"", ""expert_C_audit_result"": ""Partial Support""}}"
05296a86-41e2-47c3-97a8-1cf32087f5bb,Using Computational Grounded Theory To Analyze Pre-Service Chemistry Teachers’ Reflective Practice Regarding Technology Integration In Classrooms Within A Service-Learning–Oriented Seminar,"{""uuid"": ""05296a86-41e2-47c3-97a8-1cf32087f5bb"", ""Title"": ""Using Computational Grounded Theory To Analyze Pre-Service Chemistry Teachers\u2019 Reflective Practice Regarding Technology Integration In Classrooms Within A Service-Learning\u2013Oriented Seminar"", ""audit_processes"": [{""question_id"": 1, ""expert_compliance"": {""expert_A"": ""Unsupported"", ""expert_B"": ""Fully supported"", ""expert_C"": ""Fully supported""}, ""audit_evidence"": ""The abstract does not explicitly discuss capturing or retaining knowledge.""}, {""question_id"": 2, ""expert_compliance"": {""expert_A"": ""Unsupported"", ""expert_B"": ""Fully supported"", ""expert_C"": ""Fully supported""}, ""audit_evidence"": ""Digital technologies for KR are not clearly identified as being used for capture/retention.""}, {""question_id"": 3, ""expert_compliance"": {""expert_A"": ""Fully supported"", ""expert_B"": ""Fully supported"", ""expert_C"": ""Fully supported""}, ""audit_evidence"": ""Based on the methodology described, the paper is categorized as Empirical Study.""}], ""audit_results"": {""expert_A_audit_result"": ""Not Support"", ""expert_B_audit_result"": ""Fully Support"", ""expert_C_audit_result"": ""Fully Support""}}"
7bda7cf9-51fe-4847-99fa-b3acbc248420,How Cognitive Elaboration Fosters Knowledge Acquisition On Social Media - A Field Experiment,"{""uuid"": ""7bda7cf9-51fe-4847-99fa-b3acbc248420"", ""Title"": ""How Cognitive Elaboration Fosters Knowledge Acquisition On Social Media - A Field Experiment"", ""audit_processes"": [{""question_id"": 1, ""expert_compliance"": {""expert_A"": ""Unsupported"", ""expert_B"": ""Unsupported"", ""expert_C"": ""Fully supported""}, ""audit_evidence"": ""The abstract does not explicitly discuss capturing or retaining knowledge.""}, {""question_id"": 2, ""expert_compliance"": {""expert_A"": ""Unsupported"", ""expert_B"": ""Fully supported"", ""expert_C"": ""Fully supported""}, ""audit_evidence"": ""Digital technologies for KR are not clearly identified as being used for capture/retention.""}, {""question_id"": 3, ""expert_compliance"": {""expert_A"": ""Fully supported"", ""expert_B"": ""Fully supported"", ""expert_C"": ""Fully supported""}, ""audit_evidence"": ""Based on the methodology described, the paper is categorized as Empirical Study.""}], ""audit_results"": {""expert_A_audit_result"": ""Not Support"", ""expert_B_audit_result"": ""Partial Support"", ""expert_C_audit_result"": ""Fully Support""}}"
c18d8bc6-7a14-4b70-a012-f49d7d37aa08,"I4 Technology For Innovation, Knowledge Acquisition And Innovation Collaboration: Evidence From The Manufacturing Sectors","{""uuid"": ""c18d8bc6-7a14-4b70-a012-f49d7d37aa08"", ""Title"": ""I4 Technology For Innovation, Knowledge Acquisition And Innovation Collaboration: Evidence From The Manufacturing Sectors"", ""audit_processes"": [{""question_id"": 1, ""expert_compliance"": {""expert_A"": ""Unsupported"", ""expert_B"": ""Unsupported"", ""expert_C"": ""Unsupported""}, ""audit_evidence"": ""The abstract does not explicitly discuss capturing or retaining knowledge.""}, {""question_id"": 2, ""expert_compliance"": {""expert_A"": ""Unsupported"", ""expert_B"": ""Fully supported"", ""expert_C"": ""Fully supported""}, ""audit_evidence"": ""Digital technologies for KR are not clearly identified as being used for capture/retention.""}, {""question_id"": 3, ""expert_compliance"": {""expert_A"": ""Unsupported"", ""expert_B"": ""Unsupported"", ""expert_C"": ""Unsupported""}, ""audit_evidence"": ""Based on the methodology described, the paper is categorized as Theoretical/Conceptual.""}], ""audit_results"": {""expert_A_audit_result"": ""Not Support"", ""expert_B_audit_result"": ""Not Support"", ""expert_C_audit_result"": ""Not Support""}}"
c01265ac-041a-43aa-b77d-98ebdd30ec3e,Facilitating Interdisciplinary Collaboration In Large-Scale Research Networks: Tackling Uncertainties In Knowledge Building And The Designing Of Robotic Systems In Healthcare,"{""uuid"": ""c01265ac-041a-43aa-b77d-98ebdd30ec3e"", ""Title"": ""Facilitating Interdisciplinary Collaboration In Large-Scale Research Networks: Tackling Uncertainties In Knowledge Building And The Designing Of Robotic Systems In Healthcare"", ""audit_processes"": [{""question_id"": 1, ""expert_compliance"": {""expert_A"": ""Fully supported"", ""expert_B"": ""Unsupported"", ""expert_C"": ""Unsupported""}, ""audit_evidence"": ""The abstract does not explicitly discuss capturing or retaining knowledge.""}, {""question_id"": 2, ""expert_compliance"": {""expert_A"": ""Fully supported"", ""expert_B"": ""Unsupported"", ""expert_C"": ""Fully supported""}, ""audit_evidence"": ""Digital technologies for KR are not clearly identified as being used for capture/retention.""}, {""question_id"": 3, ""expert_compliance"": {""expert_A"": ""Fully supported"", ""expert_B"": ""Fully supported"", ""expert_C"": ""Unsupported""}, ""audit_evidence"": ""Based on the methodology described, the paper is categorized as Empirical Study.""}], ""audit_results"": {""expert_A_audit_result"": ""Fully Support"", ""expert_B_audit_result"": ""Not Support"", ""expert_C_audit_result"": ""Not Support""}}"
2949fe7c-e70e-4516-8d25-18d94006cc8f,Evaluation Of Chatgpt’S Implementation In Undergraduate Java Programming Tutorials,"{""uuid"": ""2949fe7c-e70e-4516-8d25-18d94006cc8f"", ""Title"": ""Evaluation Of Chatgpt\u2019S Implementation In Undergraduate Java Programming Tutorials"", ""audit_processes"": [{""question_id"": 1, ""expert_compliance"": {""expert_A"": ""Fully supported"", ""expert_B"": ""Fully supported"", ""expert_C"": ""Unsupported""}, ""audit_evidence"": ""The abstract does not explicitly discuss capturing or retaining knowledge.""}, {""question_id"": 2, ""expert_compliance"": {""expert_A"": ""Fully supported"", ""expert_B"": ""Fully supported"", ""expert_C"": ""Unsupported""}, ""audit_evidence"": ""Digital technologies for KR are not clearly identified as being used for capture/retention.""}, {""question_id"": 3, ""expert_compliance"": {""expert_A"": ""Fully supported"", ""expert_B"": ""Fully supported"", ""expert_C"": ""Fully supported""}, ""audit_evidence"": ""Based on the methodology described, the paper is categorized as Empirical Study.""}], ""audit_results"": {""expert_A_audit_result"": ""Fully Support"", ""expert_B_audit_result"": ""Fully Support"", ""expert_C_audit_result"": ""Not Support""}}"
2ee5b615-6edb-4ab4-85c7-978615bc980f,Perceived Impact And Effectiveness Of Vr And Ar In Higher Education: Evidence From A South African University Of Technology,"{""uuid"": ""2ee5b615-6edb-4ab4-85c7-978615bc980f"", ""Title"": ""Perceived Impact And Effectiveness Of Vr And Ar In Higher Education: Evidence From A South African University Of Technology"", ""audit_processes"": [{""question_id"": 1, ""expert_compliance"": {""expert_A"": ""Unsupported"", ""expert_B"": ""Unsupported"", ""expert_C"": ""Fully supported""}, ""audit_evidence"": ""The abstract explicitly discuss capturing or retaining knowledge.""}, {""question_id"": 2, ""expert_compliance"": {""expert_A"": ""Unsupported"", ""expert_B"": ""Unsupported"", ""expert_C"": ""Fully supported""}, ""audit_evidence"": ""Digital technologies for KR are identified as being used for capture/retention.""}, {""question_id"": 3, ""expert_compliance"": {""expert_A"": ""Fully supported"", ""expert_B"": ""Fully supported"", ""expert_C"": ""Fully supported""}, ""audit_evidence"": ""Based on the methodology described, the paper is categorized as Empirical Study.""}], ""audit_results"": {""expert_A_audit_result"": ""Not Support"", ""expert_B_audit_result"": ""Not Support"", ""expert_C_audit_result"": ""Fully Support""}}"
af169004-01a2-4d1a-9bd4-35b1fd5061e4,Enhanced Vr Learning With Dynamic Somatosensory Feedback To Assist In Understanding The Dynamic Process Of Blood Circulation,"{""uuid"": ""af169004-01a2-4d1a-9bd4-35b1fd5061e4"", ""Title"": ""Enhanced Vr Learning With Dynamic Somatosensory Feedback To Assist In Understanding The Dynamic Process Of Blood Circulation"", ""audit_processes"": [{""question_id"": 1, ""expert_compliance"": {""expert_A"": ""Unsupported"", ""expert_B"": ""Unsupported"", ""expert_C"": ""Fully supported""}, ""audit_evidence"": ""The abstract explicitly discuss capturing or retaining knowledge.""}, {""question_id"": 2, ""expert_compliance"": {""expert_A"": ""Unsupported"", ""expert_B"": ""Unsupported"", ""expert_C"": ""Fully supported""}, ""audit_evidence"": ""Digital technologies for KR are identified as being used for capture/retention.""}, {""question_id"": 3, ""expert_compliance"": {""expert_A"": ""Fully supported"", ""expert_B"": ""Fully supported"", ""expert_C"": ""Fully supported""}, ""audit_evidence"": ""Based on the methodology described, the paper is categorized as Empirical Study.""}], ""audit_results"": {""expert_A_audit_result"": ""Not Support"", ""expert_B_audit_result"": ""Not Support"", ""expert_C_audit_result"": ""Fully Support""}}"
0888f8b6-d950-432b-a38b-6f72fcb4b179,Features Of Using Mobile Applications To Identify Plants And Google Lens During The Learning Process,"{""uuid"": ""0888f8b6-d950-432b-a38b-6f72fcb4b179"", ""Title"": ""Features Of Using Mobile Applications To Identify Plants And Google Lens During The Learning Process"", ""audit_processes"": [{""question_id"": 1, ""expert_compliance"": {""expert_A"": ""Unsupported"", ""expert_B"": ""Unsupported"", ""expert_C"": ""Fully supported""}, ""audit_evidence"": ""The abstract explicitly discuss capturing or retaining knowledge.""}, {""question_id"": 2, ""expert_compliance"": {""expert_A"": ""Unsupported"", ""expert_B"": ""Unsupported"", ""expert_C"": ""Fully supported""}, ""audit_evidence"": ""Digital technologies for KR are identified as being used for capture/retention.""}, {""question_id"": 3, ""expert_compliance"": {""expert_A"": ""Fully supported"", ""expert_B"": ""Fully supported"", ""expert_C"": ""Fully supported""}, ""audit_evidence"": ""Based on the methodology described, the paper is categorized as Empirical Study.""}], ""audit_results"": {""expert_A_audit_result"": ""Not Support"", ""expert_B_audit_result"": ""Not Support"", ""expert_C_audit_result"": ""Fully Support""}}"
cf01f7e5-2f95-4513-a023-15a2026fa90e,Ai-Driven Stylistic Analysis Of Plc Programming Content For Industrial Automation Education,"{""uuid"": ""cf01f7e5-2f95-4513-a023-15a2026fa90e"", ""Title"": ""Ai-Driven Stylistic Analysis Of Plc Programming Content For Industrial Automation Education"", ""audit_processes"": [{""question_id"": 1, ""expert_compliance"": {""expert_A"": ""Unsupported"", ""expert_B"": ""Unsupported"", ""expert_C"": ""Fully supported""}, ""audit_evidence"": ""The abstract explicitly discuss capturing or retaining knowledge.""}, {""question_id"": 2, ""expert_compliance"": {""expert_A"": ""Unsupported"", ""expert_B"": ""Unsupported"", ""expert_C"": ""Fully supported""}, ""audit_evidence"": ""Digital technologies for KR are identified as being used for capture/retention.""}, {""question_id"": 3, ""expert_compliance"": {""expert_A"": ""Fully supported"", ""expert_B"": ""Fully supported"", ""expert_C"": ""Fully supported""}, ""audit_evidence"": ""Based on the methodology described, the paper is categorized as Empirical Study.""}], ""audit_results"": {""expert_A_audit_result"": ""Not Support"", ""expert_B_audit_result"": ""Not Support"", ""expert_C_audit_result"": ""Fully Support""}}"
0da9ec56-fa7d-4b40-8e50-e06108613521,Development Of A Domain-Specific Large Language Model For Iii-Nitrides Via Qwen-Based Architecture And Fine-Tuning Optimization,"{""uuid"": ""0da9ec56-fa7d-4b40-8e50-e06108613521"", ""Title"": ""Development Of A Domain-Specific Large Language Model For Iii-Nitrides Via Qwen-Based Architecture And Fine-Tuning Optimization"", ""audit_processes"": [{""question_id"": 1, ""expert_compliance"": {""expert_A"": ""Fully supported"", ""expert_B"": ""Fully supported"", ""expert_C"": ""Unsupported""}, ""audit_evidence"": ""The abstract does not explicitly discuss capturing or retaining knowledge.""}, {""question_id"": 2, ""expert_compliance"": {""expert_A"": ""Unsupported"", ""expert_B"": ""Unsupported"", ""expert_C"": ""Unsupported""}, ""audit_evidence"": ""Digital technologies for KR are not clearly identified as being used for capture/retention.""}, {""question_id"": 3, ""expert_compliance"": {""expert_A"": ""Fully supported"", ""expert_B"": ""Fully supported"", ""expert_C"": ""Fully supported""}, ""audit_evidence"": ""Based on the methodology described, the paper is categorized as Empirical Study.""}], ""audit_results"": {""expert_A_audit_result"": ""Partial Support"", ""expert_B_audit_result"": ""Partial Support"", ""expert_C_audit_result"": ""Not Support""}}"
dc3bd0c2-68b8-4151-b025-774919416268,Enhancing Science Education With Ar Bridging Cognitive Gaps In Students With Diverse Spatial Abilities,"{""uuid"": ""dc3bd0c2-68b8-4151-b025-774919416268"", ""Title"": ""Enhancing Science Education With Ar Bridging Cognitive Gaps In Students With Diverse Spatial Abilities"", ""audit_processes"": [{""question_id"": 1, ""expert_compliance"": {""expert_A"": ""Unsupported"", ""expert_B"": ""Fully supported"", ""expert_C"": ""Unsupported""}, ""audit_evidence"": ""The abstract explicitly discuss capturing or retaining knowledge.""}, {""question_id"": 2, ""expert_compliance"": {""expert_A"": ""Fully supported"", ""expert_B"": ""Fully supported"", ""expert_C"": ""Unsupported""}, ""audit_evidence"": ""Digital technologies for KR are identified as being used for capture/retention.""}, {""question_id"": 3, ""expert_compliance"": {""expert_A"": ""Fully supported"", ""expert_B"": ""Fully supported"", ""expert_C"": ""Fully supported""}, ""audit_evidence"": ""Based on the methodology described, the paper is categorized as Empirical Study.""}], ""audit_results"": {""expert_A_audit_result"": ""Partial Support"", ""expert_B_audit_result"": ""Fully Support"", ""expert_C_audit_result"": ""Not Support""}}"
f6203237-ea99-46e8-84bf-9082aa03ec22,The Influence Of Vr Technology On Marketing Education In Jordan: A Developing Synthesis,"{""uuid"": ""f6203237-ea99-46e8-84bf-9082aa03ec22"", ""Title"": ""The Influence Of Vr Technology On Marketing Education In Jordan: A Developing Synthesis"", ""audit_processes"": [{""question_id"": 1, ""expert_compliance"": {""expert_A"": ""Fully supported"", ""expert_B"": ""Unsupported"", ""expert_C"": ""Fully supported""}, ""audit_evidence"": ""The abstract does not explicitly discuss capturing or retaining knowledge.""}, {""question_id"": 2, ""expert_compliance"": {""expert_A"": ""Unsupported"", ""expert_B"": ""Unsupported"", ""expert_C"": ""Fully supported""}, ""audit_evidence"": ""Digital technologies for KR are not clearly identified as being used for capture/retention.""}, {""question_id"": 3, ""expert_compliance"": {""expert_A"": ""Fully supported"", ""expert_B"": ""Fully supported"", ""expert_C"": ""Fully supported""}, ""audit_evidence"": ""Based on the methodology described, the paper is categorized as Empirical Study.""}], ""audit_results"": {""expert_A_audit_result"": ""Partial Support"", ""expert_B_audit_result"": ""Not Support"", ""expert_C_audit_result"": ""Fully Support""}}"
9096bf38-3485-445f-8f3f-b3ab9daf050b,Gamified Cybersecurity Training Using Ai-Driven Learning Analytics In Uk Stem Programs,"{""uuid"": ""9096bf38-3485-445f-8f3f-b3ab9daf050b"", ""Title"": ""Gamified Cybersecurity Training Using Ai-Driven Learning Analytics In Uk Stem Programs"", ""audit_processes"": [{""question_id"": 1, ""expert_compliance"": {""expert_A"": ""Unsupported"", ""expert_B"": ""Fully supported"", ""expert_C"": ""Unsupported""}, ""audit_evidence"": ""The abstract explicitly discuss capturing or retaining knowledge.""}, {""question_id"": 2, ""expert_compliance"": {""expert_A"": ""Fully supported"", ""expert_B"": ""Fully supported"", ""expert_C"": ""Unsupported""}, ""audit_evidence"": ""Digital technologies for KR are identified as being used for capture/retention.""}, {""question_id"": 3, ""expert_compliance"": {""expert_A"": ""Unsupported"", ""expert_B"": ""Unsupported"", ""expert_C"": ""Unsupported""}, ""audit_evidence"": ""Based on the methodology described, the paper is categorized as Theoretical/Conceptual.""}], ""audit_results"": {""expert_A_audit_result"": ""Not Support"", ""expert_B_audit_result"": ""Partial Support"", ""expert_C_audit_result"": ""Not Support""}}"
3ea5f3f2-31db-4d6a-a3af-2a0cdbbab5c2,A Metaverse-Based Approach For Financial Literacy In Brazilian Vocational School,"{""uuid"": ""3ea5f3f2-31db-4d6a-a3af-2a0cdbbab5c2"", ""Title"": ""A Metaverse-Based Approach For Financial Literacy In Brazilian Vocational School"", ""audit_processes"": [{""question_id"": 1, ""expert_compliance"": {""expert_A"": ""Unsupported"", ""expert_B"": ""Fully supported"", ""expert_C"": ""Unsupported""}, ""audit_evidence"": ""The abstract explicitly discuss capturing or retaining knowledge.""}, {""question_id"": 2, ""expert_compliance"": {""expert_A"": ""Fully supported"", ""expert_B"": ""Fully supported"", ""expert_C"": ""Unsupported""}, ""audit_evidence"": ""Digital technologies for KR are identified as being used for capture/retention.""}, {""question_id"": 3, ""expert_compliance"": {""expert_A"": ""Fully supported"", ""expert_B"": ""Fully supported"", ""expert_C"": ""Fully supported""}, ""audit_evidence"": ""Based on the methodology described, the paper is categorized as Empirical Study.""}], ""audit_results"": {""expert_A_audit_result"": ""Partial Support"", ""expert_B_audit_result"": ""Fully Support"", ""expert_C_audit_result"": ""Not Support""}}"
a4af86c0-b131-4c46-a7ba-3c0c6e726d44,"Organizational Learning Capabilities And Performance: The Impact Of Digital Leadership, It Support, And Knowledge Sharing","{""uuid"": ""a4af86c0-b131-4c46-a7ba-3c0c6e726d44"", ""Title"": ""Organizational Learning Capabilities And Performance: The Impact Of Digital Leadership, It Support, And Knowledge Sharing"", ""audit_processes"": [{""question_id"": 1, ""expert_compliance"": {""expert_A"": ""Fully supported"", ""expert_B"": ""Unsupported"", ""expert_C"": ""Fully supported""}, ""audit_evidence"": ""The abstract does not explicitly discuss capturing or retaining knowledge.""}, {""question_id"": 2, ""expert_compliance"": {""expert_A"": ""Fully supported"", ""expert_B"": ""Unsupported"", ""expert_C"": ""Fully supported""}, ""audit_evidence"": ""Digital technologies for KR are not clearly identified as being used for capture/retention.""}, {""question_id"": 3, ""expert_compliance"": {""expert_A"": ""Fully supported"", ""expert_B"": ""Fully supported"", ""expert_C"": ""Fully supported""}, ""audit_evidence"": ""Based on the methodology described, the paper is categorized as Empirical Study.""}], ""audit_results"": {""expert_A_audit_result"": ""Fully Support"", ""expert_B_audit_result"": ""Not Support"", ""expert_C_audit_result"": ""Fully Support""}}"
a2ca3aca-d350-44af-98c4-ba7ea5eceff6,Innovative Music Education: An Empirical Assessment Of Chatgpt-4’S Impact On Student Learning Experiences,"{""uuid"": ""a2ca3aca-d350-44af-98c4-ba7ea5eceff6"", ""Title"": ""Innovative Music Education: An Empirical Assessment Of Chatgpt-4\u2019S Impact On Student Learning Experiences"", ""audit_processes"": [{""question_id"": 1, ""expert_compliance"": {""expert_A"": ""Fully supported"", ""expert_B"": ""Unsupported"", ""expert_C"": ""Fully supported""}, ""audit_evidence"": ""The abstract does not explicitly discuss capturing or retaining knowledge.""}, {""question_id"": 2, ""expert_compliance"": {""expert_A"": ""Fully supported"", ""expert_B"": ""Unsupported"", ""expert_C"": ""Fully supported""}, ""audit_evidence"": ""Digital technologies for KR are not clearly identified as being used for capture/retention.""}, {""question_id"": 3, ""expert_compliance"": {""expert_A"": ""Fully supported"", ""expert_B"": ""Fully supported"", ""expert_C"": ""Fully supported""}, ""audit_evidence"": ""Based on the methodology described, the paper is categorized as Empirical Study.""}], ""audit_results"": {""expert_A_audit_result"": ""Fully Support"", ""expert_B_audit_result"": ""Not Support"", ""expert_C_audit_result"": ""Fully Support""}}"
a307f393-dac5-4ee9-918d-59a4d409f54f,Exploring Gamification: Playing And Learning Through War-Time Architecture,"{""uuid"": ""a307f393-dac5-4ee9-918d-59a4d409f54f"", ""Title"": ""Exploring Gamification: Playing And Learning Through War-Time Architecture"", ""audit_processes"": [{""question_id"": 1, ""expert_compliance"": {""expert_A"": ""Fully supported"", ""expert_B"": ""Unsupported"", ""expert_C"": ""Fully supported""}, ""audit_evidence"": ""The abstract does not explicitly discuss capturing or retaining knowledge.""}, {""question_id"": 2, ""expert_compliance"": {""expert_A"": ""Fully supported"", ""expert_B"": ""Unsupported"", ""expert_C"": ""Fully supported""}, ""audit_evidence"": ""Digital technologies for KR are not clearly identified as being used for capture/retention.""}, {""question_id"": 3, ""expert_compliance"": {""expert_A"": ""Fully supported"", ""expert_B"": ""Fully supported"", ""expert_C"": ""Fully supported""}, ""audit_evidence"": ""Based on the methodology described, the paper is categorized as Empirical Study.""}], ""audit_results"": {""expert_A_audit_result"": ""Fully Support"", ""expert_B_audit_result"": ""Not Support"", ""expert_C_audit_result"": ""Fully Support""}}"
0abda380-5992-49cd-aa53-995fdbcfbe46,Integrating Virtual Reality Technology As A Pedagogical Tool In Architectural Education: A Quasi-Experimental Study,"{""uuid"": ""0abda380-5992-49cd-aa53-995fdbcfbe46"", ""Title"": ""Integrating Virtual Reality Technology As A Pedagogical Tool In Architectural Education: A Quasi-Experimental Study"", ""audit_processes"": [{""question_id"": 1, ""expert_compliance"": {""expert_A"": ""Fully supported"", ""expert_B"": ""Unsupported"", ""expert_C"": ""Fully supported""}, ""audit_evidence"": ""The abstract does not explicitly discuss capturing or retaining knowledge.""}, {""question_id"": 2, ""expert_compliance"": {""expert_A"": ""Fully supported"", ""expert_B"": ""Unsupported"", ""expert_C"": ""Fully supported""}, ""audit_evidence"": ""Digital technologies for KR are not clearly identified as being used for capture/retention.""}, {""question_id"": 3, ""expert_compliance"": {""expert_A"": ""Unsupported"", ""expert_B"": ""Unsupported"", ""expert_C"": ""Unsupported""}, ""audit_evidence"": ""Based on the methodology described, the paper is categorized as Case Study.""}], ""audit_results"": {""expert_A_audit_result"": ""Partial Support"", ""expert_B_audit_result"": ""Not Support"", ""expert_C_audit_result"": ""Partial Support""}}"
463be81f-65ff-4371-9e5f-727a71969852,Exploring The Impact Of Adaptive Real-Time Quiz Platforms With Differentiated Learning Features On Student Engagement And Learning Outcomes: A Mixed-Methods Approach,"{""uuid"": ""463be81f-65ff-4371-9e5f-727a71969852"", ""Title"": ""Exploring The Impact Of Adaptive Real-Time Quiz Platforms With Differentiated Learning Features On Student Engagement And Learning Outcomes: A Mixed-Methods Approach"", ""audit_processes"": [{""question_id"": 1, ""expert_compliance"": {""expert_A"": ""Unsupported"", ""expert_B"": ""Fully supported"", ""expert_C"": ""Unsupported""}, ""audit_evidence"": ""The abstract explicitly discuss capturing or retaining knowledge.""}, {""question_id"": 2, ""expert_compliance"": {""expert_A"": ""Unsupported"", ""expert_B"": ""Fully supported"", ""expert_C"": ""Unsupported""}, ""audit_evidence"": ""Digital technologies for KR are identified as being used for capture/retention.""}, {""question_id"": 3, ""expert_compliance"": {""expert_A"": ""Fully supported"", ""expert_B"": ""Fully supported"", ""expert_C"": ""Fully supported""}, ""audit_evidence"": ""Based on the methodology described, the paper is categorized as Empirical Study.""}], ""audit_results"": {""expert_A_audit_result"": ""Not Support"", ""expert_B_audit_result"": ""Fully Support"", ""expert_C_audit_result"": ""Not Support""}}"
a90fd0ac-547a-4f20-b32d-3b3d218ca30e,Exploring The Role Of Metaverse-Enabled Knowledge Collaboration In Enhancing Knowledge Management Outcomes In Manufacturing,"{""uuid"": ""a90fd0ac-547a-4f20-b32d-3b3d218ca30e"", ""Title"": ""Exploring The Role Of Metaverse-Enabled Knowledge Collaboration In Enhancing Knowledge Management Outcomes In Manufacturing"", ""audit_processes"": [{""question_id"": 1, ""expert_compliance"": {""expert_A"": ""Fully supported"", ""expert_B"": ""Fully supported"", ""expert_C"": ""Unsupported""}, ""audit_evidence"": ""The abstract does not explicitly discuss capturing or retaining knowledge.""}, {""question_id"": 2, ""expert_compliance"": {""expert_A"": ""Unsupported"", ""expert_B"": ""Unsupported"", ""expert_C"": ""Unsupported""}, ""audit_evidence"": ""Digital technologies for KR are not clearly identified as being used for capture/retention.""}, {""question_id"": 3, ""expert_compliance"": {""expert_A"": ""Fully supported"", ""expert_B"": ""Fully supported"", ""expert_C"": ""Fully supported""}, ""audit_evidence"": ""Based on the methodology described, the paper is categorized as Empirical Study.""}], ""audit_results"": {""expert_A_audit_result"": ""Partial Support"", ""expert_B_audit_result"": ""Partial Support"", ""expert_C_audit_result"": ""Not Support""}}"
7812e6ff-ed22-4957-b91d-93998ed15627,Towards Mobility Aware Knowledge Sharing In Vehicular Knowledge Networks,"{""uuid"": ""7812e6ff-ed22-4957-b91d-93998ed15627"", ""Title"": ""Towards Mobility Aware Knowledge Sharing In Vehicular Knowledge Networks"", ""audit_processes"": [{""question_id"": 1, ""expert_compliance"": {""expert_A"": ""Fully supported"", ""expert_B"": ""Fully supported"", ""expert_C"": ""Unsupported""}, ""audit_evidence"": ""The abstract does not explicitly discuss capturing or retaining knowledge.""}, {""question_id"": 2, ""expert_compliance"": {""expert_A"": ""Unsupported"", ""expert_B"": ""Unsupported"", ""expert_C"": ""Unsupported""}, ""audit_evidence"": ""Digital technologies for KR are not clearly identified as being used for capture/retention.""}, {""question_id"": 3, ""expert_compliance"": {""expert_A"": ""Fully supported"", ""expert_B"": ""Fully supported"", ""expert_C"": ""Fully supported""}, ""audit_evidence"": ""Based on the methodology described, the paper is categorized as Empirical Study.""}], ""audit_results"": {""expert_A_audit_result"": ""Partial Support"", ""expert_B_audit_result"": ""Partial Support"", ""expert_C_audit_result"": ""Not Support""}}"
dc4e4115-e38c-47b9-b391-c2a4f7ede865,Large Language Model As A Catalyst: A Paradigm Shift In Base Station Siting Optimization,"{""uuid"": ""dc4e4115-e38c-47b9-b391-c2a4f7ede865"", ""Title"": ""Large Language Model As A Catalyst: A Paradigm Shift In Base Station Siting Optimization"", ""audit_processes"": [{""question_id"": 1, ""expert_compliance"": {""expert_A"": ""Fully supported"", ""expert_B"": ""Fully supported"", ""expert_C"": ""Unsupported""}, ""audit_evidence"": ""The abstract does not explicitly discuss capturing or retaining knowledge.""}, {""question_id"": 2, ""expert_compliance"": {""expert_A"": ""Unsupported"", ""expert_B"": ""Unsupported"", ""expert_C"": ""Unsupported""}, ""audit_evidence"": ""Digital technologies for KR are not clearly identified as being used for capture/retention.""}, {""question_id"": 3, ""expert_compliance"": {""expert_A"": ""Fully supported"", ""expert_B"": ""Fully supported"", ""expert_C"": ""Fully supported""}, ""audit_evidence"": ""Based on the methodology described, the paper is categorized as Empirical Study.""}], ""audit_results"": {""expert_A_audit_result"": ""Partial Support"", ""expert_B_audit_result"": ""Partial Support"", ""expert_C_audit_result"": ""Not Support""}}"
fa7b96e6-eeea-4cdd-b4b3-35fae864fcb6,Data-Driven Knowledge Mining Technology In The Field Of Health And Dietary Therapy,"{""uuid"": ""fa7b96e6-eeea-4cdd-b4b3-35fae864fcb6"", ""Title"": ""Data-Driven Knowledge Mining Technology In The Field Of Health And Dietary Therapy"", ""audit_processes"": [{""question_id"": 1, ""expert_compliance"": {""expert_A"": ""Fully supported"", ""expert_B"": ""Unsupported"", ""expert_C"": ""Unsupported""}, ""audit_evidence"": ""The abstract does not explicitly discuss capturing or retaining knowledge.""}, {""question_id"": 2, ""expert_compliance"": {""expert_A"": ""Unsupported"", ""expert_B"": ""Unsupported"", ""expert_C"": ""Unsupported""}, ""audit_evidence"": ""Digital technologies for KR are not clearly identified as being used for capture/retention.""}, {""question_id"": 3, ""expert_compliance"": {""expert_A"": ""Unsupported"", ""expert_B"": ""Unsupported"", ""expert_C"": ""Unsupported""}, ""audit_evidence"": ""Based on the methodology described, the paper is categorized as Theoretical/Conceptual.""}], ""audit_results"": {""expert_A_audit_result"": ""Not Support"", ""expert_B_audit_result"": ""Not Support"", ""expert_C_audit_result"": ""Not Support""}}"
94fcdb19-e28e-47c3-8ebd-406cea7a319c,Research On The Construction Of The Course Knowledge System Of The Introduction To E-Commerce Based On The Knowledge Graph,"{""uuid"": ""94fcdb19-e28e-47c3-8ebd-406cea7a319c"", ""Title"": ""Research On The Construction Of The Course Knowledge System Of The Introduction To E-Commerce Based On The Knowledge Graph"", ""audit_processes"": [{""question_id"": 1, ""expert_compliance"": {""expert_A"": ""Unsupported"", ""expert_B"": ""Fully supported"", ""expert_C"": ""Fully supported""}, ""audit_evidence"": ""The abstract does not explicitly discuss capturing or retaining knowledge.""}, {""question_id"": 2, ""expert_compliance"": {""expert_A"": ""Unsupported"", ""expert_B"": ""Unsupported"", ""expert_C"": ""Fully supported""}, ""audit_evidence"": ""Digital technologies for KR are not clearly identified as being used for capture/retention.""}, {""question_id"": 3, ""expert_compliance"": {""expert_A"": ""Unsupported"", ""expert_B"": ""Unsupported"", ""expert_C"": ""Unsupported""}, ""audit_evidence"": ""Based on the methodology described, the paper is categorized as Theoretical/Conceptual.""}], ""audit_results"": {""expert_A_audit_result"": ""Not Support"", ""expert_B_audit_result"": ""Not Support"", ""expert_C_audit_result"": ""Partial Support""}}"
bc2b16d7-676b-4910-8d75-55dcbbcf1b45,Augmented Reality In Tabletop Exercises As An Approach To Sustainable Disaster Preparedness Training: A Pilot Study,"{""uuid"": ""bc2b16d7-676b-4910-8d75-55dcbbcf1b45"", ""Title"": ""Augmented Reality In Tabletop Exercises As An Approach To Sustainable Disaster Preparedness Training: A Pilot Study"", ""audit_processes"": [{""question_id"": 1, ""expert_compliance"": {""expert_A"": ""Unsupported"", ""expert_B"": ""Unsupported"", ""expert_C"": ""Fully supported""}, ""audit_evidence"": ""The abstract explicitly discuss capturing or retaining knowledge.""}, {""question_id"": 2, ""expert_compliance"": {""expert_A"": ""Unsupported"", ""expert_B"": ""Fully supported"", ""expert_C"": ""Fully supported""}, ""audit_evidence"": ""Digital technologies for KR are identified as being used for capture/retention.""}, {""question_id"": 3, ""expert_compliance"": {""expert_A"": ""Fully supported"", ""expert_B"": ""Fully supported"", ""expert_C"": ""Fully supported""}, ""audit_evidence"": ""Based on the methodology described, the paper is categorized as Empirical Study.""}], ""audit_results"": {""expert_A_audit_result"": ""Not Support"", ""expert_B_audit_result"": ""Partial Support"", ""expert_C_audit_result"": ""Fully Support""}}"
46fe1c0e-f63e-4a96-8c91-25bb9ac13447,Field Trips And Their Effect On Student Learning: A Comparison Of Knowledge Assessment For Physical Versus Virtual Field Trips In A Construction Management Course,"{""uuid"": ""46fe1c0e-f63e-4a96-8c91-25bb9ac13447"", ""Title"": ""Field Trips And Their Effect On Student Learning: A Comparison Of Knowledge Assessment For Physical Versus Virtual Field Trips In A Construction Management Course"", ""audit_processes"": [{""question_id"": 1, ""expert_compliance"": {""expert_A"": ""Unsupported"", ""expert_B"": ""Unsupported"", ""expert_C"": ""Fully supported""}, ""audit_evidence"": ""The abstract explicitly discuss capturing or retaining knowledge.""}, {""question_id"": 2, ""expert_compliance"": {""expert_A"": ""Fully supported"", ""expert_B"": ""Unsupported"", ""expert_C"": ""Unsupported""}, ""audit_evidence"": ""Digital technologies for KR are not clearly identified as being used for capture/retention.""}, {""question_id"": 3, ""expert_compliance"": {""expert_A"": ""Fully supported"", ""expert_B"": ""Fully supported"", ""expert_C"": ""Fully supported""}, ""audit_evidence"": ""Based on the methodology described, the paper is categorized as Empirical Study.""}], ""audit_results"": {""expert_A_audit_result"": ""Partial Support"", ""expert_B_audit_result"": ""Not Support"", ""expert_C_audit_result"": ""Partial Support""}}"
044a28e6-570f-4610-89be-fa201e9b2865,Using Podcasting To Enhance The Experiences Of Healthcare Apprentices In Higher Education,"{""uuid"": ""044a28e6-570f-4610-89be-fa201e9b2865"", ""Title"": ""Using Podcasting To Enhance The Experiences Of Healthcare Apprentices In Higher Education"", ""audit_processes"": [{""question_id"": 1, ""expert_compliance"": {""expert_A"": ""Fully supported"", ""expert_B"": ""Fully supported"", ""expert_C"": ""Unsupported""}, ""audit_evidence"": ""The abstract does not explicitly discuss capturing or retaining knowledge.""}, {""question_id"": 2, ""expert_compliance"": {""expert_A"": ""Fully supported"", ""expert_B"": ""Unsupported"", ""expert_C"": ""Unsupported""}, ""audit_evidence"": ""Digital technologies for KR are not clearly identified as being used for capture/retention.""}, {""question_id"": 3, ""expert_compliance"": {""expert_A"": ""Fully supported"", ""expert_B"": ""Fully supported"", ""expert_C"": ""Fully supported""}, ""audit_evidence"": ""Based on the methodology described, the paper is categorized as Empirical Study.""}], ""audit_results"": {""expert_A_audit_result"": ""Fully Support"", ""expert_B_audit_result"": ""Partial Support"", ""expert_C_audit_result"": ""Not Support""}}"
a9925706-a35d-4472-939f-b3372a1f70a2,Model Of Digitalization Professional Training Of Future Vocational Education Teachers,"{""uuid"": ""a9925706-a35d-4472-939f-b3372a1f70a2"", ""Title"": ""Model Of Digitalization Professional Training Of Future Vocational Education Teachers"", ""audit_processes"": [{""question_id"": 1, ""expert_compliance"": {""expert_A"": ""Fully supported"", ""expert_B"": ""Unsupported"", ""expert_C"": ""Fully supported""}, ""audit_evidence"": ""The abstract does not explicitly discuss capturing or retaining knowledge.""}, {""question_id"": 2, ""expert_compliance"": {""expert_A"": ""Fully supported"", ""expert_B"": ""Unsupported"", ""expert_C"": ""Fully supported""}, ""audit_evidence"": ""Digital technologies for KR are not clearly identified as being used for capture/retention.""}, {""question_id"": 3, ""expert_compliance"": {""expert_A"": ""Unsupported"", ""expert_B"": ""Fully supported"", ""expert_C"": ""Fully supported""}, ""audit_evidence"": ""Based on the methodology described, the paper is categorized as Empirical Study.""}], ""audit_results"": {""expert_A_audit_result"": ""Partial Support"", ""expert_B_audit_result"": ""Not Support"", ""expert_C_audit_result"": ""Fully Support""}}"
bce09100-0ab5-4ad0-aa09-079b8fcbf93c,Modern Technologies In Knowledge Management In Hr Processes In Organizations,"{""uuid"": ""bce09100-0ab5-4ad0-aa09-079b8fcbf93c"", ""Title"": ""Modern Technologies In Knowledge Management In Hr Processes In Organizations"", ""audit_processes"": [{""question_id"": 1, ""expert_compliance"": {""expert_A"": ""Fully supported"", ""expert_B"": ""Fully supported"", ""expert_C"": ""Unsupported""}, ""audit_evidence"": ""The abstract does not explicitly discuss capturing or retaining knowledge.""}, {""question_id"": 2, ""expert_compliance"": {""expert_A"": ""Fully supported"", ""expert_B"": ""Fully supported"", ""expert_C"": ""Unsupported""}, ""audit_evidence"": ""Digital technologies for KR are not clearly identified as being used for capture/retention.""}, {""question_id"": 3, ""expert_compliance"": {""expert_A"": ""Fully supported"", ""expert_B"": ""Fully supported"", ""expert_C"": ""Fully supported""}, ""audit_evidence"": ""Based on the methodology described, the paper is categorized as Empirical Study.""}], ""audit_results"": {""expert_A_audit_result"": ""Fully Support"", ""expert_B_audit_result"": ""Fully Support"", ""expert_C_audit_result"": ""Not Support""}}"
e60eaa4b-ca7c-416b-a395-d0625313cf91,The Effect Of Technological Infrastructure On Managerial Innovation: The Mediating Role Of Knowledge Management Processes,"{""uuid"": ""e60eaa4b-ca7c-416b-a395-d0625313cf91"", ""Title"": ""The Effect Of Technological Infrastructure On Managerial Innovation: The Mediating Role Of Knowledge Management Processes"", ""audit_processes"": [{""question_id"": 1, ""expert_compliance"": {""expert_A"": ""Unsupported"", ""expert_B"": ""Unsupported"", ""expert_C"": ""Fully supported""}, ""audit_evidence"": ""The abstract explicitly discuss capturing or retaining knowledge.""}, {""question_id"": 2, ""expert_compliance"": {""expert_A"": ""Unsupported"", ""expert_B"": ""Unsupported"", ""expert_C"": ""Fully supported""}, ""audit_evidence"": ""Digital technologies for KR are identified as being used for capture/retention.""}, {""question_id"": 3, ""expert_compliance"": {""expert_A"": ""Fully supported"", ""expert_B"": ""Fully supported"", ""expert_C"": ""Fully supported""}, ""audit_evidence"": ""Based on the methodology described, the paper is categorized as Empirical Study.""}], ""audit_results"": {""expert_A_audit_result"": ""Not Support"", ""expert_B_audit_result"": ""Not Support"", ""expert_C_audit_result"": ""Fully Support""}}"
517b1a09-1f09-421f-b27a-7cfcb5b17378,Applying Biometric Technologies For Personalized Learning In Education Management Systems,"{""uuid"": ""517b1a09-1f09-421f-b27a-7cfcb5b17378"", ""Title"": ""Applying Biometric Technologies For Personalized Learning In Education Management Systems"", ""audit_processes"": [{""question_id"": 1, ""expert_compliance"": {""expert_A"": ""Unsupported"", ""expert_B"": ""Fully supported"", ""expert_C"": ""Unsupported""}, ""audit_evidence"": ""The abstract explicitly discuss capturing or retaining knowledge.""}, {""question_id"": 2, ""expert_compliance"": {""expert_A"": ""Unsupported"", ""expert_B"": ""Fully supported"", ""expert_C"": ""Unsupported""}, ""audit_evidence"": ""Digital technologies for KR are identified as being used for capture/retention.""}, {""question_id"": 3, ""expert_compliance"": {""expert_A"": ""Fully supported"", ""expert_B"": ""Fully supported"", ""expert_C"": ""Fully supported""}, ""audit_evidence"": ""Based on the methodology described, the paper is categorized as Empirical Study.""}], ""audit_results"": {""expert_A_audit_result"": ""Not Support"", ""expert_B_audit_result"": ""Fully Support"", ""expert_C_audit_result"": ""Not Support""}}"
55fd8ed4-37e8-4f0e-afd5-91e4a2a90b03,The Adoption Of Artificial Intelligence For Higher Education Sustainability,"{""uuid"": ""55fd8ed4-37e8-4f0e-afd5-91e4a2a90b03"", ""Title"": ""The Adoption Of Artificial Intelligence For Higher Education Sustainability"", ""audit_processes"": [{""question_id"": 1, ""expert_compliance"": {""expert_A"": ""Fully supported"", ""expert_B"": ""Unsupported"", ""expert_C"": ""Fully supported""}, ""audit_evidence"": ""The abstract does not explicitly discuss capturing or retaining knowledge.""}, {""question_id"": 2, ""expert_compliance"": {""expert_A"": ""Fully supported"", ""expert_B"": ""Unsupported"", ""expert_C"": ""Fully supported""}, ""audit_evidence"": ""Digital technologies for KR are not clearly identified as being used for capture/retention.""}, {""question_id"": 3, ""expert_compliance"": {""expert_A"": ""Fully supported"", ""expert_B"": ""Fully supported"", ""expert_C"": ""Fully supported""}, ""audit_evidence"": ""Based on the methodology described, the paper is categorized as Empirical Study.""}], ""audit_results"": {""expert_A_audit_result"": ""Fully Support"", ""expert_B_audit_result"": ""Not Support"", ""expert_C_audit_result"": ""Fully Support""}}"
b9fe790a-e1ca-471c-b38f-e24d94ac9d91,Utilizing Systematic Digital Platforms And Instructional Design In Health Communication: A Data-Driven Approach In China'S Curriculum,"{""uuid"": ""b9fe790a-e1ca-471c-b38f-e24d94ac9d91"", ""Title"": ""Utilizing Systematic Digital Platforms And Instructional Design In Health Communication: A Data-Driven Approach In China'S Curriculum"", ""audit_processes"": [{""question_id"": 1, ""expert_compliance"": {""expert_A"": ""Fully supported"", ""expert_B"": ""Unsupported"", ""expert_C"": ""Fully supported""}, ""audit_evidence"": ""The abstract does not explicitly discuss capturing or retaining knowledge.""}, {""question_id"": 2, ""expert_compliance"": {""expert_A"": ""Fully supported"", ""expert_B"": ""Unsupported"", ""expert_C"": ""Fully supported""}, ""audit_evidence"": ""Digital technologies for KR are not clearly identified as being used for capture/retention.""}, {""question_id"": 3, ""expert_compliance"": {""expert_A"": ""Fully supported"", ""expert_B"": ""Fully supported"", ""expert_C"": ""Fully supported""}, ""audit_evidence"": ""Based on the methodology described, the paper is categorized as Empirical Study.""}], ""audit_results"": {""expert_A_audit_result"": ""Fully Support"", ""expert_B_audit_result"": ""Not Support"", ""expert_C_audit_result"": ""Fully Support""}}"
0aff404f-05c1-4794-b2d1-d258bc58a15f,Personalized Ai-Driven Online Education Technologies For Adaptive Learning And Cognitive Skill Enhancement,"{""uuid"": ""0aff404f-05c1-4794-b2d1-d258bc58a15f"", ""Title"": ""Personalized Ai-Driven Online Education Technologies For Adaptive Learning And Cognitive Skill Enhancement"", ""audit_processes"": [{""question_id"": 1, ""expert_compliance"": {""expert_A"": ""Unsupported"", ""expert_B"": ""Fully supported"", ""expert_C"": ""Unsupported""}, ""audit_evidence"": ""The abstract explicitly discuss capturing or retaining knowledge.""}, {""question_id"": 2, ""expert_compliance"": {""expert_A"": ""Unsupported"", ""expert_B"": ""Fully supported"", ""expert_C"": ""Unsupported""}, ""audit_evidence"": ""Digital technologies for KR are identified as being used for capture/retention.""}, {""question_id"": 3, ""expert_compliance"": {""expert_A"": ""Fully supported"", ""expert_B"": ""Fully supported"", ""expert_C"": ""Fully supported""}, ""audit_evidence"": ""Based on the methodology described, the paper is categorized as Empirical Study.""}], ""audit_results"": {""expert_A_audit_result"": ""Not Support"", ""expert_B_audit_result"": ""Fully Support"", ""expert_C_audit_result"": ""Not Support""}}"
840775da-d62f-433a-8fac-f3646066520a,Revolutionizing Healthcare Education: Mobile Virtual Patients For Digital Problem-Based Learning,"{""uuid"": ""840775da-d62f-433a-8fac-f3646066520a"", ""Title"": ""Revolutionizing Healthcare Education: Mobile Virtual Patients For Digital Problem-Based Learning"", ""audit_processes"": [{""question_id"": 1, ""expert_compliance"": {""expert_A"": ""Fully supported"", ""expert_B"": ""Unsupported"", ""expert_C"": ""Fully supported""}, ""audit_evidence"": ""The abstract does not explicitly discuss capturing or retaining knowledge.""}, {""question_id"": 2, ""expert_compliance"": {""expert_A"": ""Fully supported"", ""expert_B"": ""Unsupported"", ""expert_C"": ""Fully supported""}, ""audit_evidence"": ""Digital technologies for KR are not clearly identified as being used for capture/retention.""}, {""question_id"": 3, ""expert_compliance"": {""expert_A"": ""Fully supported"", ""expert_B"": ""Fully supported"", ""expert_C"": ""Fully supported""}, ""audit_evidence"": ""Based on the methodology described, the paper is categorized as Empirical Study.""}], ""audit_results"": {""expert_A_audit_result"": ""Fully Support"", ""expert_B_audit_result"": ""Not Support"", ""expert_C_audit_result"": ""Fully Support""}}"
a8a2058b-dba1-4ea2-a0b3-4a93764fd3ec,How Can The Adoption Of Industry 4.0 Technologies Drive Innovation In Manufacturing Companies? Evidence From China And Korea,"{""uuid"": ""a8a2058b-dba1-4ea2-a0b3-4a93764fd3ec"", ""Title"": ""How Can The Adoption Of Industry 4.0 Technologies Drive Innovation In Manufacturing Companies? Evidence From China And Korea"", ""audit_processes"": [{""question_id"": 1, ""expert_compliance"": {""expert_A"": ""Fully supported"", ""expert_B"": ""Fully supported"", ""expert_C"": ""Unsupported""}, ""audit_evidence"": ""The abstract does not explicitly discuss capturing or retaining knowledge.""}, {""question_id"": 2, ""expert_compliance"": {""expert_A"": ""Fully supported"", ""expert_B"": ""Fully supported"", ""expert_C"": ""Unsupported""}, ""audit_evidence"": ""Digital technologies for KR are not clearly identified as being used for capture/retention.""}, {""question_id"": 3, ""expert_compliance"": {""expert_A"": ""Fully supported"", ""expert_B"": ""Fully supported"", ""expert_C"": ""Fully supported""}, ""audit_evidence"": ""Based on the methodology described, the paper is categorized as Empirical Study.""}], ""audit_results"": {""expert_A_audit_result"": ""Fully Support"", ""expert_B_audit_result"": ""Fully Support"", ""expert_C_audit_result"": ""Not Support""}}"
177260fc-1fcf-4a1d-a9b6-b61e9a69a97e,Construction And Application Of A Digital Twin Model For Multi-Objective Optimization Of Intelligent Tape Conveyor System,"{""uuid"": ""177260fc-1fcf-4a1d-a9b6-b61e9a69a97e"", ""Title"": ""Construction And Application Of A Digital Twin Model For Multi-Objective Optimization Of Intelligent Tape Conveyor System"", ""audit_processes"": [{""question_id"": 1, ""expert_compliance"": {""expert_A"": ""Fully supported"", ""expert_B"": ""Fully supported"", ""expert_C"": ""Unsupported""}, ""audit_evidence"": ""The abstract does not explicitly discuss capturing or retaining knowledge.""}, {""question_id"": 2, ""expert_compliance"": {""expert_A"": ""Fully supported"", ""expert_B"": ""Unsupported"", ""expert_C"": ""Unsupported""}, ""audit_evidence"": ""Digital technologies for KR are not clearly identified as being used for capture/retention.""}, {""question_id"": 3, ""expert_compliance"": {""expert_A"": ""Fully supported"", ""expert_B"": ""Fully supported"", ""expert_C"": ""Fully supported""}, ""audit_evidence"": ""Based on the methodology described, the paper is categorized as Empirical Study.""}], ""audit_results"": {""expert_A_audit_result"": ""Fully Support"", ""expert_B_audit_result"": ""Partial Support"", ""expert_C_audit_result"": ""Not Support""}}"
90be7832-67f8-42bf-a2d1-0766c815d06c,Technology For Building A Maritime Knowledge Large Language Knowledge Model Based On Efficient Parameter Fine-Tuning,"{""uuid"": ""90be7832-67f8-42bf-a2d1-0766c815d06c"", ""Title"": ""Technology For Building A Maritime Knowledge Large Language Knowledge Model Based On Efficient Parameter Fine-Tuning"", ""audit_processes"": [{""question_id"": 1, ""expert_compliance"": {""expert_A"": ""Fully supported"", ""expert_B"": ""Fully supported"", ""expert_C"": ""Unsupported""}, ""audit_evidence"": ""The abstract does not explicitly discuss capturing or retaining knowledge.""}, {""question_id"": 2, ""expert_compliance"": {""expert_A"": ""Fully supported"", ""expert_B"": ""Unsupported"", ""expert_C"": ""Unsupported""}, ""audit_evidence"": ""Digital technologies for KR are not clearly identified as being used for capture/retention.""}, {""question_id"": 3, ""expert_compliance"": {""expert_A"": ""Unsupported"", ""expert_B"": ""Unsupported"", ""expert_C"": ""Unsupported""}, ""audit_evidence"": ""Based on the methodology described, the paper is categorized as Theoretical/Conceptual.""}], ""audit_results"": {""expert_A_audit_result"": ""Partial Support"", ""expert_B_audit_result"": ""Not Support"", ""expert_C_audit_result"": ""Not Support""}}"
31935dc4-eb84-4cf1-9a14-ba87497a4677,Exploring Ai Frontiers: Insights From Austria'S Industrial Sector On Enhancing Control Functions,"{""uuid"": ""31935dc4-eb84-4cf1-9a14-ba87497a4677"", ""Title"": ""Exploring Ai Frontiers: Insights From Austria'S Industrial Sector On Enhancing Control Functions"", ""audit_processes"": [{""question_id"": 1, ""expert_compliance"": {""expert_A"": ""Unsupported"", ""expert_B"": ""Fully supported"", ""expert_C"": ""Fully supported""}, ""audit_evidence"": ""The abstract does not explicitly discuss capturing or retaining knowledge.""}, {""question_id"": 2, ""expert_compliance"": {""expert_A"": ""Unsupported"", ""expert_B"": ""Fully supported"", ""expert_C"": ""Fully supported""}, ""audit_evidence"": ""Digital technologies for KR are not clearly identified as being used for capture/retention.""}, {""question_id"": 3, ""expert_compliance"": {""expert_A"": ""Fully supported"", ""expert_B"": ""Fully supported"", ""expert_C"": ""Fully supported""}, ""audit_evidence"": ""Based on the methodology described, the paper is categorized as Empirical Study.""}], ""audit_results"": {""expert_A_audit_result"": ""Not Support"", ""expert_B_audit_result"": ""Fully Support"", ""expert_C_audit_result"": ""Fully Support""}}"
586a66c0-321c-4212-997b-3e50d625b905,Managing R&D Projects: Fostering Strategic Partnerships For Innovation And Excellence,"{""uuid"": ""586a66c0-321c-4212-997b-3e50d625b905"", ""Title"": ""Managing R&D Projects: Fostering Strategic Partnerships For Innovation And Excellence"", ""audit_processes"": [{""question_id"": 1, ""expert_compliance"": {""expert_A"": ""Fully supported"", ""expert_B"": ""Fully supported"", ""expert_C"": ""Unsupported""}, ""audit_evidence"": ""The abstract does not explicitly discuss capturing or retaining knowledge.""}, {""question_id"": 2, ""expert_compliance"": {""expert_A"": ""Fully supported"", ""expert_B"": ""Unsupported"", ""expert_C"": ""Unsupported""}, ""audit_evidence"": ""Digital technologies for KR are not clearly identified as being used for capture/retention.""}, {""question_id"": 3, ""expert_compliance"": {""expert_A"": ""Unsupported"", ""expert_B"": ""Unsupported"", ""expert_C"": ""Unsupported""}, ""audit_evidence"": ""Based on the methodology described, the paper is categorized as Theoretical/Conceptual.""}], ""audit_results"": {""expert_A_audit_result"": ""Partial Support"", ""expert_B_audit_result"": ""Not Support"", ""expert_C_audit_result"": ""Not Support""}}"
b2533b6b-5639-466f-9565-5e91a042ff3f,Gifts: Integrating Generative Ai Into First-Year Engineering Education: From Knowledge Acquisition And Arduino Projects To Defining Accessibility Problems And Solutions,"{""uuid"": ""b2533b6b-5639-466f-9565-5e91a042ff3f"", ""Title"": ""Gifts: Integrating Generative Ai Into First-Year Engineering Education: From Knowledge Acquisition And Arduino Projects To Defining Accessibility Problems And Solutions"", ""audit_processes"": [{""question_id"": 1, ""expert_compliance"": {""expert_A"": ""Fully supported"", ""expert_B"": ""Unsupported"", ""expert_C"": ""Fully supported""}, ""audit_evidence"": ""The abstract does not explicitly discuss capturing or retaining knowledge.""}, {""question_id"": 2, ""expert_compliance"": {""expert_A"": ""Fully supported"", ""expert_B"": ""Unsupported"", ""expert_C"": ""Fully supported""}, ""audit_evidence"": ""Digital technologies for KR are not clearly identified as being used for capture/retention.""}, {""question_id"": 3, ""expert_compliance"": {""expert_A"": ""Unsupported"", ""expert_B"": ""Unsupported"", ""expert_C"": ""Unsupported""}, ""audit_evidence"": ""Based on the methodology described, the paper is categorized as Theoretical/Conceptual.""}], ""audit_results"": {""expert_A_audit_result"": ""Partial Support"", ""expert_B_audit_result"": ""Not Support"", ""expert_C_audit_result"": ""Partial Support""}}"
3cea6e0c-18aa-4eb2-a92b-c01b39983f53,"Impact Of The Introduction To Steam Fields: Promoting Technological Knowledge In Santa Lucía, Ecuador, Through A Community Service Initiative By Espol","{""uuid"": ""3cea6e0c-18aa-4eb2-a92b-c01b39983f53"", ""Title"": ""Impact Of The Introduction To Steam Fields: Promoting Technological Knowledge In Santa Luc\u00eda, Ecuador, Through A Community Service Initiative By Espol"", ""audit_processes"": [{""question_id"": 1, ""expert_compliance"": {""expert_A"": ""Fully supported"", ""expert_B"": ""Unsupported"", ""expert_C"": ""Fully supported""}, ""audit_evidence"": ""The abstract does not explicitly discuss capturing or retaining knowledge.""}, {""question_id"": 2, ""expert_compliance"": {""expert_A"": ""Unsupported"", ""expert_B"": ""Unsupported"", ""expert_C"": ""Fully supported""}, ""audit_evidence"": ""Digital technologies for KR are not clearly identified as being used for capture/retention.""}, {""question_id"": 3, ""expert_compliance"": {""expert_A"": ""Unsupported"", ""expert_B"": ""Unsupported"", ""expert_C"": ""Unsupported""}, ""audit_evidence"": ""Based on the methodology described, the paper is categorized as Empirical Study.""}], ""audit_results"": {""expert_A_audit_result"": ""Not Support"", ""expert_B_audit_result"": ""Not Support"", ""expert_C_audit_result"": ""Partial Support""}}"
3f55cb39-c9ac-494c-8578-f94ef0a906ab,Research On The Construction Of Digital Textbook Knowledge System Based On Dynamic Learner Portraits,"{""uuid"": ""3f55cb39-c9ac-494c-8578-f94ef0a906ab"", ""Title"": ""Research On The Construction Of Digital Textbook Knowledge System Based On Dynamic Learner Portraits"", ""audit_processes"": [{""question_id"": 1, ""expert_compliance"": {""expert_A"": ""Fully supported"", ""expert_B"": ""Unsupported"", ""expert_C"": ""Fully supported""}, ""audit_evidence"": ""The abstract does not explicitly discuss capturing or retaining knowledge.""}, {""question_id"": 2, ""expert_compliance"": {""expert_A"": ""Unsupported"", ""expert_B"": ""Unsupported"", ""expert_C"": ""Fully supported""}, ""audit_evidence"": ""Digital technologies for KR are not clearly identified as being used for capture/retention.""}, {""question_id"": 3, ""expert_compliance"": {""expert_A"": ""Fully supported"", ""expert_B"": ""Fully supported"", ""expert_C"": ""Fully supported""}, ""audit_evidence"": ""Based on the methodology described, the paper is categorized as Empirical Study.""}], ""audit_results"": {""expert_A_audit_result"": ""Partial Support"", ""expert_B_audit_result"": ""Not Support"", ""expert_C_audit_result"": ""Fully Support""}}"
2793c572-66c4-4d0a-bb55-4a42f6eee278,Frame-Based Knowledge Representation For Intelligent Tutoring Systems,"{""uuid"": ""2793c572-66c4-4d0a-bb55-4a42f6eee278"", ""Title"": ""Frame-Based Knowledge Representation For Intelligent Tutoring Systems"", ""audit_processes"": [{""question_id"": 1, ""expert_compliance"": {""expert_A"": ""Unsupported"", ""expert_B"": ""Unsupported"", ""expert_C"": ""Unsupported""}, ""audit_evidence"": ""The abstract does not explicitly discuss capturing or retaining knowledge.""}, {""question_id"": 2, ""expert_compliance"": {""expert_A"": ""Unsupported"", ""expert_B"": ""Unsupported"", ""expert_C"": ""Unsupported""}, ""audit_evidence"": ""Digital technologies for KR are not clearly identified as being used for capture/retention.""}, {""question_id"": 3, ""expert_compliance"": {""expert_A"": ""Unsupported"", ""expert_B"": ""Unsupported"", ""expert_C"": ""Unsupported""}, ""audit_evidence"": ""Based on the methodology described, the paper is categorized as Theoretical/Conceptual.""}], ""audit_results"": {""expert_A_audit_result"": ""Not Support"", ""expert_B_audit_result"": ""Not Support"", ""expert_C_audit_result"": ""Not Support""}}"
46263831-68bb-4436-8485-442dafce1359,Navigating Technological Uncertainty: Sustainable Practices In Digital Knowledge Acquisition And Application,"{""uuid"": ""46263831-68bb-4436-8485-442dafce1359"", ""Title"": ""Navigating Technological Uncertainty: Sustainable Practices In Digital Knowledge Acquisition And Application"", ""audit_processes"": [{""question_id"": 1, ""expert_compliance"": {""expert_A"": ""Unsupported"", ""expert_B"": ""Fully supported"", ""expert_C"": ""Fully supported""}, ""audit_evidence"": ""The abstract does not explicitly discuss capturing or retaining knowledge.""}, {""question_id"": 2, ""expert_compliance"": {""expert_A"": ""Unsupported"", ""expert_B"": ""Fully supported"", ""expert_C"": ""Fully supported""}, ""audit_evidence"": ""Digital technologies for KR are not clearly identified as being used for capture/retention.""}, {""question_id"": 3, ""expert_compliance"": {""expert_A"": ""Unsupported"", ""expert_B"": ""Unsupported"", ""expert_C"": ""Unsupported""}, ""audit_evidence"": ""Based on the methodology described, the paper is categorized as Theoretical/Conceptual.""}], ""audit_results"": {""expert_A_audit_result"": ""Not Support"", ""expert_B_audit_result"": ""Partial Support"", ""expert_C_audit_result"": ""Partial Support""}}"
307f7fad-eef6-4a60-a071-deddb5cf2a99,The Influence Of Education Using Artificial Intelligence Technologies On The Formation Of Moral Behavior And Self-Efficacy In Medical Students,"{""uuid"": ""307f7fad-eef6-4a60-a071-deddb5cf2a99"", ""Title"": ""The Influence Of Education Using Artificial Intelligence Technologies On The Formation Of Moral Behavior And Self-Efficacy In Medical Students"", ""audit_processes"": [{""question_id"": 1, ""expert_compliance"": {""expert_A"": ""Fully supported"", ""expert_B"": ""Unsupported"", ""expert_C"": ""Fully supported""}, ""audit_evidence"": ""The abstract does not explicitly discuss capturing or retaining knowledge.""}, {""question_id"": 2, ""expert_compliance"": {""expert_A"": ""Unsupported"", ""expert_B"": ""Unsupported"", ""expert_C"": ""Fully supported""}, ""audit_evidence"": ""Digital technologies for KR are not clearly identified as being used for capture/retention.""}, {""question_id"": 3, ""expert_compliance"": {""expert_A"": ""Fully supported"", ""expert_B"": ""Fully supported"", ""expert_C"": ""Fully supported""}, ""audit_evidence"": ""Based on the methodology described, the paper is categorized as Empirical Study.""}], ""audit_results"": {""expert_A_audit_result"": ""Partial Support"", ""expert_B_audit_result"": ""Not Support"", ""expert_C_audit_result"": ""Fully Support""}}"
e6ee16e3-6df1-4f42-824c-6e988a1d11e0,Gamification And Blockchain: Innovative Approaches To Employee Motivation,"{""uuid"": ""e6ee16e3-6df1-4f42-824c-6e988a1d11e0"", ""Title"": ""Gamification And Blockchain: Innovative Approaches To Employee Motivation"", ""audit_processes"": [{""question_id"": 1, ""expert_compliance"": {""expert_A"": ""Fully supported"", ""expert_B"": ""Unsupported"", ""expert_C"": ""Fully supported""}, ""audit_evidence"": ""The abstract explicitly discuss capturing or retaining knowledge.""}, {""question_id"": 2, ""expert_compliance"": {""expert_A"": ""Fully supported"", ""expert_B"": ""Unsupported"", ""expert_C"": ""Fully supported""}, ""audit_evidence"": ""Digital technologies for KR are identified as being used for capture/retention.""}, {""question_id"": 3, ""expert_compliance"": {""expert_A"": ""Unsupported"", ""expert_B"": ""Unsupported"", ""expert_C"": ""Unsupported""}, ""audit_evidence"": ""Based on the methodology described, the paper is categorized as Theoretical/Conceptual.""}], ""audit_results"": {""expert_A_audit_result"": ""Partial Support"", ""expert_B_audit_result"": ""Not Support"", ""expert_C_audit_result"": ""Partial Support""}}"
eb821656-a3f8-48cf-aa97-5e064d3329e5,Research On The Construction And Application Of A Comprehensive Evaluation System For Hainan Electric Power Training Based On Virtual Reality Technology,"{""uuid"": ""eb821656-a3f8-48cf-aa97-5e064d3329e5"", ""Title"": ""Research On The Construction And Application Of A Comprehensive Evaluation System For Hainan Electric Power Training Based On Virtual Reality Technology"", ""audit_processes"": [{""question_id"": 1, ""expert_compliance"": {""expert_A"": ""Fully supported"", ""expert_B"": ""Unsupported"", ""expert_C"": ""Fully supported""}, ""audit_evidence"": ""The abstract does not explicitly discuss capturing or retaining knowledge.""}, {""question_id"": 2, ""expert_compliance"": {""expert_A"": ""Fully supported"", ""expert_B"": ""Unsupported"", ""expert_C"": ""Fully supported""}, ""audit_evidence"": ""Digital technologies for KR are not clearly identified as being used for capture/retention.""}, {""question_id"": 3, ""expert_compliance"": {""expert_A"": ""Unsupported"", ""expert_B"": ""Unsupported"", ""expert_C"": ""Unsupported""}, ""audit_evidence"": ""Based on the methodology described, the paper is categorized as Case Study.""}], ""audit_results"": {""expert_A_audit_result"": ""Partial Support"", ""expert_B_audit_result"": ""Not Support"", ""expert_C_audit_result"": ""Partial Support""}}"
888c6e01-e06a-4b61-8d69-25b309cec745,Ai-Driven Knowledge Management In Megaprojects: The Leadership Factor,"{""uuid"": ""888c6e01-e06a-4b61-8d69-25b309cec745"", ""Title"": ""Ai-Driven Knowledge Management In Megaprojects: The Leadership Factor"", ""audit_processes"": [{""question_id"": 1, ""expert_compliance"": {""expert_A"": ""Unsupported"", ""expert_B"": ""Unsupported"", ""expert_C"": ""Unsupported""}, ""audit_evidence"": ""The abstract does not explicitly discuss capturing or retaining knowledge.""}, {""question_id"": 2, ""expert_compliance"": {""expert_A"": ""Unsupported"", ""expert_B"": ""Unsupported"", ""expert_C"": ""Unsupported""}, ""audit_evidence"": ""Digital technologies for KR are not clearly identified as being used for capture/retention.""}, {""question_id"": 3, ""expert_compliance"": {""expert_A"": ""Unsupported"", ""expert_B"": ""Unsupported"", ""expert_C"": ""Fully supported""}, ""audit_evidence"": ""Based on the methodology described, the paper is categorized as Empirical Study.""}], ""audit_results"": {""expert_A_audit_result"": ""Not Support"", ""expert_B_audit_result"": ""Not Support"", ""expert_C_audit_result"": ""Not Support""}}"
35d42559-a992-402e-a6e7-d462addfb5b2,An Improved Group Decision-Making Method For Evaluating Knowledge Sharing Levels In Digital Innovation Ecosystems,"{""uuid"": ""35d42559-a992-402e-a6e7-d462addfb5b2"", ""Title"": ""An Improved Group Decision-Making Method For Evaluating Knowledge Sharing Levels In Digital Innovation Ecosystems"", ""audit_processes"": [{""question_id"": 1, ""expert_compliance"": {""expert_A"": ""Fully supported"", ""expert_B"": ""Unsupported"", ""expert_C"": ""Fully supported""}, ""audit_evidence"": ""The abstract does not explicitly discuss capturing or retaining knowledge.""}, {""question_id"": 2, ""expert_compliance"": {""expert_A"": ""Fully supported"", ""expert_B"": ""Unsupported"", ""expert_C"": ""Fully supported""}, ""audit_evidence"": ""Digital technologies for KR are not clearly identified as being used for capture/retention.""}, {""question_id"": 3, ""expert_compliance"": {""expert_A"": ""Fully supported"", ""expert_B"": ""Fully supported"", ""expert_C"": ""Unsupported""}, ""audit_evidence"": ""Based on the methodology described, the paper is categorized as Empirical Study.""}], ""audit_results"": {""expert_A_audit_result"": ""Fully Support"", ""expert_B_audit_result"": ""Not Support"", ""expert_C_audit_result"": ""Partial Support""}}"
870e07fc-a198-476f-9e97-98e059bbafe2,Metaclues: Constructivist Learning Via Progressive Clues From Generative Ai In A Metaverse Environment,"{""uuid"": ""870e07fc-a198-476f-9e97-98e059bbafe2"", ""Title"": ""Metaclues: Constructivist Learning Via Progressive Clues From Generative Ai In A Metaverse Environment"", ""audit_processes"": [{""question_id"": 1, ""expert_compliance"": {""expert_A"": ""Unsupported"", ""expert_B"": ""Fully supported"", ""expert_C"": ""Unsupported""}, ""audit_evidence"": ""The abstract explicitly discuss capturing or retaining knowledge.""}, {""question_id"": 2, ""expert_compliance"": {""expert_A"": ""Fully supported"", ""expert_B"": ""Fully supported"", ""expert_C"": ""Unsupported""}, ""audit_evidence"": ""Digital technologies for KR are identified as being used for capture/retention.""}, {""question_id"": 3, ""expert_compliance"": {""expert_A"": ""Fully supported"", ""expert_B"": ""Fully supported"", ""expert_C"": ""Fully supported""}, ""audit_evidence"": ""Based on the methodology described, the paper is categorized as Empirical Study.""}], ""audit_results"": {""expert_A_audit_result"": ""Partial Support"", ""expert_B_audit_result"": ""Fully Support"", ""expert_C_audit_result"": ""Not Support""}}"
1f0fd83c-2661-4123-adde-aefb2d4b5fa9,Exploring Knowledge Management Approaches To Enhance Documentation Management Within The Ai Realms,"{""uuid"": ""1f0fd83c-2661-4123-adde-aefb2d4b5fa9"", ""Title"": ""Exploring Knowledge Management Approaches To Enhance Documentation Management Within The Ai Realms"", ""audit_processes"": [{""question_id"": 1, ""expert_compliance"": {""expert_A"": ""Unsupported"", ""expert_B"": ""Unsupported"", ""expert_C"": ""Unsupported""}, ""audit_evidence"": ""The abstract does not explicitly discuss capturing or retaining knowledge.""}, {""question_id"": 2, ""expert_compliance"": {""expert_A"": ""Unsupported"", ""expert_B"": ""Unsupported"", ""expert_C"": ""Unsupported""}, ""audit_evidence"": ""Digital technologies for KR are not clearly identified as being used for capture/retention.""}, {""question_id"": 3, ""expert_compliance"": {""expert_A"": ""Unsupported"", ""expert_B"": ""Unsupported"", ""expert_C"": ""Unsupported""}, ""audit_evidence"": ""Based on the methodology described, the paper is categorized as Theoretical/Conceptual.""}], ""audit_results"": {""expert_A_audit_result"": ""Not Support"", ""expert_B_audit_result"": ""Not Support"", ""expert_C_audit_result"": ""Not Support""}}"
4f1ab69a-c219-42c1-8a31-de97744711e6,Bridging Expert Knowledge And Ai: A Semantic Architecture For Manufacturing Knowledge Management Using Knowledge Graphs And Large Language Models,"{""uuid"": ""4f1ab69a-c219-42c1-8a31-de97744711e6"", ""Title"": ""Bridging Expert Knowledge And Ai: A Semantic Architecture For Manufacturing Knowledge Management Using Knowledge Graphs And Large Language Models"", ""audit_processes"": [{""question_id"": 1, ""expert_compliance"": {""expert_A"": ""Fully supported"", ""expert_B"": ""Fully supported"", ""expert_C"": ""Fully supported""}, ""audit_evidence"": ""The abstract explicitly discuss capturing or retaining knowledge.""}, {""question_id"": 2, ""expert_compliance"": {""expert_A"": ""Fully supported"", ""expert_B"": ""Fully supported"", ""expert_C"": ""Fully supported""}, ""audit_evidence"": ""Digital technologies for KR are identified as being used for capture/retention.""}, {""question_id"": 3, ""expert_compliance"": {""expert_A"": ""Unsupported"", ""expert_B"": ""Unsupported"", ""expert_C"": ""Unsupported""}, ""audit_evidence"": ""Based on the methodology described, the paper is categorized as Theoretical/Conceptual.""}], ""audit_results"": {""expert_A_audit_result"": ""Partial Support"", ""expert_B_audit_result"": ""Partial Support"", ""expert_C_audit_result"": ""Partial Support""}}"
3273f15a-78b3-4b92-af78-0d9ed3995694,Enhancing Aiops With Lilt: A Lora-Based Incremental Learning Transformer For Robust Adaptation To Concept Drift,"{""uuid"": ""3273f15a-78b3-4b92-af78-0d9ed3995694"", ""Title"": ""Enhancing Aiops With Lilt: A Lora-Based Incremental Learning Transformer For Robust Adaptation To Concept Drift"", ""audit_processes"": [{""question_id"": 1, ""expert_compliance"": {""expert_A"": ""Unsupported"", ""expert_B"": ""Unsupported"", ""expert_C"": ""Fully supported""}, ""audit_evidence"": ""The abstract explicitly discuss capturing or retaining knowledge.""}, {""question_id"": 2, ""expert_compliance"": {""expert_A"": ""Fully supported"", ""expert_B"": ""Unsupported"", ""expert_C"": ""Fully supported""}, ""audit_evidence"": ""Digital technologies for KR are identified as being used for capture/retention.""}, {""question_id"": 3, ""expert_compliance"": {""expert_A"": ""Fully supported"", ""expert_B"": ""Unsupported"", ""expert_C"": ""Fully supported""}, ""audit_evidence"": ""Based on the methodology described, the paper is categorized as Empirical Study.""}], ""audit_results"": {""expert_A_audit_result"": ""Partial Support"", ""expert_B_audit_result"": ""Not Support"", ""expert_C_audit_result"": ""Fully Support""}}"
9466e576-5507-48c4-bf38-07433fbdd095,Digital Twin Adoption For Mechanical Maintenance Management: A Capability-Based Approach To Enhancing Operational Resilience,"{""uuid"": ""9466e576-5507-48c4-bf38-07433fbdd095"", ""Title"": ""Digital Twin Adoption For Mechanical Maintenance Management: A Capability-Based Approach To Enhancing Operational Resilience"", ""audit_processes"": [{""question_id"": 1, ""expert_compliance"": {""expert_A"": ""Fully supported"", ""expert_B"": ""Fully supported"", ""expert_C"": ""Unsupported""}, ""audit_evidence"": ""The abstract does not explicitly discuss capturing or retaining knowledge.""}, {""question_id"": 2, ""expert_compliance"": {""expert_A"": ""Fully supported"", ""expert_B"": ""Unsupported"", ""expert_C"": ""Unsupported""}, ""audit_evidence"": ""Digital technologies for KR are not clearly identified as being used for capture/retention.""}, {""question_id"": 3, ""expert_compliance"": {""expert_A"": ""Fully supported"", ""expert_B"": ""Fully supported"", ""expert_C"": ""Fully supported""}, ""audit_evidence"": ""Based on the methodology described, the paper is categorized as Empirical Study.""}], ""audit_results"": {""expert_A_audit_result"": ""Fully Support"", ""expert_B_audit_result"": ""Partial Support"", ""expert_C_audit_result"": ""Not Support""}}"
032cfa55-1e3b-42f2-ad79-a5709b015a38,Artificial Intelligence In Knowledge Capture And Transfer: Breaking Down Organizational Silos,"{""uuid"": ""032cfa55-1e3b-42f2-ad79-a5709b015a38"", ""Title"": ""Artificial Intelligence In Knowledge Capture And Transfer: Breaking Down Organizational Silos"", ""audit_processes"": [{""question_id"": 1, ""expert_compliance"": {""expert_A"": ""Fully supported"", ""expert_B"": ""Fully supported"", ""expert_C"": ""Fully supported""}, ""audit_evidence"": ""The abstract explicitly discuss capturing or retaining knowledge.""}, {""question_id"": 2, ""expert_compliance"": {""expert_A"": ""Fully supported"", ""expert_B"": ""Fully supported"", ""expert_C"": ""Fully supported""}, ""audit_evidence"": ""Digital technologies for KR are identified as being used for capture/retention.""}, {""question_id"": 3, ""expert_compliance"": {""expert_A"": ""Unsupported"", ""expert_B"": ""Unsupported"", ""expert_C"": ""Unsupported""}, ""audit_evidence"": ""Based on the methodology described, the paper is categorized as Review.""}], ""audit_results"": {""expert_A_audit_result"": ""Partial Support"", ""expert_B_audit_result"": ""Partial Support"", ""expert_C_audit_result"": ""Partial Support""}}"
5264e5a0-fc86-41d7-89c9-f0dee7f22533,Enhancing Wildfire Detection With Real-Time Predictive Analytics Using Extreme Learning Machine,"{""uuid"": ""5264e5a0-fc86-41d7-89c9-f0dee7f22533"", ""Title"": ""Enhancing Wildfire Detection With Real-Time Predictive Analytics Using Extreme Learning Machine"", ""audit_processes"": [{""question_id"": 1, ""expert_compliance"": {""expert_A"": ""Fully supported"", ""expert_B"": ""Unsupported"", ""expert_C"": ""Fully supported""}, ""audit_evidence"": ""The abstract does not explicitly discuss capturing or retaining knowledge.""}, {""question_id"": 2, ""expert_compliance"": {""expert_A"": ""Fully supported"", ""expert_B"": ""Unsupported"", ""expert_C"": ""Fully supported""}, ""audit_evidence"": ""Digital technologies for KR are not clearly identified as being used for capture/retention.""}, {""question_id"": 3, ""expert_compliance"": {""expert_A"": ""Unsupported"", ""expert_B"": ""Unsupported"", ""expert_C"": ""Unsupported""}, ""audit_evidence"": ""Based on the methodology described, the paper is categorized as Theoretical/Conceptual.""}], ""audit_results"": {""expert_A_audit_result"": ""Partial Support"", ""expert_B_audit_result"": ""Not Support"", ""expert_C_audit_result"": ""Partial Support""}}"
e16d143f-3d32-4511-be5f-ae6427cb1059,Ai-Powered Learning Pathways: Personalized Learning And Dynamic Assessments,"{""uuid"": ""e16d143f-3d32-4511-be5f-ae6427cb1059"", ""Title"": ""Ai-Powered Learning Pathways: Personalized Learning And Dynamic Assessments"", ""audit_processes"": [{""question_id"": 1, ""expert_compliance"": {""expert_A"": ""Fully supported"", ""expert_B"": ""Unsupported"", ""expert_C"": ""Unsupported""}, ""audit_evidence"": ""The abstract explicitly discuss capturing or retaining knowledge.""}, {""question_id"": 2, ""expert_compliance"": {""expert_A"": ""Fully supported"", ""expert_B"": ""Fully supported"", ""expert_C"": ""Unsupported""}, ""audit_evidence"": ""Digital technologies for KR are identified as being used for capture/retention.""}, {""question_id"": 3, ""expert_compliance"": {""expert_A"": ""Fully supported"", ""expert_B"": ""Fully supported"", ""expert_C"": ""Fully supported""}, ""audit_evidence"": ""Based on the methodology described, the paper is categorized as Empirical Study.""}], ""audit_results"": {""expert_A_audit_result"": ""Fully Support"", ""expert_B_audit_result"": ""Partial Support"", ""expert_C_audit_result"": ""Not Support""}}"
e1d5ba97-6529-4483-9a02-ef7b5999f770,Empowering Students With Augmented Reality To Learn About Solar Cells,"{""uuid"": ""e1d5ba97-6529-4483-9a02-ef7b5999f770"", ""Title"": ""Empowering Students With Augmented Reality To Learn About Solar Cells"", ""audit_processes"": [{""question_id"": 1, ""expert_compliance"": {""expert_A"": ""Unsupported"", ""expert_B"": ""Fully supported"", ""expert_C"": ""Unsupported""}, ""audit_evidence"": ""The abstract explicitly discuss capturing or retaining knowledge.""}, {""question_id"": 2, ""expert_compliance"": {""expert_A"": ""Unsupported"", ""expert_B"": ""Fully supported"", ""expert_C"": ""Unsupported""}, ""audit_evidence"": ""Digital technologies for KR are identified as being used for capture/retention.""}, {""question_id"": 3, ""expert_compliance"": {""expert_A"": ""Unsupported"", ""expert_B"": ""Unsupported"", ""expert_C"": ""Unsupported""}, ""audit_evidence"": ""Based on the methodology described, the paper is categorized as Theoretical/Conceptual.""}], ""audit_results"": {""expert_A_audit_result"": ""Not Support"", ""expert_B_audit_result"": ""Partial Support"", ""expert_C_audit_result"": ""Not Support""}}"
22578e9c-7aac-477e-b462-04d3669957a1,"Ai Transformation In Basic Education: A Correlational Analysis On The Digital Integration, Challenges, And The Role Of Strategic Leadership In A Country Of Emerging Economy","{""uuid"": ""22578e9c-7aac-477e-b462-04d3669957a1"", ""Title"": ""Ai Transformation In Basic Education: A Correlational Analysis On The Digital Integration, Challenges, And The Role Of Strategic Leadership In A Country Of Emerging Economy"", ""audit_processes"": [{""question_id"": 1, ""expert_compliance"": {""expert_A"": ""Fully supported"", ""expert_B"": ""Unsupported"", ""expert_C"": ""Fully supported""}, ""audit_evidence"": ""The abstract does not explicitly discuss capturing or retaining knowledge.""}, {""question_id"": 2, ""expert_compliance"": {""expert_A"": ""Fully supported"", ""expert_B"": ""Unsupported"", ""expert_C"": ""Fully supported""}, ""audit_evidence"": ""Digital technologies for KR are not clearly identified as being used for capture/retention.""}, {""question_id"": 3, ""expert_compliance"": {""expert_A"": ""Fully supported"", ""expert_B"": ""Fully supported"", ""expert_C"": ""Fully supported""}, ""audit_evidence"": ""Based on the methodology described, the paper is categorized as Empirical Study.""}], ""audit_results"": {""expert_A_audit_result"": ""Fully Support"", ""expert_B_audit_result"": ""Not Support"", ""expert_C_audit_result"": ""Fully Support""}}"
db971caa-890a-4264-aba5-ce0ac282adbc,Automatic Water-Saving Irrigation Technology For Farmland Based On Pso-Elm Algorithm And Micro Control Unit,"{""uuid"": ""db971caa-890a-4264-aba5-ce0ac282adbc"", ""Title"": ""Automatic Water-Saving Irrigation Technology For Farmland Based On Pso-Elm Algorithm And Micro Control Unit"", ""audit_processes"": [{""question_id"": 1, ""expert_compliance"": {""expert_A"": ""Fully supported"", ""expert_B"": ""Unsupported"", ""expert_C"": ""Fully supported""}, ""audit_evidence"": ""The abstract does not explicitly discuss capturing or retaining knowledge.""}, {""question_id"": 2, ""expert_compliance"": {""expert_A"": ""Fully supported"", ""expert_B"": ""Unsupported"", ""expert_C"": ""Fully supported""}, ""audit_evidence"": ""Digital technologies for KR are not clearly identified as being used for capture/retention.""}, {""question_id"": 3, ""expert_compliance"": {""expert_A"": ""Fully supported"", ""expert_B"": ""Fully supported"", ""expert_C"": ""Fully supported""}, ""audit_evidence"": ""Based on the methodology described, the paper is categorized as Empirical Study.""}], ""audit_results"": {""expert_A_audit_result"": ""Fully Support"", ""expert_B_audit_result"": ""Not Support"", ""expert_C_audit_result"": ""Fully Support""}}"
3d5f1626-5bab-43a4-b719-367ab26a22a8,Validating The Effectiveness Of A Vr-Based And Haptic Technology–Based Operating Room Simulation Program Among Nursing Students,"{""uuid"": ""3d5f1626-5bab-43a4-b719-367ab26a22a8"", ""Title"": ""Validating The Effectiveness Of A Vr-Based And Haptic Technology\u2013Based Operating Room Simulation Program Among Nursing Students"", ""audit_processes"": [{""question_id"": 1, ""expert_compliance"": {""expert_A"": ""Fully supported"", ""expert_B"": ""Unsupported"", ""expert_C"": ""Fully supported""}, ""audit_evidence"": ""The abstract does not explicitly discuss capturing or retaining knowledge.""}, {""question_id"": 2, ""expert_compliance"": {""expert_A"": ""Fully supported"", ""expert_B"": ""Unsupported"", ""expert_C"": ""Fully supported""}, ""audit_evidence"": ""Digital technologies for KR are not clearly identified as being used for capture/retention.""}, {""question_id"": 3, ""expert_compliance"": {""expert_A"": ""Fully supported"", ""expert_B"": ""Fully supported"", ""expert_C"": ""Fully supported""}, ""audit_evidence"": ""Based on the methodology described, the paper is categorized as Empirical Study.""}], ""audit_results"": {""expert_A_audit_result"": ""Fully Support"", ""expert_B_audit_result"": ""Not Support"", ""expert_C_audit_result"": ""Fully Support""}}"
3cd297f8-125b-49e5-9475-b9acbc91f9e1,State Assessment Method For Power Secondary Equipment Based On Digital Twin Technology,"{""uuid"": ""3cd297f8-125b-49e5-9475-b9acbc91f9e1"", ""Title"": ""State Assessment Method For Power Secondary Equipment Based On Digital Twin Technology"", ""audit_processes"": [{""question_id"": 1, ""expert_compliance"": {""expert_A"": ""Fully supported"", ""expert_B"": ""Unsupported"", ""expert_C"": ""Fully supported""}, ""audit_evidence"": ""The abstract does not explicitly discuss capturing or retaining knowledge.""}, {""question_id"": 2, ""expert_compliance"": {""expert_A"": ""Fully supported"", ""expert_B"": ""Unsupported"", ""expert_C"": ""Fully supported""}, ""audit_evidence"": ""Digital technologies for KR are not clearly identified as being used for capture/retention.""}, {""question_id"": 3, ""expert_compliance"": {""expert_A"": ""Unsupported"", ""expert_B"": ""Unsupported"", ""expert_C"": ""Unsupported""}, ""audit_evidence"": ""Based on the methodology described, the paper is categorized as Theoretical/Conceptual.""}], ""audit_results"": {""expert_A_audit_result"": ""Partial Support"", ""expert_B_audit_result"": ""Not Support"", ""expert_C_audit_result"": ""Partial Support""}}"
cfa51e06-35be-4980-b24b-b15ab4bb267f,Knowledge Sharing Behavior Of Nursing Educators: Influence Of Organizational Culture And Technological Environment,"{""uuid"": ""cfa51e06-35be-4980-b24b-b15ab4bb267f"", ""Title"": ""Knowledge Sharing Behavior Of Nursing Educators: Influence Of Organizational Culture And Technological Environment"", ""audit_processes"": [{""question_id"": 1, ""expert_compliance"": {""expert_A"": ""Fully supported"", ""expert_B"": ""Fully supported"", ""expert_C"": ""Unsupported""}, ""audit_evidence"": ""The abstract does not explicitly discuss capturing or retaining knowledge.""}, {""question_id"": 2, ""expert_compliance"": {""expert_A"": ""Fully supported"", ""expert_B"": ""Fully supported"", ""expert_C"": ""Unsupported""}, ""audit_evidence"": ""Digital technologies for KR are not clearly identified as being used for capture/retention.""}, {""question_id"": 3, ""expert_compliance"": {""expert_A"": ""Fully supported"", ""expert_B"": ""Unsupported"", ""expert_C"": ""Fully supported""}, ""audit_evidence"": ""Based on the methodology described, the paper is categorized as Empirical Study.""}], ""audit_results"": {""expert_A_audit_result"": ""Fully Support"", ""expert_B_audit_result"": ""Partial Support"", ""expert_C_audit_result"": ""Not Support""}}"
a79a535a-162a-4fb8-ba96-4ebc5a26c0a7,Development And Usability Testing Of A Knowledge Graph–Based Digital Teaching Platform In Internal Medicine Nursing (Kg-Dtpnursing): A Cross-Sectional Study,"{""uuid"": ""a79a535a-162a-4fb8-ba96-4ebc5a26c0a7"", ""Title"": ""Development And Usability Testing Of A Knowledge Graph\u2013Based Digital Teaching Platform In Internal Medicine Nursing (Kg-Dtpnursing): A Cross-Sectional Study"", ""audit_processes"": [{""question_id"": 1, ""expert_compliance"": {""expert_A"": ""Unsupported"", ""expert_B"": ""Fully supported"", ""expert_C"": ""Fully supported""}, ""audit_evidence"": ""The abstract does not explicitly discuss capturing or retaining knowledge.""}, {""question_id"": 2, ""expert_compliance"": {""expert_A"": ""Unsupported"", ""expert_B"": ""Unsupported"", ""expert_C"": ""Fully supported""}, ""audit_evidence"": ""Digital technologies for KR are not clearly identified as being used for capture/retention.""}, {""question_id"": 3, ""expert_compliance"": {""expert_A"": ""Unsupported"", ""expert_B"": ""Unsupported"", ""expert_C"": ""Unsupported""}, ""audit_evidence"": ""Based on the methodology described, the paper is categorized as Theoretical/Conceptual.""}], ""audit_results"": {""expert_A_audit_result"": ""Not Support"", ""expert_B_audit_result"": ""Not Support"", ""expert_C_audit_result"": ""Partial Support""}}"
f14bdd70-8c74-4d42-8cbc-a554d38ec06e,Evaluating The Extended C&C2-Approach In A Live Lab And In Practice,"{""uuid"": ""f14bdd70-8c74-4d42-8cbc-a554d38ec06e"", ""Title"": ""Evaluating The Extended C&C2-Approach In A Live Lab And In Practice"", ""audit_processes"": [{""question_id"": 1, ""expert_compliance"": {""expert_A"": ""Unsupported"", ""expert_B"": ""Unsupported"", ""expert_C"": ""Unsupported""}, ""audit_evidence"": ""The abstract does not explicitly discuss capturing or retaining knowledge.""}, {""question_id"": 2, ""expert_compliance"": {""expert_A"": ""Unsupported"", ""expert_B"": ""Fully supported"", ""expert_C"": ""Fully supported""}, ""audit_evidence"": ""Digital technologies for KR are not clearly identified as being used for capture/retention.""}, {""question_id"": 3, ""expert_compliance"": {""expert_A"": ""Unsupported"", ""expert_B"": ""Unsupported"", ""expert_C"": ""Unsupported""}, ""audit_evidence"": ""Based on the methodology described, the paper is categorized as Theoretical/Conceptual.""}], ""audit_results"": {""expert_A_audit_result"": ""Not Support"", ""expert_B_audit_result"": ""Not Support"", ""expert_C_audit_result"": ""Not Support""}}"
08d6e079-b5f4-4458-8f62-73b240e2c245,Research On Learning System Based On Vr Technology And Artificial Intelligence Algorithm,"{""uuid"": ""08d6e079-b5f4-4458-8f62-73b240e2c245"", ""Title"": ""Research On Learning System Based On Vr Technology And Artificial Intelligence Algorithm"", ""audit_processes"": [{""question_id"": 1, ""expert_compliance"": {""expert_A"": ""Unsupported"", ""expert_B"": ""Fully supported"", ""expert_C"": ""Unsupported""}, ""audit_evidence"": ""The abstract explicitly discuss capturing or retaining knowledge.""}, {""question_id"": 2, ""expert_compliance"": {""expert_A"": ""Unsupported"", ""expert_B"": ""Fully supported"", ""expert_C"": ""Unsupported""}, ""audit_evidence"": ""Digital technologies for KR are identified as being used for capture/retention.""}, {""question_id"": 3, ""expert_compliance"": {""expert_A"": ""Fully supported"", ""expert_B"": ""Fully supported"", ""expert_C"": ""Fully supported""}, ""audit_evidence"": ""Based on the methodology described, the paper is categorized as Empirical Study.""}], ""audit_results"": {""expert_A_audit_result"": ""Not Support"", ""expert_B_audit_result"": ""Fully Support"", ""expert_C_audit_result"": ""Not Support""}}"
d2728409-4b29-450d-8f2f-35822b6bbd0a,An Efficient Privacy-Preserving Blockchain Storage Method For Internet Of Things Environment,"{""uuid"": ""d2728409-4b29-450d-8f2f-35822b6bbd0a"", ""Title"": ""An Efficient Privacy-Preserving Blockchain Storage Method For Internet Of Things Environment"", ""audit_processes"": [{""question_id"": 1, ""expert_compliance"": {""expert_A"": ""Fully supported"", ""expert_B"": ""Unsupported"", ""expert_C"": ""Fully supported""}, ""audit_evidence"": ""The abstract does not explicitly discuss capturing or retaining knowledge.""}, {""question_id"": 2, ""expert_compliance"": {""expert_A"": ""Fully supported"", ""expert_B"": ""Unsupported"", ""expert_C"": ""Fully supported""}, ""audit_evidence"": ""Digital technologies for KR are not clearly identified as being used for capture/retention.""}, {""question_id"": 3, ""expert_compliance"": {""expert_A"": ""Fully supported"", ""expert_B"": ""Fully supported"", ""expert_C"": ""Unsupported""}, ""audit_evidence"": ""Based on the methodology described, the paper is categorized as Empirical Study.""}], ""audit_results"": {""expert_A_audit_result"": ""Fully Support"", ""expert_B_audit_result"": ""Not Support"", ""expert_C_audit_result"": ""Partial Support""}}"
6e9d7d41-37d3-4e5b-ab01-b7a28e65701f,Cluster Analysis Of Knowledge Development In The Field Of Knowledge Extraction In Service Industry,"{""uuid"": ""6e9d7d41-37d3-4e5b-ab01-b7a28e65701f"", ""Title"": ""Cluster Analysis Of Knowledge Development In The Field Of Knowledge Extraction In Service Industry"", ""audit_processes"": [{""question_id"": 1, ""expert_compliance"": {""expert_A"": ""Unsupported"", ""expert_B"": ""Fully supported"", ""expert_C"": ""Fully supported""}, ""audit_evidence"": ""The abstract does not explicitly discuss capturing or retaining knowledge.""}, {""question_id"": 2, ""expert_compliance"": {""expert_A"": ""Unsupported"", ""expert_B"": ""Fully supported"", ""expert_C"": ""Fully supported""}, ""audit_evidence"": ""Digital technologies for KR are not clearly identified as being used for capture/retention.""}, {""question_id"": 3, ""expert_compliance"": {""expert_A"": ""Fully supported"", ""expert_B"": ""Fully supported"", ""expert_C"": ""Unsupported""}, ""audit_evidence"": ""Based on the methodology described, the paper is categorized as Empirical Study.""}], ""audit_results"": {""expert_A_audit_result"": ""Not Support"", ""expert_B_audit_result"": ""Fully Support"", ""expert_C_audit_result"": ""Partial Support""}}"
8bcbf324-443a-4b09-9f88-a5131e0954df,Entity Generation Algorithm Based On Reference Expansion,"{""uuid"": ""8bcbf324-443a-4b09-9f88-a5131e0954df"", ""Title"": ""Entity Generation Algorithm Based On Reference Expansion"", ""audit_processes"": [{""question_id"": 1, ""expert_compliance"": {""expert_A"": ""Fully supported"", ""expert_B"": ""Unsupported"", ""expert_C"": ""Fully supported""}, ""audit_evidence"": ""The abstract does not explicitly discuss capturing or retaining knowledge.""}, {""question_id"": 2, ""expert_compliance"": {""expert_A"": ""Fully supported"", ""expert_B"": ""Unsupported"", ""expert_C"": ""Fully supported""}, ""audit_evidence"": ""Digital technologies for KR are not clearly identified as being used for capture/retention.""}, {""question_id"": 3, ""expert_compliance"": {""expert_A"": ""Fully supported"", ""expert_B"": ""Fully supported"", ""expert_C"": ""Fully supported""}, ""audit_evidence"": ""Based on the methodology described, the paper is categorized as Empirical Study.""}], ""audit_results"": {""expert_A_audit_result"": ""Fully Support"", ""expert_B_audit_result"": ""Not Support"", ""expert_C_audit_result"": ""Fully Support""}}"
50b51bdb-8e5e-4d4e-8133-eae74ec3d024,Effects Of A Serious Smartphone Game On Nursing Students' Theoretical Knowledge And Practical Skills In Adult Basic Life Support: Randomized Wait List–Controlled Trial,"{""uuid"": ""50b51bdb-8e5e-4d4e-8133-eae74ec3d024"", ""Title"": ""Effects Of A Serious Smartphone Game On Nursing Students' Theoretical Knowledge And Practical Skills In Adult Basic Life Support: Randomized Wait List\u2013Controlled Trial"", ""audit_processes"": [{""question_id"": 1, ""expert_compliance"": {""expert_A"": ""Unsupported"", ""expert_B"": ""Fully supported"", ""expert_C"": ""Fully supported""}, ""audit_evidence"": ""The abstract does not explicitly discuss capturing or retaining knowledge.""}, {""question_id"": 2, ""expert_compliance"": {""expert_A"": ""Unsupported"", ""expert_B"": ""Fully supported"", ""expert_C"": ""Fully supported""}, ""audit_evidence"": ""Digital technologies for KR are not clearly identified as being used for capture/retention.""}, {""question_id"": 3, ""expert_compliance"": {""expert_A"": ""Fully supported"", ""expert_B"": ""Fully supported"", ""expert_C"": ""Fully supported""}, ""audit_evidence"": ""Based on the methodology described, the paper is categorized as Empirical Study.""}], ""audit_results"": {""expert_A_audit_result"": ""Not Support"", ""expert_B_audit_result"": ""Fully Support"", ""expert_C_audit_result"": ""Fully Support""}}"
4324becb-4682-472a-8c69-268162b759ba,Research On The Model Construction And Teaching Practice Of Virtual Reality Situational Learning System In Library And Information Science,"{""uuid"": ""4324becb-4682-472a-8c69-268162b759ba"", ""Title"": ""Research On The Model Construction And Teaching Practice Of Virtual Reality Situational Learning System In Library And Information Science"", ""audit_processes"": [{""question_id"": 1, ""expert_compliance"": {""expert_A"": ""Unsupported"", ""expert_B"": ""Fully supported"", ""expert_C"": ""Fully supported""}, ""audit_evidence"": ""The abstract does not explicitly discuss capturing or retaining knowledge.""}, {""question_id"": 2, ""expert_compliance"": {""expert_A"": ""Unsupported"", ""expert_B"": ""Unsupported"", ""expert_C"": ""Fully supported""}, ""audit_evidence"": ""Digital technologies for KR are not clearly identified as being used for capture/retention.""}, {""question_id"": 3, ""expert_compliance"": {""expert_A"": ""Fully supported"", ""expert_B"": ""Fully supported"", ""expert_C"": ""Fully supported""}, ""audit_evidence"": ""Based on the methodology described, the paper is categorized as Empirical Study.""}], ""audit_results"": {""expert_A_audit_result"": ""Not Support"", ""expert_B_audit_result"": ""Partial Support"", ""expert_C_audit_result"": ""Fully Support""}}"
947574dd-4524-4164-851f-177aea666a94,Do Guidance Affect Immersion In Educational Vr Simulations?,"{""uuid"": ""947574dd-4524-4164-851f-177aea666a94"", ""Title"": ""Do Guidance Affect Immersion In Educational Vr Simulations?"", ""audit_processes"": [{""question_id"": 1, ""expert_compliance"": {""expert_A"": ""Unsupported"", ""expert_B"": ""Fully supported"", ""expert_C"": ""Fully supported""}, ""audit_evidence"": ""The abstract does not explicitly discuss capturing or retaining knowledge.""}, {""question_id"": 2, ""expert_compliance"": {""expert_A"": ""Unsupported"", ""expert_B"": ""Unsupported"", ""expert_C"": ""Fully supported""}, ""audit_evidence"": ""Digital technologies for KR are not clearly identified as being used for capture/retention.""}, {""question_id"": 3, ""expert_compliance"": {""expert_A"": ""Fully supported"", ""expert_B"": ""Fully supported"", ""expert_C"": ""Fully supported""}, ""audit_evidence"": ""Based on the methodology described, the paper is categorized as Empirical Study.""}], ""audit_results"": {""expert_A_audit_result"": ""Not Support"", ""expert_B_audit_result"": ""Partial Support"", ""expert_C_audit_result"": ""Fully Support""}}"
0073c88f-6cfa-4f6d-8b0c-1815e657d03b,The Use Of Digital Games In Academic Maritime Education: A Theoretical Framework And Practical Applications,"{""uuid"": ""0073c88f-6cfa-4f6d-8b0c-1815e657d03b"", ""Title"": ""The Use Of Digital Games In Academic Maritime Education: A Theoretical Framework And Practical Applications"", ""audit_processes"": [{""question_id"": 1, ""expert_compliance"": {""expert_A"": ""Unsupported"", ""expert_B"": ""Fully supported"", ""expert_C"": ""Fully supported""}, ""audit_evidence"": ""The abstract explicitly discuss capturing or retaining knowledge.""}, {""question_id"": 2, ""expert_compliance"": {""expert_A"": ""Fully supported"", ""expert_B"": ""Fully supported"", ""expert_C"": ""Fully supported""}, ""audit_evidence"": ""Digital technologies for KR are identified as being used for capture/retention.""}, {""question_id"": 3, ""expert_compliance"": {""expert_A"": ""Unsupported"", ""expert_B"": ""Unsupported"", ""expert_C"": ""Unsupported""}, ""audit_evidence"": ""Based on the methodology described, the paper is categorized as Theoretical/Conceptual.""}], ""audit_results"": {""expert_A_audit_result"": ""Not Support"", ""expert_B_audit_result"": ""Partial Support"", ""expert_C_audit_result"": ""Partial Support""}}"
0e1d392e-7fd3-4063-adc0-aebf033652e6,Augmented Reality In Mobile Learning: Enhancing Interactive Learning Experiences,"{""uuid"": ""0e1d392e-7fd3-4063-adc0-aebf033652e6"", ""Title"": ""Augmented Reality In Mobile Learning: Enhancing Interactive Learning Experiences"", ""audit_processes"": [{""question_id"": 1, ""expert_compliance"": {""expert_A"": ""Unsupported"", ""expert_B"": ""Fully supported"", ""expert_C"": ""Unsupported""}, ""audit_evidence"": ""The abstract explicitly discuss capturing or retaining knowledge.""}, {""question_id"": 2, ""expert_compliance"": {""expert_A"": ""Unsupported"", ""expert_B"": ""Unsupported"", ""expert_C"": ""Fully supported""}, ""audit_evidence"": ""Digital technologies for KR are not clearly identified as being used for capture/retention.""}, {""question_id"": 3, ""expert_compliance"": {""expert_A"": ""Unsupported"", ""expert_B"": ""Unsupported"", ""expert_C"": ""Unsupported""}, ""audit_evidence"": ""Based on the methodology described, the paper is categorized as Theoretical/Conceptual.""}], ""audit_results"": {""expert_A_audit_result"": ""Not Support"", ""expert_B_audit_result"": ""Not Support"", ""expert_C_audit_result"": ""Not Support""}}"
6b47f348-c52f-49fb-bfa1-11f527110d75,The Influence Of Flipped Learning On Geographic Concept Acquisition Among Al-Balqa' Applied University Undergraduate Students In The Environment And Society Course,"{""uuid"": ""6b47f348-c52f-49fb-bfa1-11f527110d75"", ""Title"": ""The Influence Of Flipped Learning On Geographic Concept Acquisition Among Al-Balqa' Applied University Undergraduate Students In The Environment And Society Course"", ""audit_processes"": [{""question_id"": 1, ""expert_compliance"": {""expert_A"": ""Unsupported"", ""expert_B"": ""Fully supported"", ""expert_C"": ""Unsupported""}, ""audit_evidence"": ""The abstract explicitly discuss capturing or retaining knowledge.""}, {""question_id"": 2, ""expert_compliance"": {""expert_A"": ""Fully supported"", ""expert_B"": ""Fully supported"", ""expert_C"": ""Unsupported""}, ""audit_evidence"": ""Digital technologies for KR are identified as being used for capture/retention.""}, {""question_id"": 3, ""expert_compliance"": {""expert_A"": ""Fully supported"", ""expert_B"": ""Fully supported"", ""expert_C"": ""Fully supported""}, ""audit_evidence"": ""Based on the methodology described, the paper is categorized as Empirical Study.""}], ""audit_results"": {""expert_A_audit_result"": ""Partial Support"", ""expert_B_audit_result"": ""Fully Support"", ""expert_C_audit_result"": ""Not Support""}}"
d88ca159-f4a2-4545-af6d-43b4a66683f1,Research On Ai-Assisted Design Method Of Substation Based On Llm+Rag,"{""uuid"": ""d88ca159-f4a2-4545-af6d-43b4a66683f1"", ""Title"": ""Research On Ai-Assisted Design Method Of Substation Based On Llm+Rag"", ""audit_processes"": [{""question_id"": 1, ""expert_compliance"": {""expert_A"": ""Fully supported"", ""expert_B"": ""Unsupported"", ""expert_C"": ""Unsupported""}, ""audit_evidence"": ""The abstract does not explicitly discuss capturing or retaining knowledge.""}, {""question_id"": 2, ""expert_compliance"": {""expert_A"": ""Fully supported"", ""expert_B"": ""Unsupported"", ""expert_C"": ""Unsupported""}, ""audit_evidence"": ""Digital technologies for KR are not clearly identified as being used for capture/retention.""}, {""question_id"": 3, ""expert_compliance"": {""expert_A"": ""Unsupported"", ""expert_B"": ""Unsupported"", ""expert_C"": ""Unsupported""}, ""audit_evidence"": ""Based on the methodology described, the paper is categorized as Theoretical/Conceptual.""}], ""audit_results"": {""expert_A_audit_result"": ""Partial Support"", ""expert_B_audit_result"": ""Not Support"", ""expert_C_audit_result"": ""Not Support""}}"
a7cc1e7d-c558-4274-8254-85082830c3b4,Mastering The Game: How Level Structure And Game Elements Shape Competency Acquisition,"{""uuid"": ""a7cc1e7d-c558-4274-8254-85082830c3b4"", ""Title"": ""Mastering The Game: How Level Structure And Game Elements Shape Competency Acquisition"", ""audit_processes"": [{""question_id"": 1, ""expert_compliance"": {""expert_A"": ""Fully supported"", ""expert_B"": ""Unsupported"", ""expert_C"": ""Fully supported""}, ""audit_evidence"": ""The abstract does not explicitly discuss capturing or retaining knowledge.""}, {""question_id"": 2, ""expert_compliance"": {""expert_A"": ""Unsupported"", ""expert_B"": ""Unsupported"", ""expert_C"": ""Fully supported""}, ""audit_evidence"": ""Digital technologies for KR are not clearly identified as being used for capture/retention.""}, {""question_id"": 3, ""expert_compliance"": {""expert_A"": ""Fully supported"", ""expert_B"": ""Fully supported"", ""expert_C"": ""Fully supported""}, ""audit_evidence"": ""Based on the methodology described, the paper is categorized as Empirical Study.""}], ""audit_results"": {""expert_A_audit_result"": ""Partial Support"", ""expert_B_audit_result"": ""Not Support"", ""expert_C_audit_result"": ""Fully Support""}}"
cecbab09-3490-446c-bb4d-9c6d5c7389be,Theory And Key Technologies For Intelligent Fully-Mechanized Top-Coal Caving Faces Of Annual Production Of Millions Of Tons,"{""uuid"": ""cecbab09-3490-446c-bb4d-9c6d5c7389be"", ""Title"": ""Theory And Key Technologies For Intelligent Fully-Mechanized Top-Coal Caving Faces Of Annual Production Of Millions Of Tons"", ""audit_processes"": [{""question_id"": 1, ""expert_compliance"": {""expert_A"": ""Fully supported"", ""expert_B"": ""Unsupported"", ""expert_C"": ""Fully supported""}, ""audit_evidence"": ""The abstract does not explicitly discuss capturing or retaining knowledge.""}, {""question_id"": 2, ""expert_compliance"": {""expert_A"": ""Unsupported"", ""expert_B"": ""Unsupported"", ""expert_C"": ""Fully supported""}, ""audit_evidence"": ""Digital technologies for KR are not clearly identified as being used for capture/retention.""}, {""question_id"": 3, ""expert_compliance"": {""expert_A"": ""Fully supported"", ""expert_B"": ""Fully supported"", ""expert_C"": ""Fully supported""}, ""audit_evidence"": ""Based on the methodology described, the paper is categorized as Empirical Study.""}], ""audit_results"": {""expert_A_audit_result"": ""Partial Support"", ""expert_B_audit_result"": ""Not Support"", ""expert_C_audit_result"": ""Fully Support""}}"
08c3f397-866e-4b84-beac-a4a6b4bbb39a,Text To Video Generation Using Natural Language Processing And Machine Learning,"{""uuid"": ""08c3f397-866e-4b84-beac-a4a6b4bbb39a"", ""Title"": ""Text To Video Generation Using Natural Language Processing And Machine Learning"", ""audit_processes"": [{""question_id"": 1, ""expert_compliance"": {""expert_A"": ""Unsupported"", ""expert_B"": ""Unsupported"", ""expert_C"": ""Fully supported""}, ""audit_evidence"": ""The abstract explicitly discuss capturing or retaining knowledge.""}, {""question_id"": 2, ""expert_compliance"": {""expert_A"": ""Unsupported"", ""expert_B"": ""Fully supported"", ""expert_C"": ""Fully supported""}, ""audit_evidence"": ""Digital technologies for KR are identified as being used for capture/retention.""}, {""question_id"": 3, ""expert_compliance"": {""expert_A"": ""Unsupported"", ""expert_B"": ""Unsupported"", ""expert_C"": ""Unsupported""}, ""audit_evidence"": ""Based on the methodology described, the paper is categorized as Theoretical/Conceptual.""}], ""audit_results"": {""expert_A_audit_result"": ""Not Support"", ""expert_B_audit_result"": ""Not Support"", ""expert_C_audit_result"": ""Partial Support""}}"
60fc12ef-aa71-49c8-99a3-791829dcf0f7,Application Of Quantum Extreme Learning Machines For Qos Prediction Of Elevators’ Software In An Industrial Context,"{""uuid"": ""60fc12ef-aa71-49c8-99a3-791829dcf0f7"", ""Title"": ""Application Of Quantum Extreme Learning Machines For Qos Prediction Of Elevators\u2019 Software In An Industrial Context"", ""audit_processes"": [{""question_id"": 1, ""expert_compliance"": {""expert_A"": ""Fully supported"", ""expert_B"": ""Unsupported"", ""expert_C"": ""Fully supported""}, ""audit_evidence"": ""The abstract does not explicitly discuss capturing or retaining knowledge.""}, {""question_id"": 2, ""expert_compliance"": {""expert_A"": ""Fully supported"", ""expert_B"": ""Unsupported"", ""expert_C"": ""Fully supported""}, ""audit_evidence"": ""Digital technologies for KR are not clearly identified as being used for capture/retention.""}, {""question_id"": 3, ""expert_compliance"": {""expert_A"": ""Fully supported"", ""expert_B"": ""Fully supported"", ""expert_C"": ""Fully supported""}, ""audit_evidence"": ""Based on the methodology described, the paper is categorized as Empirical Study.""}], ""audit_results"": {""expert_A_audit_result"": ""Fully Support"", ""expert_B_audit_result"": ""Not Support"", ""expert_C_audit_result"": ""Fully Support""}}"
a4f67ab9-4a4f-43a5-9c8e-057412324bf1,Optimizing Building Occupants' Energy-Related Behaviour: Development Of A Training Activity In A Cave Automatic Virtual Environment,"{""uuid"": ""a4f67ab9-4a4f-43a5-9c8e-057412324bf1"", ""Title"": ""Optimizing Building Occupants' Energy-Related Behaviour: Development Of A Training Activity In A Cave Automatic Virtual Environment"", ""audit_processes"": [{""question_id"": 1, ""expert_compliance"": {""expert_A"": ""Unsupported"", ""expert_B"": ""Fully supported"", ""expert_C"": ""Unsupported""}, ""audit_evidence"": ""The abstract does not explicitly discuss capturing or retaining knowledge.""}, {""question_id"": 2, ""expert_compliance"": {""expert_A"": ""Unsupported"", ""expert_B"": ""Unsupported"", ""expert_C"": ""Unsupported""}, ""audit_evidence"": ""Digital technologies for KR are not clearly identified as being used for capture/retention.""}, {""question_id"": 3, ""expert_compliance"": {""expert_A"": ""Fully supported"", ""expert_B"": ""Fully supported"", ""expert_C"": ""Unsupported""}, ""audit_evidence"": ""Based on the methodology described, the paper is categorized as Empirical Study.""}], ""audit_results"": {""expert_A_audit_result"": ""Not Support"", ""expert_B_audit_result"": ""Partial Support"", ""expert_C_audit_result"": ""Not Support""}}"
cfe20b0e-be45-4a04-bc51-ffb1aee9905e,Automatic Question Generation From Youtube Lectures Using Deep Learning,"{""uuid"": ""cfe20b0e-be45-4a04-bc51-ffb1aee9905e"", ""Title"": ""Automatic Question Generation From Youtube Lectures Using Deep Learning"", ""audit_processes"": [{""question_id"": 1, ""expert_compliance"": {""expert_A"": ""Fully supported"", ""expert_B"": ""Fully supported"", ""expert_C"": ""Unsupported""}, ""audit_evidence"": ""The abstract does not explicitly discuss capturing or retaining knowledge.""}, {""question_id"": 2, ""expert_compliance"": {""expert_A"": ""Fully supported"", ""expert_B"": ""Unsupported"", ""expert_C"": ""Unsupported""}, ""audit_evidence"": ""Digital technologies for KR are not clearly identified as being used for capture/retention.""}, {""question_id"": 3, ""expert_compliance"": {""expert_A"": ""Unsupported"", ""expert_B"": ""Unsupported"", ""expert_C"": ""Unsupported""}, ""audit_evidence"": ""Based on the methodology described, the paper is categorized as Theoretical/Conceptual.""}], ""audit_results"": {""expert_A_audit_result"": ""Partial Support"", ""expert_B_audit_result"": ""Not Support"", ""expert_C_audit_result"": ""Not Support""}}"
3cf6f501-d388-4aa9-94bd-8ce03eb42bbf,Concurrent Model-Based Approach For Cubesat Mission Design,"{""uuid"": ""3cf6f501-d388-4aa9-94bd-8ce03eb42bbf"", ""Title"": ""Concurrent Model-Based Approach For Cubesat Mission Design"", ""audit_processes"": [{""question_id"": 1, ""expert_compliance"": {""expert_A"": ""Fully supported"", ""expert_B"": ""Fully supported"", ""expert_C"": ""Unsupported""}, ""audit_evidence"": ""The abstract does not explicitly discuss capturing or retaining knowledge.""}, {""question_id"": 2, ""expert_compliance"": {""expert_A"": ""Fully supported"", ""expert_B"": ""Unsupported"", ""expert_C"": ""Unsupported""}, ""audit_evidence"": ""Digital technologies for KR are not clearly identified as being used for capture/retention.""}, {""question_id"": 3, ""expert_compliance"": {""expert_A"": ""Unsupported"", ""expert_B"": ""Unsupported"", ""expert_C"": ""Unsupported""}, ""audit_evidence"": ""Based on the methodology described, the paper is categorized as Theoretical/Conceptual.""}], ""audit_results"": {""expert_A_audit_result"": ""Partial Support"", ""expert_B_audit_result"": ""Not Support"", ""expert_C_audit_result"": ""Not Support""}}"
102bc2f3-4cbe-4f84-abe5-92a78e718e00,The Webra Study: Opportunities And Challenges In Digital Patient Education From The Perspective Of Patients With Rheumatoid Arthritis: A Qualitative Study,"{""uuid"": ""102bc2f3-4cbe-4f84-abe5-92a78e718e00"", ""Title"": ""The Webra Study: Opportunities And Challenges In Digital Patient Education From The Perspective Of Patients With Rheumatoid Arthritis: A Qualitative Study"", ""audit_processes"": [{""question_id"": 1, ""expert_compliance"": {""expert_A"": ""Unsupported"", ""expert_B"": ""Fully supported"", ""expert_C"": ""Fully supported""}, ""audit_evidence"": ""The abstract does not explicitly discuss capturing or retaining knowledge.""}, {""question_id"": 2, ""expert_compliance"": {""expert_A"": ""Unsupported"", ""expert_B"": ""Fully supported"", ""expert_C"": ""Fully supported""}, ""audit_evidence"": ""Digital technologies for KR are not clearly identified as being used for capture/retention.""}, {""question_id"": 3, ""expert_compliance"": {""expert_A"": ""Fully supported"", ""expert_B"": ""Fully supported"", ""expert_C"": ""Fully supported""}, ""audit_evidence"": ""Based on the methodology described, the paper is categorized as Empirical Study.""}], ""audit_results"": {""expert_A_audit_result"": ""Not Support"", ""expert_B_audit_result"": ""Fully Support"", ""expert_C_audit_result"": ""Fully Support""}}"
e2ecc3d2-b594-4018-bcdb-d4f932aeaf70,Knowledge Continuity In Space Organizations: Adaptive Strategies For Successful Intergenerational Knowledge Sharing,"{""uuid"": ""e2ecc3d2-b594-4018-bcdb-d4f932aeaf70"", ""Title"": ""Knowledge Continuity In Space Organizations: Adaptive Strategies For Successful Intergenerational Knowledge Sharing"", ""audit_processes"": [{""question_id"": 1, ""expert_compliance"": {""expert_A"": ""Unsupported"", ""expert_B"": ""Unsupported"", ""expert_C"": ""Unsupported""}, ""audit_evidence"": ""The abstract does not explicitly discuss capturing or retaining knowledge.""}, {""question_id"": 2, ""expert_compliance"": {""expert_A"": ""Unsupported"", ""expert_B"": ""Unsupported"", ""expert_C"": ""Unsupported""}, ""audit_evidence"": ""Digital technologies for KR are not clearly identified as being used for capture/retention.""}, {""question_id"": 3, ""expert_compliance"": {""expert_A"": ""Unsupported"", ""expert_B"": ""Unsupported"", ""expert_C"": ""Unsupported""}, ""audit_evidence"": ""Based on the methodology described, the paper is categorized as Theoretical/Conceptual.""}], ""audit_results"": {""expert_A_audit_result"": ""Not Support"", ""expert_B_audit_result"": ""Not Support"", ""expert_C_audit_result"": ""Not Support""}}"
ca83cf77-cc78-451d-a7f1-bbc439d87aef,"Understanding The Adoption Of Generative Artificial Intelligence Within Communities Of Practice: A Cross-Practice, Machine Learning-Based Lexical Study","{""uuid"": ""ca83cf77-cc78-451d-a7f1-bbc439d87aef"", ""Title"": ""Understanding The Adoption Of Generative Artificial Intelligence Within Communities Of Practice: A Cross-Practice, Machine Learning-Based Lexical Study"", ""audit_processes"": [{""question_id"": 1, ""expert_compliance"": {""expert_A"": ""Unsupported"", ""expert_B"": ""Fully supported"", ""expert_C"": ""Fully supported""}, ""audit_evidence"": ""The abstract does not explicitly discuss capturing or retaining knowledge.""}, {""question_id"": 2, ""expert_compliance"": {""expert_A"": ""Unsupported"", ""expert_B"": ""Fully supported"", ""expert_C"": ""Fully supported""}, ""audit_evidence"": ""Digital technologies for KR are not clearly identified as being used for capture/retention.""}, {""question_id"": 3, ""expert_compliance"": {""expert_A"": ""Unsupported"", ""expert_B"": ""Unsupported"", ""expert_C"": ""Unsupported""}, ""audit_evidence"": ""Based on the methodology described, the paper is categorized as Theoretical/Conceptual.""}], ""audit_results"": {""expert_A_audit_result"": ""Not Support"", ""expert_B_audit_result"": ""Partial Support"", ""expert_C_audit_result"": ""Partial Support""}}"
c9c8c4d0-ce32-4a85-8eed-6958f1089f9d,Technology-Enhanced Self-Study Learning Tool: An Approach To Improve Students Skills,"{""uuid"": ""c9c8c4d0-ce32-4a85-8eed-6958f1089f9d"", ""Title"": ""Technology-Enhanced Self-Study Learning Tool: An Approach To Improve Students Skills"", ""audit_processes"": [{""question_id"": 1, ""expert_compliance"": {""expert_A"": ""Unsupported"", ""expert_B"": ""Fully supported"", ""expert_C"": ""Fully supported""}, ""audit_evidence"": ""The abstract does not explicitly discuss capturing or retaining knowledge.""}, {""question_id"": 2, ""expert_compliance"": {""expert_A"": ""Unsupported"", ""expert_B"": ""Fully supported"", ""expert_C"": ""Fully supported""}, ""audit_evidence"": ""Digital technologies for KR are not clearly identified as being used for capture/retention.""}, {""question_id"": 3, ""expert_compliance"": {""expert_A"": ""Unsupported"", ""expert_B"": ""Unsupported"", ""expert_C"": ""Unsupported""}, ""audit_evidence"": ""Based on the methodology described, the paper is categorized as Theoretical/Conceptual.""}], ""audit_results"": {""expert_A_audit_result"": ""Not Support"", ""expert_B_audit_result"": ""Partial Support"", ""expert_C_audit_result"": ""Partial Support""}}"
0ed15e22-9a74-4a37-b082-92bef9a16381,Development Model Of Cloud Computing Adoption For Industrial 4.0 Implementation Strategy For Improve Msmes Performance,"{""uuid"": ""0ed15e22-9a74-4a37-b082-92bef9a16381"", ""Title"": ""Development Model Of Cloud Computing Adoption For Industrial 4.0 Implementation Strategy For Improve Msmes Performance"", ""audit_processes"": [{""question_id"": 1, ""expert_compliance"": {""expert_A"": ""Unsupported"", ""expert_B"": ""Fully supported"", ""expert_C"": ""Fully supported""}, ""audit_evidence"": ""The abstract does not explicitly discuss capturing or retaining knowledge.""}, {""question_id"": 2, ""expert_compliance"": {""expert_A"": ""Unsupported"", ""expert_B"": ""Fully supported"", ""expert_C"": ""Fully supported""}, ""audit_evidence"": ""Digital technologies for KR are not clearly identified as being used for capture/retention.""}, {""question_id"": 3, ""expert_compliance"": {""expert_A"": ""Fully supported"", ""expert_B"": ""Fully supported"", ""expert_C"": ""Fully supported""}, ""audit_evidence"": ""Based on the methodology described, the paper is categorized as Empirical Study.""}], ""audit_results"": {""expert_A_audit_result"": ""Not Support"", ""expert_B_audit_result"": ""Fully Support"", ""expert_C_audit_result"": ""Fully Support""}}"
5329d278-6076-44ac-92c9-974c8c40adf0,Transformative Pedagogies: Educational Innovations In Cybersecurity,"{""uuid"": ""5329d278-6076-44ac-92c9-974c8c40adf0"", ""Title"": ""Transformative Pedagogies: Educational Innovations In Cybersecurity"", ""audit_processes"": [{""question_id"": 1, ""expert_compliance"": {""expert_A"": ""Unsupported"", ""expert_B"": ""Fully supported"", ""expert_C"": ""Unsupported""}, ""audit_evidence"": ""The abstract explicitly discuss capturing or retaining knowledge.""}, {""question_id"": 2, ""expert_compliance"": {""expert_A"": ""Fully supported"", ""expert_B"": ""Fully supported"", ""expert_C"": ""Unsupported""}, ""audit_evidence"": ""Digital technologies for KR are identified as being used for capture/retention.""}, {""question_id"": 3, ""expert_compliance"": {""expert_A"": ""Fully supported"", ""expert_B"": ""Fully supported"", ""expert_C"": ""Unsupported""}, ""audit_evidence"": ""Based on the methodology described, the paper is categorized as Empirical Study.""}], ""audit_results"": {""expert_A_audit_result"": ""Partial Support"", ""expert_B_audit_result"": ""Fully Support"", ""expert_C_audit_result"": ""Not Support""}}"
7ebe46ff-21f0-456c-be3f-4d425ebb47a4,Knowledge Completion Method Based On Interference Principle,"{""uuid"": ""7ebe46ff-21f0-456c-be3f-4d425ebb47a4"", ""Title"": ""Knowledge Completion Method Based On Interference Principle"", ""audit_processes"": [{""question_id"": 1, ""expert_compliance"": {""expert_A"": ""Fully supported"", ""expert_B"": ""Unsupported"", ""expert_C"": ""Fully supported""}, ""audit_evidence"": ""The abstract does not explicitly discuss capturing or retaining knowledge.""}, {""question_id"": 2, ""expert_compliance"": {""expert_A"": ""Unsupported"", ""expert_B"": ""Unsupported"", ""expert_C"": ""Fully supported""}, ""audit_evidence"": ""Digital technologies for KR are not clearly identified as being used for capture/retention.""}, {""question_id"": 3, ""expert_compliance"": {""expert_A"": ""Unsupported"", ""expert_B"": ""Unsupported"", ""expert_C"": ""Unsupported""}, ""audit_evidence"": ""Based on the methodology described, the paper is categorized as Theoretical/Conceptual.""}], ""audit_results"": {""expert_A_audit_result"": ""Not Support"", ""expert_B_audit_result"": ""Not Support"", ""expert_C_audit_result"": ""Partial Support""}}"
4dff5982-46f0-4d30-a451-d605593d4fcf,Enhancing Supply Chain Innovation And Operational Agility Through Knowledge Acquisition From The Social Media: A Microfoundational Approach,"{""uuid"": ""4dff5982-46f0-4d30-a451-d605593d4fcf"", ""Title"": ""Enhancing Supply Chain Innovation And Operational Agility Through Knowledge Acquisition From The Social Media: A Microfoundational Approach"", ""audit_processes"": [{""question_id"": 1, ""expert_compliance"": {""expert_A"": ""Fully supported"", ""expert_B"": ""Unsupported"", ""expert_C"": ""Unsupported""}, ""audit_evidence"": ""The abstract does not explicitly discuss capturing or retaining knowledge.""}, {""question_id"": 2, ""expert_compliance"": {""expert_A"": ""Fully supported"", ""expert_B"": ""Fully supported"", ""expert_C"": ""Unsupported""}, ""audit_evidence"": ""Digital technologies for KR are not clearly identified as being used for capture/retention.""}, {""question_id"": 3, ""expert_compliance"": {""expert_A"": ""Unsupported"", ""expert_B"": ""Unsupported"", ""expert_C"": ""Unsupported""}, ""audit_evidence"": ""Based on the methodology described, the paper is categorized as Theoretical/Conceptual.""}], ""audit_results"": {""expert_A_audit_result"": ""Partial Support"", ""expert_B_audit_result"": ""Not Support"", ""expert_C_audit_result"": ""Not Support""}}"
eb27d1de-3a3a-4b1e-b519-39d8731694fb,Determining The Impact Artificial Intelligence On Development Of Higher Education,"{""uuid"": ""eb27d1de-3a3a-4b1e-b519-39d8731694fb"", ""Title"": ""Determining The Impact Artificial Intelligence On Development Of Higher Education"", ""audit_processes"": [{""question_id"": 1, ""expert_compliance"": {""expert_A"": ""Fully supported"", ""expert_B"": ""Unsupported"", ""expert_C"": ""Fully supported""}, ""audit_evidence"": ""The abstract does not explicitly discuss capturing or retaining knowledge.""}, {""question_id"": 2, ""expert_compliance"": {""expert_A"": ""Fully supported"", ""expert_B"": ""Unsupported"", ""expert_C"": ""Fully supported""}, ""audit_evidence"": ""Digital technologies for KR are not clearly identified as being used for capture/retention.""}, {""question_id"": 3, ""expert_compliance"": {""expert_A"": ""Unsupported"", ""expert_B"": ""Unsupported"", ""expert_C"": ""Unsupported""}, ""audit_evidence"": ""Based on the methodology described, the paper is categorized as Theoretical/Conceptual.""}], ""audit_results"": {""expert_A_audit_result"": ""Partial Support"", ""expert_B_audit_result"": ""Not Support"", ""expert_C_audit_result"": ""Partial Support""}}"
5aa7ba51-569a-4a01-9723-6998b49f12e9,Determinants Of Kms Adoption In Malaysian Organizations: Evidence Across Various Industries,"{""uuid"": ""5aa7ba51-569a-4a01-9723-6998b49f12e9"", ""Title"": ""Determinants Of Kms Adoption In\u00a0Malaysian Organizations: Evidence\u00a0Across Various Industries"", ""audit_processes"": [{""question_id"": 1, ""expert_compliance"": {""expert_A"": ""Fully supported"", ""expert_B"": ""Fully supported"", ""expert_C"": ""Unsupported""}, ""audit_evidence"": ""The abstract does not explicitly discuss capturing or retaining knowledge.""}, {""question_id"": 2, ""expert_compliance"": {""expert_A"": ""Fully supported"", ""expert_B"": ""Fully supported"", ""expert_C"": ""Unsupported""}, ""audit_evidence"": ""Digital technologies for KR are not clearly identified as being used for capture/retention.""}, {""question_id"": 3, ""expert_compliance"": {""expert_A"": ""Fully supported"", ""expert_B"": ""Fully supported"", ""expert_C"": ""Fully supported""}, ""audit_evidence"": ""Based on the methodology described, the paper is categorized as Empirical Study.""}], ""audit_results"": {""expert_A_audit_result"": ""Fully Support"", ""expert_B_audit_result"": ""Fully Support"", ""expert_C_audit_result"": ""Not Support""}}"
653cf740-6689-4836-ae90-bd2273e1f856,A Novel Based Design Of Ai Kind Of Models For Gami-Fication In Enhanced Learning Type Of Environment,"{""uuid"": ""653cf740-6689-4836-ae90-bd2273e1f856"", ""Title"": ""A Novel Based Design Of Ai Kind Of Models For Gami-Fication In Enhanced Learning Type Of Environment"", ""audit_processes"": [{""question_id"": 1, ""expert_compliance"": {""expert_A"": ""Unsupported"", ""expert_B"": ""Fully supported"", ""expert_C"": ""Unsupported""}, ""audit_evidence"": ""The abstract explicitly discuss capturing or retaining knowledge.""}, {""question_id"": 2, ""expert_compliance"": {""expert_A"": ""Unsupported"", ""expert_B"": ""Fully supported"", ""expert_C"": ""Unsupported""}, ""audit_evidence"": ""Digital technologies for KR are identified as being used for capture/retention.""}, {""question_id"": 3, ""expert_compliance"": {""expert_A"": ""Unsupported"", ""expert_B"": ""Unsupported"", ""expert_C"": ""Unsupported""}, ""audit_evidence"": ""Based on the methodology described, the paper is categorized as Theoretical/Conceptual.""}], ""audit_results"": {""expert_A_audit_result"": ""Not Support"", ""expert_B_audit_result"": ""Partial Support"", ""expert_C_audit_result"": ""Not Support""}}"
aec84294-29e1-44f0-8cb9-84b650f9b452,Concept Of Early Prediction And Identification Of Truck Vehicle Failures Supported By In-Vehicle Telematics Platform Based On Abnormality Detection Algorithm,"{""uuid"": ""aec84294-29e1-44f0-8cb9-84b650f9b452"", ""Title"": ""Concept Of Early Prediction And Identification Of Truck Vehicle Failures Supported By In-Vehicle Telematics Platform Based On Abnormality Detection Algorithm"", ""audit_processes"": [{""question_id"": 1, ""expert_compliance"": {""expert_A"": ""Fully supported"", ""expert_B"": ""Unsupported"", ""expert_C"": ""Fully supported""}, ""audit_evidence"": ""The abstract does not explicitly discuss capturing or retaining knowledge.""}, {""question_id"": 2, ""expert_compliance"": {""expert_A"": ""Fully supported"", ""expert_B"": ""Unsupported"", ""expert_C"": ""Fully supported""}, ""audit_evidence"": ""Digital technologies for KR are not clearly identified as being used for capture/retention.""}, {""question_id"": 3, ""expert_compliance"": {""expert_A"": ""Unsupported"", ""expert_B"": ""Unsupported"", ""expert_C"": ""Unsupported""}, ""audit_evidence"": ""Based on the methodology described, the paper is categorized as Theoretical/Conceptual.""}], ""audit_results"": {""expert_A_audit_result"": ""Partial Support"", ""expert_B_audit_result"": ""Not Support"", ""expert_C_audit_result"": ""Partial Support""}}"
d8a1b14c-1353-4258-aaa3-7917e9f8cf18,Evaluating The Effectiveness Of Game-Based Learning For Long-Term Knowledge Retention,"{""uuid"": ""d8a1b14c-1353-4258-aaa3-7917e9f8cf18"", ""Title"": ""Evaluating The Effectiveness Of Game-Based Learning For Long-Term Knowledge Retention"", ""audit_processes"": [{""question_id"": 1, ""expert_compliance"": {""expert_A"": ""Fully supported"", ""expert_B"": ""Unsupported"", ""expert_C"": ""Unsupported""}, ""audit_evidence"": ""The abstract explicitly discuss capturing or retaining knowledge.""}, {""question_id"": 2, ""expert_compliance"": {""expert_A"": ""Fully supported"", ""expert_B"": ""Fully supported"", ""expert_C"": ""Unsupported""}, ""audit_evidence"": ""Digital technologies for KR are identified as being used for capture/retention.""}, {""question_id"": 3, ""expert_compliance"": {""expert_A"": ""Fully supported"", ""expert_B"": ""Fully supported"", ""expert_C"": ""Fully supported""}, ""audit_evidence"": ""Based on the methodology described, the paper is categorized as Empirical Study.""}], ""audit_results"": {""expert_A_audit_result"": ""Fully Support"", ""expert_B_audit_result"": ""Partial Support"", ""expert_C_audit_result"": ""Not Support""}}"
e0863eb4-059b-4dde-aaae-9a68e7731365,A Study On The Current State And Improvement Strategies Of Teaching Methods For Teachers At Chongqing Business Vocational College,"{""uuid"": ""e0863eb4-059b-4dde-aaae-9a68e7731365"", ""Title"": ""A Study On The Current State And Improvement Strategies Of Teaching Methods For Teachers At Chongqing Business Vocational College"", ""audit_processes"": [{""question_id"": 1, ""expert_compliance"": {""expert_A"": ""Unsupported"", ""expert_B"": ""Fully supported"", ""expert_C"": ""Fully supported""}, ""audit_evidence"": ""The abstract does not explicitly discuss capturing or retaining knowledge.""}, {""question_id"": 2, ""expert_compliance"": {""expert_A"": ""Unsupported"", ""expert_B"": ""Fully supported"", ""expert_C"": ""Fully supported""}, ""audit_evidence"": ""Digital technologies for KR are not clearly identified as being used for capture/retention.""}, {""question_id"": 3, ""expert_compliance"": {""expert_A"": ""Fully supported"", ""expert_B"": ""Fully supported"", ""expert_C"": ""Fully supported""}, ""audit_evidence"": ""Based on the methodology described, the paper is categorized as Empirical Study.""}], ""audit_results"": {""expert_A_audit_result"": ""Not Support"", ""expert_B_audit_result"": ""Fully Support"", ""expert_C_audit_result"": ""Fully Support""}}"
5db9f73e-f81b-444c-9ff4-f351dfefab87,The Role Of Interactive Methods In Preparing Preschool Children For Studying At The New Ukrainian School,"{""uuid"": ""5db9f73e-f81b-444c-9ff4-f351dfefab87"", ""Title"": ""The Role Of Interactive Methods In Preparing Preschool Children For Studying At The New Ukrainian School"", ""audit_processes"": [{""question_id"": 1, ""expert_compliance"": {""expert_A"": ""Unsupported"", ""expert_B"": ""Fully supported"", ""expert_C"": ""Fully supported""}, ""audit_evidence"": ""The abstract does not explicitly discuss capturing or retaining knowledge.""}, {""question_id"": 2, ""expert_compliance"": {""expert_A"": ""Unsupported"", ""expert_B"": ""Unsupported"", ""expert_C"": ""Fully supported""}, ""audit_evidence"": ""Digital technologies for KR are not clearly identified as being used for capture/retention.""}, {""question_id"": 3, ""expert_compliance"": {""expert_A"": ""Fully supported"", ""expert_B"": ""Fully supported"", ""expert_C"": ""Fully supported""}, ""audit_evidence"": ""Based on the methodology described, the paper is categorized as Empirical Study.""}], ""audit_results"": {""expert_A_audit_result"": ""Not Support"", ""expert_B_audit_result"": ""Partial Support"", ""expert_C_audit_result"": ""Fully Support""}}"
4e015fdd-3e11-46ef-b9c0-6517ed620ac0,Geofault: A Well-Founded Fault Ontology For Interoperability In Geological Modeling,"{""uuid"": ""4e015fdd-3e11-46ef-b9c0-6517ed620ac0"", ""Title"": ""Geofault: A Well-Founded Fault Ontology For Interoperability In Geological Modeling"", ""audit_processes"": [{""question_id"": 1, ""expert_compliance"": {""expert_A"": ""Unsupported"", ""expert_B"": ""Unsupported"", ""expert_C"": ""Unsupported""}, ""audit_evidence"": ""The abstract does not explicitly discuss capturing or retaining knowledge.""}, {""question_id"": 2, ""expert_compliance"": {""expert_A"": ""Unsupported"", ""expert_B"": ""Unsupported"", ""expert_C"": ""Unsupported""}, ""audit_evidence"": ""Digital technologies for KR are not clearly identified as being used for capture/retention.""}, {""question_id"": 3, ""expert_compliance"": {""expert_A"": ""Unsupported"", ""expert_B"": ""Unsupported"", ""expert_C"": ""Unsupported""}, ""audit_evidence"": ""Based on the methodology described, the paper is categorized as Theoretical/Conceptual.""}], ""audit_results"": {""expert_A_audit_result"": ""Not Support"", ""expert_B_audit_result"": ""Not Support"", ""expert_C_audit_result"": ""Not Support""}}"
b1cff403-b7d0-4fed-9aa9-b3a8df90fa05,Strategic Directions For Digital Innovation: The Role Of Developers' Social Interaction Within Open Source Software Platforms,"{""uuid"": ""b1cff403-b7d0-4fed-9aa9-b3a8df90fa05"", ""Title"": ""Strategic Directions For Digital Innovation: The Role Of Developers' Social Interaction Within Open Source Software Platforms"", ""audit_processes"": [{""question_id"": 1, ""expert_compliance"": {""expert_A"": ""Fully supported"", ""expert_B"": ""Unsupported"", ""expert_C"": ""Fully supported""}, ""audit_evidence"": ""The abstract does not explicitly discuss capturing or retaining knowledge.""}, {""question_id"": 2, ""expert_compliance"": {""expert_A"": ""Fully supported"", ""expert_B"": ""Unsupported"", ""expert_C"": ""Fully supported""}, ""audit_evidence"": ""Digital technologies for KR are not clearly identified as being used for capture/retention.""}, {""question_id"": 3, ""expert_compliance"": {""expert_A"": ""Fully supported"", ""expert_B"": ""Fully supported"", ""expert_C"": ""Fully supported""}, ""audit_evidence"": ""Based on the methodology described, the paper is categorized as Empirical Study.""}], ""audit_results"": {""expert_A_audit_result"": ""Fully Support"", ""expert_B_audit_result"": ""Not Support"", ""expert_C_audit_result"": ""Fully Support""}}"
f4184b18-d95e-42db-881e-ee3242b3652a,Innovative Approach: Leveraging Design Thinking For Enhancing Knowledge Sharing In Knowledge Intensive Firms,"{""uuid"": ""f4184b18-d95e-42db-881e-ee3242b3652a"", ""Title"": ""Innovative Approach: Leveraging Design Thinking For Enhancing Knowledge Sharing In Knowledge Intensive Firms"", ""audit_processes"": [{""question_id"": 1, ""expert_compliance"": {""expert_A"": ""Unsupported"", ""expert_B"": ""Unsupported"", ""expert_C"": ""Unsupported""}, ""audit_evidence"": ""The abstract does not explicitly discuss capturing or retaining knowledge.""}, {""question_id"": 2, ""expert_compliance"": {""expert_A"": ""Fully supported"", ""expert_B"": ""Unsupported"", ""expert_C"": ""Fully supported""}, ""audit_evidence"": ""Digital technologies for KR are not clearly identified as being used for capture/retention.""}, {""question_id"": 3, ""expert_compliance"": {""expert_A"": ""Fully supported"", ""expert_B"": ""Fully supported"", ""expert_C"": ""Fully supported""}, ""audit_evidence"": ""Based on the methodology described, the paper is categorized as Empirical Study.""}], ""audit_results"": {""expert_A_audit_result"": ""Partial Support"", ""expert_B_audit_result"": ""Not Support"", ""expert_C_audit_result"": ""Partial Support""}}"
e16fb108-5cef-4ce7-b3b3-75e7e8e7db53,Modeling Educational Strategies In Augmented Reality Learning Using Fuzzy Weights,"{""uuid"": ""e16fb108-5cef-4ce7-b3b3-75e7e8e7db53"", ""Title"": ""Modeling Educational Strategies In Augmented Reality Learning Using Fuzzy Weights"", ""audit_processes"": [{""question_id"": 1, ""expert_compliance"": {""expert_A"": ""Unsupported"", ""expert_B"": ""Fully supported"", ""expert_C"": ""Unsupported""}, ""audit_evidence"": ""The abstract explicitly discuss capturing or retaining knowledge.""}, {""question_id"": 2, ""expert_compliance"": {""expert_A"": ""Fully supported"", ""expert_B"": ""Fully supported"", ""expert_C"": ""Unsupported""}, ""audit_evidence"": ""Digital technologies for KR are identified as being used for capture/retention.""}, {""question_id"": 3, ""expert_compliance"": {""expert_A"": ""Unsupported"", ""expert_B"": ""Unsupported"", ""expert_C"": ""Unsupported""}, ""audit_evidence"": ""Based on the methodology described, the paper is categorized as Case Study.""}], ""audit_results"": {""expert_A_audit_result"": ""Not Support"", ""expert_B_audit_result"": ""Partial Support"", ""expert_C_audit_result"": ""Not Support""}}"
8d3165d6-2adb-41c6-a80c-ccd3a45459cf,Validation Of The Intu-Vr-Vention Program For Enhancing Medical Training Through Virtual Reality (Vr) Storyboard Integration For Intubation,"{""uuid"": ""8d3165d6-2adb-41c6-a80c-ccd3a45459cf"", ""Title"": ""Validation Of The Intu-Vr-Vention Program For Enhancing Medical Training Through Virtual Reality (Vr) Storyboard Integration For Intubation"", ""audit_processes"": [{""question_id"": 1, ""expert_compliance"": {""expert_A"": ""Unsupported"", ""expert_B"": ""Fully supported"", ""expert_C"": ""Unsupported""}, ""audit_evidence"": ""The abstract explicitly discuss capturing or retaining knowledge.""}, {""question_id"": 2, ""expert_compliance"": {""expert_A"": ""Fully supported"", ""expert_B"": ""Fully supported"", ""expert_C"": ""Unsupported""}, ""audit_evidence"": ""Digital technologies for KR are identified as being used for capture/retention.""}, {""question_id"": 3, ""expert_compliance"": {""expert_A"": ""Unsupported"", ""expert_B"": ""Unsupported"", ""expert_C"": ""Unsupported""}, ""audit_evidence"": ""Based on the methodology described, the paper is categorized as Theoretical/Conceptual.""}], ""audit_results"": {""expert_A_audit_result"": ""Not Support"", ""expert_B_audit_result"": ""Partial Support"", ""expert_C_audit_result"": ""Not Support""}}"
44efcc13-a61e-443c-b7d1-0365f78ee5f1,Augmented Reality In The Perspective Of Cognitive Load Theory,"{""uuid"": ""44efcc13-a61e-443c-b7d1-0365f78ee5f1"", ""Title"": ""Augmented Reality In The Perspective Of Cognitive Load Theory"", ""audit_processes"": [{""question_id"": 1, ""expert_compliance"": {""expert_A"": ""Unsupported"", ""expert_B"": ""Unsupported"", ""expert_C"": ""Fully supported""}, ""audit_evidence"": ""The abstract does not explicitly discuss capturing or retaining knowledge.""}, {""question_id"": 2, ""expert_compliance"": {""expert_A"": ""Unsupported"", ""expert_B"": ""Unsupported"", ""expert_C"": ""Fully supported""}, ""audit_evidence"": ""Digital technologies for KR are not clearly identified as being used for capture/retention.""}, {""question_id"": 3, ""expert_compliance"": {""expert_A"": ""Unsupported"", ""expert_B"": ""Unsupported"", ""expert_C"": ""Unsupported""}, ""audit_evidence"": ""Based on the methodology described, the paper is categorized as Theoretical/Conceptual.""}], ""audit_results"": {""expert_A_audit_result"": ""Not Support"", ""expert_B_audit_result"": ""Not Support"", ""expert_C_audit_result"": ""Partial Support""}}"
0d33ac7b-f741-46dd-9890-ee674d33e07c,A Large-Scale Feasibility And Ethnography Study Of Screen-Based Ar And 3D Visualization Tools For Anatomy Education: Exploring Gender Perspectives In Learning Experience,"{""uuid"": ""0d33ac7b-f741-46dd-9890-ee674d33e07c"", ""Title"": ""A Large-Scale Feasibility And Ethnography Study Of Screen-Based Ar And 3D Visualization Tools For Anatomy Education: Exploring Gender Perspectives In Learning Experience"", ""audit_processes"": [{""question_id"": 1, ""expert_compliance"": {""expert_A"": ""Fully supported"", ""expert_B"": ""Unsupported"", ""expert_C"": ""Unsupported""}, ""audit_evidence"": ""The abstract explicitly discuss capturing or retaining knowledge.""}, {""question_id"": 2, ""expert_compliance"": {""expert_A"": ""Fully supported"", ""expert_B"": ""Fully supported"", ""expert_C"": ""Unsupported""}, ""audit_evidence"": ""Digital technologies for KR are identified as being used for capture/retention.""}, {""question_id"": 3, ""expert_compliance"": {""expert_A"": ""Fully supported"", ""expert_B"": ""Fully supported"", ""expert_C"": ""Fully supported""}, ""audit_evidence"": ""Based on the methodology described, the paper is categorized as Empirical Study.""}], ""audit_results"": {""expert_A_audit_result"": ""Fully Support"", ""expert_B_audit_result"": ""Partial Support"", ""expert_C_audit_result"": ""Not Support""}}"
934a6c99-2fac-4d72-aff8-9819274bcd79,A Novel Approach To Explainable Ai: Leveraging Ripple Down Rules Algorithm For Knowledge-Based Explanations,"{""uuid"": ""934a6c99-2fac-4d72-aff8-9819274bcd79"", ""Title"": ""A Novel Approach To Explainable Ai: Leveraging Ripple Down Rules Algorithm For Knowledge-Based Explanations"", ""audit_processes"": [{""question_id"": 1, ""expert_compliance"": {""expert_A"": ""Unsupported"", ""expert_B"": ""Fully supported"", ""expert_C"": ""Fully supported""}, ""audit_evidence"": ""The abstract does not explicitly discuss capturing or retaining knowledge.""}, {""question_id"": 2, ""expert_compliance"": {""expert_A"": ""Unsupported"", ""expert_B"": ""Unsupported"", ""expert_C"": ""Fully supported""}, ""audit_evidence"": ""Digital technologies for KR are not clearly identified as being used for capture/retention.""}, {""question_id"": 3, ""expert_compliance"": {""expert_A"": ""Unsupported"", ""expert_B"": ""Unsupported"", ""expert_C"": ""Unsupported""}, ""audit_evidence"": ""Based on the methodology described, the paper is categorized as Theoretical/Conceptual.""}], ""audit_results"": {""expert_A_audit_result"": ""Not Support"", ""expert_B_audit_result"": ""Not Support"", ""expert_C_audit_result"": ""Partial Support""}}"
07d7a6fd-aa81-4d78-878c-1b6652459425,Puaa: Personal University Ai Assistant Using Retrieval Augmented Generation,"{""uuid"": ""07d7a6fd-aa81-4d78-878c-1b6652459425"", ""Title"": ""Puaa: Personal University Ai Assistant Using Retrieval Augmented Generation"", ""audit_processes"": [{""question_id"": 1, ""expert_compliance"": {""expert_A"": ""Unsupported"", ""expert_B"": ""Fully supported"", ""expert_C"": ""Fully supported""}, ""audit_evidence"": ""The abstract does not explicitly discuss capturing or retaining knowledge.""}, {""question_id"": 2, ""expert_compliance"": {""expert_A"": ""Unsupported"", ""expert_B"": ""Unsupported"", ""expert_C"": ""Fully supported""}, ""audit_evidence"": ""Digital technologies for KR are not clearly identified as being used for capture/retention.""}, {""question_id"": 3, ""expert_compliance"": {""expert_A"": ""Unsupported"", ""expert_B"": ""Unsupported"", ""expert_C"": ""Unsupported""}, ""audit_evidence"": ""Based on the methodology described, the paper is categorized as Theoretical/Conceptual.""}], ""audit_results"": {""expert_A_audit_result"": ""Not Support"", ""expert_B_audit_result"": ""Not Support"", ""expert_C_audit_result"": ""Partial Support""}}"
3559a9d7-5e5a-4c3d-93f7-930a801bb861,Comparison Of Performance In Assisted And Automatic Berthing Maneuvers With The Research Vessel Deneb,"{""uuid"": ""3559a9d7-5e5a-4c3d-93f7-930a801bb861"", ""Title"": ""Comparison Of Performance In Assisted And Automatic Berthing Maneuvers With The Research Vessel Deneb"", ""audit_processes"": [{""question_id"": 1, ""expert_compliance"": {""expert_A"": ""Fully supported"", ""expert_B"": ""Fully supported"", ""expert_C"": ""Unsupported""}, ""audit_evidence"": ""The abstract does not explicitly discuss capturing or retaining knowledge.""}, {""question_id"": 2, ""expert_compliance"": {""expert_A"": ""Fully supported"", ""expert_B"": ""Unsupported"", ""expert_C"": ""Unsupported""}, ""audit_evidence"": ""Digital technologies for KR are not clearly identified as being used for capture/retention.""}, {""question_id"": 3, ""expert_compliance"": {""expert_A"": ""Unsupported"", ""expert_B"": ""Unsupported"", ""expert_C"": ""Unsupported""}, ""audit_evidence"": ""Based on the methodology described, the paper is categorized as Theoretical/Conceptual.""}], ""audit_results"": {""expert_A_audit_result"": ""Partial Support"", ""expert_B_audit_result"": ""Not Support"", ""expert_C_audit_result"": ""Not Support""}}"
882cf878-bc89-4592-9f0d-67952ebdf266,Exploring Miao Culture: The Differential Effect Of Traditional 2D And Immersive 360° Documentary Formats On Viewer Learning,"{""uuid"": ""882cf878-bc89-4592-9f0d-67952ebdf266"", ""Title"": ""Exploring Miao Culture: The Differential Effect Of Traditional 2D And Immersive 360\u00b0 Documentary Formats On Viewer Learning"", ""audit_processes"": [{""question_id"": 1, ""expert_compliance"": {""expert_A"": ""Fully supported"", ""expert_B"": ""Unsupported"", ""expert_C"": ""Unsupported""}, ""audit_evidence"": ""The abstract explicitly discuss capturing or retaining knowledge.""}, {""question_id"": 2, ""expert_compliance"": {""expert_A"": ""Fully supported"", ""expert_B"": ""Fully supported"", ""expert_C"": ""Unsupported""}, ""audit_evidence"": ""Digital technologies for KR are identified as being used for capture/retention.""}, {""question_id"": 3, ""expert_compliance"": {""expert_A"": ""Unsupported"", ""expert_B"": ""Unsupported"", ""expert_C"": ""Unsupported""}, ""audit_evidence"": ""Based on the methodology described, the paper is categorized as Case Study.""}], ""audit_results"": {""expert_A_audit_result"": ""Partial Support"", ""expert_B_audit_result"": ""Not Support"", ""expert_C_audit_result"": ""Not Support""}}"
c16c286e-b672-42aa-acb5-5e4776d74544,Antecedents And Outcomes Of Innovative Blockchain Usage In Accounting And Auditing Profession: An Extended Utaut Model,"{""uuid"": ""c16c286e-b672-42aa-acb5-5e4776d74544"", ""Title"": ""Antecedents And Outcomes Of\u00a0Innovative Blockchain Usage In\u00a0Accounting And Auditing Profession: An Extended Utaut Model"", ""audit_processes"": [{""question_id"": 1, ""expert_compliance"": {""expert_A"": ""Fully supported"", ""expert_B"": ""Fully supported"", ""expert_C"": ""Unsupported""}, ""audit_evidence"": ""The abstract does not explicitly discuss capturing or retaining knowledge.""}, {""question_id"": 2, ""expert_compliance"": {""expert_A"": ""Fully supported"", ""expert_B"": ""Fully supported"", ""expert_C"": ""Unsupported""}, ""audit_evidence"": ""Digital technologies for KR are not clearly identified as being used for capture/retention.""}, {""question_id"": 3, ""expert_compliance"": {""expert_A"": ""Fully supported"", ""expert_B"": ""Fully supported"", ""expert_C"": ""Fully supported""}, ""audit_evidence"": ""Based on the methodology described, the paper is categorized as Empirical Study.""}], ""audit_results"": {""expert_A_audit_result"": ""Fully Support"", ""expert_B_audit_result"": ""Fully Support"", ""expert_C_audit_result"": ""Not Support""}}"
67a513b8-239d-4c6d-a89a-5878dec334b1,Next-Gen Drilling: Harnessing Rig Action Plan Cloud-Edge Integration For Well Cycle Improvement And Enhanced Crew Dynamics,"{""uuid"": ""67a513b8-239d-4c6d-a89a-5878dec334b1"", ""Title"": ""Next-Gen Drilling: Harnessing Rig Action Plan Cloud-Edge Integration For Well Cycle Improvement And Enhanced Crew Dynamics"", ""audit_processes"": [{""question_id"": 1, ""expert_compliance"": {""expert_A"": ""Fully supported"", ""expert_B"": ""Fully supported"", ""expert_C"": ""Unsupported""}, ""audit_evidence"": ""The abstract does not explicitly discuss capturing or retaining knowledge.""}, {""question_id"": 2, ""expert_compliance"": {""expert_A"": ""Unsupported"", ""expert_B"": ""Unsupported"", ""expert_C"": ""Unsupported""}, ""audit_evidence"": ""Digital technologies for KR are not clearly identified as being used for capture/retention.""}, {""question_id"": 3, ""expert_compliance"": {""expert_A"": ""Unsupported"", ""expert_B"": ""Unsupported"", ""expert_C"": ""Unsupported""}, ""audit_evidence"": ""Based on the methodology described, the paper is categorized as Theoretical/Conceptual.""}], ""audit_results"": {""expert_A_audit_result"": ""Not Support"", ""expert_B_audit_result"": ""Not Support"", ""expert_C_audit_result"": ""Not Support""}}"
65a23269-bc90-409b-9697-dfd52074f497,Assessing Older Adults’ Perspectives On Digital Game‐Related Strategies To Foster Active And Healthy Ageing,"{""uuid"": ""65a23269-bc90-409b-9697-dfd52074f497"", ""Title"": ""Assessing Older Adults\u2019 Perspectives On Digital Game\u2010Related Strategies To Foster Active And Healthy Ageing"", ""audit_processes"": [{""question_id"": 1, ""expert_compliance"": {""expert_A"": ""Fully supported"", ""expert_B"": ""Unsupported"", ""expert_C"": ""Fully supported""}, ""audit_evidence"": ""The abstract does not explicitly discuss capturing or retaining knowledge.""}, {""question_id"": 2, ""expert_compliance"": {""expert_A"": ""Unsupported"", ""expert_B"": ""Unsupported"", ""expert_C"": ""Fully supported""}, ""audit_evidence"": ""Digital technologies for KR are not clearly identified as being used for capture/retention.""}, {""question_id"": 3, ""expert_compliance"": {""expert_A"": ""Fully supported"", ""expert_B"": ""Fully supported"", ""expert_C"": ""Fully supported""}, ""audit_evidence"": ""Based on the methodology described, the paper is categorized as Empirical Study.""}], ""audit_results"": {""expert_A_audit_result"": ""Partial Support"", ""expert_B_audit_result"": ""Not Support"", ""expert_C_audit_result"": ""Fully Support""}}"
e3e1e7f8-3f77-4142-8d6d-83ea3ffe4634,Spatial Knowledge Acquisition For Pedestrian Navigation: A Comparative Study Between Smartphones And Ar Glasses †,"{""uuid"": ""e3e1e7f8-3f77-4142-8d6d-83ea3ffe4634"", ""Title"": ""Spatial Knowledge Acquisition For Pedestrian Navigation: A Comparative Study Between Smartphones And Ar Glasses \u2020"", ""audit_processes"": [{""question_id"": 1, ""expert_compliance"": {""expert_A"": ""Fully supported"", ""expert_B"": ""Unsupported"", ""expert_C"": ""Fully supported""}, ""audit_evidence"": ""The abstract does not explicitly discuss capturing or retaining knowledge.""}, {""question_id"": 2, ""expert_compliance"": {""expert_A"": ""Unsupported"", ""expert_B"": ""Unsupported"", ""expert_C"": ""Fully supported""}, ""audit_evidence"": ""Digital technologies for KR are not clearly identified as being used for capture/retention.""}, {""question_id"": 3, ""expert_compliance"": {""expert_A"": ""Fully supported"", ""expert_B"": ""Fully supported"", ""expert_C"": ""Fully supported""}, ""audit_evidence"": ""Based on the methodology described, the paper is categorized as Empirical Study.""}], ""audit_results"": {""expert_A_audit_result"": ""Partial Support"", ""expert_B_audit_result"": ""Not Support"", ""expert_C_audit_result"": ""Fully Support""}}"
56c62cdd-1531-4f27-8680-9d44f3894c82,Development Of Mobile Augmented Reality Of Series Circuits For Science Learning In Primary School Students,"{""uuid"": ""56c62cdd-1531-4f27-8680-9d44f3894c82"", ""Title"": ""Development Of Mobile Augmented Reality Of Series Circuits For Science Learning In Primary School Students"", ""audit_processes"": [{""question_id"": 1, ""expert_compliance"": {""expert_A"": ""Fully supported"", ""expert_B"": ""Unsupported"", ""expert_C"": ""Fully supported""}, ""audit_evidence"": ""The abstract does not explicitly discuss capturing or retaining knowledge.""}, {""question_id"": 2, ""expert_compliance"": {""expert_A"": ""Fully supported"", ""expert_B"": ""Unsupported"", ""expert_C"": ""Fully supported""}, ""audit_evidence"": ""Digital technologies for KR are not clearly identified as being used for capture/retention.""}, {""question_id"": 3, ""expert_compliance"": {""expert_A"": ""Unsupported"", ""expert_B"": ""Unsupported"", ""expert_C"": ""Unsupported""}, ""audit_evidence"": ""Based on the methodology described, the paper is categorized as Theoretical/Conceptual.""}], ""audit_results"": {""expert_A_audit_result"": ""Partial Support"", ""expert_B_audit_result"": ""Not Support"", ""expert_C_audit_result"": ""Partial Support""}}"
7b49faf0-d241-4f5e-8ee4-fdcfa5cc2954,Understand The Impact Of Technology Feature In Online Health Communities: Why The Representation Of Information Matters,"{""uuid"": ""7b49faf0-d241-4f5e-8ee4-fdcfa5cc2954"", ""Title"": ""Understand The Impact Of Technology Feature In Online Health Communities: Why The Representation Of Information Matters"", ""audit_processes"": [{""question_id"": 1, ""expert_compliance"": {""expert_A"": ""Fully supported"", ""expert_B"": ""Unsupported"", ""expert_C"": ""Fully supported""}, ""audit_evidence"": ""The abstract does not explicitly discuss capturing or retaining knowledge.""}, {""question_id"": 2, ""expert_compliance"": {""expert_A"": ""Fully supported"", ""expert_B"": ""Unsupported"", ""expert_C"": ""Fully supported""}, ""audit_evidence"": ""Digital technologies for KR are not clearly identified as being used for capture/retention.""}, {""question_id"": 3, ""expert_compliance"": {""expert_A"": ""Unsupported"", ""expert_B"": ""Unsupported"", ""expert_C"": ""Unsupported""}, ""audit_evidence"": ""Based on the methodology described, the paper is categorized as Theoretical/Conceptual.""}], ""audit_results"": {""expert_A_audit_result"": ""Partial Support"", ""expert_B_audit_result"": ""Not Support"", ""expert_C_audit_result"": ""Partial Support""}}"
36e966df-e790-4bbd-a6ee-639eeb110786,Potential Implementation Of Augmented Reality Technology In Education,"{""uuid"": ""36e966df-e790-4bbd-a6ee-639eeb110786"", ""Title"": ""Potential Implementation Of Augmented Reality Technology In Education"", ""audit_processes"": [{""question_id"": 1, ""expert_compliance"": {""expert_A"": ""Unsupported"", ""expert_B"": ""Fully supported"", ""expert_C"": ""Fully supported""}, ""audit_evidence"": ""The abstract does not explicitly discuss capturing or retaining knowledge.""}, {""question_id"": 2, ""expert_compliance"": {""expert_A"": ""Unsupported"", ""expert_B"": ""Fully supported"", ""expert_C"": ""Fully supported""}, ""audit_evidence"": ""Digital technologies for KR are not clearly identified as being used for capture/retention.""}, {""question_id"": 3, ""expert_compliance"": {""expert_A"": ""Unsupported"", ""expert_B"": ""Unsupported"", ""expert_C"": ""Unsupported""}, ""audit_evidence"": ""Based on the methodology described, the paper is categorized as Theoretical/Conceptual.""}], ""audit_results"": {""expert_A_audit_result"": ""Not Support"", ""expert_B_audit_result"": ""Partial Support"", ""expert_C_audit_result"": ""Partial Support""}}"
a8d3d8bf-e1c7-4d59-ab03-00e644e00212,Key Technologies Of Constructing Parallel Corpus For Chinese-English Intertranslation Based On Web,"{""uuid"": ""a8d3d8bf-e1c7-4d59-ab03-00e644e00212"", ""Title"": ""Key Technologies Of Constructing Parallel Corpus For Chinese-English Intertranslation Based On Web"", ""audit_processes"": [{""question_id"": 1, ""expert_compliance"": {""expert_A"": ""Fully supported"", ""expert_B"": ""Fully supported"", ""expert_C"": ""Unsupported""}, ""audit_evidence"": ""The abstract does not explicitly discuss capturing or retaining knowledge.""}, {""question_id"": 2, ""expert_compliance"": {""expert_A"": ""Fully supported"", ""expert_B"": ""Unsupported"", ""expert_C"": ""Unsupported""}, ""audit_evidence"": ""Digital technologies for KR are not clearly identified as being used for capture/retention.""}, {""question_id"": 3, ""expert_compliance"": {""expert_A"": ""Unsupported"", ""expert_B"": ""Unsupported"", ""expert_C"": ""Unsupported""}, ""audit_evidence"": ""Based on the methodology described, the paper is categorized as Theoretical/Conceptual.""}], ""audit_results"": {""expert_A_audit_result"": ""Partial Support"", ""expert_B_audit_result"": ""Not Support"", ""expert_C_audit_result"": ""Not Support""}}"
55ea9268-5abb-4f66-ab18-aac67e976891,"The Effect Of Using Mobile Applications, Using Social Media, Using E-Commerce, And Having It Knowledge On The Performance Of Smes","{""uuid"": ""55ea9268-5abb-4f66-ab18-aac67e976891"", ""Title"": ""The Effect Of Using Mobile Applications, Using Social Media, Using E-Commerce, And Having It Knowledge On The Performance Of Smes"", ""audit_processes"": [{""question_id"": 1, ""expert_compliance"": {""expert_A"": ""Unsupported"", ""expert_B"": ""Fully supported"", ""expert_C"": ""Fully supported""}, ""audit_evidence"": ""The abstract does not explicitly discuss capturing or retaining knowledge.""}, {""question_id"": 2, ""expert_compliance"": {""expert_A"": ""Unsupported"", ""expert_B"": ""Fully supported"", ""expert_C"": ""Fully supported""}, ""audit_evidence"": ""Digital technologies for KR are not clearly identified as being used for capture/retention.""}, {""question_id"": 3, ""expert_compliance"": {""expert_A"": ""Unsupported"", ""expert_B"": ""Unsupported"", ""expert_C"": ""Unsupported""}, ""audit_evidence"": ""Based on the methodology described, the paper is categorized as Theoretical/Conceptual.""}], ""audit_results"": {""expert_A_audit_result"": ""Not Support"", ""expert_B_audit_result"": ""Partial Support"", ""expert_C_audit_result"": ""Partial Support""}}"
6e88a7ca-95c7-493a-9cda-75e07b3250ca,"How Channels Of Knowledge Acquisition Affect Farmers’ Adoption Of Green Agricultural Technologies: Evidence From Hubei Province, China","{""uuid"": ""6e88a7ca-95c7-493a-9cda-75e07b3250ca"", ""Title"": ""How Channels Of Knowledge Acquisition Affect Farmers\u2019 Adoption Of Green Agricultural Technologies: Evidence From Hubei Province, China"", ""audit_processes"": [{""question_id"": 1, ""expert_compliance"": {""expert_A"": ""Unsupported"", ""expert_B"": ""Fully supported"", ""expert_C"": ""Fully supported""}, ""audit_evidence"": ""The abstract does not explicitly discuss capturing or retaining knowledge.""}, {""question_id"": 2, ""expert_compliance"": {""expert_A"": ""Unsupported"", ""expert_B"": ""Fully supported"", ""expert_C"": ""Fully supported""}, ""audit_evidence"": ""Digital technologies for KR are not clearly identified as being used for capture/retention.""}, {""question_id"": 3, ""expert_compliance"": {""expert_A"": ""Fully supported"", ""expert_B"": ""Fully supported"", ""expert_C"": ""Fully supported""}, ""audit_evidence"": ""Based on the methodology described, the paper is categorized as Empirical Study.""}], ""audit_results"": {""expert_A_audit_result"": ""Not Support"", ""expert_B_audit_result"": ""Fully Support"", ""expert_C_audit_result"": ""Fully Support""}}"
2a3e20d0-c54c-474c-ab5d-8a2d9c336aba,Blended Approach To Stuck Pipe Avoidance Training,"{""uuid"": ""2a3e20d0-c54c-474c-ab5d-8a2d9c336aba"", ""Title"": ""Blended Approach To Stuck Pipe Avoidance Training"", ""audit_processes"": [{""question_id"": 1, ""expert_compliance"": {""expert_A"": ""Unsupported"", ""expert_B"": ""Unsupported"", ""expert_C"": ""Fully supported""}, ""audit_evidence"": ""The abstract explicitly discuss capturing or retaining knowledge.""}, {""question_id"": 2, ""expert_compliance"": {""expert_A"": ""Fully supported"", ""expert_B"": ""Fully supported"", ""expert_C"": ""Fully supported""}, ""audit_evidence"": ""Digital technologies for KR are identified as being used for capture/retention.""}, {""question_id"": 3, ""expert_compliance"": {""expert_A"": ""Unsupported"", ""expert_B"": ""Unsupported"", ""expert_C"": ""Unsupported""}, ""audit_evidence"": ""Based on the methodology described, the paper is categorized as Empirical Study.""}], ""audit_results"": {""expert_A_audit_result"": ""Not Support"", ""expert_B_audit_result"": ""Not Support"", ""expert_C_audit_result"": ""Partial Support""}}"
c7fb10eb-8fae-4517-b8e3-30d78ed7d2f4,Digital Transformation In Education_Self-Study System “Cyber3S”,"{""uuid"": ""c7fb10eb-8fae-4517-b8e3-30d78ed7d2f4"", ""Title"": ""Digital Transformation In Education_Self-Study System \u201cCyber3S\u201d"", ""audit_processes"": [{""question_id"": 1, ""expert_compliance"": {""expert_A"": ""Unsupported"", ""expert_B"": ""Unsupported"", ""expert_C"": ""Unsupported""}, ""audit_evidence"": ""The abstract does not explicitly discuss capturing or retaining knowledge.""}, {""question_id"": 2, ""expert_compliance"": {""expert_A"": ""Unsupported"", ""expert_B"": ""Unsupported"", ""expert_C"": ""Unsupported""}, ""audit_evidence"": ""Digital technologies for KR are not clearly identified as being used for capture/retention.""}, {""question_id"": 3, ""expert_compliance"": {""expert_A"": ""Unsupported"", ""expert_B"": ""Unsupported"", ""expert_C"": ""Unsupported""}, ""audit_evidence"": ""Based on the methodology described, the paper is categorized as Theoretical/Conceptual.""}], ""audit_results"": {""expert_A_audit_result"": ""Not Support"", ""expert_B_audit_result"": ""Not Support"", ""expert_C_audit_result"": ""Not Support""}}"
0827c580-e497-4878-a139-375dbdcde196,Augmenting Early Childhood Education: The Integration Of Augmented Reality In Promoting Personal Hygiene,"{""uuid"": ""0827c580-e497-4878-a139-375dbdcde196"", ""Title"": ""Augmenting Early Childhood Education: The Integration Of Augmented Reality In Promoting Personal Hygiene"", ""audit_processes"": [{""question_id"": 1, ""expert_compliance"": {""expert_A"": ""Fully supported"", ""expert_B"": ""Unsupported"", ""expert_C"": ""Fully supported""}, ""audit_evidence"": ""The abstract does not explicitly discuss capturing or retaining knowledge.""}, {""question_id"": 2, ""expert_compliance"": {""expert_A"": ""Fully supported"", ""expert_B"": ""Unsupported"", ""expert_C"": ""Fully supported""}, ""audit_evidence"": ""Digital technologies for KR are not clearly identified as being used for capture/retention.""}, {""question_id"": 3, ""expert_compliance"": {""expert_A"": ""Fully supported"", ""expert_B"": ""Fully supported"", ""expert_C"": ""Fully supported""}, ""audit_evidence"": ""Based on the methodology described, the paper is categorized as Empirical Study.""}], ""audit_results"": {""expert_A_audit_result"": ""Fully Support"", ""expert_B_audit_result"": ""Not Support"", ""expert_C_audit_result"": ""Fully Support""}}"
dfbae8cd-f4e7-4475-862f-bdc045d5fbaa,The Effectiveness Of Ict-Enhanced Learning On Raising Intercultural Competencies And Class Interaction In A Hospitality Course,"{""uuid"": ""dfbae8cd-f4e7-4475-862f-bdc045d5fbaa"", ""Title"": ""The Effectiveness Of Ict-Enhanced Learning On Raising Intercultural Competencies And Class Interaction In A Hospitality Course"", ""audit_processes"": [{""question_id"": 1, ""expert_compliance"": {""expert_A"": ""Unsupported"", ""expert_B"": ""Fully supported"", ""expert_C"": ""Unsupported""}, ""audit_evidence"": ""The abstract explicitly discuss capturing or retaining knowledge.""}, {""question_id"": 2, ""expert_compliance"": {""expert_A"": ""Unsupported"", ""expert_B"": ""Fully supported"", ""expert_C"": ""Unsupported""}, ""audit_evidence"": ""Digital technologies for KR are identified as being used for capture/retention.""}, {""question_id"": 3, ""expert_compliance"": {""expert_A"": ""Unsupported"", ""expert_B"": ""Unsupported"", ""expert_C"": ""Unsupported""}, ""audit_evidence"": ""Based on the methodology described, the paper is categorized as Theoretical/Conceptual.""}], ""audit_results"": {""expert_A_audit_result"": ""Not Support"", ""expert_B_audit_result"": ""Partial Support"", ""expert_C_audit_result"": ""Not Support""}}"
925f0e21-72c0-4dd9-88da-65124ee5108f,Incremental Maintenance Of Three-Way Regions With Variations Of Objects And Values In Hybrid Incomplete Decision Systems,"{""uuid"": ""925f0e21-72c0-4dd9-88da-65124ee5108f"", ""Title"": ""Incremental Maintenance Of Three-Way Regions With Variations Of Objects And Values In Hybrid Incomplete Decision Systems"", ""audit_processes"": [{""question_id"": 1, ""expert_compliance"": {""expert_A"": ""Fully supported"", ""expert_B"": ""Unsupported"", ""expert_C"": ""Fully supported""}, ""audit_evidence"": ""The abstract does not explicitly discuss capturing or retaining knowledge.""}, {""question_id"": 2, ""expert_compliance"": {""expert_A"": ""Fully supported"", ""expert_B"": ""Unsupported"", ""expert_C"": ""Fully supported""}, ""audit_evidence"": ""Digital technologies for KR are not clearly identified as being used for capture/retention.""}, {""question_id"": 3, ""expert_compliance"": {""expert_A"": ""Fully supported"", ""expert_B"": ""Fully supported"", ""expert_C"": ""Fully supported""}, ""audit_evidence"": ""Based on the methodology described, the paper is categorized as Empirical Study.""}], ""audit_results"": {""expert_A_audit_result"": ""Fully Support"", ""expert_B_audit_result"": ""Not Support"", ""expert_C_audit_result"": ""Fully Support""}}"
75222b9d-3c54-49bf-bc20-435b8e8ccd48,Digital Data And Practice Change: The Impact Of Innovative Web Portals On User Knowledge Building And Decision-Making Processes,"{""uuid"": ""75222b9d-3c54-49bf-bc20-435b8e8ccd48"", ""Title"": ""Digital Data And Practice Change: The Impact Of Innovative Web Portals On User Knowledge Building And Decision-Making Processes"", ""audit_processes"": [{""question_id"": 1, ""expert_compliance"": {""expert_A"": ""Fully supported"", ""expert_B"": ""Fully supported"", ""expert_C"": ""Unsupported""}, ""audit_evidence"": ""The abstract does not explicitly discuss capturing or retaining knowledge.""}, {""question_id"": 2, ""expert_compliance"": {""expert_A"": ""Fully supported"", ""expert_B"": ""Unsupported"", ""expert_C"": ""Unsupported""}, ""audit_evidence"": ""Digital technologies for KR are not clearly identified as being used for capture/retention.""}, {""question_id"": 3, ""expert_compliance"": {""expert_A"": ""Fully supported"", ""expert_B"": ""Fully supported"", ""expert_C"": ""Fully supported""}, ""audit_evidence"": ""Based on the methodology described, the paper is categorized as Empirical Study.""}], ""audit_results"": {""expert_A_audit_result"": ""Fully Support"", ""expert_B_audit_result"": ""Partial Support"", ""expert_C_audit_result"": ""Not Support""}}"
f11979e9-34ab-4802-b120-5a5d30505197,Enhancing Safety Training Performance Using Extended Reality: A Hybrid Delphi–Ahp Multi-Attribute Analysis In A Type-2 Fuzzy Environment,"{""uuid"": ""f11979e9-34ab-4802-b120-5a5d30505197"", ""Title"": ""Enhancing Safety Training Performance Using Extended Reality: A Hybrid Delphi\u2013Ahp Multi-Attribute Analysis In A Type-2 Fuzzy Environment"", ""audit_processes"": [{""question_id"": 1, ""expert_compliance"": {""expert_A"": ""Unsupported"", ""expert_B"": ""Unsupported"", ""expert_C"": ""Fully supported""}, ""audit_evidence"": ""The abstract explicitly discuss capturing or retaining knowledge.""}, {""question_id"": 2, ""expert_compliance"": {""expert_A"": ""Unsupported"", ""expert_B"": ""Fully supported"", ""expert_C"": ""Fully supported""}, ""audit_evidence"": ""Digital technologies for KR are identified as being used for capture/retention.""}, {""question_id"": 3, ""expert_compliance"": {""expert_A"": ""Fully supported"", ""expert_B"": ""Fully supported"", ""expert_C"": ""Fully supported""}, ""audit_evidence"": ""Based on the methodology described, the paper is categorized as Empirical Study.""}], ""audit_results"": {""expert_A_audit_result"": ""Not Support"", ""expert_B_audit_result"": ""Partial Support"", ""expert_C_audit_result"": ""Fully Support""}}"
c5f35091-2515-4960-8b33-a7c675b7cfc4,Factors Influencing The Usage Of Web-Based Video Conferencing Platforms In Knowledge Acquisition Among Students,"{""uuid"": ""c5f35091-2515-4960-8b33-a7c675b7cfc4"", ""Title"": ""Factors Influencing The Usage Of Web-Based Video Conferencing Platforms In Knowledge Acquisition Among Students"", ""audit_processes"": [{""question_id"": 1, ""expert_compliance"": {""expert_A"": ""Fully supported"", ""expert_B"": ""Fully supported"", ""expert_C"": ""Unsupported""}, ""audit_evidence"": ""The abstract does not explicitly discuss capturing or retaining knowledge.""}, {""question_id"": 2, ""expert_compliance"": {""expert_A"": ""Fully supported"", ""expert_B"": ""Unsupported"", ""expert_C"": ""Unsupported""}, ""audit_evidence"": ""Digital technologies for KR are not clearly identified as being used for capture/retention.""}, {""question_id"": 3, ""expert_compliance"": {""expert_A"": ""Fully supported"", ""expert_B"": ""Fully supported"", ""expert_C"": ""Fully supported""}, ""audit_evidence"": ""Based on the methodology described, the paper is categorized as Empirical Study.""}], ""audit_results"": {""expert_A_audit_result"": ""Fully Support"", ""expert_B_audit_result"": ""Partial Support"", ""expert_C_audit_result"": ""Not Support""}}"
68b0bfa1-35a2-484b-8545-797cfa5e886a,Preservation Through Digitization-Standardization In Documentation Of Build Cultural Heritage Using Capturing Reality Techniques And Heritage/Historic Bim Methodology,"{""uuid"": ""68b0bfa1-35a2-484b-8545-797cfa5e886a"", ""Title"": ""Preservation Through Digitization-Standardization In Documentation Of Build Cultural Heritage Using Capturing Reality Techniques And Heritage/Historic Bim Methodology"", ""audit_processes"": [{""question_id"": 1, ""expert_compliance"": {""expert_A"": ""Fully supported"", ""expert_B"": ""Unsupported"", ""expert_C"": ""Unsupported""}, ""audit_evidence"": ""The abstract does not explicitly discuss capturing or retaining knowledge.""}, {""question_id"": 2, ""expert_compliance"": {""expert_A"": ""Fully supported"", ""expert_B"": ""Unsupported"", ""expert_C"": ""Unsupported""}, ""audit_evidence"": ""Digital technologies for KR are not clearly identified as being used for capture/retention.""}, {""question_id"": 3, ""expert_compliance"": {""expert_A"": ""Unsupported"", ""expert_B"": ""Unsupported"", ""expert_C"": ""Unsupported""}, ""audit_evidence"": ""Based on the methodology described, the paper is categorized as Theoretical/Conceptual.""}], ""audit_results"": {""expert_A_audit_result"": ""Partial Support"", ""expert_B_audit_result"": ""Not Support"", ""expert_C_audit_result"": ""Not Support""}}"
1c6c88e0-574e-4a64-991b-c1b51afcf962,Deep Extreme Learning Machine With Its Application To Body-Conducted-Sound-Based Handwork Recognition,"{""uuid"": ""1c6c88e0-574e-4a64-991b-c1b51afcf962"", ""Title"": ""Deep Extreme Learning Machine With Its Application To Body-Conducted-Sound-Based Handwork Recognition"", ""audit_processes"": [{""question_id"": 1, ""expert_compliance"": {""expert_A"": ""Fully supported"", ""expert_B"": ""Unsupported"", ""expert_C"": ""Fully supported""}, ""audit_evidence"": ""The abstract does not explicitly discuss capturing or retaining knowledge.""}, {""question_id"": 2, ""expert_compliance"": {""expert_A"": ""Fully supported"", ""expert_B"": ""Unsupported"", ""expert_C"": ""Fully supported""}, ""audit_evidence"": ""Digital technologies for KR are not clearly identified as being used for capture/retention.""}, {""question_id"": 3, ""expert_compliance"": {""expert_A"": ""Fully supported"", ""expert_B"": ""Fully supported"", ""expert_C"": ""Fully supported""}, ""audit_evidence"": ""Based on the methodology described, the paper is categorized as Empirical Study.""}], ""audit_results"": {""expert_A_audit_result"": ""Fully Support"", ""expert_B_audit_result"": ""Not Support"", ""expert_C_audit_result"": ""Fully Support""}}"
60e10537-c9ac-4726-9706-bc2678947f1c,Intrusion Detection Using Hro With Ensemble Learning Models And Comparison,"{""uuid"": ""60e10537-c9ac-4726-9706-bc2678947f1c"", ""Title"": ""Intrusion Detection Using Hro With Ensemble Learning Models And Comparison"", ""audit_processes"": [{""question_id"": 1, ""expert_compliance"": {""expert_A"": ""Fully supported"", ""expert_B"": ""Unsupported"", ""expert_C"": ""Fully supported""}, ""audit_evidence"": ""The abstract does not explicitly discuss capturing or retaining knowledge.""}, {""question_id"": 2, ""expert_compliance"": {""expert_A"": ""Fully supported"", ""expert_B"": ""Unsupported"", ""expert_C"": ""Fully supported""}, ""audit_evidence"": ""Digital technologies for KR are not clearly identified as being used for capture/retention.""}, {""question_id"": 3, ""expert_compliance"": {""expert_A"": ""Unsupported"", ""expert_B"": ""Unsupported"", ""expert_C"": ""Unsupported""}, ""audit_evidence"": ""Based on the methodology described, the paper is categorized as Theoretical/Conceptual.""}], ""audit_results"": {""expert_A_audit_result"": ""Partial Support"", ""expert_B_audit_result"": ""Not Support"", ""expert_C_audit_result"": ""Partial Support""}}"
5832bdd5-8ad2-4493-a1a4-ab4c65e29093,A Lightweight Intrusion Detection Method For Industrial Internet Based On Hybrid Feature Selection,"{""uuid"": ""5832bdd5-8ad2-4493-a1a4-ab4c65e29093"", ""Title"": ""A Lightweight Intrusion Detection Method For Industrial Internet Based On Hybrid Feature Selection"", ""audit_processes"": [{""question_id"": 1, ""expert_compliance"": {""expert_A"": ""Fully supported"", ""expert_B"": ""Unsupported"", ""expert_C"": ""Fully supported""}, ""audit_evidence"": ""The abstract does not explicitly discuss capturing or retaining knowledge.""}, {""question_id"": 2, ""expert_compliance"": {""expert_A"": ""Fully supported"", ""expert_B"": ""Unsupported"", ""expert_C"": ""Fully supported""}, ""audit_evidence"": ""Digital technologies for KR are not clearly identified as being used for capture/retention.""}, {""question_id"": 3, ""expert_compliance"": {""expert_A"": ""Fully supported"", ""expert_B"": ""Fully supported"", ""expert_C"": ""Fully supported""}, ""audit_evidence"": ""Based on the methodology described, the paper is categorized as Empirical Study.""}], ""audit_results"": {""expert_A_audit_result"": ""Fully Support"", ""expert_B_audit_result"": ""Not Support"", ""expert_C_audit_result"": ""Fully Support""}}"
f8466591-36a2-411f-8af1-8c06cc72f93a,Research On Basic Data Sharing System Of Education Management Based On Cloud Storage,"{""uuid"": ""f8466591-36a2-411f-8af1-8c06cc72f93a"", ""Title"": ""Research On Basic Data Sharing System Of Education Management Based On Cloud Storage"", ""audit_processes"": [{""question_id"": 1, ""expert_compliance"": {""expert_A"": ""Unsupported"", ""expert_B"": ""Fully supported"", ""expert_C"": ""Fully supported""}, ""audit_evidence"": ""The abstract does not explicitly discuss capturing or retaining knowledge.""}, {""question_id"": 2, ""expert_compliance"": {""expert_A"": ""Unsupported"", ""expert_B"": ""Fully supported"", ""expert_C"": ""Fully supported""}, ""audit_evidence"": ""Digital technologies for KR are not clearly identified as being used for capture/retention.""}, {""question_id"": 3, ""expert_compliance"": {""expert_A"": ""Unsupported"", ""expert_B"": ""Unsupported"", ""expert_C"": ""Unsupported""}, ""audit_evidence"": ""Based on the methodology described, the paper is categorized as Theoretical/Conceptual.""}], ""audit_results"": {""expert_A_audit_result"": ""Not Support"", ""expert_B_audit_result"": ""Partial Support"", ""expert_C_audit_result"": ""Partial Support""}}"
896eed52-6509-4270-a854-c179facb7e3c,Cooperative Knowledge Elicitation For Formal Ontology Design: An Exploratory Study Applied In Industry For Knowledge Management,"{""uuid"": ""896eed52-6509-4270-a854-c179facb7e3c"", ""Title"": ""Cooperative Knowledge Elicitation For Formal Ontology Design: An Exploratory Study Applied In Industry For Knowledge Management"", ""audit_processes"": [{""question_id"": 1, ""expert_compliance"": {""expert_A"": ""Unsupported"", ""expert_B"": ""Unsupported"", ""expert_C"": ""Unsupported""}, ""audit_evidence"": ""The abstract does not explicitly discuss capturing or retaining knowledge.""}, {""question_id"": 2, ""expert_compliance"": {""expert_A"": ""Fully supported"", ""expert_B"": ""Fully supported"", ""expert_C"": ""Unsupported""}, ""audit_evidence"": ""Digital technologies for KR are not clearly identified as being used for capture/retention.""}, {""question_id"": 3, ""expert_compliance"": {""expert_A"": ""Unsupported"", ""expert_B"": ""Unsupported"", ""expert_C"": ""Unsupported""}, ""audit_evidence"": ""Based on the methodology described, the paper is categorized as Empirical Study.""}], ""audit_results"": {""expert_A_audit_result"": ""Not Support"", ""expert_B_audit_result"": ""Not Support"", ""expert_C_audit_result"": ""Not Support""}}"
b1133f0b-d16b-458e-9314-3342d95946c8,"The Relationships Among Taiwanese Youth’S Polychronicity, Multitasking Behavior And Perceived Learning Performance In Online Learning","{""uuid"": ""b1133f0b-d16b-458e-9314-3342d95946c8"", ""Title"": ""The Relationships Among Taiwanese Youth\u2019S Polychronicity, Multitasking Behavior And Perceived Learning Performance In Online Learning"", ""audit_processes"": [{""question_id"": 1, ""expert_compliance"": {""expert_A"": ""Unsupported"", ""expert_B"": ""Fully supported"", ""expert_C"": ""Fully supported""}, ""audit_evidence"": ""The abstract does not explicitly discuss capturing or retaining knowledge.""}, {""question_id"": 2, ""expert_compliance"": {""expert_A"": ""Unsupported"", ""expert_B"": ""Fully supported"", ""expert_C"": ""Fully supported""}, ""audit_evidence"": ""Digital technologies for KR are not clearly identified as being used for capture/retention.""}, {""question_id"": 3, ""expert_compliance"": {""expert_A"": ""Fully supported"", ""expert_B"": ""Fully supported"", ""expert_C"": ""Fully supported""}, ""audit_evidence"": ""Based on the methodology described, the paper is categorized as Empirical Study.""}], ""audit_results"": {""expert_A_audit_result"": ""Not Support"", ""expert_B_audit_result"": ""Fully Support"", ""expert_C_audit_result"": ""Fully Support""}}"
995bb00c-5e9d-41f8-863c-ccceaffb83b6,Key Issues And Pedagogical Implications In The Design Of Digital Educational Escape Rooms,"{""uuid"": ""995bb00c-5e9d-41f8-863c-ccceaffb83b6"", ""Title"": ""Key Issues And Pedagogical Implications In The Design Of Digital Educational Escape Rooms"", ""audit_processes"": [{""question_id"": 1, ""expert_compliance"": {""expert_A"": ""Unsupported"", ""expert_B"": ""Fully supported"", ""expert_C"": ""Fully supported""}, ""audit_evidence"": ""The abstract does not explicitly discuss capturing or retaining knowledge.""}, {""question_id"": 2, ""expert_compliance"": {""expert_A"": ""Unsupported"", ""expert_B"": ""Fully supported"", ""expert_C"": ""Fully supported""}, ""audit_evidence"": ""Digital technologies for KR are not clearly identified as being used for capture/retention.""}, {""question_id"": 3, ""expert_compliance"": {""expert_A"": ""Fully supported"", ""expert_B"": ""Unsupported"", ""expert_C"": ""Fully supported""}, ""audit_evidence"": ""Based on the methodology described, the paper is categorized as Empirical Study.""}], ""audit_results"": {""expert_A_audit_result"": ""Not Support"", ""expert_B_audit_result"": ""Partial Support"", ""expert_C_audit_result"": ""Fully Support""}}"
6683d470-dd7b-4560-a3d6-e7eb770df23c,Turning Grey To Green: Engaging Gamification In Sustainability Education With Augmented Reality Technology,"{""uuid"": ""6683d470-dd7b-4560-a3d6-e7eb770df23c"", ""Title"": ""Turning Grey To Green: Engaging Gamification In Sustainability Education With Augmented Reality Technology"", ""audit_processes"": [{""question_id"": 1, ""expert_compliance"": {""expert_A"": ""Fully supported"", ""expert_B"": ""Fully supported"", ""expert_C"": ""Unsupported""}, ""audit_evidence"": ""The abstract does not explicitly discuss capturing or retaining knowledge.""}, {""question_id"": 2, ""expert_compliance"": {""expert_A"": ""Fully supported"", ""expert_B"": ""Unsupported"", ""expert_C"": ""Unsupported""}, ""audit_evidence"": ""Digital technologies for KR are not clearly identified as being used for capture/retention.""}, {""question_id"": 3, ""expert_compliance"": {""expert_A"": ""Fully supported"", ""expert_B"": ""Fully supported"", ""expert_C"": ""Fully supported""}, ""audit_evidence"": ""Based on the methodology described, the paper is categorized as Empirical Study.""}], ""audit_results"": {""expert_A_audit_result"": ""Fully Support"", ""expert_B_audit_result"": ""Partial Support"", ""expert_C_audit_result"": ""Not Support""}}"
94ebe687-ec92-4e92-a532-3a23ab1a6f0d,Gamified Learning For Sustainability: An Innovative Approach To Enhance Hydrogen Literacy And Environmental Awareness Through Simulation-Based Education,"{""uuid"": ""94ebe687-ec92-4e92-a532-3a23ab1a6f0d"", ""Title"": ""Gamified Learning For Sustainability: An Innovative Approach To Enhance Hydrogen Literacy And Environmental Awareness Through Simulation-Based Education"", ""audit_processes"": [{""question_id"": 1, ""expert_compliance"": {""expert_A"": ""Unsupported"", ""expert_B"": ""Fully supported"", ""expert_C"": ""Unsupported""}, ""audit_evidence"": ""The abstract explicitly discuss capturing or retaining knowledge.""}, {""question_id"": 2, ""expert_compliance"": {""expert_A"": ""Unsupported"", ""expert_B"": ""Fully supported"", ""expert_C"": ""Unsupported""}, ""audit_evidence"": ""Digital technologies for KR are identified as being used for capture/retention.""}, {""question_id"": 3, ""expert_compliance"": {""expert_A"": ""Unsupported"", ""expert_B"": ""Unsupported"", ""expert_C"": ""Unsupported""}, ""audit_evidence"": ""Based on the methodology described, the paper is categorized as Theoretical/Conceptual.""}], ""audit_results"": {""expert_A_audit_result"": ""Not Support"", ""expert_B_audit_result"": ""Partial Support"", ""expert_C_audit_result"": ""Not Support""}}"
af6521fb-a6ea-446e-9324-7177b6bdc9c9,Technology Capabilities And Firm Innovation In The Manufacturing Industry: Serial Mediation Of Knowledge Acquisition And Knowledge Exploration Practices,"{""uuid"": ""af6521fb-a6ea-446e-9324-7177b6bdc9c9"", ""Title"": ""Technology Capabilities And Firm Innovation In The Manufacturing Industry: Serial Mediation Of Knowledge Acquisition And Knowledge Exploration Practices"", ""audit_processes"": [{""question_id"": 1, ""expert_compliance"": {""expert_A"": ""Unsupported"", ""expert_B"": ""Fully supported"", ""expert_C"": ""Unsupported""}, ""audit_evidence"": ""The abstract does not explicitly discuss capturing or retaining knowledge.""}, {""question_id"": 2, ""expert_compliance"": {""expert_A"": ""Fully supported"", ""expert_B"": ""Fully supported"", ""expert_C"": ""Unsupported""}, ""audit_evidence"": ""Digital technologies for KR are not clearly identified as being used for capture/retention.""}, {""question_id"": 3, ""expert_compliance"": {""expert_A"": ""Fully supported"", ""expert_B"": ""Fully supported"", ""expert_C"": ""Fully supported""}, ""audit_evidence"": ""Based on the methodology described, the paper is categorized as Empirical Study.""}], ""audit_results"": {""expert_A_audit_result"": ""Partial Support"", ""expert_B_audit_result"": ""Fully Support"", ""expert_C_audit_result"": ""Not Support""}}"
3072451e-9318-48c8-b4ea-43c3dada0dfb,Presenting An Effective Motivational Model On The Knowledge Acquisition Process Using Fuzzy Best-Worst Method (Fbwm),"{""uuid"": ""3072451e-9318-48c8-b4ea-43c3dada0dfb"", ""Title"": ""Presenting An Effective Motivational Model On The Knowledge Acquisition Process Using Fuzzy Best-Worst Method (Fbwm)"", ""audit_processes"": [{""question_id"": 1, ""expert_compliance"": {""expert_A"": ""Unsupported"", ""expert_B"": ""Unsupported"", ""expert_C"": ""Unsupported""}, ""audit_evidence"": ""The abstract does not explicitly discuss capturing or retaining knowledge.""}, {""question_id"": 2, ""expert_compliance"": {""expert_A"": ""Fully supported"", ""expert_B"": ""Fully supported"", ""expert_C"": ""Unsupported""}, ""audit_evidence"": ""Digital technologies for KR are not clearly identified as being used for capture/retention.""}, {""question_id"": 3, ""expert_compliance"": {""expert_A"": ""Unsupported"", ""expert_B"": ""Unsupported"", ""expert_C"": ""Unsupported""}, ""audit_evidence"": ""Based on the methodology described, the paper is categorized as Theoretical/Conceptual.""}], ""audit_results"": {""expert_A_audit_result"": ""Not Support"", ""expert_B_audit_result"": ""Not Support"", ""expert_C_audit_result"": ""Not Support""}}"
26258bf1-7aea-4e97-9a57-9e24aaaf7855,Who Is Spreading Ai-Generated Health Rumors? A Study On The Association Between Aigc Interaction Types And The Willingness To Share Health Rumors,"{""uuid"": ""26258bf1-7aea-4e97-9a57-9e24aaaf7855"", ""Title"": ""Who Is Spreading Ai-Generated Health Rumors? A Study On The Association Between Aigc Interaction Types And The Willingness To Share Health Rumors"", ""audit_processes"": [{""question_id"": 1, ""expert_compliance"": {""expert_A"": ""Unsupported"", ""expert_B"": ""Fully supported"", ""expert_C"": ""Fully supported""}, ""audit_evidence"": ""The abstract does not explicitly discuss capturing or retaining knowledge.""}, {""question_id"": 2, ""expert_compliance"": {""expert_A"": ""Unsupported"", ""expert_B"": ""Unsupported"", ""expert_C"": ""Fully supported""}, ""audit_evidence"": ""Digital technologies for KR are not clearly identified as being used for capture/retention.""}, {""question_id"": 3, ""expert_compliance"": {""expert_A"": ""Fully supported"", ""expert_B"": ""Fully supported"", ""expert_C"": ""Fully supported""}, ""audit_evidence"": ""Based on the methodology described, the paper is categorized as Empirical Study.""}], ""audit_results"": {""expert_A_audit_result"": ""Not Support"", ""expert_B_audit_result"": ""Partial Support"", ""expert_C_audit_result"": ""Fully Support""}}"
bd55952b-a4f3-4ddd-b6d9-51a5e722074f,"Three-Dimensional Modeling And Ai-Assisted Contextual Narratives In Digital Heritage Education: Course For Enhancing Design Skill, Cultural Awareness, And User Experience","{""uuid"": ""bd55952b-a4f3-4ddd-b6d9-51a5e722074f"", ""Title"": ""Three-Dimensional Modeling And Ai-Assisted Contextual Narratives In Digital Heritage Education: Course For Enhancing Design Skill, Cultural Awareness, And User Experience"", ""audit_processes"": [{""question_id"": 1, ""expert_compliance"": {""expert_A"": ""Unsupported"", ""expert_B"": ""Fully supported"", ""expert_C"": ""Fully supported""}, ""audit_evidence"": ""The abstract does not explicitly discuss capturing or retaining knowledge.""}, {""question_id"": 2, ""expert_compliance"": {""expert_A"": ""Unsupported"", ""expert_B"": ""Fully supported"", ""expert_C"": ""Fully supported""}, ""audit_evidence"": ""Digital technologies for KR are not clearly identified as being used for capture/retention.""}, {""question_id"": 3, ""expert_compliance"": {""expert_A"": ""Fully supported"", ""expert_B"": ""Unsupported"", ""expert_C"": ""Fully supported""}, ""audit_evidence"": ""Based on the methodology described, the paper is categorized as Empirical Study.""}], ""audit_results"": {""expert_A_audit_result"": ""Not Support"", ""expert_B_audit_result"": ""Partial Support"", ""expert_C_audit_result"": ""Fully Support""}}"
be2aac70-5a32-4bde-8e33-6e210ade9fa4,Virtual Onboarding: Using The Metaverse For Induction Of New Employees On Remote Work,"{""uuid"": ""be2aac70-5a32-4bde-8e33-6e210ade9fa4"", ""Title"": ""Virtual Onboarding: Using The Metaverse For Induction Of New Employees On Remote Work"", ""audit_processes"": [{""question_id"": 1, ""expert_compliance"": {""expert_A"": ""Unsupported"", ""expert_B"": ""Unsupported"", ""expert_C"": ""Fully supported""}, ""audit_evidence"": ""The abstract explicitly discuss capturing or retaining knowledge.""}, {""question_id"": 2, ""expert_compliance"": {""expert_A"": ""Fully supported"", ""expert_B"": ""Fully supported"", ""expert_C"": ""Unsupported""}, ""audit_evidence"": ""Digital technologies for KR are not clearly identified as being used for capture/retention.""}, {""question_id"": 3, ""expert_compliance"": {""expert_A"": ""Unsupported"", ""expert_B"": ""Unsupported"", ""expert_C"": ""Unsupported""}, ""audit_evidence"": ""Based on the methodology described, the paper is categorized as Theoretical/Conceptual.""}], ""audit_results"": {""expert_A_audit_result"": ""Not Support"", ""expert_B_audit_result"": ""Not Support"", ""expert_C_audit_result"": ""Not Support""}}"
cbfce2b4-9574-4ca7-9f6c-503229a51186,Comparative Effects Of Dynamic Geometry System And Physical Manipulatives On Inquiry-Based Math Learning For Students In Junior High School,"{""uuid"": ""cbfce2b4-9574-4ca7-9f6c-503229a51186"", ""Title"": ""Comparative Effects Of Dynamic Geometry System And Physical Manipulatives On Inquiry-Based Math Learning For Students In Junior High School"", ""audit_processes"": [{""question_id"": 1, ""expert_compliance"": {""expert_A"": ""Unsupported"", ""expert_B"": ""Unsupported"", ""expert_C"": ""Fully supported""}, ""audit_evidence"": ""The abstract explicitly discuss capturing or retaining knowledge.""}, {""question_id"": 2, ""expert_compliance"": {""expert_A"": ""Unsupported"", ""expert_B"": ""Unsupported"", ""expert_C"": ""Fully supported""}, ""audit_evidence"": ""Digital technologies for KR are identified as being used for capture/retention.""}, {""question_id"": 3, ""expert_compliance"": {""expert_A"": ""Fully supported"", ""expert_B"": ""Fully supported"", ""expert_C"": ""Fully supported""}, ""audit_evidence"": ""Based on the methodology described, the paper is categorized as Empirical Study.""}], ""audit_results"": {""expert_A_audit_result"": ""Not Support"", ""expert_B_audit_result"": ""Not Support"", ""expert_C_audit_result"": ""Fully Support""}}"
ceb4d713-a0ad-48e9-bbb4-f056d6e583c2,Evaluating The Preliminary Effectiveness Of Industrial Virtual Reality Safety Training For Ozone Generator Isolation Procedure,"{""uuid"": ""ceb4d713-a0ad-48e9-bbb4-f056d6e583c2"", ""Title"": ""Evaluating The Preliminary Effectiveness Of Industrial Virtual Reality Safety Training For Ozone Generator Isolation Procedure"", ""audit_processes"": [{""question_id"": 1, ""expert_compliance"": {""expert_A"": ""Unsupported"", ""expert_B"": ""Unsupported"", ""expert_C"": ""Fully supported""}, ""audit_evidence"": ""The abstract explicitly discuss capturing or retaining knowledge.""}, {""question_id"": 2, ""expert_compliance"": {""expert_A"": ""Unsupported"", ""expert_B"": ""Unsupported"", ""expert_C"": ""Fully supported""}, ""audit_evidence"": ""Digital technologies for KR are identified as being used for capture/retention.""}, {""question_id"": 3, ""expert_compliance"": {""expert_A"": ""Unsupported"", ""expert_B"": ""Unsupported"", ""expert_C"": ""Unsupported""}, ""audit_evidence"": ""Based on the methodology described, the paper is categorized as Theoretical/Conceptual.""}], ""audit_results"": {""expert_A_audit_result"": ""Not Support"", ""expert_B_audit_result"": ""Not Support"", ""expert_C_audit_result"": ""Partial Support""}}"
8cd96041-79ee-49b8-ad30-668fe2052761,Organizational Resilience To Knowledge Loss In Biotechnology Research,"{""uuid"": ""8cd96041-79ee-49b8-ad30-668fe2052761"", ""Title"": ""Organizational Resilience To Knowledge Loss In Biotechnology Research"", ""audit_processes"": [{""question_id"": 1, ""expert_compliance"": {""expert_A"": ""Unsupported"", ""expert_B"": ""Unsupported"", ""expert_C"": ""Unsupported""}, ""audit_evidence"": ""The abstract does not explicitly discuss capturing or retaining knowledge.""}, {""question_id"": 2, ""expert_compliance"": {""expert_A"": ""Fully supported"", ""expert_B"": ""Unsupported"", ""expert_C"": ""Fully supported""}, ""audit_evidence"": ""Digital technologies for KR are not clearly identified as being used for capture/retention.""}, {""question_id"": 3, ""expert_compliance"": {""expert_A"": ""Unsupported"", ""expert_B"": ""Unsupported"", ""expert_C"": ""Unsupported""}, ""audit_evidence"": ""Based on the methodology described, the paper is categorized as Theoretical/Conceptual.""}], ""audit_results"": {""expert_A_audit_result"": ""Not Support"", ""expert_B_audit_result"": ""Not Support"", ""expert_C_audit_result"": ""Not Support""}}"
a866dbbf-1d4c-4228-b024-c6fe51e93218,Degree Of University Students' Awareness Of Using Artificial Intelligence Applications (Chatgpt) In The Educational Process In The Uae,"{""uuid"": ""a866dbbf-1d4c-4228-b024-c6fe51e93218"", ""Title"": ""Degree Of University Students' Awareness Of Using Artificial Intelligence Applications (Chatgpt) In The Educational Process In The Uae"", ""audit_processes"": [{""question_id"": 1, ""expert_compliance"": {""expert_A"": ""Fully supported"", ""expert_B"": ""Unsupported"", ""expert_C"": ""Fully supported""}, ""audit_evidence"": ""The abstract does not explicitly discuss capturing or retaining knowledge.""}, {""question_id"": 2, ""expert_compliance"": {""expert_A"": ""Fully supported"", ""expert_B"": ""Unsupported"", ""expert_C"": ""Fully supported""}, ""audit_evidence"": ""Digital technologies for KR are not clearly identified as being used for capture/retention.""}, {""question_id"": 3, ""expert_compliance"": {""expert_A"": ""Fully supported"", ""expert_B"": ""Fully supported"", ""expert_C"": ""Fully supported""}, ""audit_evidence"": ""Based on the methodology described, the paper is categorized as Empirical Study.""}], ""audit_results"": {""expert_A_audit_result"": ""Fully Support"", ""expert_B_audit_result"": ""Not Support"", ""expert_C_audit_result"": ""Fully Support""}}"
dcd40031-8877-4a0f-8136-f8ca0d5c342d,Teachers Developing More Creative Learning Views Via Online Knowledge Building Activities,"{""uuid"": ""dcd40031-8877-4a0f-8136-f8ca0d5c342d"", ""Title"": ""Teachers Developing More Creative Learning Views Via Online Knowledge Building Activities"", ""audit_processes"": [{""question_id"": 1, ""expert_compliance"": {""expert_A"": ""Fully supported"", ""expert_B"": ""Unsupported"", ""expert_C"": ""Fully supported""}, ""audit_evidence"": ""The abstract does not explicitly discuss capturing or retaining knowledge.""}, {""question_id"": 2, ""expert_compliance"": {""expert_A"": ""Fully supported"", ""expert_B"": ""Unsupported"", ""expert_C"": ""Fully supported""}, ""audit_evidence"": ""Digital technologies for KR are not clearly identified as being used for capture/retention.""}, {""question_id"": 3, ""expert_compliance"": {""expert_A"": ""Unsupported"", ""expert_B"": ""Unsupported"", ""expert_C"": ""Unsupported""}, ""audit_evidence"": ""Based on the methodology described, the paper is categorized as Theoretical/Conceptual.""}], ""audit_results"": {""expert_A_audit_result"": ""Partial Support"", ""expert_B_audit_result"": ""Not Support"", ""expert_C_audit_result"": ""Partial Support""}}"
a1fd2e84-dbc7-450f-a5a3-757bc0f3fb1f,"Impact Of Technology Literacy, Information Literacy, And User Satisfaction On The Adoption Of Gai-Chatgpt For Learning, Knowledge Acquisition, And Knowledge Dissemination Among Chinese Students","{""uuid"": ""a1fd2e84-dbc7-450f-a5a3-757bc0f3fb1f"", ""Title"": ""Impact Of Technology Literacy, Information Literacy, And User Satisfaction On The Adoption Of Gai-Chatgpt For Learning, Knowledge Acquisition, And Knowledge Dissemination Among Chinese Students"", ""audit_processes"": [{""question_id"": 1, ""expert_compliance"": {""expert_A"": ""Fully supported"", ""expert_B"": ""Unsupported"", ""expert_C"": ""Fully supported""}, ""audit_evidence"": ""The abstract does not explicitly discuss capturing or retaining knowledge.""}, {""question_id"": 2, ""expert_compliance"": {""expert_A"": ""Fully supported"", ""expert_B"": ""Unsupported"", ""expert_C"": ""Fully supported""}, ""audit_evidence"": ""Digital technologies for KR are not clearly identified as being used for capture/retention.""}, {""question_id"": 3, ""expert_compliance"": {""expert_A"": ""Fully supported"", ""expert_B"": ""Fully supported"", ""expert_C"": ""Fully supported""}, ""audit_evidence"": ""Based on the methodology described, the paper is categorized as Empirical Study.""}], ""audit_results"": {""expert_A_audit_result"": ""Fully Support"", ""expert_B_audit_result"": ""Not Support"", ""expert_C_audit_result"": ""Fully Support""}}"
7cb85d8f-90bc-4d3c-b54f-f0588abce3c1,From Games To High Fidelity: A Comparative Study Of Cpr Training Methods In Nursing Education,"{""uuid"": ""7cb85d8f-90bc-4d3c-b54f-f0588abce3c1"", ""Title"": ""From Games To High Fidelity: A Comparative Study Of Cpr Training Methods In Nursing Education"", ""audit_processes"": [{""question_id"": 1, ""expert_compliance"": {""expert_A"": ""Unsupported"", ""expert_B"": ""Fully supported"", ""expert_C"": ""Unsupported""}, ""audit_evidence"": ""The abstract explicitly discuss capturing or retaining knowledge.""}, {""question_id"": 2, ""expert_compliance"": {""expert_A"": ""Unsupported"", ""expert_B"": ""Fully supported"", ""expert_C"": ""Unsupported""}, ""audit_evidence"": ""Digital technologies for KR are identified as being used for capture/retention.""}, {""question_id"": 3, ""expert_compliance"": {""expert_A"": ""Unsupported"", ""expert_B"": ""Unsupported"", ""expert_C"": ""Unsupported""}, ""audit_evidence"": ""Based on the methodology described, the paper is categorized as Theoretical/Conceptual.""}], ""audit_results"": {""expert_A_audit_result"": ""Not Support"", ""expert_B_audit_result"": ""Partial Support"", ""expert_C_audit_result"": ""Not Support""}}"
5284c171-c50f-4be7-9608-4dcdf6a21199,Micro World - Exploring The Microbial Kingdom: Design And Testing Of A Microbial Vr Science Product,"{""uuid"": ""5284c171-c50f-4be7-9608-4dcdf6a21199"", ""Title"": ""Micro World - Exploring The Microbial Kingdom: Design And Testing Of A Microbial Vr Science Product"", ""audit_processes"": [{""question_id"": 1, ""expert_compliance"": {""expert_A"": ""Fully supported"", ""expert_B"": ""Unsupported"", ""expert_C"": ""Fully supported""}, ""audit_evidence"": ""The abstract does not explicitly discuss capturing or retaining knowledge.""}, {""question_id"": 2, ""expert_compliance"": {""expert_A"": ""Fully supported"", ""expert_B"": ""Unsupported"", ""expert_C"": ""Fully supported""}, ""audit_evidence"": ""Digital technologies for KR are not clearly identified as being used for capture/retention.""}, {""question_id"": 3, ""expert_compliance"": {""expert_A"": ""Fully supported"", ""expert_B"": ""Fully supported"", ""expert_C"": ""Fully supported""}, ""audit_evidence"": ""Based on the methodology described, the paper is categorized as Empirical Study.""}], ""audit_results"": {""expert_A_audit_result"": ""Fully Support"", ""expert_B_audit_result"": ""Not Support"", ""expert_C_audit_result"": ""Fully Support""}}"
4a5b1586-2542-46bb-9168-efefd755e79a,Investigating The Effects Of Virtual Site Tours In Construction Technology Education: An Eplatform For Students' Transferable Knowledge Acquisition,"{""uuid"": ""4a5b1586-2542-46bb-9168-efefd755e79a"", ""Title"": ""Investigating The Effects Of Virtual Site Tours In Construction Technology Education: An Eplatform For Students' Transferable Knowledge Acquisition"", ""audit_processes"": [{""question_id"": 1, ""expert_compliance"": {""expert_A"": ""Fully supported"", ""expert_B"": ""Unsupported"", ""expert_C"": ""Fully supported""}, ""audit_evidence"": ""The abstract does not explicitly discuss capturing or retaining knowledge.""}, {""question_id"": 2, ""expert_compliance"": {""expert_A"": ""Fully supported"", ""expert_B"": ""Unsupported"", ""expert_C"": ""Fully supported""}, ""audit_evidence"": ""Digital technologies for KR are not clearly identified as being used for capture/retention.""}, {""question_id"": 3, ""expert_compliance"": {""expert_A"": ""Unsupported"", ""expert_B"": ""Unsupported"", ""expert_C"": ""Unsupported""}, ""audit_evidence"": ""Based on the methodology described, the paper is categorized as Case Study.""}], ""audit_results"": {""expert_A_audit_result"": ""Partial Support"", ""expert_B_audit_result"": ""Not Support"", ""expert_C_audit_result"": ""Partial Support""}}"
9b185e70-9167-41f2-b501-0bca41cfe883,Does A Student'S Attendance And A Classroom Task Significantly Enhance Learning Outcomes? Implications Of Policy In Gamely And Management Education,"{""uuid"": ""9b185e70-9167-41f2-b501-0bca41cfe883"", ""Title"": ""Does A Student'S Attendance And A Classroom Task Significantly Enhance Learning Outcomes? Implications Of Policy In Gamely And Management Education"", ""audit_processes"": [{""question_id"": 1, ""expert_compliance"": {""expert_A"": ""Unsupported"", ""expert_B"": ""Fully supported"", ""expert_C"": ""Unsupported""}, ""audit_evidence"": ""The abstract explicitly discuss capturing or retaining knowledge.""}, {""question_id"": 2, ""expert_compliance"": {""expert_A"": ""Unsupported"", ""expert_B"": ""Fully supported"", ""expert_C"": ""Unsupported""}, ""audit_evidence"": ""Digital technologies for KR are identified as being used for capture/retention.""}, {""question_id"": 3, ""expert_compliance"": {""expert_A"": ""Fully supported"", ""expert_B"": ""Fully supported"", ""expert_C"": ""Fully supported""}, ""audit_evidence"": ""Based on the methodology described, the paper is categorized as Empirical Study.""}], ""audit_results"": {""expert_A_audit_result"": ""Not Support"", ""expert_B_audit_result"": ""Fully Support"", ""expert_C_audit_result"": ""Not Support""}}"
fdb93e22-3b38-4dc7-aecb-0a008d34a213,The Impact Of Ai-Generated Instructional Videos On Problem-Based Learning In Science Teacher Education,"{""uuid"": ""fdb93e22-3b38-4dc7-aecb-0a008d34a213"", ""Title"": ""The Impact Of Ai-Generated Instructional Videos On Problem-Based Learning In Science Teacher Education"", ""audit_processes"": [{""question_id"": 1, ""expert_compliance"": {""expert_A"": ""Unsupported"", ""expert_B"": ""Fully supported"", ""expert_C"": ""Unsupported""}, ""audit_evidence"": ""The abstract explicitly discuss capturing or retaining knowledge.""}, {""question_id"": 2, ""expert_compliance"": {""expert_A"": ""Fully supported"", ""expert_B"": ""Fully supported"", ""expert_C"": ""Unsupported""}, ""audit_evidence"": ""Digital technologies for KR are identified as being used for capture/retention.""}, {""question_id"": 3, ""expert_compliance"": {""expert_A"": ""Unsupported"", ""expert_B"": ""Unsupported"", ""expert_C"": ""Unsupported""}, ""audit_evidence"": ""Based on the methodology described, the paper is categorized as Theoretical/Conceptual.""}], ""audit_results"": {""expert_A_audit_result"": ""Not Support"", ""expert_B_audit_result"": ""Partial Support"", ""expert_C_audit_result"": ""Not Support""}}"
e85b9c68-1de0-458d-9263-2e93a32cc25c,Engineering Education: A Can Bus Training System For Students,"{""uuid"": ""e85b9c68-1de0-458d-9263-2e93a32cc25c"", ""Title"": ""Engineering Education: A Can Bus Training System For Students"", ""audit_processes"": [{""question_id"": 1, ""expert_compliance"": {""expert_A"": ""Unsupported"", ""expert_B"": ""Unsupported"", ""expert_C"": ""Fully supported""}, ""audit_evidence"": ""The abstract explicitly discuss capturing or retaining knowledge.""}, {""question_id"": 2, ""expert_compliance"": {""expert_A"": ""Unsupported"", ""expert_B"": ""Unsupported"", ""expert_C"": ""Fully supported""}, ""audit_evidence"": ""Digital technologies for KR are identified as being used for capture/retention.""}, {""question_id"": 3, ""expert_compliance"": {""expert_A"": ""Unsupported"", ""expert_B"": ""Unsupported"", ""expert_C"": ""Unsupported""}, ""audit_evidence"": ""Based on the methodology described, the paper is categorized as Review.""}], ""audit_results"": {""expert_A_audit_result"": ""Not Support"", ""expert_B_audit_result"": ""Not Support"", ""expert_C_audit_result"": ""Partial Support""}}"
278166b7-2d9b-47cd-a331-99764d2c034f,Study With Confucius: An Ai-Based Immersive Educational Game With Multiple Educational Modes,"{""uuid"": ""278166b7-2d9b-47cd-a331-99764d2c034f"", ""Title"": ""Study With Confucius: An Ai-Based Immersive Educational Game With Multiple Educational Modes"", ""audit_processes"": [{""question_id"": 1, ""expert_compliance"": {""expert_A"": ""Unsupported"", ""expert_B"": ""Unsupported"", ""expert_C"": ""Fully supported""}, ""audit_evidence"": ""The abstract explicitly discuss capturing or retaining knowledge.""}, {""question_id"": 2, ""expert_compliance"": {""expert_A"": ""Unsupported"", ""expert_B"": ""Unsupported"", ""expert_C"": ""Fully supported""}, ""audit_evidence"": ""Digital technologies for KR are identified as being used for capture/retention.""}, {""question_id"": 3, ""expert_compliance"": {""expert_A"": ""Unsupported"", ""expert_B"": ""Unsupported"", ""expert_C"": ""Unsupported""}, ""audit_evidence"": ""Based on the methodology described, the paper is categorized as Theoretical/Conceptual.""}], ""audit_results"": {""expert_A_audit_result"": ""Not Support"", ""expert_B_audit_result"": ""Not Support"", ""expert_C_audit_result"": ""Partial Support""}}"
bad0f07d-b0bd-42da-bdfd-c8310f1f0aa2,Gamifying Chest X-Ray Interpretation For Advanced Practice Nurses,"{""uuid"": ""bad0f07d-b0bd-42da-bdfd-c8310f1f0aa2"", ""Title"": ""Gamifying Chest X-Ray Interpretation For Advanced Practice Nurses"", ""audit_processes"": [{""question_id"": 1, ""expert_compliance"": {""expert_A"": ""Unsupported"", ""expert_B"": ""Fully supported"", ""expert_C"": ""Unsupported""}, ""audit_evidence"": ""The abstract explicitly discuss capturing or retaining knowledge.""}, {""question_id"": 2, ""expert_compliance"": {""expert_A"": ""Unsupported"", ""expert_B"": ""Fully supported"", ""expert_C"": ""Unsupported""}, ""audit_evidence"": ""Digital technologies for KR are identified as being used for capture/retention.""}, {""question_id"": 3, ""expert_compliance"": {""expert_A"": ""Unsupported"", ""expert_B"": ""Unsupported"", ""expert_C"": ""Unsupported""}, ""audit_evidence"": ""Based on the methodology described, the paper is categorized as Theoretical/Conceptual.""}], ""audit_results"": {""expert_A_audit_result"": ""Not Support"", ""expert_B_audit_result"": ""Partial Support"", ""expert_C_audit_result"": ""Not Support""}}"
e69bcc55-74c1-4095-8358-12854305ccef,A Comparative Study On The Effectiveness Of Ai Chatbots And Dictionary Apps For Lexical Tasks And Retention,"{""uuid"": ""e69bcc55-74c1-4095-8358-12854305ccef"", ""Title"": ""A Comparative Study On The Effectiveness Of Ai Chatbots And Dictionary Apps For Lexical Tasks And Retention"", ""audit_processes"": [{""question_id"": 1, ""expert_compliance"": {""expert_A"": ""Unsupported"", ""expert_B"": ""Fully supported"", ""expert_C"": ""Unsupported""}, ""audit_evidence"": ""The abstract explicitly discuss capturing or retaining knowledge.""}, {""question_id"": 2, ""expert_compliance"": {""expert_A"": ""Fully supported"", ""expert_B"": ""Fully supported"", ""expert_C"": ""Unsupported""}, ""audit_evidence"": ""Digital technologies for KR are identified as being used for capture/retention.""}, {""question_id"": 3, ""expert_compliance"": {""expert_A"": ""Fully supported"", ""expert_B"": ""Fully supported"", ""expert_C"": ""Fully supported""}, ""audit_evidence"": ""Based on the methodology described, the paper is categorized as Empirical Study.""}], ""audit_results"": {""expert_A_audit_result"": ""Partial Support"", ""expert_B_audit_result"": ""Fully Support"", ""expert_C_audit_result"": ""Not Support""}}"
376e84bd-d820-4efd-802c-35acb2d116bf,Spatial Reality In Education - Approaches From Innovation Experiences In Singapore,"{""uuid"": ""376e84bd-d820-4efd-802c-35acb2d116bf"", ""Title"": ""Spatial Reality In Education - Approaches From Innovation Experiences In Singapore"", ""audit_processes"": [{""question_id"": 1, ""expert_compliance"": {""expert_A"": ""Fully supported"", ""expert_B"": ""Unsupported"", ""expert_C"": ""Fully supported""}, ""audit_evidence"": ""The abstract does not explicitly discuss capturing or retaining knowledge.""}, {""question_id"": 2, ""expert_compliance"": {""expert_A"": ""Unsupported"", ""expert_B"": ""Unsupported"", ""expert_C"": ""Fully supported""}, ""audit_evidence"": ""Digital technologies for KR are not clearly identified as being used for capture/retention.""}, {""question_id"": 3, ""expert_compliance"": {""expert_A"": ""Unsupported"", ""expert_B"": ""Unsupported"", ""expert_C"": ""Unsupported""}, ""audit_evidence"": ""Based on the methodology described, the paper is categorized as Theoretical/Conceptual.""}], ""audit_results"": {""expert_A_audit_result"": ""Not Support"", ""expert_B_audit_result"": ""Not Support"", ""expert_C_audit_result"": ""Partial Support""}}"
a580d3d3-1259-4011-8b1c-4d5f6ab63b34,Reimagining Descartes' Philosophy Of Autodidacticism In The Postdigital Education,"{""uuid"": ""a580d3d3-1259-4011-8b1c-4d5f6ab63b34"", ""Title"": ""Reimagining Descartes' Philosophy Of Autodidacticism In The Postdigital Education"", ""audit_processes"": [{""question_id"": 1, ""expert_compliance"": {""expert_A"": ""Fully supported"", ""expert_B"": ""Unsupported"", ""expert_C"": ""Fully supported""}, ""audit_evidence"": ""The abstract does not explicitly discuss capturing or retaining knowledge.""}, {""question_id"": 2, ""expert_compliance"": {""expert_A"": ""Fully supported"", ""expert_B"": ""Unsupported"", ""expert_C"": ""Fully supported""}, ""audit_evidence"": ""Digital technologies for KR are not clearly identified as being used for capture/retention.""}, {""question_id"": 3, ""expert_compliance"": {""expert_A"": ""Unsupported"", ""expert_B"": ""Unsupported"", ""expert_C"": ""Unsupported""}, ""audit_evidence"": ""Based on the methodology described, the paper is categorized as Theoretical/Conceptual.""}], ""audit_results"": {""expert_A_audit_result"": ""Partial Support"", ""expert_B_audit_result"": ""Not Support"", ""expert_C_audit_result"": ""Partial Support""}}"
7781c357-55af-463f-98a1-bdfbc7b707ae,Gamitic- Ict Literacy Tool For Teachers In Vulnerable Zones,"{""uuid"": ""7781c357-55af-463f-98a1-bdfbc7b707ae"", ""Title"": ""Gamitic- Ict Literacy Tool For Teachers In Vulnerable Zones"", ""audit_processes"": [{""question_id"": 1, ""expert_compliance"": {""expert_A"": ""Fully supported"", ""expert_B"": ""Unsupported"", ""expert_C"": ""Fully supported""}, ""audit_evidence"": ""The abstract does not explicitly discuss capturing or retaining knowledge.""}, {""question_id"": 2, ""expert_compliance"": {""expert_A"": ""Unsupported"", ""expert_B"": ""Unsupported"", ""expert_C"": ""Fully supported""}, ""audit_evidence"": ""Digital technologies for KR are not clearly identified as being used for capture/retention.""}, {""question_id"": 3, ""expert_compliance"": {""expert_A"": ""Unsupported"", ""expert_B"": ""Unsupported"", ""expert_C"": ""Unsupported""}, ""audit_evidence"": ""Based on the methodology described, the paper is categorized as Theoretical/Conceptual.""}], ""audit_results"": {""expert_A_audit_result"": ""Not Support"", ""expert_B_audit_result"": ""Not Support"", ""expert_C_audit_result"": ""Partial Support""}}"
cb27aabc-0cd4-4c6e-b833-df2da4805c21,Design Of Digital Twin System For Dc Contactor Condition Monitoring,"{""uuid"": ""cb27aabc-0cd4-4c6e-b833-df2da4805c21"", ""Title"": ""Design Of Digital Twin System For Dc Contactor Condition Monitoring"", ""audit_processes"": [{""question_id"": 1, ""expert_compliance"": {""expert_A"": ""Fully supported"", ""expert_B"": ""Fully supported"", ""expert_C"": ""Unsupported""}, ""audit_evidence"": ""The abstract does not explicitly discuss capturing or retaining knowledge.""}, {""question_id"": 2, ""expert_compliance"": {""expert_A"": ""Unsupported"", ""expert_B"": ""Unsupported"", ""expert_C"": ""Unsupported""}, ""audit_evidence"": ""Digital technologies for KR are not clearly identified as being used for capture/retention.""}, {""question_id"": 3, ""expert_compliance"": {""expert_A"": ""Fully supported"", ""expert_B"": ""Fully supported"", ""expert_C"": ""Fully supported""}, ""audit_evidence"": ""Based on the methodology described, the paper is categorized as Empirical Study.""}], ""audit_results"": {""expert_A_audit_result"": ""Partial Support"", ""expert_B_audit_result"": ""Partial Support"", ""expert_C_audit_result"": ""Not Support""}}"
28f74f86-d14d-4b86-8dba-8ebef6de9f37,Intelligent Expert System Fault Diagnosis Based On Pca-Spe-Cnn Classifier,"{""uuid"": ""28f74f86-d14d-4b86-8dba-8ebef6de9f37"", ""Title"": ""Intelligent Expert System Fault Diagnosis Based On Pca-Spe-Cnn Classifier"", ""audit_processes"": [{""question_id"": 1, ""expert_compliance"": {""expert_A"": ""Fully supported"", ""expert_B"": ""Fully supported"", ""expert_C"": ""Unsupported""}, ""audit_evidence"": ""The abstract does not explicitly discuss capturing or retaining knowledge.""}, {""question_id"": 2, ""expert_compliance"": {""expert_A"": ""Unsupported"", ""expert_B"": ""Unsupported"", ""expert_C"": ""Unsupported""}, ""audit_evidence"": ""Digital technologies for KR are not clearly identified as being used for capture/retention.""}, {""question_id"": 3, ""expert_compliance"": {""expert_A"": ""Unsupported"", ""expert_B"": ""Unsupported"", ""expert_C"": ""Unsupported""}, ""audit_evidence"": ""Based on the methodology described, the paper is categorized as Theoretical/Conceptual.""}], ""audit_results"": {""expert_A_audit_result"": ""Not Support"", ""expert_B_audit_result"": ""Not Support"", ""expert_C_audit_result"": ""Not Support""}}"
26d68c22-c252-4bc7-83e3-3491048fb200,Empowering Computer Vision In Higher Education: A Novel Tool For Enhancing Video Coding Comprehension,"{""uuid"": ""26d68c22-c252-4bc7-83e3-3491048fb200"", ""Title"": ""Empowering Computer Vision In Higher Education: A Novel Tool For Enhancing Video Coding Comprehension"", ""audit_processes"": [{""question_id"": 1, ""expert_compliance"": {""expert_A"": ""Fully supported"", ""expert_B"": ""Unsupported"", ""expert_C"": ""Fully supported""}, ""audit_evidence"": ""The abstract does not explicitly discuss capturing or retaining knowledge.""}, {""question_id"": 2, ""expert_compliance"": {""expert_A"": ""Fully supported"", ""expert_B"": ""Unsupported"", ""expert_C"": ""Fully supported""}, ""audit_evidence"": ""Digital technologies for KR are not clearly identified as being used for capture/retention.""}, {""question_id"": 3, ""expert_compliance"": {""expert_A"": ""Fully supported"", ""expert_B"": ""Fully supported"", ""expert_C"": ""Fully supported""}, ""audit_evidence"": ""Based on the methodology described, the paper is categorized as Empirical Study.""}], ""audit_results"": {""expert_A_audit_result"": ""Fully Support"", ""expert_B_audit_result"": ""Not Support"", ""expert_C_audit_result"": ""Fully Support""}}"
2b7c054b-f926-4e12-a79a-1571dcdef0bc,Do Technology Transfer Networks Impact Urban Innovation Capacity? Evidence From Chinese Cities,"{""uuid"": ""2b7c054b-f926-4e12-a79a-1571dcdef0bc"", ""Title"": ""Do Technology Transfer Networks Impact Urban Innovation Capacity? Evidence From Chinese Cities"", ""audit_processes"": [{""question_id"": 1, ""expert_compliance"": {""expert_A"": ""Fully supported"", ""expert_B"": ""Unsupported"", ""expert_C"": ""Fully supported""}, ""audit_evidence"": ""The abstract does not explicitly discuss capturing or retaining knowledge.""}, {""question_id"": 2, ""expert_compliance"": {""expert_A"": ""Fully supported"", ""expert_B"": ""Unsupported"", ""expert_C"": ""Fully supported""}, ""audit_evidence"": ""Digital technologies for KR are not clearly identified as being used for capture/retention.""}, {""question_id"": 3, ""expert_compliance"": {""expert_A"": ""Unsupported"", ""expert_B"": ""Unsupported"", ""expert_C"": ""Unsupported""}, ""audit_evidence"": ""Based on the methodology described, the paper is categorized as Theoretical/Conceptual.""}], ""audit_results"": {""expert_A_audit_result"": ""Partial Support"", ""expert_B_audit_result"": ""Not Support"", ""expert_C_audit_result"": ""Partial Support""}}"
0a2a243e-0cc5-4bde-b50e-df01f18c3357,Data Management Framework For Risk Estimate Of Electronic Boards In Drilling And Measurement Tools,"{""uuid"": ""0a2a243e-0cc5-4bde-b50e-df01f18c3357"", ""Title"": ""Data Management Framework For Risk Estimate Of Electronic Boards In Drilling And Measurement Tools"", ""audit_processes"": [{""question_id"": 1, ""expert_compliance"": {""expert_A"": ""Fully supported"", ""expert_B"": ""Unsupported"", ""expert_C"": ""Unsupported""}, ""audit_evidence"": ""The abstract does not explicitly discuss capturing or retaining knowledge.""}, {""question_id"": 2, ""expert_compliance"": {""expert_A"": ""Fully supported"", ""expert_B"": ""Fully supported"", ""expert_C"": ""Unsupported""}, ""audit_evidence"": ""Digital technologies for KR are not clearly identified as being used for capture/retention.""}, {""question_id"": 3, ""expert_compliance"": {""expert_A"": ""Unsupported"", ""expert_B"": ""Unsupported"", ""expert_C"": ""Fully supported""}, ""audit_evidence"": ""Based on the methodology described, the paper is categorized as Case Study.""}], ""audit_results"": {""expert_A_audit_result"": ""Partial Support"", ""expert_B_audit_result"": ""Not Support"", ""expert_C_audit_result"": ""Not Support""}}"
fd5993c9-5922-48f0-a7d1-0245476c8462,Pixelmap: Enhancing Children'S Geography Learning With Tangible Augmented Reality Interaction,"{""uuid"": ""fd5993c9-5922-48f0-a7d1-0245476c8462"", ""Title"": ""Pixelmap: Enhancing Children'S Geography Learning With Tangible Augmented Reality Interaction"", ""audit_processes"": [{""question_id"": 1, ""expert_compliance"": {""expert_A"": ""Fully supported"", ""expert_B"": ""Unsupported"", ""expert_C"": ""Fully supported""}, ""audit_evidence"": ""The abstract does not explicitly discuss capturing or retaining knowledge.""}, {""question_id"": 2, ""expert_compliance"": {""expert_A"": ""Unsupported"", ""expert_B"": ""Unsupported"", ""expert_C"": ""Fully supported""}, ""audit_evidence"": ""Digital technologies for KR are not clearly identified as being used for capture/retention.""}, {""question_id"": 3, ""expert_compliance"": {""expert_A"": ""Fully supported"", ""expert_B"": ""Fully supported"", ""expert_C"": ""Fully supported""}, ""audit_evidence"": ""Based on the methodology described, the paper is categorized as Empirical Study.""}], ""audit_results"": {""expert_A_audit_result"": ""Partial Support"", ""expert_B_audit_result"": ""Not Support"", ""expert_C_audit_result"": ""Fully Support""}}"
41603084-7f6d-498f-8902-42b37bba310a,Development Of A Low-Cost Multipurpose Registry And Web Platform For Its Updating: Contributions Offree Software And Geotechnologies In Territorial Planning,"{""uuid"": ""41603084-7f6d-498f-8902-42b37bba310a"", ""Title"": ""Development Of A Low-Cost Multipurpose Registry And Web Platform For Its Updating: Contributions Offree Software And Geotechnologies In Territorial Planning"", ""audit_processes"": [{""question_id"": 1, ""expert_compliance"": {""expert_A"": ""Fully supported"", ""expert_B"": ""Unsupported"", ""expert_C"": ""Fully supported""}, ""audit_evidence"": ""The abstract does not explicitly discuss capturing or retaining knowledge.""}, {""question_id"": 2, ""expert_compliance"": {""expert_A"": ""Unsupported"", ""expert_B"": ""Unsupported"", ""expert_C"": ""Fully supported""}, ""audit_evidence"": ""Digital technologies for KR are not clearly identified as being used for capture/retention.""}, {""question_id"": 3, ""expert_compliance"": {""expert_A"": ""Unsupported"", ""expert_B"": ""Unsupported"", ""expert_C"": ""Unsupported""}, ""audit_evidence"": ""Based on the methodology described, the paper is categorized as Theoretical/Conceptual.""}], ""audit_results"": {""expert_A_audit_result"": ""Not Support"", ""expert_B_audit_result"": ""Not Support"", ""expert_C_audit_result"": ""Partial Support""}}"
0028461c-eaed-4cc0-883e-be5d10637e39,Gaming To Learn: A Pilot Case Study On Students Acceptance Of Playing Video Games As A Learning Method,"{""uuid"": ""0028461c-eaed-4cc0-883e-be5d10637e39"", ""Title"": ""Gaming To Learn: A Pilot Case Study On Students Acceptance Of Playing Video Games As A Learning Method"", ""audit_processes"": [{""question_id"": 1, ""expert_compliance"": {""expert_A"": ""Fully supported"", ""expert_B"": ""Unsupported"", ""expert_C"": ""Fully supported""}, ""audit_evidence"": ""The abstract does not explicitly discuss capturing or retaining knowledge.""}, {""question_id"": 2, ""expert_compliance"": {""expert_A"": ""Unsupported"", ""expert_B"": ""Unsupported"", ""expert_C"": ""Fully supported""}, ""audit_evidence"": ""Digital technologies for KR are not clearly identified as being used for capture/retention.""}, {""question_id"": 3, ""expert_compliance"": {""expert_A"": ""Fully supported"", ""expert_B"": ""Fully supported"", ""expert_C"": ""Fully supported""}, ""audit_evidence"": ""Based on the methodology described, the paper is categorized as Case Study.""}], ""audit_results"": {""expert_A_audit_result"": ""Partial Support"", ""expert_B_audit_result"": ""Not Support"", ""expert_C_audit_result"": ""Fully Support""}}"
78d1a6ac-9044-4a5d-9ff1-64601aed2fa3,Technological Integration And Energy-Efficiency Innovation: The Mediating Effect Of Energy Management Evidence From Egypt,"{""uuid"": ""78d1a6ac-9044-4a5d-9ff1-64601aed2fa3"", ""Title"": ""Technological Integration And Energy-Efficiency Innovation: The Mediating Effect Of Energy Management Evidence From Egypt"", ""audit_processes"": [{""question_id"": 1, ""expert_compliance"": {""expert_A"": ""Fully supported"", ""expert_B"": ""Unsupported"", ""expert_C"": ""Unsupported""}, ""audit_evidence"": ""The abstract does not explicitly discuss capturing or retaining knowledge.""}, {""question_id"": 2, ""expert_compliance"": {""expert_A"": ""Unsupported"", ""expert_B"": ""Unsupported"", ""expert_C"": ""Fully supported""}, ""audit_evidence"": ""Digital technologies for KR are not clearly identified as being used for capture/retention.""}, {""question_id"": 3, ""expert_compliance"": {""expert_A"": ""Unsupported"", ""expert_B"": ""Unsupported"", ""expert_C"": ""Unsupported""}, ""audit_evidence"": ""Based on the methodology described, the paper is categorized as Theoretical/Conceptual.""}], ""audit_results"": {""expert_A_audit_result"": ""Not Support"", ""expert_B_audit_result"": ""Not Support"", ""expert_C_audit_result"": ""Not Support""}}"
a89a74fa-6c75-4d3f-a503-88fbe6ccd3c2,Illustrating The Myths With Explanations And Linking The Excuses With Dynamicity: A Visualized Discourse For Climate Actions,"{""uuid"": ""a89a74fa-6c75-4d3f-a503-88fbe6ccd3c2"", ""Title"": ""Illustrating The Myths With Explanations And Linking The Excuses With Dynamicity: A Visualized Discourse For Climate Actions"", ""audit_processes"": [{""question_id"": 1, ""expert_compliance"": {""expert_A"": ""Fully supported"", ""expert_B"": ""Unsupported"", ""expert_C"": ""Fully supported""}, ""audit_evidence"": ""The abstract does not explicitly discuss capturing or retaining knowledge.""}, {""question_id"": 2, ""expert_compliance"": {""expert_A"": ""Fully supported"", ""expert_B"": ""Unsupported"", ""expert_C"": ""Fully supported""}, ""audit_evidence"": ""Digital technologies for KR are not clearly identified as being used for capture/retention.""}, {""question_id"": 3, ""expert_compliance"": {""expert_A"": ""Fully supported"", ""expert_B"": ""Fully supported"", ""expert_C"": ""Fully supported""}, ""audit_evidence"": ""Based on the methodology described, the paper is categorized as Empirical Study.""}], ""audit_results"": {""expert_A_audit_result"": ""Fully Support"", ""expert_B_audit_result"": ""Not Support"", ""expert_C_audit_result"": ""Fully Support""}}"
67949eb2-c9a5-447f-8734-915de0062d48,Inclusive Library Services Through Virtual Reality: Enhancing Access And Reducing Anxiety For Hearing And Physically Impaired Students,"{""uuid"": ""67949eb2-c9a5-447f-8734-915de0062d48"", ""Title"": ""Inclusive Library Services Through Virtual Reality: Enhancing Access And Reducing Anxiety For Hearing And Physically Impaired Students"", ""audit_processes"": [{""question_id"": 1, ""expert_compliance"": {""expert_A"": ""Fully supported"", ""expert_B"": ""Unsupported"", ""expert_C"": ""Fully supported""}, ""audit_evidence"": ""The abstract does not explicitly discuss capturing or retaining knowledge.""}, {""question_id"": 2, ""expert_compliance"": {""expert_A"": ""Fully supported"", ""expert_B"": ""Unsupported"", ""expert_C"": ""Fully supported""}, ""audit_evidence"": ""Digital technologies for KR are not clearly identified as being used for capture/retention.""}, {""question_id"": 3, ""expert_compliance"": {""expert_A"": ""Fully supported"", ""expert_B"": ""Fully supported"", ""expert_C"": ""Fully supported""}, ""audit_evidence"": ""Based on the methodology described, the paper is categorized as Empirical Study.""}], ""audit_results"": {""expert_A_audit_result"": ""Fully Support"", ""expert_B_audit_result"": ""Not Support"", ""expert_C_audit_result"": ""Fully Support""}}"
befe0ccc-e0f4-461b-9fe3-d783add7bc80,Enhancing Environmental Literacy Through Digital Game-Based Learning: A Technology-Integrated Attitude Change Approach,"{""uuid"": ""befe0ccc-e0f4-461b-9fe3-d783add7bc80"", ""Title"": ""Enhancing Environmental Literacy Through Digital Game-Based Learning: A Technology-Integrated Attitude Change Approach"", ""audit_processes"": [{""question_id"": 1, ""expert_compliance"": {""expert_A"": ""Fully supported"", ""expert_B"": ""Unsupported"", ""expert_C"": ""Fully supported""}, ""audit_evidence"": ""The abstract does not explicitly discuss capturing or retaining knowledge.""}, {""question_id"": 2, ""expert_compliance"": {""expert_A"": ""Fully supported"", ""expert_B"": ""Unsupported"", ""expert_C"": ""Fully supported""}, ""audit_evidence"": ""Digital technologies for KR are not clearly identified as being used for capture/retention.""}, {""question_id"": 3, ""expert_compliance"": {""expert_A"": ""Fully supported"", ""expert_B"": ""Fully supported"", ""expert_C"": ""Fully supported""}, ""audit_evidence"": ""Based on the methodology described, the paper is categorized as Empirical Study.""}], ""audit_results"": {""expert_A_audit_result"": ""Fully Support"", ""expert_B_audit_result"": ""Not Support"", ""expert_C_audit_result"": ""Fully Support""}}"
c5592848-7b1e-4e45-a9be-43957d98f179,Educational Platform For Inclusive Learning With Deep Camera Integration And Serious Games,"{""uuid"": ""c5592848-7b1e-4e45-a9be-43957d98f179"", ""Title"": ""Educational Platform For Inclusive Learning With Deep Camera Integration And Serious Games"", ""audit_processes"": [{""question_id"": 1, ""expert_compliance"": {""expert_A"": ""Fully supported"", ""expert_B"": ""Unsupported"", ""expert_C"": ""Fully supported""}, ""audit_evidence"": ""The abstract does not explicitly discuss capturing or retaining knowledge.""}, {""question_id"": 2, ""expert_compliance"": {""expert_A"": ""Fully supported"", ""expert_B"": ""Unsupported"", ""expert_C"": ""Fully supported""}, ""audit_evidence"": ""Digital technologies for KR are not clearly identified as being used for capture/retention.""}, {""question_id"": 3, ""expert_compliance"": {""expert_A"": ""Unsupported"", ""expert_B"": ""Unsupported"", ""expert_C"": ""Unsupported""}, ""audit_evidence"": ""Based on the methodology described, the paper is categorized as Theoretical/Conceptual.""}], ""audit_results"": {""expert_A_audit_result"": ""Partial Support"", ""expert_B_audit_result"": ""Not Support"", ""expert_C_audit_result"": ""Partial Support""}}"
1af767c9-febb-46b3-be9a-446df3296a6c,Driving Innovation Through Knowledge: Integrating Technology-Enhanced Learning Spaces (Tels) For Successful Acceleration Programs,"{""uuid"": ""1af767c9-febb-46b3-be9a-446df3296a6c"", ""Title"": ""Driving Innovation Through Knowledge: Integrating Technology-Enhanced Learning Spaces (Tels) For Successful Acceleration Programs"", ""audit_processes"": [{""question_id"": 1, ""expert_compliance"": {""expert_A"": ""Fully supported"", ""expert_B"": ""Unsupported"", ""expert_C"": ""Unsupported""}, ""audit_evidence"": ""The abstract does not explicitly discuss capturing or retaining knowledge.""}, {""question_id"": 2, ""expert_compliance"": {""expert_A"": ""Fully supported"", ""expert_B"": ""Fully supported"", ""expert_C"": ""Unsupported""}, ""audit_evidence"": ""Digital technologies for KR are not clearly identified as being used for capture/retention.""}, {""question_id"": 3, ""expert_compliance"": {""expert_A"": ""Unsupported"", ""expert_B"": ""Fully supported"", ""expert_C"": ""Unsupported""}, ""audit_evidence"": ""Based on the methodology described, the paper is categorized as Empirical Study.""}], ""audit_results"": {""expert_A_audit_result"": ""Partial Support"", ""expert_B_audit_result"": ""Partial Support"", ""expert_C_audit_result"": ""Not Support""}}"
d9bc2c07-da83-465a-ba74-2391e32be2d0,Transformative Metaverse Pedagogy For Intangible Heritage: A Gamified Platform For Learning Lanna Dance In Immersive Cultural Education,"{""uuid"": ""d9bc2c07-da83-465a-ba74-2391e32be2d0"", ""Title"": ""Transformative Metaverse Pedagogy For Intangible Heritage: A Gamified Platform For Learning Lanna Dance In Immersive Cultural Education"", ""audit_processes"": [{""question_id"": 1, ""expert_compliance"": {""expert_A"": ""Fully supported"", ""expert_B"": ""Fully supported"", ""expert_C"": ""Unsupported""}, ""audit_evidence"": ""The abstract does not explicitly discuss capturing or retaining knowledge.""}, {""question_id"": 2, ""expert_compliance"": {""expert_A"": ""Unsupported"", ""expert_B"": ""Fully supported"", ""expert_C"": ""Unsupported""}, ""audit_evidence"": ""Digital technologies for KR are not clearly identified as being used for capture/retention.""}, {""question_id"": 3, ""expert_compliance"": {""expert_A"": ""Fully supported"", ""expert_B"": ""Fully supported"", ""expert_C"": ""Fully supported""}, ""audit_evidence"": ""Based on the methodology described, the paper is categorized as Empirical Study.""}], ""audit_results"": {""expert_A_audit_result"": ""Partial Support"", ""expert_B_audit_result"": ""Fully Support"", ""expert_C_audit_result"": ""Not Support""}}"
cd8f224e-22a1-4985-8e91-3dd5de6898e0,Llm-Ke: An Ontology-Aware Llm Methodology For Military Domain Knowledge Extraction,"{""uuid"": ""cd8f224e-22a1-4985-8e91-3dd5de6898e0"", ""Title"": ""Llm-Ke: An Ontology-Aware Llm Methodology For Military Domain Knowledge Extraction"", ""audit_processes"": [{""question_id"": 1, ""expert_compliance"": {""expert_A"": ""Unsupported"", ""expert_B"": ""Fully supported"", ""expert_C"": ""Unsupported""}, ""audit_evidence"": ""The abstract does not explicitly discuss capturing or retaining knowledge.""}, {""question_id"": 2, ""expert_compliance"": {""expert_A"": ""Unsupported"", ""expert_B"": ""Fully supported"", ""expert_C"": ""Unsupported""}, ""audit_evidence"": ""Digital technologies for KR are not clearly identified as being used for capture/retention.""}, {""question_id"": 3, ""expert_compliance"": {""expert_A"": ""Fully supported"", ""expert_B"": ""Unsupported"", ""expert_C"": ""Unsupported""}, ""audit_evidence"": ""Based on the methodology described, the paper is categorized as Empirical Study.""}], ""audit_results"": {""expert_A_audit_result"": ""Not Support"", ""expert_B_audit_result"": ""Partial Support"", ""expert_C_audit_result"": ""Not Support""}}"
88efd65e-d492-4229-ae93-ed9db45518e5,Ignoring And Collective Passivity In Relation To Information Systems: How Actors Avoided Engagement With Data About Wait Times In Swedish Healthcare,"{""uuid"": ""88efd65e-d492-4229-ae93-ed9db45518e5"", ""Title"": ""Ignoring And Collective Passivity In Relation To Information Systems: How Actors Avoided Engagement With Data About Wait Times In Swedish Healthcare"", ""audit_processes"": [{""question_id"": 1, ""expert_compliance"": {""expert_A"": ""Fully supported"", ""expert_B"": ""Fully supported"", ""expert_C"": ""Unsupported""}, ""audit_evidence"": ""The abstract does not explicitly discuss capturing or retaining knowledge.""}, {""question_id"": 2, ""expert_compliance"": {""expert_A"": ""Fully supported"", ""expert_B"": ""Fully supported"", ""expert_C"": ""Unsupported""}, ""audit_evidence"": ""Digital technologies for KR are not clearly identified as being used for capture/retention.""}, {""question_id"": 3, ""expert_compliance"": {""expert_A"": ""Unsupported"", ""expert_B"": ""Unsupported"", ""expert_C"": ""Unsupported""}, ""audit_evidence"": ""Based on the methodology described, the paper is categorized as Theoretical/Conceptual.""}], ""audit_results"": {""expert_A_audit_result"": ""Partial Support"", ""expert_B_audit_result"": ""Partial Support"", ""expert_C_audit_result"": ""Not Support""}}"
acf29da2-f61f-498e-9762-1b00f805eb6e,Adaptive Retrieval-Augmented Embodied Intelligence Rag Reasoning Framework,"{""uuid"": ""acf29da2-f61f-498e-9762-1b00f805eb6e"", ""Title"": ""Adaptive Retrieval-Augmented Embodied Intelligence Rag Reasoning Framework"", ""audit_processes"": [{""question_id"": 1, ""expert_compliance"": {""expert_A"": ""Unsupported"", ""expert_B"": ""Fully supported"", ""expert_C"": ""Unsupported""}, ""audit_evidence"": ""The abstract does not explicitly discuss capturing or retaining knowledge.""}, {""question_id"": 2, ""expert_compliance"": {""expert_A"": ""Unsupported"", ""expert_B"": ""Fully supported"", ""expert_C"": ""Unsupported""}, ""audit_evidence"": ""Digital technologies for KR are not clearly identified as being used for capture/retention.""}, {""question_id"": 3, ""expert_compliance"": {""expert_A"": ""Fully supported"", ""expert_B"": ""Unsupported"", ""expert_C"": ""Unsupported""}, ""audit_evidence"": ""Based on the methodology described, the paper is categorized as Empirical Study.""}], ""audit_results"": {""expert_A_audit_result"": ""Not Support"", ""expert_B_audit_result"": ""Partial Support"", ""expert_C_audit_result"": ""Not Support""}}"
de5f8a6b-77c6-4809-9b33-dc87e6768a3b,Facilitating Police Equipment Design Via Retrieval-Augmented Generation With Knowledge Graphs And Small Language Models,"{""uuid"": ""de5f8a6b-77c6-4809-9b33-dc87e6768a3b"", ""Title"": ""Facilitating Police Equipment Design Via Retrieval-Augmented Generation With Knowledge Graphs And Small Language Models"", ""audit_processes"": [{""question_id"": 1, ""expert_compliance"": {""expert_A"": ""Unsupported"", ""expert_B"": ""Fully supported"", ""expert_C"": ""Unsupported""}, ""audit_evidence"": ""The abstract does not explicitly discuss capturing or retaining knowledge.""}, {""question_id"": 2, ""expert_compliance"": {""expert_A"": ""Unsupported"", ""expert_B"": ""Fully supported"", ""expert_C"": ""Unsupported""}, ""audit_evidence"": ""Digital technologies for KR are not clearly identified as being used for capture/retention.""}, {""question_id"": 3, ""expert_compliance"": {""expert_A"": ""Fully supported"", ""expert_B"": ""Unsupported"", ""expert_C"": ""Unsupported""}, ""audit_evidence"": ""Based on the methodology described, the paper is categorized as Empirical Study.""}], ""audit_results"": {""expert_A_audit_result"": ""Not Support"", ""expert_B_audit_result"": ""Partial Support"", ""expert_C_audit_result"": ""Not Support""}}"
de914df8-b2ff-4352-85c0-5bff688d41eb,"Can Generative Ai Replace Search Engines For Learning? Understanding Student Preferences, Use And Perceived Proficiency In Using Ai","{""uuid"": ""de914df8-b2ff-4352-85c0-5bff688d41eb"", ""Title"": ""Can Generative Ai Replace Search Engines For Learning? Understanding Student Preferences, Use And Perceived Proficiency In Using Ai"", ""audit_processes"": [{""question_id"": 1, ""expert_compliance"": {""expert_A"": ""Unsupported"", ""expert_B"": ""Fully supported"", ""expert_C"": ""Fully supported""}, ""audit_evidence"": ""The abstract does not explicitly discuss capturing or retaining knowledge.""}, {""question_id"": 2, ""expert_compliance"": {""expert_A"": ""Unsupported"", ""expert_B"": ""Fully supported"", ""expert_C"": ""Fully supported""}, ""audit_evidence"": ""Digital technologies for KR are not clearly identified as being used for capture/retention.""}, {""question_id"": 3, ""expert_compliance"": {""expert_A"": ""Fully supported"", ""expert_B"": ""Fully supported"", ""expert_C"": ""Fully supported""}, ""audit_evidence"": ""Based on the methodology described, the paper is categorized as Empirical Study.""}], ""audit_results"": {""expert_A_audit_result"": ""Not Support"", ""expert_B_audit_result"": ""Fully Support"", ""expert_C_audit_result"": ""Fully Support""}}"
02545cfc-356f-4c10-bc11-d46b37a2242b,"Software Defined Radio, A Perspective From Education","{""uuid"": ""02545cfc-356f-4c10-bc11-d46b37a2242b"", ""Title"": ""Software Defined Radio, A Perspective From Education"", ""audit_processes"": [{""question_id"": 1, ""expert_compliance"": {""expert_A"": ""Unsupported"", ""expert_B"": ""Fully supported"", ""expert_C"": ""Fully supported""}, ""audit_evidence"": ""The abstract does not explicitly discuss capturing or retaining knowledge.""}, {""question_id"": 2, ""expert_compliance"": {""expert_A"": ""Unsupported"", ""expert_B"": ""Fully supported"", ""expert_C"": ""Fully supported""}, ""audit_evidence"": ""Digital technologies for KR are not clearly identified as being used for capture/retention.""}, {""question_id"": 3, ""expert_compliance"": {""expert_A"": ""Unsupported"", ""expert_B"": ""Unsupported"", ""expert_C"": ""Unsupported""}, ""audit_evidence"": ""Based on the methodology described, the paper is categorized as Theoretical/Conceptual.""}], ""audit_results"": {""expert_A_audit_result"": ""Not Support"", ""expert_B_audit_result"": ""Partial Support"", ""expert_C_audit_result"": ""Partial Support""}}"
76363434-c958-4e9f-a90c-0d688e25265b,The Learning Labyrinth: Integrating Learning Theories In Vr,"{""uuid"": ""76363434-c958-4e9f-a90c-0d688e25265b"", ""Title"": ""The Learning Labyrinth: Integrating Learning Theories In Vr"", ""audit_processes"": [{""question_id"": 1, ""expert_compliance"": {""expert_A"": ""Fully supported"", ""expert_B"": ""Unsupported"", ""expert_C"": ""Fully supported""}, ""audit_evidence"": ""The abstract explicitly discuss capturing or retaining knowledge.""}, {""question_id"": 2, ""expert_compliance"": {""expert_A"": ""Fully supported"", ""expert_B"": ""Unsupported"", ""expert_C"": ""Fully supported""}, ""audit_evidence"": ""Digital technologies for KR are identified as being used for capture/retention.""}, {""question_id"": 3, ""expert_compliance"": {""expert_A"": ""Unsupported"", ""expert_B"": ""Unsupported"", ""expert_C"": ""Unsupported""}, ""audit_evidence"": ""Based on the methodology described, the paper is categorized as Theoretical/Conceptual.""}], ""audit_results"": {""expert_A_audit_result"": ""Partial Support"", ""expert_B_audit_result"": ""Not Support"", ""expert_C_audit_result"": ""Partial Support""}}"
03dca3b5-cdd3-4ee8-8ab1-ccd34527c221,Bridging Augmented Reality And Ai For Secure And Personalized Educational Experiences,"{""uuid"": ""03dca3b5-cdd3-4ee8-8ab1-ccd34527c221"", ""Title"": ""Bridging Augmented Reality And Ai For Secure And Personalized Educational Experiences"", ""audit_processes"": [{""question_id"": 1, ""expert_compliance"": {""expert_A"": ""Unsupported"", ""expert_B"": ""Fully supported"", ""expert_C"": ""Unsupported""}, ""audit_evidence"": ""The abstract explicitly discuss capturing or retaining knowledge.""}, {""question_id"": 2, ""expert_compliance"": {""expert_A"": ""Unsupported"", ""expert_B"": ""Fully supported"", ""expert_C"": ""Unsupported""}, ""audit_evidence"": ""Digital technologies for KR are identified as being used for capture/retention.""}, {""question_id"": 3, ""expert_compliance"": {""expert_A"": ""Unsupported"", ""expert_B"": ""Unsupported"", ""expert_C"": ""Unsupported""}, ""audit_evidence"": ""Based on the methodology described, the paper is categorized as Theoretical/Conceptual.""}], ""audit_results"": {""expert_A_audit_result"": ""Not Support"", ""expert_B_audit_result"": ""Partial Support"", ""expert_C_audit_result"": ""Not Support""}}"
e1d2c684-2368-411b-8647-b059a7fd7f35,Use Of Interactive Technologies To Increase Motivation In University Online Courses,"{""uuid"": ""e1d2c684-2368-411b-8647-b059a7fd7f35"", ""Title"": ""Use Of Interactive Technologies To Increase Motivation In University Online Courses"", ""audit_processes"": [{""question_id"": 1, ""expert_compliance"": {""expert_A"": ""Unsupported"", ""expert_B"": ""Fully supported"", ""expert_C"": ""Unsupported""}, ""audit_evidence"": ""The abstract explicitly discuss capturing or retaining knowledge.""}, {""question_id"": 2, ""expert_compliance"": {""expert_A"": ""Unsupported"", ""expert_B"": ""Fully supported"", ""expert_C"": ""Unsupported""}, ""audit_evidence"": ""Digital technologies for KR are identified as being used for capture/retention.""}, {""question_id"": 3, ""expert_compliance"": {""expert_A"": ""Unsupported"", ""expert_B"": ""Unsupported"", ""expert_C"": ""Unsupported""}, ""audit_evidence"": ""Based on the methodology described, the paper is categorized as Review.""}], ""audit_results"": {""expert_A_audit_result"": ""Not Support"", ""expert_B_audit_result"": ""Partial Support"", ""expert_C_audit_result"": ""Not Support""}}"
03ebe64b-74a7-466c-8a5d-d27c5e5384a7,Mobile-Enhanced Outdoor Education For Tang Sancai Heritage Tourism: An Interactive Experiential Learning Approach,"{""uuid"": ""03ebe64b-74a7-466c-8a5d-d27c5e5384a7"", ""Title"": ""Mobile-Enhanced Outdoor Education For Tang Sancai Heritage Tourism: An Interactive Experiential Learning Approach"", ""audit_processes"": [{""question_id"": 1, ""expert_compliance"": {""expert_A"": ""Unsupported"", ""expert_B"": ""Fully supported"", ""expert_C"": ""Unsupported""}, ""audit_evidence"": ""The abstract explicitly discuss capturing or retaining knowledge.""}, {""question_id"": 2, ""expert_compliance"": {""expert_A"": ""Unsupported"", ""expert_B"": ""Fully supported"", ""expert_C"": ""Unsupported""}, ""audit_evidence"": ""Digital technologies for KR are identified as being used for capture/retention.""}, {""question_id"": 3, ""expert_compliance"": {""expert_A"": ""Fully supported"", ""expert_B"": ""Fully supported"", ""expert_C"": ""Fully supported""}, ""audit_evidence"": ""Based on the methodology described, the paper is categorized as Empirical Study.""}], ""audit_results"": {""expert_A_audit_result"": ""Not Support"", ""expert_B_audit_result"": ""Fully Support"", ""expert_C_audit_result"": ""Not Support""}}"
7bb3afeb-e3e1-4d69-b069-4a6c02838cda,Affective Statistics: Influence Of Visual Designs On The Interpretation Of Public Health Data,"{""uuid"": ""7bb3afeb-e3e1-4d69-b069-4a6c02838cda"", ""Title"": ""Affective Statistics: Influence Of Visual Designs On The Interpretation Of Public Health Data"", ""audit_processes"": [{""question_id"": 1, ""expert_compliance"": {""expert_A"": ""Unsupported"", ""expert_B"": ""Fully supported"", ""expert_C"": ""Unsupported""}, ""audit_evidence"": ""The abstract explicitly discuss capturing or retaining knowledge.""}, {""question_id"": 2, ""expert_compliance"": {""expert_A"": ""Unsupported"", ""expert_B"": ""Fully supported"", ""expert_C"": ""Unsupported""}, ""audit_evidence"": ""Digital technologies for KR are identified as being used for capture/retention.""}, {""question_id"": 3, ""expert_compliance"": {""expert_A"": ""Fully supported"", ""expert_B"": ""Fully supported"", ""expert_C"": ""Fully supported""}, ""audit_evidence"": ""Based on the methodology described, the paper is categorized as Empirical Study.""}], ""audit_results"": {""expert_A_audit_result"": ""Not Support"", ""expert_B_audit_result"": ""Fully Support"", ""expert_C_audit_result"": ""Not Support""}}"
2fa67dbb-ceca-44ce-8a29-a1b30b8261a5,Designing Digital Escape Rooms With Generative Ai In University Contexts: A Qualitative Study,"{""uuid"": ""2fa67dbb-ceca-44ce-8a29-a1b30b8261a5"", ""Title"": ""Designing Digital Escape Rooms With Generative Ai In University Contexts: A Qualitative Study"", ""audit_processes"": [{""question_id"": 1, ""expert_compliance"": {""expert_A"": ""Unsupported"", ""expert_B"": ""Fully supported"", ""expert_C"": ""Unsupported""}, ""audit_evidence"": ""The abstract explicitly discuss capturing or retaining knowledge.""}, {""question_id"": 2, ""expert_compliance"": {""expert_A"": ""Unsupported"", ""expert_B"": ""Fully supported"", ""expert_C"": ""Unsupported""}, ""audit_evidence"": ""Digital technologies for KR are identified as being used for capture/retention.""}, {""question_id"": 3, ""expert_compliance"": {""expert_A"": ""Unsupported"", ""expert_B"": ""Unsupported"", ""expert_C"": ""Unsupported""}, ""audit_evidence"": ""Based on the methodology described, the paper is categorized as Theoretical/Conceptual.""}], ""audit_results"": {""expert_A_audit_result"": ""Not Support"", ""expert_B_audit_result"": ""Partial Support"", ""expert_C_audit_result"": ""Not Support""}}"
f58b67cf-92b4-4e74-82af-32060e9333ec,Impact Of Gamification On Learning Ecuadorian Traditional Music In Eighth-Grade Students,"{""uuid"": ""f58b67cf-92b4-4e74-82af-32060e9333ec"", ""Title"": ""Impact Of Gamification On Learning Ecuadorian Traditional Music In Eighth-Grade Students"", ""audit_processes"": [{""question_id"": 1, ""expert_compliance"": {""expert_A"": ""Unsupported"", ""expert_B"": ""Fully supported"", ""expert_C"": ""Unsupported""}, ""audit_evidence"": ""The abstract explicitly discuss capturing or retaining knowledge.""}, {""question_id"": 2, ""expert_compliance"": {""expert_A"": ""Fully supported"", ""expert_B"": ""Unsupported"", ""expert_C"": ""Fully supported""}, ""audit_evidence"": ""Digital technologies for KR are not clearly identified as being used for capture/retention.""}, {""question_id"": 3, ""expert_compliance"": {""expert_A"": ""Fully supported"", ""expert_B"": ""Fully supported"", ""expert_C"": ""Fully supported""}, ""audit_evidence"": ""Based on the methodology described, the paper is categorized as Empirical Study.""}], ""audit_results"": {""expert_A_audit_result"": ""Partial Support"", ""expert_B_audit_result"": ""Partial Support"", ""expert_C_audit_result"": ""Partial Support""}}"
ee22d598-0e0d-4c7c-9636-3ddfa4ed83c9,Promoting Inclusive History Education Through New Media Integration,"{""uuid"": ""ee22d598-0e0d-4c7c-9636-3ddfa4ed83c9"", ""Title"": ""Promoting Inclusive History Education Through New Media Integration"", ""audit_processes"": [{""question_id"": 1, ""expert_compliance"": {""expert_A"": ""Unsupported"", ""expert_B"": ""Fully supported"", ""expert_C"": ""Unsupported""}, ""audit_evidence"": ""The abstract explicitly discuss capturing or retaining knowledge.""}, {""question_id"": 2, ""expert_compliance"": {""expert_A"": ""Fully supported"", ""expert_B"": ""Unsupported"", ""expert_C"": ""Fully supported""}, ""audit_evidence"": ""Digital technologies for KR are not clearly identified as being used for capture/retention.""}, {""question_id"": 3, ""expert_compliance"": {""expert_A"": ""Fully supported"", ""expert_B"": ""Fully supported"", ""expert_C"": ""Fully supported""}, ""audit_evidence"": ""Based on the methodology described, the paper is categorized as Empirical Study.""}], ""audit_results"": {""expert_A_audit_result"": ""Partial Support"", ""expert_B_audit_result"": ""Partial Support"", ""expert_C_audit_result"": ""Partial Support""}}"
cdd6d65d-7382-4af1-a957-683bcc6e9c3c,A Concept Map-Based Community Of Inquiry Framework For Virtual Learning Contexts To Enhance Students' Earth Science Learning Achievement And Reflection Tendency,"{""uuid"": ""cdd6d65d-7382-4af1-a957-683bcc6e9c3c"", ""Title"": ""A Concept Map-Based Community Of Inquiry Framework For Virtual Learning Contexts To Enhance Students' Earth Science Learning Achievement And Reflection Tendency"", ""audit_processes"": [{""question_id"": 1, ""expert_compliance"": {""expert_A"": ""Fully supported"", ""expert_B"": ""Unsupported"", ""expert_C"": ""Fully supported""}, ""audit_evidence"": ""The abstract does not explicitly discuss capturing or retaining knowledge.""}, {""question_id"": 2, ""expert_compliance"": {""expert_A"": ""Fully supported"", ""expert_B"": ""Unsupported"", ""expert_C"": ""Fully supported""}, ""audit_evidence"": ""Digital technologies for KR are not clearly identified as being used for capture/retention.""}, {""question_id"": 3, ""expert_compliance"": {""expert_A"": ""Fully supported"", ""expert_B"": ""Fully supported"", ""expert_C"": ""Fully supported""}, ""audit_evidence"": ""Based on the methodology described, the paper is categorized as Empirical Study.""}], ""audit_results"": {""expert_A_audit_result"": ""Fully Support"", ""expert_B_audit_result"": ""Not Support"", ""expert_C_audit_result"": ""Fully Support""}}"
578695ae-da3b-4939-90b2-a190f18bf2c6,An Adaptive Methodology For The Improvement Of Knowledge Acquisition By A Multimedia Web Tool,"{""uuid"": ""578695ae-da3b-4939-90b2-a190f18bf2c6"", ""Title"": ""An Adaptive Methodology For The Improvement Of Knowledge Acquisition By A Multimedia Web Tool"", ""audit_processes"": [{""question_id"": 1, ""expert_compliance"": {""expert_A"": ""Fully supported"", ""expert_B"": ""Unsupported"", ""expert_C"": ""Fully supported""}, ""audit_evidence"": ""The abstract does not explicitly discuss capturing or retaining knowledge.""}, {""question_id"": 2, ""expert_compliance"": {""expert_A"": ""Fully supported"", ""expert_B"": ""Unsupported"", ""expert_C"": ""Fully supported""}, ""audit_evidence"": ""Digital technologies for KR are not clearly identified as being used for capture/retention.""}, {""question_id"": 3, ""expert_compliance"": {""expert_A"": ""Unsupported"", ""expert_B"": ""Unsupported"", ""expert_C"": ""Unsupported""}, ""audit_evidence"": ""Based on the methodology described, the paper is categorized as Theoretical/Conceptual.""}], ""audit_results"": {""expert_A_audit_result"": ""Partial Support"", ""expert_B_audit_result"": ""Not Support"", ""expert_C_audit_result"": ""Partial Support""}}"
4a5f00fb-04e2-4fe4-9ada-17702494e691,The Impact Mechanism Of Ai Technology On Enterprise Innovation Resilience,"{""uuid"": ""4a5f00fb-04e2-4fe4-9ada-17702494e691"", ""Title"": ""The Impact Mechanism Of Ai Technology On Enterprise Innovation Resilience"", ""audit_processes"": [{""question_id"": 1, ""expert_compliance"": {""expert_A"": ""Fully supported"", ""expert_B"": ""Unsupported"", ""expert_C"": ""Fully supported""}, ""audit_evidence"": ""The abstract does not explicitly discuss capturing or retaining knowledge.""}, {""question_id"": 2, ""expert_compliance"": {""expert_A"": ""Fully supported"", ""expert_B"": ""Unsupported"", ""expert_C"": ""Fully supported""}, ""audit_evidence"": ""Digital technologies for KR are not clearly identified as being used for capture/retention.""}, {""question_id"": 3, ""expert_compliance"": {""expert_A"": ""Fully supported"", ""expert_B"": ""Fully supported"", ""expert_C"": ""Fully supported""}, ""audit_evidence"": ""Based on the methodology described, the paper is categorized as Empirical Study.""}], ""audit_results"": {""expert_A_audit_result"": ""Fully Support"", ""expert_B_audit_result"": ""Not Support"", ""expert_C_audit_result"": ""Fully Support""}}"
79f9098e-3a36-4fc9-a8f8-1ed9fb1248c9,Effect Of Light Therapy And Continuous Health Education On Older Adults With Coronary Heart Disease And Comorbid Depressive Symptoms: A Randomized Controlled Trial,"{""uuid"": ""79f9098e-3a36-4fc9-a8f8-1ed9fb1248c9"", ""Title"": ""Effect Of Light Therapy And Continuous Health Education On Older Adults With Coronary Heart Disease And Comorbid Depressive Symptoms: A Randomized Controlled Trial"", ""audit_processes"": [{""question_id"": 1, ""expert_compliance"": {""expert_A"": ""Fully supported"", ""expert_B"": ""Unsupported"", ""expert_C"": ""Fully supported""}, ""audit_evidence"": ""The abstract does not explicitly discuss capturing or retaining knowledge.""}, {""question_id"": 2, ""expert_compliance"": {""expert_A"": ""Fully supported"", ""expert_B"": ""Unsupported"", ""expert_C"": ""Fully supported""}, ""audit_evidence"": ""Digital technologies for KR are not clearly identified as being used for capture/retention.""}, {""question_id"": 3, ""expert_compliance"": {""expert_A"": ""Fully supported"", ""expert_B"": ""Fully supported"", ""expert_C"": ""Fully supported""}, ""audit_evidence"": ""Based on the methodology described, the paper is categorized as Empirical Study.""}], ""audit_results"": {""expert_A_audit_result"": ""Fully Support"", ""expert_B_audit_result"": ""Not Support"", ""expert_C_audit_result"": ""Fully Support""}}"
9ce34cd2-931a-4471-89a6-7cb614ccab29,Assessing The Impact Of Knowledge Management Factors On Digital Resources Acceptance: A Survey Of Postgraduate Students Of Public Sector Universities Of Punjab,"{""uuid"": ""9ce34cd2-931a-4471-89a6-7cb614ccab29"", ""Title"": ""Assessing The Impact Of Knowledge Management Factors On Digital Resources Acceptance: A Survey Of Postgraduate Students Of Public Sector Universities Of Punjab"", ""audit_processes"": [{""question_id"": 1, ""expert_compliance"": {""expert_A"": ""Unsupported"", ""expert_B"": ""Unsupported"", ""expert_C"": ""Unsupported""}, ""audit_evidence"": ""The abstract does not explicitly discuss capturing or retaining knowledge.""}, {""question_id"": 2, ""expert_compliance"": {""expert_A"": ""Unsupported"", ""expert_B"": ""Fully supported"", ""expert_C"": ""Fully supported""}, ""audit_evidence"": ""Digital technologies for KR are not clearly identified as being used for capture/retention.""}, {""question_id"": 3, ""expert_compliance"": {""expert_A"": ""Fully supported"", ""expert_B"": ""Fully supported"", ""expert_C"": ""Fully supported""}, ""audit_evidence"": ""Based on the methodology described, the paper is categorized as Empirical Study.""}], ""audit_results"": {""expert_A_audit_result"": ""Not Support"", ""expert_B_audit_result"": ""Partial Support"", ""expert_C_audit_result"": ""Partial Support""}}"
99178ec7-85f0-4e3a-980e-e1aec3175dde,"The Dual Role Of Ai In Enhancing And Challenging Skills, Creativity And Innovation Of Michelin-Star Chefs","{""uuid"": ""99178ec7-85f0-4e3a-980e-e1aec3175dde"", ""Title"": ""The Dual Role Of Ai In Enhancing And Challenging Skills, Creativity And Innovation Of Michelin-Star Chefs"", ""audit_processes"": [{""question_id"": 1, ""expert_compliance"": {""expert_A"": ""Fully supported"", ""expert_B"": ""Fully supported"", ""expert_C"": ""Unsupported""}, ""audit_evidence"": ""The abstract does not explicitly discuss capturing or retaining knowledge.""}, {""question_id"": 2, ""expert_compliance"": {""expert_A"": ""Unsupported"", ""expert_B"": ""Fully supported"", ""expert_C"": ""Unsupported""}, ""audit_evidence"": ""Digital technologies for KR are not clearly identified as being used for capture/retention.""}, {""question_id"": 3, ""expert_compliance"": {""expert_A"": ""Fully supported"", ""expert_B"": ""Fully supported"", ""expert_C"": ""Fully supported""}, ""audit_evidence"": ""Based on the methodology described, the paper is categorized as Empirical Study.""}], ""audit_results"": {""expert_A_audit_result"": ""Partial Support"", ""expert_B_audit_result"": ""Fully Support"", ""expert_C_audit_result"": ""Not Support""}}"
36c52257-5640-4bb8-b393-ff35f7af1dfa,Determinants Of Generative Ai In Promoting Green Purchasing Behavior: A Hybrid Partial Least Squares-Artificial Neural Network Approach,"{""uuid"": ""36c52257-5640-4bb8-b393-ff35f7af1dfa"", ""Title"": ""Determinants Of Generative Ai In Promoting Green Purchasing Behavior: A Hybrid Partial Least Squares-Artificial Neural Network Approach"", ""audit_processes"": [{""question_id"": 1, ""expert_compliance"": {""expert_A"": ""Fully supported"", ""expert_B"": ""Fully supported"", ""expert_C"": ""Unsupported""}, ""audit_evidence"": ""The abstract does not explicitly discuss capturing or retaining knowledge.""}, {""question_id"": 2, ""expert_compliance"": {""expert_A"": ""Unsupported"", ""expert_B"": ""Fully supported"", ""expert_C"": ""Unsupported""}, ""audit_evidence"": ""Digital technologies for KR are not clearly identified as being used for capture/retention.""}, {""question_id"": 3, ""expert_compliance"": {""expert_A"": ""Fully supported"", ""expert_B"": ""Fully supported"", ""expert_C"": ""Fully supported""}, ""audit_evidence"": ""Based on the methodology described, the paper is categorized as Empirical Study.""}], ""audit_results"": {""expert_A_audit_result"": ""Partial Support"", ""expert_B_audit_result"": ""Fully Support"", ""expert_C_audit_result"": ""Not Support""}}"
7c1b762b-0083-4acb-9a23-52625c5cc76e,Unlocking Digital Potential-The Impact Of Innovation And Self-Determined Learning,"{""uuid"": ""7c1b762b-0083-4acb-9a23-52625c5cc76e"", ""Title"": ""Unlocking Digital Potential-The Impact Of Innovation And Self-Determined Learning"", ""audit_processes"": [{""question_id"": 1, ""expert_compliance"": {""expert_A"": ""Unsupported"", ""expert_B"": ""Unsupported"", ""expert_C"": ""Unsupported""}, ""audit_evidence"": ""The abstract does not explicitly discuss capturing or retaining knowledge.""}, {""question_id"": 2, ""expert_compliance"": {""expert_A"": ""Unsupported"", ""expert_B"": ""Fully supported"", ""expert_C"": ""Fully supported""}, ""audit_evidence"": ""Digital technologies for KR are not clearly identified as being used for capture/retention.""}, {""question_id"": 3, ""expert_compliance"": {""expert_A"": ""Fully supported"", ""expert_B"": ""Fully supported"", ""expert_C"": ""Fully supported""}, ""audit_evidence"": ""Based on the methodology described, the paper is categorized as Empirical Study.""}], ""audit_results"": {""expert_A_audit_result"": ""Not Support"", ""expert_B_audit_result"": ""Partial Support"", ""expert_C_audit_result"": ""Partial Support""}}"
b2e6c2a5-8c0c-43d3-baf8-2b6cd2a790b1,Sw3T-Iot: Smart Water Monitoring Based On A Three-Tier Iot Architecture,"{""uuid"": ""b2e6c2a5-8c0c-43d3-baf8-2b6cd2a790b1"", ""Title"": ""Sw3T-Iot: Smart Water Monitoring Based On A Three-Tier Iot Architecture"", ""audit_processes"": [{""question_id"": 1, ""expert_compliance"": {""expert_A"": ""Unsupported"", ""expert_B"": ""Fully supported"", ""expert_C"": ""Fully supported""}, ""audit_evidence"": ""The abstract explicitly discuss capturing or retaining knowledge.""}, {""question_id"": 2, ""expert_compliance"": {""expert_A"": ""Unsupported"", ""expert_B"": ""Fully supported"", ""expert_C"": ""Fully supported""}, ""audit_evidence"": ""Digital technologies for KR are identified as being used for capture/retention.""}, {""question_id"": 3, ""expert_compliance"": {""expert_A"": ""Unsupported"", ""expert_B"": ""Unsupported"", ""expert_C"": ""Unsupported""}, ""audit_evidence"": ""Based on the methodology described, the paper is categorized as Theoretical/Conceptual.""}], ""audit_results"": {""expert_A_audit_result"": ""Not Support"", ""expert_B_audit_result"": ""Partial Support"", ""expert_C_audit_result"": ""Partial Support""}}"
f9913573-a9e0-4172-97a9-a42af09c3de1,Requirements Elicitation Based On Psycho-Pedagogical Theatre For Context-Sensitive Affective Educational Recommender Systems,"{""uuid"": ""f9913573-a9e0-4172-97a9-a42af09c3de1"", ""Title"": ""Requirements Elicitation Based On Psycho-Pedagogical Theatre For Context-Sensitive Affective Educational Recommender Systems"", ""audit_processes"": [{""question_id"": 1, ""expert_compliance"": {""expert_A"": ""Unsupported"", ""expert_B"": ""Fully supported"", ""expert_C"": ""Unsupported""}, ""audit_evidence"": ""The abstract does not explicitly discuss capturing or retaining knowledge.""}, {""question_id"": 2, ""expert_compliance"": {""expert_A"": ""Unsupported"", ""expert_B"": ""Fully supported"", ""expert_C"": ""Unsupported""}, ""audit_evidence"": ""Digital technologies for KR are not clearly identified as being used for capture/retention.""}, {""question_id"": 3, ""expert_compliance"": {""expert_A"": ""Unsupported"", ""expert_B"": ""Unsupported"", ""expert_C"": ""Fully supported""}, ""audit_evidence"": ""Based on the methodology described, the paper is categorized as Empirical Study.""}], ""audit_results"": {""expert_A_audit_result"": ""Not Support"", ""expert_B_audit_result"": ""Partial Support"", ""expert_C_audit_result"": ""Not Support""}}"
1dd14b35-1ede-4a89-a966-36af17397631,The Promise And Challenge Of Large Language Models For Knowledge Engineering: Insights From A Hackathon,"{""uuid"": ""1dd14b35-1ede-4a89-a966-36af17397631"", ""Title"": ""The Promise And Challenge Of Large Language Models For Knowledge Engineering: Insights From A Hackathon"", ""audit_processes"": [{""question_id"": 1, ""expert_compliance"": {""expert_A"": ""Fully supported"", ""expert_B"": ""Fully supported"", ""expert_C"": ""Unsupported""}, ""audit_evidence"": ""The abstract does not explicitly discuss capturing or retaining knowledge.""}, {""question_id"": 2, ""expert_compliance"": {""expert_A"": ""Unsupported"", ""expert_B"": ""Fully supported"", ""expert_C"": ""Unsupported""}, ""audit_evidence"": ""Digital technologies for KR are not clearly identified as being used for capture/retention.""}, {""question_id"": 3, ""expert_compliance"": {""expert_A"": ""Fully supported"", ""expert_B"": ""Fully supported"", ""expert_C"": ""Fully supported""}, ""audit_evidence"": ""Based on the methodology described, the paper is categorized as Empirical Study.""}], ""audit_results"": {""expert_A_audit_result"": ""Partial Support"", ""expert_B_audit_result"": ""Fully Support"", ""expert_C_audit_result"": ""Not Support""}}"
2fc47b5f-c9d0-412c-9fd5-93144743ed76,Global Teaching Style Adaptations And Curriculum Adjustments For School Students During Covid-19,"{""uuid"": ""2fc47b5f-c9d0-412c-9fd5-93144743ed76"", ""Title"": ""Global Teaching Style Adaptations And Curriculum Adjustments For School Students During Covid-19"", ""audit_processes"": [{""question_id"": 1, ""expert_compliance"": {""expert_A"": ""Fully supported"", ""expert_B"": ""Unsupported"", ""expert_C"": ""Fully supported""}, ""audit_evidence"": ""The abstract does not explicitly discuss capturing or retaining knowledge.""}, {""question_id"": 2, ""expert_compliance"": {""expert_A"": ""Fully supported"", ""expert_B"": ""Unsupported"", ""expert_C"": ""Fully supported""}, ""audit_evidence"": ""Digital technologies for KR are not clearly identified as being used for capture/retention.""}, {""question_id"": 3, ""expert_compliance"": {""expert_A"": ""Fully supported"", ""expert_B"": ""Fully supported"", ""expert_C"": ""Fully supported""}, ""audit_evidence"": ""Based on the methodology described, the paper is categorized as Empirical Study.""}], ""audit_results"": {""expert_A_audit_result"": ""Fully Support"", ""expert_B_audit_result"": ""Not Support"", ""expert_C_audit_result"": ""Fully Support""}}"
2ee0e33a-b5ee-4450-88ee-12130d7d4510,Research On Prediction Model Of Scaling In Asp Flooding Based On Data Mining,"{""uuid"": ""2ee0e33a-b5ee-4450-88ee-12130d7d4510"", ""Title"": ""Research On Prediction Model Of Scaling In Asp Flooding Based On Data Mining"", ""audit_processes"": [{""question_id"": 1, ""expert_compliance"": {""expert_A"": ""Fully supported"", ""expert_B"": ""Fully supported"", ""expert_C"": ""Unsupported""}, ""audit_evidence"": ""The abstract does not explicitly discuss capturing or retaining knowledge.""}, {""question_id"": 2, ""expert_compliance"": {""expert_A"": ""Unsupported"", ""expert_B"": ""Unsupported"", ""expert_C"": ""Unsupported""}, ""audit_evidence"": ""Digital technologies for KR are not clearly identified as being used for capture/retention.""}, {""question_id"": 3, ""expert_compliance"": {""expert_A"": ""Fully supported"", ""expert_B"": ""Fully supported"", ""expert_C"": ""Fully supported""}, ""audit_evidence"": ""Based on the methodology described, the paper is categorized as Empirical Study.""}], ""audit_results"": {""expert_A_audit_result"": ""Partial Support"", ""expert_B_audit_result"": ""Partial Support"", ""expert_C_audit_result"": ""Not Support""}}"
3c0baa25-b133-40b7-b22c-edec8218d7ab,Ai In The Workplace: Examining The Effects Of Chatgpt On Information Support And Knowledge Acquisition,"{""uuid"": ""3c0baa25-b133-40b7-b22c-edec8218d7ab"", ""Title"": ""Ai In The Workplace: Examining The Effects Of Chatgpt On Information Support And Knowledge Acquisition"", ""audit_processes"": [{""question_id"": 1, ""expert_compliance"": {""expert_A"": ""Fully supported"", ""expert_B"": ""Fully supported"", ""expert_C"": ""Unsupported""}, ""audit_evidence"": ""The abstract does not explicitly discuss capturing or retaining knowledge.""}, {""question_id"": 2, ""expert_compliance"": {""expert_A"": ""Unsupported"", ""expert_B"": ""Unsupported"", ""expert_C"": ""Unsupported""}, ""audit_evidence"": ""Digital technologies for KR are not clearly identified as being used for capture/retention.""}, {""question_id"": 3, ""expert_compliance"": {""expert_A"": ""Fully supported"", ""expert_B"": ""Fully supported"", ""expert_C"": ""Fully supported""}, ""audit_evidence"": ""Based on the methodology described, the paper is categorized as Empirical Study.""}], ""audit_results"": {""expert_A_audit_result"": ""Partial Support"", ""expert_B_audit_result"": ""Partial Support"", ""expert_C_audit_result"": ""Not Support""}}"
518920ba-0f0c-4881-99a2-551cb8c7c9e6,How Does Digital Experience Of Cultural Heritage Transform Into Sustained Behavioral Intention? Assessing Perceived Value And Place Attachment Mechanisms Based On Value Adoption Model,"{""uuid"": ""518920ba-0f0c-4881-99a2-551cb8c7c9e6"", ""Title"": ""How Does Digital Experience Of Cultural Heritage Transform Into Sustained Behavioral Intention? Assessing Perceived Value And Place Attachment Mechanisms Based On Value Adoption Model"", ""audit_processes"": [{""question_id"": 1, ""expert_compliance"": {""expert_A"": ""Fully supported"", ""expert_B"": ""Unsupported"", ""expert_C"": ""Fully supported""}, ""audit_evidence"": ""The abstract does not explicitly discuss capturing or retaining knowledge.""}, {""question_id"": 2, ""expert_compliance"": {""expert_A"": ""Fully supported"", ""expert_B"": ""Unsupported"", ""expert_C"": ""Fully supported""}, ""audit_evidence"": ""Digital technologies for KR are not clearly identified as being used for capture/retention.""}, {""question_id"": 3, ""expert_compliance"": {""expert_A"": ""Fully supported"", ""expert_B"": ""Fully supported"", ""expert_C"": ""Fully supported""}, ""audit_evidence"": ""Based on the methodology described, the paper is categorized as Empirical Study.""}], ""audit_results"": {""expert_A_audit_result"": ""Fully Support"", ""expert_B_audit_result"": ""Not Support"", ""expert_C_audit_result"": ""Fully Support""}}"
1c14b01c-d440-4f9d-ae29-4c92804b8d04,Dynamic Effects Of Management Support On Knowledge-Based Competitiveness In Construction Companies,"{""uuid"": ""1c14b01c-d440-4f9d-ae29-4c92804b8d04"", ""Title"": ""Dynamic Effects Of Management Support On Knowledge-Based Competitiveness In Construction Companies"", ""audit_processes"": [{""question_id"": 1, ""expert_compliance"": {""expert_A"": ""Fully supported"", ""expert_B"": ""Fully supported"", ""expert_C"": ""Fully supported""}, ""audit_evidence"": ""The abstract explicitly discuss capturing or retaining knowledge.""}, {""question_id"": 2, ""expert_compliance"": {""expert_A"": ""Unsupported"", ""expert_B"": ""Unsupported"", ""expert_C"": ""Fully supported""}, ""audit_evidence"": ""Digital technologies for KR are identified as being used for capture/retention.""}, {""question_id"": 3, ""expert_compliance"": {""expert_A"": ""Unsupported"", ""expert_B"": ""Unsupported"", ""expert_C"": ""Unsupported""}, ""audit_evidence"": ""Based on the methodology described, the paper is categorized as Theoretical/Conceptual.""}], ""audit_results"": {""expert_A_audit_result"": ""Not Support"", ""expert_B_audit_result"": ""Not Support"", ""expert_C_audit_result"": ""Partial Support""}}"
3a232ada-a98e-4f40-97eb-a8c5712de341,Communities Of Inquiry For Offenders: Learning Malware Development On Asynchronous Platforms,"{""uuid"": ""3a232ada-a98e-4f40-97eb-a8c5712de341"", ""Title"": ""Communities Of Inquiry For Offenders: Learning Malware Development On Asynchronous Platforms"", ""audit_processes"": [{""question_id"": 1, ""expert_compliance"": {""expert_A"": ""Fully supported"", ""expert_B"": ""Unsupported"", ""expert_C"": ""Fully supported""}, ""audit_evidence"": ""The abstract does not explicitly discuss capturing or retaining knowledge.""}, {""question_id"": 2, ""expert_compliance"": {""expert_A"": ""Fully supported"", ""expert_B"": ""Unsupported"", ""expert_C"": ""Fully supported""}, ""audit_evidence"": ""Digital technologies for KR are not clearly identified as being used for capture/retention.""}, {""question_id"": 3, ""expert_compliance"": {""expert_A"": ""Unsupported"", ""expert_B"": ""Unsupported"", ""expert_C"": ""Unsupported""}, ""audit_evidence"": ""Based on the methodology described, the paper is categorized as Theoretical/Conceptual.""}], ""audit_results"": {""expert_A_audit_result"": ""Partial Support"", ""expert_B_audit_result"": ""Not Support"", ""expert_C_audit_result"": ""Partial Support""}}"
461bfb85-909c-4a32-aad0-036b23f63937,Impact Of Augmented Reality And Game-Based Learning For Science Teaching: Lessons From Pre-Service Teachers,"{""uuid"": ""461bfb85-909c-4a32-aad0-036b23f63937"", ""Title"": ""Impact Of Augmented Reality And Game-Based Learning For Science Teaching: Lessons From Pre-Service Teachers"", ""audit_processes"": [{""question_id"": 1, ""expert_compliance"": {""expert_A"": ""Fully supported"", ""expert_B"": ""Unsupported"", ""expert_C"": ""Fully supported""}, ""audit_evidence"": ""The abstract does not explicitly discuss capturing or retaining knowledge.""}, {""question_id"": 2, ""expert_compliance"": {""expert_A"": ""Unsupported"", ""expert_B"": ""Unsupported"", ""expert_C"": ""Fully supported""}, ""audit_evidence"": ""Digital technologies for KR are not clearly identified as being used for capture/retention.""}, {""question_id"": 3, ""expert_compliance"": {""expert_A"": ""Fully supported"", ""expert_B"": ""Fully supported"", ""expert_C"": ""Fully supported""}, ""audit_evidence"": ""Based on the methodology described, the paper is categorized as Empirical Study.""}], ""audit_results"": {""expert_A_audit_result"": ""Partial Support"", ""expert_B_audit_result"": ""Not Support"", ""expert_C_audit_result"": ""Fully Support""}}"
6423a02d-7165-441d-bf30-1452923b2d41,Factors Of The Use Of Ai Technology Influencing Community Security In Uae,"{""uuid"": ""6423a02d-7165-441d-bf30-1452923b2d41"", ""Title"": ""Factors Of The Use Of Ai Technology Influencing Community Security In Uae"", ""audit_processes"": [{""question_id"": 1, ""expert_compliance"": {""expert_A"": ""Fully supported"", ""expert_B"": ""Unsupported"", ""expert_C"": ""Fully supported""}, ""audit_evidence"": ""The abstract does not explicitly discuss capturing or retaining knowledge.""}, {""question_id"": 2, ""expert_compliance"": {""expert_A"": ""Unsupported"", ""expert_B"": ""Unsupported"", ""expert_C"": ""Fully supported""}, ""audit_evidence"": ""Digital technologies for KR are not clearly identified as being used for capture/retention.""}, {""question_id"": 3, ""expert_compliance"": {""expert_A"": ""Unsupported"", ""expert_B"": ""Unsupported"", ""expert_C"": ""Unsupported""}, ""audit_evidence"": ""Based on the methodology described, the paper is categorized as Case Study.""}], ""audit_results"": {""expert_A_audit_result"": ""Not Support"", ""expert_B_audit_result"": ""Not Support"", ""expert_C_audit_result"": ""Partial Support""}}"
ff43e243-583a-45ed-b0dd-0bd61fa976bc,Collaborative Knowledge Management In The Digitized Train Maintenance Workplace: A Case Study At The Dutch Railways,"{""uuid"": ""ff43e243-583a-45ed-b0dd-0bd61fa976bc"", ""Title"": ""Collaborative Knowledge Management In The Digitized Train Maintenance Workplace: A Case Study At The Dutch Railways"", ""audit_processes"": [{""question_id"": 1, ""expert_compliance"": {""expert_A"": ""Fully supported"", ""expert_B"": ""Fully supported"", ""expert_C"": ""Fully supported""}, ""audit_evidence"": ""The abstract explicitly discuss capturing or retaining knowledge.""}, {""question_id"": 2, ""expert_compliance"": {""expert_A"": ""Unsupported"", ""expert_B"": ""Fully supported"", ""expert_C"": ""Unsupported""}, ""audit_evidence"": ""Digital technologies for KR are identified as being used for capture/retention.""}, {""question_id"": 3, ""expert_compliance"": {""expert_A"": ""Fully supported"", ""expert_B"": ""Fully supported"", ""expert_C"": ""Fully supported""}, ""audit_evidence"": ""Based on the methodology described, the paper is categorized as Case Study.""}], ""audit_results"": {""expert_A_audit_result"": ""Partial Support"", ""expert_B_audit_result"": ""Fully Support"", ""expert_C_audit_result"": ""Partial Support""}}"
86cb7a5b-83d7-4ceb-b4ac-76245d647bc1,Application Of Artificial Intelligence And Virtual Reality In Soft Skills Training With Modeled Personality,"{""uuid"": ""86cb7a5b-83d7-4ceb-b4ac-76245d647bc1"", ""Title"": ""Application Of Artificial Intelligence And Virtual Reality In Soft Skills Training With Modeled Personality"", ""audit_processes"": [{""question_id"": 1, ""expert_compliance"": {""expert_A"": ""Unsupported"", ""expert_B"": ""Fully supported"", ""expert_C"": ""Unsupported""}, ""audit_evidence"": ""The abstract explicitly discuss capturing or retaining knowledge.""}, {""question_id"": 2, ""expert_compliance"": {""expert_A"": ""Fully supported"", ""expert_B"": ""Fully supported"", ""expert_C"": ""Unsupported""}, ""audit_evidence"": ""Digital technologies for KR are identified as being used for capture/retention.""}, {""question_id"": 3, ""expert_compliance"": {""expert_A"": ""Fully supported"", ""expert_B"": ""Fully supported"", ""expert_C"": ""Fully supported""}, ""audit_evidence"": ""Based on the methodology described, the paper is categorized as Empirical Study.""}], ""audit_results"": {""expert_A_audit_result"": ""Partial Support"", ""expert_B_audit_result"": ""Fully Support"", ""expert_C_audit_result"": ""Not Support""}}"
f066bade-aac5-4a58-b077-2ad7752fa251,Mustang: A Workhorse For Nasa Spaceflight Avionics,"{""uuid"": ""f066bade-aac5-4a58-b077-2ad7752fa251"", ""Title"": ""Mustang: A Workhorse For Nasa Spaceflight Avionics"", ""audit_processes"": [{""question_id"": 1, ""expert_compliance"": {""expert_A"": ""Unsupported"", ""expert_B"": ""Unsupported"", ""expert_C"": ""Fully supported""}, ""audit_evidence"": ""The abstract explicitly discuss capturing or retaining knowledge.""}, {""question_id"": 2, ""expert_compliance"": {""expert_A"": ""Fully supported"", ""expert_B"": ""Fully supported"", ""expert_C"": ""Unsupported""}, ""audit_evidence"": ""Digital technologies for KR are not clearly identified as being used for capture/retention.""}, {""question_id"": 3, ""expert_compliance"": {""expert_A"": ""Unsupported"", ""expert_B"": ""Unsupported"", ""expert_C"": ""Unsupported""}, ""audit_evidence"": ""Based on the methodology described, the paper is categorized as Theoretical/Conceptual.""}], ""audit_results"": {""expert_A_audit_result"": ""Not Support"", ""expert_B_audit_result"": ""Not Support"", ""expert_C_audit_result"": ""Not Support""}}"
4acc0c68-a4e0-4a61-890a-c592d34a50ba,Evaluating Incentive Based 3D Virtual Training For Nasopharyngeal Swab Proficiency,"{""uuid"": ""4acc0c68-a4e0-4a61-890a-c592d34a50ba"", ""Title"": ""Evaluating Incentive Based 3D Virtual Training For Nasopharyngeal Swab Proficiency"", ""audit_processes"": [{""question_id"": 1, ""expert_compliance"": {""expert_A"": ""Fully supported"", ""expert_B"": ""Fully supported"", ""expert_C"": ""Unsupported""}, ""audit_evidence"": ""The abstract does not explicitly discuss capturing or retaining knowledge.""}, {""question_id"": 2, ""expert_compliance"": {""expert_A"": ""Fully supported"", ""expert_B"": ""Unsupported"", ""expert_C"": ""Unsupported""}, ""audit_evidence"": ""Digital technologies for KR are not clearly identified as being used for capture/retention.""}, {""question_id"": 3, ""expert_compliance"": {""expert_A"": ""Unsupported"", ""expert_B"": ""Unsupported"", ""expert_C"": ""Unsupported""}, ""audit_evidence"": ""Based on the methodology described, the paper is categorized as Theoretical/Conceptual.""}], ""audit_results"": {""expert_A_audit_result"": ""Partial Support"", ""expert_B_audit_result"": ""Not Support"", ""expert_C_audit_result"": ""Not Support""}}"
d5eeb2ea-ee22-42eb-b3bc-e96d3153bbb9,How Can Pneumatics Be Trained With Augmented Reality In The Context Of Training For Industrial-Technical Professions?,"{""uuid"": ""d5eeb2ea-ee22-42eb-b3bc-e96d3153bbb9"", ""Title"": ""How Can Pneumatics Be Trained With Augmented Reality In The Context Of Training For Industrial-Technical Professions?"", ""audit_processes"": [{""question_id"": 1, ""expert_compliance"": {""expert_A"": ""Fully supported"", ""expert_B"": ""Fully supported"", ""expert_C"": ""Unsupported""}, ""audit_evidence"": ""The abstract does not explicitly discuss capturing or retaining knowledge.""}, {""question_id"": 2, ""expert_compliance"": {""expert_A"": ""Fully supported"", ""expert_B"": ""Unsupported"", ""expert_C"": ""Unsupported""}, ""audit_evidence"": ""Digital technologies for KR are not clearly identified as being used for capture/retention.""}, {""question_id"": 3, ""expert_compliance"": {""expert_A"": ""Fully supported"", ""expert_B"": ""Fully supported"", ""expert_C"": ""Fully supported""}, ""audit_evidence"": ""Based on the methodology described, the paper is categorized as Empirical Study.""}], ""audit_results"": {""expert_A_audit_result"": ""Fully Support"", ""expert_B_audit_result"": ""Partial Support"", ""expert_C_audit_result"": ""Not Support""}}"
bfe27fe9-e048-42c5-8dc4-42bff631c250,The Impact Of High-Immersion Virtual Reality On Efl Learners' Foreign Language Speaking Anxiety: A Mixed-Method Approach,"{""uuid"": ""bfe27fe9-e048-42c5-8dc4-42bff631c250"", ""Title"": ""The Impact Of High-Immersion Virtual Reality On Efl Learners' Foreign Language Speaking Anxiety: A Mixed-Method Approach"", ""audit_processes"": [{""question_id"": 1, ""expert_compliance"": {""expert_A"": ""Fully supported"", ""expert_B"": ""Fully supported"", ""expert_C"": ""Unsupported""}, ""audit_evidence"": ""The abstract does not explicitly discuss capturing or retaining knowledge.""}, {""question_id"": 2, ""expert_compliance"": {""expert_A"": ""Fully supported"", ""expert_B"": ""Unsupported"", ""expert_C"": ""Unsupported""}, ""audit_evidence"": ""Digital technologies for KR are not clearly identified as being used for capture/retention.""}, {""question_id"": 3, ""expert_compliance"": {""expert_A"": ""Fully supported"", ""expert_B"": ""Fully supported"", ""expert_C"": ""Fully supported""}, ""audit_evidence"": ""Based on the methodology described, the paper is categorized as Empirical Study.""}], ""audit_results"": {""expert_A_audit_result"": ""Fully Support"", ""expert_B_audit_result"": ""Partial Support"", ""expert_C_audit_result"": ""Not Support""}}"
2eadb664-26da-4707-93f6-244d9f658471,16Ir-Web-Rag: Interleaving Web Retrieval With Chain-Of-Thought Reasoning For Retrieval-Augmented Generation,"{""uuid"": ""2eadb664-26da-4707-93f6-244d9f658471"", ""Title"": ""16Ir-Web-Rag: Interleaving Web Retrieval With Chain-Of-Thought Reasoning For Retrieval-Augmented Generation"", ""audit_processes"": [{""question_id"": 1, ""expert_compliance"": {""expert_A"": ""Fully supported"", ""expert_B"": ""Fully supported"", ""expert_C"": ""Unsupported""}, ""audit_evidence"": ""The abstract does not explicitly discuss capturing or retaining knowledge.""}, {""question_id"": 2, ""expert_compliance"": {""expert_A"": ""Fully supported"", ""expert_B"": ""Unsupported"", ""expert_C"": ""Unsupported""}, ""audit_evidence"": ""Digital technologies for KR are not clearly identified as being used for capture/retention.""}, {""question_id"": 3, ""expert_compliance"": {""expert_A"": ""Fully supported"", ""expert_B"": ""Unsupported"", ""expert_C"": ""Fully supported""}, ""audit_evidence"": ""Based on the methodology described, the paper is categorized as Empirical Study.""}], ""audit_results"": {""expert_A_audit_result"": ""Fully Support"", ""expert_B_audit_result"": ""Not Support"", ""expert_C_audit_result"": ""Not Support""}}"
e7d25f40-c44c-422e-a5ce-aafe006dd53e,Collaborative Engagement And Help-Seeking Behaviors In Engineering Asynchronous Online Discussions,"{""uuid"": ""e7d25f40-c44c-422e-a5ce-aafe006dd53e"", ""Title"": ""Collaborative Engagement And Help-Seeking Behaviors In Engineering Asynchronous Online Discussions"", ""audit_processes"": [{""question_id"": 1, ""expert_compliance"": {""expert_A"": ""Fully supported"", ""expert_B"": ""Fully supported"", ""expert_C"": ""Unsupported""}, ""audit_evidence"": ""The abstract does not explicitly discuss capturing or retaining knowledge.""}, {""question_id"": 2, ""expert_compliance"": {""expert_A"": ""Fully supported"", ""expert_B"": ""Fully supported"", ""expert_C"": ""Unsupported""}, ""audit_evidence"": ""Digital technologies for KR are not clearly identified as being used for capture/retention.""}, {""question_id"": 3, ""expert_compliance"": {""expert_A"": ""Unsupported"", ""expert_B"": ""Unsupported"", ""expert_C"": ""Unsupported""}, ""audit_evidence"": ""Based on the methodology described, the paper is categorized as Theoretical/Conceptual.""}], ""audit_results"": {""expert_A_audit_result"": ""Partial Support"", ""expert_B_audit_result"": ""Partial Support"", ""expert_C_audit_result"": ""Not Support""}}"
c15bcbe4-e875-421a-be4f-ea4e6d25a24b,Examining Knowledge Management Factors In College Students' Acceptance Of Engineering Language Moocs: An Extended Tam Approach,"{""uuid"": ""c15bcbe4-e875-421a-be4f-ea4e6d25a24b"", ""Title"": ""Examining Knowledge Management Factors In College Students' Acceptance Of Engineering Language Moocs: An Extended Tam Approach"", ""audit_processes"": [{""question_id"": 1, ""expert_compliance"": {""expert_A"": ""Fully supported"", ""expert_B"": ""Unsupported"", ""expert_C"": ""Unsupported""}, ""audit_evidence"": ""The abstract explicitly discuss capturing or retaining knowledge.""}, {""question_id"": 2, ""expert_compliance"": {""expert_A"": ""Unsupported"", ""expert_B"": ""Fully supported"", ""expert_C"": ""Fully supported""}, ""audit_evidence"": ""Digital technologies for KR are not clearly identified as being used for capture/retention.""}, {""question_id"": 3, ""expert_compliance"": {""expert_A"": ""Fully supported"", ""expert_B"": ""Fully supported"", ""expert_C"": ""Fully supported""}, ""audit_evidence"": ""Based on the methodology described, the paper is categorized as Empirical Study.""}], ""audit_results"": {""expert_A_audit_result"": ""Partial Support"", ""expert_B_audit_result"": ""Partial Support"", ""expert_C_audit_result"": ""Partial Support""}}"
171166ee-8833-4ed1-bbd4-5fbeac0e0761,Unmanned Agricultural Robotics Techniques For Enhancing Entrepreneurial Competitiveness In Emerging Markets: A Central Romanian Case Study,"{""uuid"": ""171166ee-8833-4ed1-bbd4-5fbeac0e0761"", ""Title"": ""Unmanned Agricultural Robotics Techniques For Enhancing Entrepreneurial Competitiveness In Emerging Markets: A Central Romanian Case Study"", ""audit_processes"": [{""question_id"": 1, ""expert_compliance"": {""expert_A"": ""Unsupported"", ""expert_B"": ""Unsupported"", ""expert_C"": ""Unsupported""}, ""audit_evidence"": ""The abstract does not explicitly discuss capturing or retaining knowledge.""}, {""question_id"": 2, ""expert_compliance"": {""expert_A"": ""Unsupported"", ""expert_B"": ""Fully supported"", ""expert_C"": ""Fully supported""}, ""audit_evidence"": ""Digital technologies for KR are not clearly identified as being used for capture/retention.""}, {""question_id"": 3, ""expert_compliance"": {""expert_A"": ""Fully supported"", ""expert_B"": ""Fully supported"", ""expert_C"": ""Unsupported""}, ""audit_evidence"": ""Based on the methodology described, the paper is categorized as Case Study.""}], ""audit_results"": {""expert_A_audit_result"": ""Not Support"", ""expert_B_audit_result"": ""Partial Support"", ""expert_C_audit_result"": ""Not Support""}}"
5682b705-b167-4c0e-a30c-93e3e3e58b54,Enhancing Fire Safety Education Through Immersive Virtual Reality Training With Serious Gaming And Haptic Feedback,"{""uuid"": ""5682b705-b167-4c0e-a30c-93e3e3e58b54"", ""Title"": ""Enhancing Fire Safety Education Through Immersive Virtual Reality Training With Serious Gaming And Haptic Feedback"", ""audit_processes"": [{""question_id"": 1, ""expert_compliance"": {""expert_A"": ""Fully supported"", ""expert_B"": ""Fully supported"", ""expert_C"": ""Unsupported""}, ""audit_evidence"": ""The abstract does not explicitly discuss capturing or retaining knowledge.""}, {""question_id"": 2, ""expert_compliance"": {""expert_A"": ""Unsupported"", ""expert_B"": ""Unsupported"", ""expert_C"": ""Unsupported""}, ""audit_evidence"": ""Digital technologies for KR are not clearly identified as being used for capture/retention.""}, {""question_id"": 3, ""expert_compliance"": {""expert_A"": ""Unsupported"", ""expert_B"": ""Unsupported"", ""expert_C"": ""Unsupported""}, ""audit_evidence"": ""Based on the methodology described, the paper is categorized as Theoretical/Conceptual.""}], ""audit_results"": {""expert_A_audit_result"": ""Not Support"", ""expert_B_audit_result"": ""Not Support"", ""expert_C_audit_result"": ""Not Support""}}"
0e3803eb-09a0-45ce-9d4d-f8d6e5818c64,Designing Online Tools For Collaborative Knowledge Integration,"{""uuid"": ""0e3803eb-09a0-45ce-9d4d-f8d6e5818c64"", ""Title"": ""Designing Online Tools For Collaborative Knowledge Integration"", ""audit_processes"": [{""question_id"": 1, ""expert_compliance"": {""expert_A"": ""Unsupported"", ""expert_B"": ""Fully supported"", ""expert_C"": ""Fully supported""}, ""audit_evidence"": ""The abstract does not explicitly discuss capturing or retaining knowledge.""}, {""question_id"": 2, ""expert_compliance"": {""expert_A"": ""Unsupported"", ""expert_B"": ""Fully supported"", ""expert_C"": ""Fully supported""}, ""audit_evidence"": ""Digital technologies for KR are not clearly identified as being used for capture/retention.""}, {""question_id"": 3, ""expert_compliance"": {""expert_A"": ""Unsupported"", ""expert_B"": ""Unsupported"", ""expert_C"": ""Unsupported""}, ""audit_evidence"": ""Based on the methodology described, the paper is categorized as Theoretical/Conceptual.""}], ""audit_results"": {""expert_A_audit_result"": ""Not Support"", ""expert_B_audit_result"": ""Partial Support"", ""expert_C_audit_result"": ""Partial Support""}}"
382e444e-228a-40c1-91b7-db49a3ea1a48,E-Learning Behavior Categories And Influencing Factors Of Stem Courses: A Case Study Of The Open University Learning Analysis Dataset (Oulad),"{""uuid"": ""382e444e-228a-40c1-91b7-db49a3ea1a48"", ""Title"": ""E-Learning Behavior Categories And Influencing Factors Of Stem Courses: A Case Study Of The Open University Learning Analysis Dataset (Oulad)"", ""audit_processes"": [{""question_id"": 1, ""expert_compliance"": {""expert_A"": ""Unsupported"", ""expert_B"": ""Fully supported"", ""expert_C"": ""Fully supported""}, ""audit_evidence"": ""The abstract does not explicitly discuss capturing or retaining knowledge.""}, {""question_id"": 2, ""expert_compliance"": {""expert_A"": ""Unsupported"", ""expert_B"": ""Fully supported"", ""expert_C"": ""Fully supported""}, ""audit_evidence"": ""Digital technologies for KR are not clearly identified as being used for capture/retention.""}, {""question_id"": 3, ""expert_compliance"": {""expert_A"": ""Unsupported"", ""expert_B"": ""Unsupported"", ""expert_C"": ""Unsupported""}, ""audit_evidence"": ""Based on the methodology described, the paper is categorized as Case Study.""}], ""audit_results"": {""expert_A_audit_result"": ""Not Support"", ""expert_B_audit_result"": ""Partial Support"", ""expert_C_audit_result"": ""Partial Support""}}"
51f92cc8-dbd0-4db0-8dfc-3ff5cf74415d,A Robot-Based Digital Storytelling Approach To Enhancing Efl Learners' Multimodal Storytelling Ability And Narrative Engagement,"{""uuid"": ""51f92cc8-dbd0-4db0-8dfc-3ff5cf74415d"", ""Title"": ""A Robot-Based Digital Storytelling Approach To Enhancing Efl Learners' Multimodal Storytelling Ability And Narrative Engagement"", ""audit_processes"": [{""question_id"": 1, ""expert_compliance"": {""expert_A"": ""Unsupported"", ""expert_B"": ""Fully supported"", ""expert_C"": ""Fully supported""}, ""audit_evidence"": ""The abstract does not explicitly discuss capturing or retaining knowledge.""}, {""question_id"": 2, ""expert_compliance"": {""expert_A"": ""Unsupported"", ""expert_B"": ""Unsupported"", ""expert_C"": ""Fully supported""}, ""audit_evidence"": ""Digital technologies for KR are not clearly identified as being used for capture/retention.""}, {""question_id"": 3, ""expert_compliance"": {""expert_A"": ""Fully supported"", ""expert_B"": ""Fully supported"", ""expert_C"": ""Fully supported""}, ""audit_evidence"": ""Based on the methodology described, the paper is categorized as Empirical Study.""}], ""audit_results"": {""expert_A_audit_result"": ""Not Support"", ""expert_B_audit_result"": ""Partial Support"", ""expert_C_audit_result"": ""Fully Support""}}"
58a80b3a-cf5c-4f92-8ef9-a161e13aec26,The Application Of 6G And Augmented Reality Technology In Education And Training,"{""uuid"": ""58a80b3a-cf5c-4f92-8ef9-a161e13aec26"", ""Title"": ""The Application Of 6G And Augmented Reality Technology In Education And Training"", ""audit_processes"": [{""question_id"": 1, ""expert_compliance"": {""expert_A"": ""Unsupported"", ""expert_B"": ""Fully supported"", ""expert_C"": ""Fully supported""}, ""audit_evidence"": ""The abstract explicitly discuss capturing or retaining knowledge.""}, {""question_id"": 2, ""expert_compliance"": {""expert_A"": ""Unsupported"", ""expert_B"": ""Fully supported"", ""expert_C"": ""Fully supported""}, ""audit_evidence"": ""Digital technologies for KR are identified as being used for capture/retention.""}, {""question_id"": 3, ""expert_compliance"": {""expert_A"": ""Unsupported"", ""expert_B"": ""Unsupported"", ""expert_C"": ""Unsupported""}, ""audit_evidence"": ""Based on the methodology described, the paper is categorized as Theoretical/Conceptual.""}], ""audit_results"": {""expert_A_audit_result"": ""Not Support"", ""expert_B_audit_result"": ""Partial Support"", ""expert_C_audit_result"": ""Partial Support""}}"
8aa7096c-677d-4d5b-85a3-63730a2abde2,Development Of A Virtual Reality For Physiology Education,"{""uuid"": ""8aa7096c-677d-4d5b-85a3-63730a2abde2"", ""Title"": ""Development Of A Virtual Reality For Physiology Education"", ""audit_processes"": [{""question_id"": 1, ""expert_compliance"": {""expert_A"": ""Unsupported"", ""expert_B"": ""Fully supported"", ""expert_C"": ""Unsupported""}, ""audit_evidence"": ""The abstract explicitly discuss capturing or retaining knowledge.""}, {""question_id"": 2, ""expert_compliance"": {""expert_A"": ""Fully supported"", ""expert_B"": ""Fully supported"", ""expert_C"": ""Unsupported""}, ""audit_evidence"": ""Digital technologies for KR are identified as being used for capture/retention.""}, {""question_id"": 3, ""expert_compliance"": {""expert_A"": ""Fully supported"", ""expert_B"": ""Fully supported"", ""expert_C"": ""Fully supported""}, ""audit_evidence"": ""Based on the methodology described, the paper is categorized as Empirical Study.""}], ""audit_results"": {""expert_A_audit_result"": ""Partial Support"", ""expert_B_audit_result"": ""Fully Support"", ""expert_C_audit_result"": ""Not Support""}}"
a7d6136b-25f8-4a00-9385-b153370fd1f0,Gamified Mobile Apps' Impact On Academic Performance Of Grade 8 In A Mainstream Physics Class,"{""uuid"": ""a7d6136b-25f8-4a00-9385-b153370fd1f0"", ""Title"": ""Gamified Mobile Apps' Impact On Academic Performance Of Grade 8 In A Mainstream Physics Class"", ""audit_processes"": [{""question_id"": 1, ""expert_compliance"": {""expert_A"": ""Fully supported"", ""expert_B"": ""Unsupported"", ""expert_C"": ""Fully supported""}, ""audit_evidence"": ""The abstract does not explicitly discuss capturing or retaining knowledge.""}, {""question_id"": 2, ""expert_compliance"": {""expert_A"": ""Unsupported"", ""expert_B"": ""Unsupported"", ""expert_C"": ""Fully supported""}, ""audit_evidence"": ""Digital technologies for KR are not clearly identified as being used for capture/retention.""}, {""question_id"": 3, ""expert_compliance"": {""expert_A"": ""Fully supported"", ""expert_B"": ""Fully supported"", ""expert_C"": ""Fully supported""}, ""audit_evidence"": ""Based on the methodology described, the paper is categorized as Empirical Study.""}], ""audit_results"": {""expert_A_audit_result"": ""Partial Support"", ""expert_B_audit_result"": ""Not Support"", ""expert_C_audit_result"": ""Fully Support""}}"
1ec65571-bd31-4401-b380-64122e6deadf,Sheet Metal Forming Tooling- State Of Art And Practice In Five Manufacturing Companies,"{""uuid"": ""1ec65571-bd31-4401-b380-64122e6deadf"", ""Title"": ""Sheet Metal Forming Tooling- State Of Art And Practice In Five Manufacturing Companies"", ""audit_processes"": [{""question_id"": 1, ""expert_compliance"": {""expert_A"": ""Unsupported"", ""expert_B"": ""Unsupported"", ""expert_C"": ""Fully supported""}, ""audit_evidence"": ""The abstract explicitly discuss capturing or retaining knowledge.""}, {""question_id"": 2, ""expert_compliance"": {""expert_A"": ""Fully supported"", ""expert_B"": ""Unsupported"", ""expert_C"": ""Fully supported""}, ""audit_evidence"": ""Digital technologies for KR are identified as being used for capture/retention.""}, {""question_id"": 3, ""expert_compliance"": {""expert_A"": ""Fully supported"", ""expert_B"": ""Fully supported"", ""expert_C"": ""Fully supported""}, ""audit_evidence"": ""Based on the methodology described, the paper is categorized as Empirical Study.""}], ""audit_results"": {""expert_A_audit_result"": ""Partial Support"", ""expert_B_audit_result"": ""Not Support"", ""expert_C_audit_result"": ""Fully Support""}}"
c7a91687-e6b8-40e6-a433-bd061627337e,Exploring The Impact Of Virtual Avatars In V-Clinic On Male Health Information Disclosure And Information Acquisition,"{""uuid"": ""c7a91687-e6b8-40e6-a433-bd061627337e"", ""Title"": ""Exploring The Impact Of Virtual Avatars In V-Clinic On Male Health Information Disclosure And Information Acquisition"", ""audit_processes"": [{""question_id"": 1, ""expert_compliance"": {""expert_A"": ""Fully supported"", ""expert_B"": ""Unsupported"", ""expert_C"": ""Fully supported""}, ""audit_evidence"": ""The abstract does not explicitly discuss capturing or retaining knowledge.""}, {""question_id"": 2, ""expert_compliance"": {""expert_A"": ""Fully supported"", ""expert_B"": ""Unsupported"", ""expert_C"": ""Fully supported""}, ""audit_evidence"": ""Digital technologies for KR are not clearly identified as being used for capture/retention.""}, {""question_id"": 3, ""expert_compliance"": {""expert_A"": ""Fully supported"", ""expert_B"": ""Fully supported"", ""expert_C"": ""Fully supported""}, ""audit_evidence"": ""Based on the methodology described, the paper is categorized as Empirical Study.""}], ""audit_results"": {""expert_A_audit_result"": ""Fully Support"", ""expert_B_audit_result"": ""Not Support"", ""expert_C_audit_result"": ""Fully Support""}}"
71f18dc3-1b37-4b2d-9669-45088e395f6f,Evaluating Classroom Response Systems In Engineering Education: Which Metrics Better Reflect Student Performance?,"{""uuid"": ""71f18dc3-1b37-4b2d-9669-45088e395f6f"", ""Title"": ""Evaluating Classroom Response Systems In Engineering Education: Which Metrics Better Reflect Student Performance?"", ""audit_processes"": [{""question_id"": 1, ""expert_compliance"": {""expert_A"": ""Fully supported"", ""expert_B"": ""Unsupported"", ""expert_C"": ""Fully supported""}, ""audit_evidence"": ""The abstract does not explicitly discuss capturing or retaining knowledge.""}, {""question_id"": 2, ""expert_compliance"": {""expert_A"": ""Fully supported"", ""expert_B"": ""Unsupported"", ""expert_C"": ""Fully supported""}, ""audit_evidence"": ""Digital technologies for KR are not clearly identified as being used for capture/retention.""}, {""question_id"": 3, ""expert_compliance"": {""expert_A"": ""Unsupported"", ""expert_B"": ""Unsupported"", ""expert_C"": ""Unsupported""}, ""audit_evidence"": ""Based on the methodology described, the paper is categorized as Theoretical/Conceptual.""}], ""audit_results"": {""expert_A_audit_result"": ""Partial Support"", ""expert_B_audit_result"": ""Not Support"", ""expert_C_audit_result"": ""Partial Support""}}"
c0ed53c0-37b6-4ea1-9962-ced59101f191,The Role Of Students' Higher-Order Thinking Skills In The Relationship Between Academic Achievements And Machine Learning Using Generative Ai Chatbots,"{""uuid"": ""c0ed53c0-37b6-4ea1-9962-ced59101f191"", ""Title"": ""The Role Of Students' Higher-Order Thinking Skills In The Relationship Between Academic Achievements And Machine Learning Using Generative Ai Chatbots"", ""audit_processes"": [{""question_id"": 1, ""expert_compliance"": {""expert_A"": ""Fully supported"", ""expert_B"": ""Unsupported"", ""expert_C"": ""Fully supported""}, ""audit_evidence"": ""The abstract does not explicitly discuss capturing or retaining knowledge.""}, {""question_id"": 2, ""expert_compliance"": {""expert_A"": ""Fully supported"", ""expert_B"": ""Unsupported"", ""expert_C"": ""Fully supported""}, ""audit_evidence"": ""Digital technologies for KR are not clearly identified as being used for capture/retention.""}, {""question_id"": 3, ""expert_compliance"": {""expert_A"": ""Fully supported"", ""expert_B"": ""Fully supported"", ""expert_C"": ""Fully supported""}, ""audit_evidence"": ""Based on the methodology described, the paper is categorized as Empirical Study.""}], ""audit_results"": {""expert_A_audit_result"": ""Fully Support"", ""expert_B_audit_result"": ""Not Support"", ""expert_C_audit_result"": ""Fully Support""}}"
a4f364ef-a672-4628-9fca-41faf72da2ce,Cognitive Insights Into Museum Engagement: A Mobile Eye-Tracking Study On Visual Attention Distribution And Learning Experience,"{""uuid"": ""a4f364ef-a672-4628-9fca-41faf72da2ce"", ""Title"": ""Cognitive Insights Into Museum Engagement: A Mobile Eye-Tracking Study On Visual Attention Distribution And Learning Experience"", ""audit_processes"": [{""question_id"": 1, ""expert_compliance"": {""expert_A"": ""Fully supported"", ""expert_B"": ""Unsupported"", ""expert_C"": ""Fully supported""}, ""audit_evidence"": ""The abstract does not explicitly discuss capturing or retaining knowledge.""}, {""question_id"": 2, ""expert_compliance"": {""expert_A"": ""Unsupported"", ""expert_B"": ""Unsupported"", ""expert_C"": ""Fully supported""}, ""audit_evidence"": ""Digital technologies for KR are not clearly identified as being used for capture/retention.""}, {""question_id"": 3, ""expert_compliance"": {""expert_A"": ""Unsupported"", ""expert_B"": ""Unsupported"", ""expert_C"": ""Unsupported""}, ""audit_evidence"": ""Based on the methodology described, the paper is categorized as Theoretical/Conceptual.""}], ""audit_results"": {""expert_A_audit_result"": ""Not Support"", ""expert_B_audit_result"": ""Not Support"", ""expert_C_audit_result"": ""Partial Support""}}"
0f3093f4-bff5-41d8-a940-f7df3c49a1b8,#Cbclips: The International Impact Of A Social Media-Based Pediatric Surgery Interactive Educational Program,"{""uuid"": ""0f3093f4-bff5-41d8-a940-f7df3c49a1b8"", ""Title"": ""#Cbclips: The International Impact Of A Social Media-Based Pediatric Surgery Interactive Educational Program"", ""audit_processes"": [{""question_id"": 1, ""expert_compliance"": {""expert_A"": ""Fully supported"", ""expert_B"": ""Unsupported"", ""expert_C"": ""Fully supported""}, ""audit_evidence"": ""The abstract does not explicitly discuss capturing or retaining knowledge.""}, {""question_id"": 2, ""expert_compliance"": {""expert_A"": ""Unsupported"", ""expert_B"": ""Unsupported"", ""expert_C"": ""Fully supported""}, ""audit_evidence"": ""Digital technologies for KR are not clearly identified as being used for capture/retention.""}, {""question_id"": 3, ""expert_compliance"": {""expert_A"": ""Fully supported"", ""expert_B"": ""Fully supported"", ""expert_C"": ""Fully supported""}, ""audit_evidence"": ""Based on the methodology described, the paper is categorized as Empirical Study.""}], ""audit_results"": {""expert_A_audit_result"": ""Partial Support"", ""expert_B_audit_result"": ""Not Support"", ""expert_C_audit_result"": ""Fully Support""}}"
68d23da1-d285-4d68-9579-478d1fba01f2,Design And Implementation Of Vr Teaching Practice Model For Higher Vocational Students' Mental Health Education Course Oriented Towards Improving Psychological Resilience,"{""uuid"": ""68d23da1-d285-4d68-9579-478d1fba01f2"", ""Title"": ""Design And Implementation Of Vr Teaching Practice Model For Higher Vocational Students' Mental Health Education Course Oriented Towards Improving Psychological Resilience"", ""audit_processes"": [{""question_id"": 1, ""expert_compliance"": {""expert_A"": ""Unsupported"", ""expert_B"": ""Fully supported"", ""expert_C"": ""Unsupported""}, ""audit_evidence"": ""The abstract explicitly discuss capturing or retaining knowledge.""}, {""question_id"": 2, ""expert_compliance"": {""expert_A"": ""Fully supported"", ""expert_B"": ""Fully supported"", ""expert_C"": ""Unsupported""}, ""audit_evidence"": ""Digital technologies for KR are identified as being used for capture/retention.""}, {""question_id"": 3, ""expert_compliance"": {""expert_A"": ""Fully supported"", ""expert_B"": ""Fully supported"", ""expert_C"": ""Fully supported""}, ""audit_evidence"": ""Based on the methodology described, the paper is categorized as Empirical Study.""}], ""audit_results"": {""expert_A_audit_result"": ""Partial Support"", ""expert_B_audit_result"": ""Fully Support"", ""expert_C_audit_result"": ""Not Support""}}"
6e6e7544-4b87-4ac1-92e2-1df9418e48a6,Analyzing The Effectiveness Of Verbal-Visual Learning Style Rating (Vvlsr) Using Eye-Tracking Technology,"{""uuid"": ""6e6e7544-4b87-4ac1-92e2-1df9418e48a6"", ""Title"": ""Analyzing The Effectiveness Of Verbal-Visual Learning Style Rating (Vvlsr) Using Eye-Tracking Technology"", ""audit_processes"": [{""question_id"": 1, ""expert_compliance"": {""expert_A"": ""Unsupported"", ""expert_B"": ""Fully supported"", ""expert_C"": ""Unsupported""}, ""audit_evidence"": ""The abstract explicitly discuss capturing or retaining knowledge.""}, {""question_id"": 2, ""expert_compliance"": {""expert_A"": ""Fully supported"", ""expert_B"": ""Fully supported"", ""expert_C"": ""Unsupported""}, ""audit_evidence"": ""Digital technologies for KR are identified as being used for capture/retention.""}, {""question_id"": 3, ""expert_compliance"": {""expert_A"": ""Fully supported"", ""expert_B"": ""Fully supported"", ""expert_C"": ""Fully supported""}, ""audit_evidence"": ""Based on the methodology described, the paper is categorized as Empirical Study.""}], ""audit_results"": {""expert_A_audit_result"": ""Partial Support"", ""expert_B_audit_result"": ""Fully Support"", ""expert_C_audit_result"": ""Not Support""}}"
1c8b6ae5-24f0-4af0-a790-72349ad08ec5,"Clustering Of Cities Based On Their Smart Performances: A Comparative Approach Of Fuzzy C-Means, K-Means, And K-Medoids","{""uuid"": ""1c8b6ae5-24f0-4af0-a790-72349ad08ec5"", ""Title"": ""Clustering Of Cities Based On Their Smart Performances: A Comparative Approach Of Fuzzy C-Means, K-Means, And K-Medoids"", ""audit_processes"": [{""question_id"": 1, ""expert_compliance"": {""expert_A"": ""Unsupported"", ""expert_B"": ""Unsupported"", ""expert_C"": ""Fully supported""}, ""audit_evidence"": ""The abstract explicitly discuss capturing or retaining knowledge.""}, {""question_id"": 2, ""expert_compliance"": {""expert_A"": ""Unsupported"", ""expert_B"": ""Unsupported"", ""expert_C"": ""Fully supported""}, ""audit_evidence"": ""Digital technologies for KR are identified as being used for capture/retention.""}, {""question_id"": 3, ""expert_compliance"": {""expert_A"": ""Unsupported"", ""expert_B"": ""Unsupported"", ""expert_C"": ""Unsupported""}, ""audit_evidence"": ""Based on the methodology described, the paper is categorized as Theoretical/Conceptual.""}], ""audit_results"": {""expert_A_audit_result"": ""Not Support"", ""expert_B_audit_result"": ""Not Support"", ""expert_C_audit_result"": ""Partial Support""}}"
23c8d744-386f-49ea-8736-c079e6c88dec,Xr Vest: A Novel System For Demonstration-Based Learning Of Safety Skills,"{""uuid"": ""23c8d744-386f-49ea-8736-c079e6c88dec"", ""Title"": ""Xr Vest: A Novel System For Demonstration-Based Learning Of Safety Skills"", ""audit_processes"": [{""question_id"": 1, ""expert_compliance"": {""expert_A"": ""Unsupported"", ""expert_B"": ""Unsupported"", ""expert_C"": ""Fully supported""}, ""audit_evidence"": ""The abstract explicitly discuss capturing or retaining knowledge.""}, {""question_id"": 2, ""expert_compliance"": {""expert_A"": ""Unsupported"", ""expert_B"": ""Unsupported"", ""expert_C"": ""Fully supported""}, ""audit_evidence"": ""Digital technologies for KR are identified as being used for capture/retention.""}, {""question_id"": 3, ""expert_compliance"": {""expert_A"": ""Fully supported"", ""expert_B"": ""Fully supported"", ""expert_C"": ""Fully supported""}, ""audit_evidence"": ""Based on the methodology described, the paper is categorized as Empirical Study.""}], ""audit_results"": {""expert_A_audit_result"": ""Not Support"", ""expert_B_audit_result"": ""Not Support"", ""expert_C_audit_result"": ""Fully Support""}}"
1d440c26-11c0-4d17-9774-7eb2af6455e7,Design Of Artificial Intelligence Based Teaching Assistance System For Online Basic Disaster Rescue Medicine Courses,"{""uuid"": ""1d440c26-11c0-4d17-9774-7eb2af6455e7"", ""Title"": ""Design Of Artificial Intelligence Based Teaching Assistance System For Online Basic Disaster Rescue Medicine Courses"", ""audit_processes"": [{""question_id"": 1, ""expert_compliance"": {""expert_A"": ""Unsupported"", ""expert_B"": ""Unsupported"", ""expert_C"": ""Fully supported""}, ""audit_evidence"": ""The abstract explicitly discuss capturing or retaining knowledge.""}, {""question_id"": 2, ""expert_compliance"": {""expert_A"": ""Unsupported"", ""expert_B"": ""Unsupported"", ""expert_C"": ""Fully supported""}, ""audit_evidence"": ""Digital technologies for KR are identified as being used for capture/retention.""}, {""question_id"": 3, ""expert_compliance"": {""expert_A"": ""Fully supported"", ""expert_B"": ""Fully supported"", ""expert_C"": ""Fully supported""}, ""audit_evidence"": ""Based on the methodology described, the paper is categorized as Empirical Study.""}], ""audit_results"": {""expert_A_audit_result"": ""Not Support"", ""expert_B_audit_result"": ""Not Support"", ""expert_C_audit_result"": ""Fully Support""}}"
b50bff87-7841-48ff-a13d-8c2a8941883f,Generative Ai-Driven Knowledge Management In Manufacturing Firms: A Five-Stage Framework For Dynamic Knowledge Optimization And Digital Innovation,"{""uuid"": ""b50bff87-7841-48ff-a13d-8c2a8941883f"", ""Title"": ""Generative Ai-Driven Knowledge Management In Manufacturing Firms: A Five-Stage Framework For Dynamic Knowledge Optimization And Digital Innovation"", ""audit_processes"": [{""question_id"": 1, ""expert_compliance"": {""expert_A"": ""Unsupported"", ""expert_B"": ""Unsupported"", ""expert_C"": ""Unsupported""}, ""audit_evidence"": ""The abstract does not explicitly discuss capturing or retaining knowledge.""}, {""question_id"": 2, ""expert_compliance"": {""expert_A"": ""Unsupported"", ""expert_B"": ""Unsupported"", ""expert_C"": ""Unsupported""}, ""audit_evidence"": ""Digital technologies for KR are not clearly identified as being used for capture/retention.""}, {""question_id"": 3, ""expert_compliance"": {""expert_A"": ""Fully supported"", ""expert_B"": ""Unsupported"", ""expert_C"": ""Unsupported""}, ""audit_evidence"": ""Based on the methodology described, the paper is categorized as Empirical Study.""}], ""audit_results"": {""expert_A_audit_result"": ""Not Support"", ""expert_B_audit_result"": ""Not Support"", ""expert_C_audit_result"": ""Not Support""}}"
82000409-e22e-42fe-9359-5ed592c4955b,Knowledge Transfer Within Enterprises From The Perspective Of Innovation Quality Management: A Decision Analysis Based On The Stackelberg Game,"{""uuid"": ""82000409-e22e-42fe-9359-5ed592c4955b"", ""Title"": ""Knowledge Transfer Within Enterprises From The Perspective Of Innovation Quality Management: A Decision Analysis Based On The Stackelberg Game"", ""audit_processes"": [{""question_id"": 1, ""expert_compliance"": {""expert_A"": ""Fully supported"", ""expert_B"": ""Fully supported"", ""expert_C"": ""Fully supported""}, ""audit_evidence"": ""The abstract explicitly discuss capturing or retaining knowledge.""}, {""question_id"": 2, ""expert_compliance"": {""expert_A"": ""Unsupported"", ""expert_B"": ""Unsupported"", ""expert_C"": ""Fully supported""}, ""audit_evidence"": ""Digital technologies for KR are identified as being used for capture/retention.""}, {""question_id"": 3, ""expert_compliance"": {""expert_A"": ""Unsupported"", ""expert_B"": ""Unsupported"", ""expert_C"": ""Unsupported""}, ""audit_evidence"": ""Based on the methodology described, the paper is categorized as Case Study.""}], ""audit_results"": {""expert_A_audit_result"": ""Not Support"", ""expert_B_audit_result"": ""Not Support"", ""expert_C_audit_result"": ""Partial Support""}}"
60cb43de-6981-4ee6-ba63-57b270d6e8f5,Leveraging Task-Specific Vaes For Efficient Exemplar Generation In Har,"{""uuid"": ""60cb43de-6981-4ee6-ba63-57b270d6e8f5"", ""Title"": ""Leveraging Task-Specific Vaes For Efficient Exemplar Generation In Har"", ""audit_processes"": [{""question_id"": 1, ""expert_compliance"": {""expert_A"": ""Fully supported"", ""expert_B"": ""Unsupported"", ""expert_C"": ""Fully supported""}, ""audit_evidence"": ""The abstract does not explicitly discuss capturing or retaining knowledge.""}, {""question_id"": 2, ""expert_compliance"": {""expert_A"": ""Fully supported"", ""expert_B"": ""Unsupported"", ""expert_C"": ""Fully supported""}, ""audit_evidence"": ""Digital technologies for KR are not clearly identified as being used for capture/retention.""}, {""question_id"": 3, ""expert_compliance"": {""expert_A"": ""Fully supported"", ""expert_B"": ""Fully supported"", ""expert_C"": ""Fully supported""}, ""audit_evidence"": ""Based on the methodology described, the paper is categorized as Empirical Study.""}], ""audit_results"": {""expert_A_audit_result"": ""Fully Support"", ""expert_B_audit_result"": ""Not Support"", ""expert_C_audit_result"": ""Fully Support""}}"
67afb66c-86c0-4483-963a-eac4351a690d,Revisiting Knowledge Tracing: A Simple And Powerful Model,"{""uuid"": ""67afb66c-86c0-4483-963a-eac4351a690d"", ""Title"": ""Revisiting Knowledge Tracing: A Simple And Powerful Model"", ""audit_processes"": [{""question_id"": 1, ""expert_compliance"": {""expert_A"": ""Fully supported"", ""expert_B"": ""Fully supported"", ""expert_C"": ""Unsupported""}, ""audit_evidence"": ""The abstract does not explicitly discuss capturing or retaining knowledge.""}, {""question_id"": 2, ""expert_compliance"": {""expert_A"": ""Fully supported"", ""expert_B"": ""Fully supported"", ""expert_C"": ""Unsupported""}, ""audit_evidence"": ""Digital technologies for KR are not clearly identified as being used for capture/retention.""}, {""question_id"": 3, ""expert_compliance"": {""expert_A"": ""Fully supported"", ""expert_B"": ""Fully supported"", ""expert_C"": ""Fully supported""}, ""audit_evidence"": ""Based on the methodology described, the paper is categorized as Empirical Study.""}], ""audit_results"": {""expert_A_audit_result"": ""Fully Support"", ""expert_B_audit_result"": ""Fully Support"", ""expert_C_audit_result"": ""Not Support""}}"
48cd8da7-c755-45d0-8ca5-6e3ec32fc984,Developing Professional Capital Through Technology-Enabled University-School-Enterprise Collaboration: An Innovative Model For C-Steam Preservice Teacher Education In The Greater Bay Area,"{""uuid"": ""48cd8da7-c755-45d0-8ca5-6e3ec32fc984"", ""Title"": ""Developing Professional Capital Through Technology-Enabled University-School-Enterprise Collaboration: An Innovative Model For C-Steam Preservice Teacher Education In The Greater Bay Area"", ""audit_processes"": [{""question_id"": 1, ""expert_compliance"": {""expert_A"": ""Fully supported"", ""expert_B"": ""Unsupported"", ""expert_C"": ""Unsupported""}, ""audit_evidence"": ""The abstract does not explicitly discuss capturing or retaining knowledge.""}, {""question_id"": 2, ""expert_compliance"": {""expert_A"": ""Fully supported"", ""expert_B"": ""Unsupported"", ""expert_C"": ""Fully supported""}, ""audit_evidence"": ""Digital technologies for KR are not clearly identified as being used for capture/retention.""}, {""question_id"": 3, ""expert_compliance"": {""expert_A"": ""Fully supported"", ""expert_B"": ""Fully supported"", ""expert_C"": ""Fully supported""}, ""audit_evidence"": ""Based on the methodology described, the paper is categorized as Empirical Study.""}], ""audit_results"": {""expert_A_audit_result"": ""Fully Support"", ""expert_B_audit_result"": ""Not Support"", ""expert_C_audit_result"": ""Partial Support""}}"
fae57cc5-44e2-4611-9d7f-966a38026faf,Advancing Safety And Efficiency Training Goals: The Development Of A Virtual Reality Rescue Training System For Forest Fires,"{""uuid"": ""fae57cc5-44e2-4611-9d7f-966a38026faf"", ""Title"": ""Advancing Safety And Efficiency Training Goals: The Development Of A Virtual Reality Rescue Training System For Forest Fires"", ""audit_processes"": [{""question_id"": 1, ""expert_compliance"": {""expert_A"": ""Fully supported"", ""expert_B"": ""Fully supported"", ""expert_C"": ""Unsupported""}, ""audit_evidence"": ""The abstract does not explicitly discuss capturing or retaining knowledge.""}, {""question_id"": 2, ""expert_compliance"": {""expert_A"": ""Fully supported"", ""expert_B"": ""Unsupported"", ""expert_C"": ""Unsupported""}, ""audit_evidence"": ""Digital technologies for KR are not clearly identified as being used for capture/retention.""}, {""question_id"": 3, ""expert_compliance"": {""expert_A"": ""Fully supported"", ""expert_B"": ""Fully supported"", ""expert_C"": ""Fully supported""}, ""audit_evidence"": ""Based on the methodology described, the paper is categorized as Empirical Study.""}], ""audit_results"": {""expert_A_audit_result"": ""Fully Support"", ""expert_B_audit_result"": ""Partial Support"", ""expert_C_audit_result"": ""Not Support""}}"
044493d0-ea49-4c66-abc0-dde4fbd7c7d1,Development And Evaluation Of A Mixed Reality System For Health Education On Neck Stiffness And Soreness,"{""uuid"": ""044493d0-ea49-4c66-abc0-dde4fbd7c7d1"", ""Title"": ""Development And Evaluation Of A Mixed Reality System For Health Education On Neck Stiffness And Soreness"", ""audit_processes"": [{""question_id"": 1, ""expert_compliance"": {""expert_A"": ""Fully supported"", ""expert_B"": ""Fully supported"", ""expert_C"": ""Unsupported""}, ""audit_evidence"": ""The abstract does not explicitly discuss capturing or retaining knowledge.""}, {""question_id"": 2, ""expert_compliance"": {""expert_A"": ""Fully supported"", ""expert_B"": ""Unsupported"", ""expert_C"": ""Unsupported""}, ""audit_evidence"": ""Digital technologies for KR are not clearly identified as being used for capture/retention.""}, {""question_id"": 3, ""expert_compliance"": {""expert_A"": ""Fully supported"", ""expert_B"": ""Fully supported"", ""expert_C"": ""Fully supported""}, ""audit_evidence"": ""Based on the methodology described, the paper is categorized as Empirical Study.""}], ""audit_results"": {""expert_A_audit_result"": ""Fully Support"", ""expert_B_audit_result"": ""Partial Support"", ""expert_C_audit_result"": ""Not Support""}}"
3db683cb-fa74-4c30-bac7-7e81323a4a3f,I-Lead: A Digital-Intelligence-Powered Ecosystem For Innovation And Entrepreneurship Education,"{""uuid"": ""3db683cb-fa74-4c30-bac7-7e81323a4a3f"", ""Title"": ""I-Lead: A Digital-Intelligence-Powered Ecosystem For Innovation And Entrepreneurship Education"", ""audit_processes"": [{""question_id"": 1, ""expert_compliance"": {""expert_A"": ""Unsupported"", ""expert_B"": ""Unsupported"", ""expert_C"": ""Fully supported""}, ""audit_evidence"": ""The abstract does not explicitly discuss capturing or retaining knowledge.""}, {""question_id"": 2, ""expert_compliance"": {""expert_A"": ""Unsupported"", ""expert_B"": ""Unsupported"", ""expert_C"": ""Fully supported""}, ""audit_evidence"": ""Digital technologies for KR are not clearly identified as being used for capture/retention.""}, {""question_id"": 3, ""expert_compliance"": {""expert_A"": ""Fully supported"", ""expert_B"": ""Unsupported"", ""expert_C"": ""Unsupported""}, ""audit_evidence"": ""Based on the methodology described, the paper is categorized as Empirical Study.""}], ""audit_results"": {""expert_A_audit_result"": ""Not Support"", ""expert_B_audit_result"": ""Not Support"", ""expert_C_audit_result"": ""Partial Support""}}"
dd6b1bd6-9192-48ef-bc6d-f292c7f44603,Methodology For Agile And Iterative Ontology Development For Toolmaking,"{""uuid"": ""dd6b1bd6-9192-48ef-bc6d-f292c7f44603"", ""Title"": ""Methodology For Agile And Iterative Ontology Development For Toolmaking"", ""audit_processes"": [{""question_id"": 1, ""expert_compliance"": {""expert_A"": ""Unsupported"", ""expert_B"": ""Unsupported"", ""expert_C"": ""Unsupported""}, ""audit_evidence"": ""The abstract does not explicitly discuss capturing or retaining knowledge.""}, {""question_id"": 2, ""expert_compliance"": {""expert_A"": ""Unsupported"", ""expert_B"": ""Fully supported"", ""expert_C"": ""Unsupported""}, ""audit_evidence"": ""Digital technologies for KR are not clearly identified as being used for capture/retention.""}, {""question_id"": 3, ""expert_compliance"": {""expert_A"": ""Fully supported"", ""expert_B"": ""Fully supported"", ""expert_C"": ""Unsupported""}, ""audit_evidence"": ""Based on the methodology described, the paper is categorized as Empirical Study.""}], ""audit_results"": {""expert_A_audit_result"": ""Not Support"", ""expert_B_audit_result"": ""Partial Support"", ""expert_C_audit_result"": ""Not Support""}}"
4c0b0f45-a2f4-44a2-b4de-ec2661b31521,Improving Higher Education With The Use Of Mobile Augmented Reality (Mar): A Case Study,"{""uuid"": ""4c0b0f45-a2f4-44a2-b4de-ec2661b31521"", ""Title"": ""Improving Higher Education With The Use Of Mobile Augmented Reality (Mar): A Case Study"", ""audit_processes"": [{""question_id"": 1, ""expert_compliance"": {""expert_A"": ""Unsupported"", ""expert_B"": ""Fully supported"", ""expert_C"": ""Unsupported""}, ""audit_evidence"": ""The abstract explicitly discuss capturing or retaining knowledge.""}, {""question_id"": 2, ""expert_compliance"": {""expert_A"": ""Unsupported"", ""expert_B"": ""Fully supported"", ""expert_C"": ""Unsupported""}, ""audit_evidence"": ""Digital technologies for KR are identified as being used for capture/retention.""}, {""question_id"": 3, ""expert_compliance"": {""expert_A"": ""Fully supported"", ""expert_B"": ""Fully supported"", ""expert_C"": ""Unsupported""}, ""audit_evidence"": ""Based on the methodology described, the paper is categorized as Case Study.""}], ""audit_results"": {""expert_A_audit_result"": ""Not Support"", ""expert_B_audit_result"": ""Fully Support"", ""expert_C_audit_result"": ""Not Support""}}"
5384d089-c98e-4939-bca9-252b9cb14211,The Effect Of Reflection Through Educational Blogging On Students' Learning Performance,"{""uuid"": ""5384d089-c98e-4939-bca9-252b9cb14211"", ""Title"": ""The Effect Of Reflection Through Educational Blogging On Students' Learning Performance"", ""audit_processes"": [{""question_id"": 1, ""expert_compliance"": {""expert_A"": ""Fully supported"", ""expert_B"": ""Unsupported"", ""expert_C"": ""Fully supported""}, ""audit_evidence"": ""The abstract does not explicitly discuss capturing or retaining knowledge.""}, {""question_id"": 2, ""expert_compliance"": {""expert_A"": ""Fully supported"", ""expert_B"": ""Unsupported"", ""expert_C"": ""Fully supported""}, ""audit_evidence"": ""Digital technologies for KR are not clearly identified as being used for capture/retention.""}, {""question_id"": 3, ""expert_compliance"": {""expert_A"": ""Fully supported"", ""expert_B"": ""Fully supported"", ""expert_C"": ""Fully supported""}, ""audit_evidence"": ""Based on the methodology described, the paper is categorized as Empirical Study.""}], ""audit_results"": {""expert_A_audit_result"": ""Fully Support"", ""expert_B_audit_result"": ""Not Support"", ""expert_C_audit_result"": ""Fully Support""}}"
91d121c1-69a5-4467-a125-01f1b09d9378,A Study On The Learning Process Of Applying An Autotutoring System To Teach Reading Strategies To Elementary School Children,"{""uuid"": ""91d121c1-69a5-4467-a125-01f1b09d9378"", ""Title"": ""A Study On The Learning Process Of Applying An Autotutoring System To Teach Reading Strategies To Elementary School Children"", ""audit_processes"": [{""question_id"": 1, ""expert_compliance"": {""expert_A"": ""Fully supported"", ""expert_B"": ""Unsupported"", ""expert_C"": ""Fully supported""}, ""audit_evidence"": ""The abstract does not explicitly discuss capturing or retaining knowledge.""}, {""question_id"": 2, ""expert_compliance"": {""expert_A"": ""Fully supported"", ""expert_B"": ""Unsupported"", ""expert_C"": ""Fully supported""}, ""audit_evidence"": ""Digital technologies for KR are not clearly identified as being used for capture/retention.""}, {""question_id"": 3, ""expert_compliance"": {""expert_A"": ""Fully supported"", ""expert_B"": ""Fully supported"", ""expert_C"": ""Fully supported""}, ""audit_evidence"": ""Based on the methodology described, the paper is categorized as Empirical Study.""}], ""audit_results"": {""expert_A_audit_result"": ""Fully Support"", ""expert_B_audit_result"": ""Not Support"", ""expert_C_audit_result"": ""Fully Support""}}"
3e6c5ba2-1183-42e7-bdc6-dd8004ae2b88,Exploring The Impact Of Interactive Movement-Based Anatomy Learning In Real Classroom Setting Among Kinesiology Students,"{""uuid"": ""3e6c5ba2-1183-42e7-bdc6-dd8004ae2b88"", ""Title"": ""Exploring The Impact Of Interactive Movement-Based Anatomy Learning In Real Classroom Setting Among Kinesiology Students"", ""audit_processes"": [{""question_id"": 1, ""expert_compliance"": {""expert_A"": ""Unsupported"", ""expert_B"": ""Fully supported"", ""expert_C"": ""Fully supported""}, ""audit_evidence"": ""The abstract does not explicitly discuss capturing or retaining knowledge.""}, {""question_id"": 2, ""expert_compliance"": {""expert_A"": ""Unsupported"", ""expert_B"": ""Fully supported"", ""expert_C"": ""Fully supported""}, ""audit_evidence"": ""Digital technologies for KR are not clearly identified as being used for capture/retention.""}, {""question_id"": 3, ""expert_compliance"": {""expert_A"": ""Fully supported"", ""expert_B"": ""Fully supported"", ""expert_C"": ""Fully supported""}, ""audit_evidence"": ""Based on the methodology described, the paper is categorized as Empirical Study.""}], ""audit_results"": {""expert_A_audit_result"": ""Not Support"", ""expert_B_audit_result"": ""Fully Support"", ""expert_C_audit_result"": ""Fully Support""}}"
02127705-87f4-4b12-ab6b-7642ca734854,A Smartphone Application And Education Program For Hearing Health Promotion In High School Teenagers,"{""uuid"": ""02127705-87f4-4b12-ab6b-7642ca734854"", ""Title"": ""A Smartphone Application And Education Program For Hearing Health Promotion In High School Teenagers"", ""audit_processes"": [{""question_id"": 1, ""expert_compliance"": {""expert_A"": ""Fully supported"", ""expert_B"": ""Unsupported"", ""expert_C"": ""Unsupported""}, ""audit_evidence"": ""The abstract explicitly discuss capturing or retaining knowledge.""}, {""question_id"": 2, ""expert_compliance"": {""expert_A"": ""Fully supported"", ""expert_B"": ""Fully supported"", ""expert_C"": ""Unsupported""}, ""audit_evidence"": ""Digital technologies for KR are identified as being used for capture/retention.""}, {""question_id"": 3, ""expert_compliance"": {""expert_A"": ""Fully supported"", ""expert_B"": ""Fully supported"", ""expert_C"": ""Fully supported""}, ""audit_evidence"": ""Based on the methodology described, the paper is categorized as Empirical Study.""}], ""audit_results"": {""expert_A_audit_result"": ""Fully Support"", ""expert_B_audit_result"": ""Partial Support"", ""expert_C_audit_result"": ""Not Support""}}"
dd42d0b1-37de-4d3d-a5ad-d853441c86f7,Attitudes Of An International Student Cohort To The Quizlet Study System Employed In An Advanced Clinical Health Care Review Course,"{""uuid"": ""dd42d0b1-37de-4d3d-a5ad-d853441c86f7"", ""Title"": ""Attitudes Of An International Student Cohort To The Quizlet Study System Employed In An Advanced Clinical Health Care Review Course"", ""audit_processes"": [{""question_id"": 1, ""expert_compliance"": {""expert_A"": ""Fully supported"", ""expert_B"": ""Unsupported"", ""expert_C"": ""Unsupported""}, ""audit_evidence"": ""The abstract explicitly discuss capturing or retaining knowledge.""}, {""question_id"": 2, ""expert_compliance"": {""expert_A"": ""Fully supported"", ""expert_B"": ""Fully supported"", ""expert_C"": ""Unsupported""}, ""audit_evidence"": ""Digital technologies for KR are identified as being used for capture/retention.""}, {""question_id"": 3, ""expert_compliance"": {""expert_A"": ""Unsupported"", ""expert_B"": ""Unsupported"", ""expert_C"": ""Unsupported""}, ""audit_evidence"": ""Based on the methodology described, the paper is categorized as Theoretical/Conceptual.""}], ""audit_results"": {""expert_A_audit_result"": ""Partial Support"", ""expert_B_audit_result"": ""Not Support"", ""expert_C_audit_result"": ""Not Support""}}"
f5b60223-160b-4a6a-80fe-4166c74560e4,Promoting Digital Proficiency And Health Literacy In Middle-Aged And Older Adults Through Mobile Devices With The Workshops For Online Technological Inclusion (Oito) Project: Experimental Study,"{""uuid"": ""f5b60223-160b-4a6a-80fe-4166c74560e4"", ""Title"": ""Promoting Digital Proficiency And Health Literacy In Middle-Aged And Older Adults Through Mobile Devices With The Workshops For Online Technological Inclusion (Oito) Project: Experimental Study"", ""audit_processes"": [{""question_id"": 1, ""expert_compliance"": {""expert_A"": ""Unsupported"", ""expert_B"": ""Fully supported"", ""expert_C"": ""Fully supported""}, ""audit_evidence"": ""The abstract does not explicitly discuss capturing or retaining knowledge.""}, {""question_id"": 2, ""expert_compliance"": {""expert_A"": ""Unsupported"", ""expert_B"": ""Unsupported"", ""expert_C"": ""Fully supported""}, ""audit_evidence"": ""Digital technologies for KR are not clearly identified as being used for capture/retention.""}, {""question_id"": 3, ""expert_compliance"": {""expert_A"": ""Fully supported"", ""expert_B"": ""Fully supported"", ""expert_C"": ""Fully supported""}, ""audit_evidence"": ""Based on the methodology described, the paper is categorized as Empirical Study.""}], ""audit_results"": {""expert_A_audit_result"": ""Not Support"", ""expert_B_audit_result"": ""Partial Support"", ""expert_C_audit_result"": ""Fully Support""}}"
8484bfb1-ffe8-4a01-82d1-00c8aa7c4534,"A Large-Scale, Multiplayer Virtual Reality Deployment: A Novel Approach To Distance Education In Human Anatomy","{""uuid"": ""8484bfb1-ffe8-4a01-82d1-00c8aa7c4534"", ""Title"": ""A Large-Scale, Multiplayer Virtual Reality Deployment: A Novel Approach To Distance Education In Human Anatomy"", ""audit_processes"": [{""question_id"": 1, ""expert_compliance"": {""expert_A"": ""Unsupported"", ""expert_B"": ""Fully supported"", ""expert_C"": ""Fully supported""}, ""audit_evidence"": ""The abstract does not explicitly discuss capturing or retaining knowledge.""}, {""question_id"": 2, ""expert_compliance"": {""expert_A"": ""Unsupported"", ""expert_B"": ""Unsupported"", ""expert_C"": ""Fully supported""}, ""audit_evidence"": ""Digital technologies for KR are not clearly identified as being used for capture/retention.""}, {""question_id"": 3, ""expert_compliance"": {""expert_A"": ""Fully supported"", ""expert_B"": ""Fully supported"", ""expert_C"": ""Fully supported""}, ""audit_evidence"": ""Based on the methodology described, the paper is categorized as Empirical Study.""}], ""audit_results"": {""expert_A_audit_result"": ""Not Support"", ""expert_B_audit_result"": ""Partial Support"", ""expert_C_audit_result"": ""Fully Support""}}"
59b2f823-1bc0-492d-babd-be5823f1b52b,Comparing Knowledge Acquisition And Retention Between Mobile Learning And Traditional Learning In Teaching Respiratory Therapy Students: A Randomized Control Trial,"{""uuid"": ""59b2f823-1bc0-492d-babd-be5823f1b52b"", ""Title"": ""Comparing Knowledge Acquisition And Retention Between Mobile Learning And Traditional Learning In Teaching Respiratory Therapy Students: A Randomized Control Trial"", ""audit_processes"": [{""question_id"": 1, ""expert_compliance"": {""expert_A"": ""Unsupported"", ""expert_B"": ""Fully supported"", ""expert_C"": ""Fully supported""}, ""audit_evidence"": ""The abstract does not explicitly discuss capturing or retaining knowledge.""}, {""question_id"": 2, ""expert_compliance"": {""expert_A"": ""Unsupported"", ""expert_B"": ""Unsupported"", ""expert_C"": ""Fully supported""}, ""audit_evidence"": ""Digital technologies for KR are not clearly identified as being used for capture/retention.""}, {""question_id"": 3, ""expert_compliance"": {""expert_A"": ""Fully supported"", ""expert_B"": ""Fully supported"", ""expert_C"": ""Fully supported""}, ""audit_evidence"": ""Based on the methodology described, the paper is categorized as Empirical Study.""}], ""audit_results"": {""expert_A_audit_result"": ""Not Support"", ""expert_B_audit_result"": ""Partial Support"", ""expert_C_audit_result"": ""Fully Support""}}"
9bd96ac3-32f8-4b50-b04d-e93cd4cbaa80,Improved Spatial Knowledge Acquisition Through Sensory Augmentation,"{""uuid"": ""9bd96ac3-32f8-4b50-b04d-e93cd4cbaa80"", ""Title"": ""Improved Spatial Knowledge Acquisition Through Sensory Augmentation"", ""audit_processes"": [{""question_id"": 1, ""expert_compliance"": {""expert_A"": ""Fully supported"", ""expert_B"": ""Unsupported"", ""expert_C"": ""Fully supported""}, ""audit_evidence"": ""The abstract does not explicitly discuss capturing or retaining knowledge.""}, {""question_id"": 2, ""expert_compliance"": {""expert_A"": ""Fully supported"", ""expert_B"": ""Unsupported"", ""expert_C"": ""Fully supported""}, ""audit_evidence"": ""Digital technologies for KR are not clearly identified as being used for capture/retention.""}, {""question_id"": 3, ""expert_compliance"": {""expert_A"": ""Fully supported"", ""expert_B"": ""Fully supported"", ""expert_C"": ""Fully supported""}, ""audit_evidence"": ""Based on the methodology described, the paper is categorized as Empirical Study.""}], ""audit_results"": {""expert_A_audit_result"": ""Fully Support"", ""expert_B_audit_result"": ""Not Support"", ""expert_C_audit_result"": ""Fully Support""}}"
9bb98d0e-d6d9-41cd-b8ad-2aa24cc5ad2e,The Impact Of It Change On Corporate Environmental Violations: Toward Information Asymmetry And Stakeholder Theory,"{""uuid"": ""9bb98d0e-d6d9-41cd-b8ad-2aa24cc5ad2e"", ""Title"": ""The Impact Of It Change On Corporate Environmental Violations: Toward Information Asymmetry And Stakeholder Theory"", ""audit_processes"": [{""question_id"": 1, ""expert_compliance"": {""expert_A"": ""Fully supported"", ""expert_B"": ""Fully supported"", ""expert_C"": ""Unsupported""}, ""audit_evidence"": ""The abstract does not explicitly discuss capturing or retaining knowledge.""}, {""question_id"": 2, ""expert_compliance"": {""expert_A"": ""Fully supported"", ""expert_B"": ""Fully supported"", ""expert_C"": ""Unsupported""}, ""audit_evidence"": ""Digital technologies for KR are not clearly identified as being used for capture/retention.""}, {""question_id"": 3, ""expert_compliance"": {""expert_A"": ""Fully supported"", ""expert_B"": ""Fully supported"", ""expert_C"": ""Fully supported""}, ""audit_evidence"": ""Based on the methodology described, the paper is categorized as Empirical Study.""}], ""audit_results"": {""expert_A_audit_result"": ""Fully Support"", ""expert_B_audit_result"": ""Fully Support"", ""expert_C_audit_result"": ""Not Support""}}"
a72f39c4-6a92-4c1c-8ecb-b65447e2ae26,A Novel Tactile Learning Assistive Tool For The Visually And Hearing Impaired With 3D-Cnn And Bidirectional Lstm Leveraging Morse Code Technology,"{""uuid"": ""a72f39c4-6a92-4c1c-8ecb-b65447e2ae26"", ""Title"": ""A Novel Tactile Learning Assistive Tool For The Visually And Hearing Impaired With 3D-Cnn And Bidirectional Lstm Leveraging Morse Code Technology"", ""audit_processes"": [{""question_id"": 1, ""expert_compliance"": {""expert_A"": ""Fully supported"", ""expert_B"": ""Unsupported"", ""expert_C"": ""Fully supported""}, ""audit_evidence"": ""The abstract does not explicitly discuss capturing or retaining knowledge.""}, {""question_id"": 2, ""expert_compliance"": {""expert_A"": ""Unsupported"", ""expert_B"": ""Unsupported"", ""expert_C"": ""Fully supported""}, ""audit_evidence"": ""Digital technologies for KR are not clearly identified as being used for capture/retention.""}, {""question_id"": 3, ""expert_compliance"": {""expert_A"": ""Fully supported"", ""expert_B"": ""Fully supported"", ""expert_C"": ""Fully supported""}, ""audit_evidence"": ""Based on the methodology described, the paper is categorized as Empirical Study.""}], ""audit_results"": {""expert_A_audit_result"": ""Partial Support"", ""expert_B_audit_result"": ""Not Support"", ""expert_C_audit_result"": ""Fully Support""}}"
66f9c195-e2b6-4402-b778-a5963d2d6642,Impact Of Mixed Reality (Mr) Technologies On Nursing Education: A Systematic Review,"{""uuid"": ""66f9c195-e2b6-4402-b778-a5963d2d6642"", ""Title"": ""Impact Of Mixed Reality (Mr) Technologies On Nursing Education: A Systematic Review"", ""audit_processes"": [{""question_id"": 1, ""expert_compliance"": {""expert_A"": ""Fully supported"", ""expert_B"": ""Unsupported"", ""expert_C"": ""Fully supported""}, ""audit_evidence"": ""The abstract does not explicitly discuss capturing or retaining knowledge.""}, {""question_id"": 2, ""expert_compliance"": {""expert_A"": ""Unsupported"", ""expert_B"": ""Unsupported"", ""expert_C"": ""Fully supported""}, ""audit_evidence"": ""Digital technologies for KR are not clearly identified as being used for capture/retention.""}, {""question_id"": 3, ""expert_compliance"": {""expert_A"": ""Unsupported"", ""expert_B"": ""Fully supported"", ""expert_C"": ""Unsupported""}, ""audit_evidence"": ""Based on the methodology described, the paper is categorized as Empirical Study.""}], ""audit_results"": {""expert_A_audit_result"": ""Not Support"", ""expert_B_audit_result"": ""Not Support"", ""expert_C_audit_result"": ""Partial Support""}}"
dcc509cd-2368-4c10-b268-2850fdbca8cb,Development And Validation Of An Escape Game For Food Safety Education: Gamifying The Management Of A Food-Borne Health Alert,"{""uuid"": ""dcc509cd-2368-4c10-b268-2850fdbca8cb"", ""Title"": ""Development And Validation Of An Escape Game For Food Safety Education: Gamifying The Management Of A Food-Borne Health Alert"", ""audit_processes"": [{""question_id"": 1, ""expert_compliance"": {""expert_A"": ""Unsupported"", ""expert_B"": ""Fully supported"", ""expert_C"": ""Unsupported""}, ""audit_evidence"": ""The abstract explicitly discuss capturing or retaining knowledge.""}, {""question_id"": 2, ""expert_compliance"": {""expert_A"": ""Unsupported"", ""expert_B"": ""Fully supported"", ""expert_C"": ""Unsupported""}, ""audit_evidence"": ""Digital technologies for KR are identified as being used for capture/retention.""}, {""question_id"": 3, ""expert_compliance"": {""expert_A"": ""Fully supported"", ""expert_B"": ""Fully supported"", ""expert_C"": ""Fully supported""}, ""audit_evidence"": ""Based on the methodology described, the paper is categorized as Empirical Study.""}], ""audit_results"": {""expert_A_audit_result"": ""Not Support"", ""expert_B_audit_result"": ""Fully Support"", ""expert_C_audit_result"": ""Not Support""}}"
e97e1b7c-4eff-4d1b-aaff-d09cec135b2a,Action Maze And Role Playing In Comparison: A Randomized Field Trial On Simulation-Based Teaching Methodologies In Critical Care,"{""uuid"": ""e97e1b7c-4eff-4d1b-aaff-d09cec135b2a"", ""Title"": ""Action Maze And Role Playing In Comparison: A Randomized Field Trial On Simulation-Based Teaching Methodologies In Critical Care"", ""audit_processes"": [{""question_id"": 1, ""expert_compliance"": {""expert_A"": ""Fully supported"", ""expert_B"": ""Unsupported"", ""expert_C"": ""Fully supported""}, ""audit_evidence"": ""The abstract does not explicitly discuss capturing or retaining knowledge.""}, {""question_id"": 2, ""expert_compliance"": {""expert_A"": ""Fully supported"", ""expert_B"": ""Unsupported"", ""expert_C"": ""Fully supported""}, ""audit_evidence"": ""Digital technologies for KR are not clearly identified as being used for capture/retention.""}, {""question_id"": 3, ""expert_compliance"": {""expert_A"": ""Fully supported"", ""expert_B"": ""Fully supported"", ""expert_C"": ""Fully supported""}, ""audit_evidence"": ""Based on the methodology described, the paper is categorized as Empirical Study.""}], ""audit_results"": {""expert_A_audit_result"": ""Fully Support"", ""expert_B_audit_result"": ""Not Support"", ""expert_C_audit_result"": ""Fully Support""}}"
96c76769-f9f4-4cfe-bd83-860e96ed0109,Immersive Virtual Reality For Enabling Patient Experience And Enrollment In Oncology Clinical Trials: A Feasibility Study,"{""uuid"": ""96c76769-f9f4-4cfe-bd83-860e96ed0109"", ""Title"": ""Immersive Virtual Reality For Enabling Patient Experience And Enrollment In Oncology Clinical Trials: A Feasibility Study"", ""audit_processes"": [{""question_id"": 1, ""expert_compliance"": {""expert_A"": ""Unsupported"", ""expert_B"": ""Fully supported"", ""expert_C"": ""Unsupported""}, ""audit_evidence"": ""The abstract explicitly discuss capturing or retaining knowledge.""}, {""question_id"": 2, ""expert_compliance"": {""expert_A"": ""Fully supported"", ""expert_B"": ""Fully supported"", ""expert_C"": ""Unsupported""}, ""audit_evidence"": ""Digital technologies for KR are identified as being used for capture/retention.""}, {""question_id"": 3, ""expert_compliance"": {""expert_A"": ""Fully supported"", ""expert_B"": ""Fully supported"", ""expert_C"": ""Fully supported""}, ""audit_evidence"": ""Based on the methodology described, the paper is categorized as Empirical Study.""}], ""audit_results"": {""expert_A_audit_result"": ""Partial Support"", ""expert_B_audit_result"": ""Fully Support"", ""expert_C_audit_result"": ""Not Support""}}"
6b8b61c2-df47-4524-834c-0143ba23c91b,Tcm Academy-Online Platform For Acupuncture And Traditional Chinese Medicine Education: Advancing Global Standards,"{""uuid"": ""6b8b61c2-df47-4524-834c-0143ba23c91b"", ""Title"": ""Tcm Academy-Online Platform For Acupuncture And Traditional Chinese Medicine Education: Advancing Global Standards"", ""audit_processes"": [{""question_id"": 1, ""expert_compliance"": {""expert_A"": ""Unsupported"", ""expert_B"": ""Fully supported"", ""expert_C"": ""Unsupported""}, ""audit_evidence"": ""The abstract explicitly discuss capturing or retaining knowledge.""}, {""question_id"": 2, ""expert_compliance"": {""expert_A"": ""Fully supported"", ""expert_B"": ""Fully supported"", ""expert_C"": ""Unsupported""}, ""audit_evidence"": ""Digital technologies for KR are identified as being used for capture/retention.""}, {""question_id"": 3, ""expert_compliance"": {""expert_A"": ""Fully supported"", ""expert_B"": ""Unsupported"", ""expert_C"": ""Unsupported""}, ""audit_evidence"": ""Based on the methodology described, the paper is categorized as Empirical Study.""}], ""audit_results"": {""expert_A_audit_result"": ""Partial Support"", ""expert_B_audit_result"": ""Partial Support"", ""expert_C_audit_result"": ""Not Support""}}"
bbd423b3-e483-47b3-9e65-ff59c7c6c64f,Factors Influencing Educators' Perspectives On Accepting Extended Reality In Health Care Education: Qualitative Study,"{""uuid"": ""bbd423b3-e483-47b3-9e65-ff59c7c6c64f"", ""Title"": ""Factors Influencing Educators' Perspectives On Accepting Extended Reality In Health Care Education: Qualitative Study"", ""audit_processes"": [{""question_id"": 1, ""expert_compliance"": {""expert_A"": ""Unsupported"", ""expert_B"": ""Fully supported"", ""expert_C"": ""Unsupported""}, ""audit_evidence"": ""The abstract explicitly discuss capturing or retaining knowledge.""}, {""question_id"": 2, ""expert_compliance"": {""expert_A"": ""Fully supported"", ""expert_B"": ""Fully supported"", ""expert_C"": ""Unsupported""}, ""audit_evidence"": ""Digital technologies for KR are identified as being used for capture/retention.""}, {""question_id"": 3, ""expert_compliance"": {""expert_A"": ""Unsupported"", ""expert_B"": ""Fully supported"", ""expert_C"": ""Fully supported""}, ""audit_evidence"": ""Based on the methodology described, the paper is categorized as Empirical Study.""}], ""audit_results"": {""expert_A_audit_result"": ""Not Support"", ""expert_B_audit_result"": ""Fully Support"", ""expert_C_audit_result"": ""Not Support""}}"
ae6fc07f-8387-4b7b-895f-7be49dc4f595,Impact Of A Wechat-Based Intervention On Nurses Knowledge And Practice In Peripheral Venous Catheter Insertion,"{""uuid"": ""ae6fc07f-8387-4b7b-895f-7be49dc4f595"", ""Title"": ""Impact Of A Wechat-Based Intervention On Nurses Knowledge And Practice In Peripheral Venous Catheter Insertion"", ""audit_processes"": [{""question_id"": 1, ""expert_compliance"": {""expert_A"": ""Unsupported"", ""expert_B"": ""Fully supported"", ""expert_C"": ""Fully supported""}, ""audit_evidence"": ""The abstract does not explicitly discuss capturing or retaining knowledge.""}, {""question_id"": 2, ""expert_compliance"": {""expert_A"": ""Unsupported"", ""expert_B"": ""Unsupported"", ""expert_C"": ""Fully supported""}, ""audit_evidence"": ""Digital technologies for KR are not clearly identified as being used for capture/retention.""}, {""question_id"": 3, ""expert_compliance"": {""expert_A"": ""Fully supported"", ""expert_B"": ""Fully supported"", ""expert_C"": ""Fully supported""}, ""audit_evidence"": ""Based on the methodology described, the paper is categorized as Empirical Study.""}], ""audit_results"": {""expert_A_audit_result"": ""Not Support"", ""expert_B_audit_result"": ""Partial Support"", ""expert_C_audit_result"": ""Fully Support""}}"
14335dff-5ce3-4eec-ba35-e115861a9b8b,Usability Of Mixed Reality For Naloxone Training: Iterative Development And Field Testing Of Revivexr,"{""uuid"": ""14335dff-5ce3-4eec-ba35-e115861a9b8b"", ""Title"": ""Usability Of Mixed Reality For Naloxone Training: Iterative Development And Field Testing Of Revivexr"", ""audit_processes"": [{""question_id"": 1, ""expert_compliance"": {""expert_A"": ""Fully supported"", ""expert_B"": ""Unsupported"", ""expert_C"": ""Fully supported""}, ""audit_evidence"": ""The abstract does not explicitly discuss capturing or retaining knowledge.""}, {""question_id"": 2, ""expert_compliance"": {""expert_A"": ""Fully supported"", ""expert_B"": ""Unsupported"", ""expert_C"": ""Fully supported""}, ""audit_evidence"": ""Digital technologies for KR are not clearly identified as being used for capture/retention.""}, {""question_id"": 3, ""expert_compliance"": {""expert_A"": ""Fully supported"", ""expert_B"": ""Fully supported"", ""expert_C"": ""Fully supported""}, ""audit_evidence"": ""Based on the methodology described, the paper is categorized as Empirical Study.""}], ""audit_results"": {""expert_A_audit_result"": ""Fully Support"", ""expert_B_audit_result"": ""Not Support"", ""expert_C_audit_result"": ""Fully Support""}}"
e89c2850-014a-4701-bdee-f8ebe2fcb979,Effect Of Virtual Reality Educational Program On Critical Thinking Disposition Among Nursing Students In Egypt: A Quasi-Experimental Pretest-Posttest Design,"{""uuid"": ""e89c2850-014a-4701-bdee-f8ebe2fcb979"", ""Title"": ""Effect Of Virtual Reality Educational Program On Critical Thinking Disposition Among Nursing Students In Egypt: A Quasi-Experimental Pretest-Posttest Design"", ""audit_processes"": [{""question_id"": 1, ""expert_compliance"": {""expert_A"": ""Unsupported"", ""expert_B"": ""Fully supported"", ""expert_C"": ""Unsupported""}, ""audit_evidence"": ""The abstract explicitly discuss capturing or retaining knowledge.""}, {""question_id"": 2, ""expert_compliance"": {""expert_A"": ""Unsupported"", ""expert_B"": ""Fully supported"", ""expert_C"": ""Unsupported""}, ""audit_evidence"": ""Digital technologies for KR are identified as being used for capture/retention.""}, {""question_id"": 3, ""expert_compliance"": {""expert_A"": ""Fully supported"", ""expert_B"": ""Fully supported"", ""expert_C"": ""Fully supported""}, ""audit_evidence"": ""Based on the methodology described, the paper is categorized as Empirical Study.""}], ""audit_results"": {""expert_A_audit_result"": ""Not Support"", ""expert_B_audit_result"": ""Fully Support"", ""expert_C_audit_result"": ""Not Support""}}"
c658e980-2a61-457a-903c-cbea594555af,From Surface To Deep Learning: Gamified Mobile Education For Subcutaneous And Intramuscular Injection Skills,"{""uuid"": ""c658e980-2a61-457a-903c-cbea594555af"", ""Title"": ""From Surface To Deep Learning: Gamified Mobile Education For Subcutaneous And Intramuscular Injection Skills"", ""audit_processes"": [{""question_id"": 1, ""expert_compliance"": {""expert_A"": ""Unsupported"", ""expert_B"": ""Fully supported"", ""expert_C"": ""Unsupported""}, ""audit_evidence"": ""The abstract explicitly discuss capturing or retaining knowledge.""}, {""question_id"": 2, ""expert_compliance"": {""expert_A"": ""Unsupported"", ""expert_B"": ""Fully supported"", ""expert_C"": ""Unsupported""}, ""audit_evidence"": ""Digital technologies for KR are identified as being used for capture/retention.""}, {""question_id"": 3, ""expert_compliance"": {""expert_A"": ""Fully supported"", ""expert_B"": ""Fully supported"", ""expert_C"": ""Fully supported""}, ""audit_evidence"": ""Based on the methodology described, the paper is categorized as Empirical Study.""}], ""audit_results"": {""expert_A_audit_result"": ""Not Support"", ""expert_B_audit_result"": ""Fully Support"", ""expert_C_audit_result"": ""Not Support""}}"
d0f7cb80-b6fb-416c-a546-d9000a81d8ef,Enhancing Educational Outcomes Through Hybrid Simulation Methods,"{""uuid"": ""d0f7cb80-b6fb-416c-a546-d9000a81d8ef"", ""Title"": ""Enhancing Educational Outcomes Through Hybrid Simulation Methods"", ""audit_processes"": [{""question_id"": 1, ""expert_compliance"": {""expert_A"": ""Fully supported"", ""expert_B"": ""Unsupported"", ""expert_C"": ""Unsupported""}, ""audit_evidence"": ""The abstract explicitly discuss capturing or retaining knowledge.""}, {""question_id"": 2, ""expert_compliance"": {""expert_A"": ""Fully supported"", ""expert_B"": ""Fully supported"", ""expert_C"": ""Unsupported""}, ""audit_evidence"": ""Digital technologies for KR are identified as being used for capture/retention.""}, {""question_id"": 3, ""expert_compliance"": {""expert_A"": ""Fully supported"", ""expert_B"": ""Fully supported"", ""expert_C"": ""Fully supported""}, ""audit_evidence"": ""Based on the methodology described, the paper is categorized as Empirical Study.""}], ""audit_results"": {""expert_A_audit_result"": ""Fully Support"", ""expert_B_audit_result"": ""Partial Support"", ""expert_C_audit_result"": ""Not Support""}}"
e118cb51-8206-4274-ade9-e5d8279ea92b,"The Impact Of An Artificial Intelligence Enhancement Program On Healthcare Providers' Knowledge, Attitudes, And Workplace Flourishing","{""uuid"": ""e118cb51-8206-4274-ade9-e5d8279ea92b"", ""Title"": ""The Impact Of An Artificial Intelligence Enhancement Program On Healthcare Providers' Knowledge, Attitudes, And Workplace Flourishing"", ""audit_processes"": [{""question_id"": 1, ""expert_compliance"": {""expert_A"": ""Unsupported"", ""expert_B"": ""Fully supported"", ""expert_C"": ""Fully supported""}, ""audit_evidence"": ""The abstract does not explicitly discuss capturing or retaining knowledge.""}, {""question_id"": 2, ""expert_compliance"": {""expert_A"": ""Unsupported"", ""expert_B"": ""Fully supported"", ""expert_C"": ""Fully supported""}, ""audit_evidence"": ""Digital technologies for KR are not clearly identified as being used for capture/retention.""}, {""question_id"": 3, ""expert_compliance"": {""expert_A"": ""Fully supported"", ""expert_B"": ""Fully supported"", ""expert_C"": ""Fully supported""}, ""audit_evidence"": ""Based on the methodology described, the paper is categorized as Empirical Study.""}], ""audit_results"": {""expert_A_audit_result"": ""Not Support"", ""expert_B_audit_result"": ""Fully Support"", ""expert_C_audit_result"": ""Fully Support""}}"
00e7a588-358c-49d0-bab4-3154939e6fc6,Certainty-Based Marking In Multiple-Choice Assessments In Physiology: A Web-Based Implementation Using An Ai Assistant,"{""uuid"": ""00e7a588-358c-49d0-bab4-3154939e6fc6"", ""Title"": ""Certainty-Based Marking In Multiple-Choice Assessments In Physiology: A Web-Based Implementation Using An Ai Assistant"", ""audit_processes"": [{""question_id"": 1, ""expert_compliance"": {""expert_A"": ""Unsupported"", ""expert_B"": ""Fully supported"", ""expert_C"": ""Unsupported""}, ""audit_evidence"": ""The abstract explicitly discuss capturing or retaining knowledge.""}, {""question_id"": 2, ""expert_compliance"": {""expert_A"": ""Fully supported"", ""expert_B"": ""Fully supported"", ""expert_C"": ""Unsupported""}, ""audit_evidence"": ""Digital technologies for KR are identified as being used for capture/retention.""}, {""question_id"": 3, ""expert_compliance"": {""expert_A"": ""Fully supported"", ""expert_B"": ""Fully supported"", ""expert_C"": ""Fully supported""}, ""audit_evidence"": ""Based on the methodology described, the paper is categorized as Empirical Study.""}], ""audit_results"": {""expert_A_audit_result"": ""Partial Support"", ""expert_B_audit_result"": ""Fully Support"", ""expert_C_audit_result"": ""Not Support""}}"
dac85a16-b40f-45ca-9139-85da7468278e,"Virtual Simulation Experiments In Medical Education: Technology Acceptance, Learning Outcomes, And Motivational Impacts","{""uuid"": ""dac85a16-b40f-45ca-9139-85da7468278e"", ""Title"": ""Virtual Simulation Experiments In Medical Education: Technology Acceptance, Learning Outcomes, And Motivational Impacts"", ""audit_processes"": [{""question_id"": 1, ""expert_compliance"": {""expert_A"": ""Unsupported"", ""expert_B"": ""Fully supported"", ""expert_C"": ""Unsupported""}, ""audit_evidence"": ""The abstract explicitly discuss capturing or retaining knowledge.""}, {""question_id"": 2, ""expert_compliance"": {""expert_A"": ""Fully supported"", ""expert_B"": ""Fully supported"", ""expert_C"": ""Unsupported""}, ""audit_evidence"": ""Digital technologies for KR are identified as being used for capture/retention.""}, {""question_id"": 3, ""expert_compliance"": {""expert_A"": ""Fully supported"", ""expert_B"": ""Fully supported"", ""expert_C"": ""Fully supported""}, ""audit_evidence"": ""Based on the methodology described, the paper is categorized as Empirical Study.""}], ""audit_results"": {""expert_A_audit_result"": ""Partial Support"", ""expert_B_audit_result"": ""Fully Support"", ""expert_C_audit_result"": ""Not Support""}}"
9265c719-9d7f-4970-a0b4-f8c97e95599f,Acceptance And Feasibility Of Virtual Reality For Teaching Adult Basic Life Support In Older Populations,"{""uuid"": ""9265c719-9d7f-4970-a0b4-f8c97e95599f"", ""Title"": ""Acceptance And Feasibility Of Virtual Reality For Teaching Adult Basic Life Support In Older Populations"", ""audit_processes"": [{""question_id"": 1, ""expert_compliance"": {""expert_A"": ""Fully supported"", ""expert_B"": ""Unsupported"", ""expert_C"": ""Fully supported""}, ""audit_evidence"": ""The abstract does not explicitly discuss capturing or retaining knowledge.""}, {""question_id"": 2, ""expert_compliance"": {""expert_A"": ""Unsupported"", ""expert_B"": ""Unsupported"", ""expert_C"": ""Fully supported""}, ""audit_evidence"": ""Digital technologies for KR are not clearly identified as being used for capture/retention.""}, {""question_id"": 3, ""expert_compliance"": {""expert_A"": ""Fully supported"", ""expert_B"": ""Fully supported"", ""expert_C"": ""Fully supported""}, ""audit_evidence"": ""Based on the methodology described, the paper is categorized as Empirical Study.""}], ""audit_results"": {""expert_A_audit_result"": ""Partial Support"", ""expert_B_audit_result"": ""Not Support"", ""expert_C_audit_result"": ""Fully Support""}}"
606e1535-0f44-4795-9e86-d7cc8c73cd77,A Gamified Metaverse Platform (Mammoverse) For Breast Health Education: A Mixed-Methods Study,"{""uuid"": ""606e1535-0f44-4795-9e86-d7cc8c73cd77"", ""Title"": ""A Gamified Metaverse Platform (Mammoverse) For Breast Health Education: A Mixed-Methods Study"", ""audit_processes"": [{""question_id"": 1, ""expert_compliance"": {""expert_A"": ""Fully supported"", ""expert_B"": ""Unsupported"", ""expert_C"": ""Fully supported""}, ""audit_evidence"": ""The abstract does not explicitly discuss capturing or retaining knowledge.""}, {""question_id"": 2, ""expert_compliance"": {""expert_A"": ""Unsupported"", ""expert_B"": ""Unsupported"", ""expert_C"": ""Fully supported""}, ""audit_evidence"": ""Digital technologies for KR are not clearly identified as being used for capture/retention.""}, {""question_id"": 3, ""expert_compliance"": {""expert_A"": ""Fully supported"", ""expert_B"": ""Fully supported"", ""expert_C"": ""Fully supported""}, ""audit_evidence"": ""Based on the methodology described, the paper is categorized as Empirical Study.""}], ""audit_results"": {""expert_A_audit_result"": ""Partial Support"", ""expert_B_audit_result"": ""Not Support"", ""expert_C_audit_result"": ""Fully Support""}}"
90c04e28-1005-4e0e-8985-364b0b93c6a4,Assessing The Use Of Vr As A Tool For Teaching Hypoxia In Preclinical Medical Education: A Mixed-Methods Study Focusing On Student Experience And Learning,"{""uuid"": ""90c04e28-1005-4e0e-8985-364b0b93c6a4"", ""Title"": ""Assessing The Use Of Vr As A Tool For Teaching Hypoxia In Preclinical Medical Education: A Mixed-Methods Study Focusing On Student Experience And Learning"", ""audit_processes"": [{""question_id"": 1, ""expert_compliance"": {""expert_A"": ""Fully supported"", ""expert_B"": ""Unsupported"", ""expert_C"": ""Fully supported""}, ""audit_evidence"": ""The abstract does not explicitly discuss capturing or retaining knowledge.""}, {""question_id"": 2, ""expert_compliance"": {""expert_A"": ""Unsupported"", ""expert_B"": ""Unsupported"", ""expert_C"": ""Fully supported""}, ""audit_evidence"": ""Digital technologies for KR are not clearly identified as being used for capture/retention.""}, {""question_id"": 3, ""expert_compliance"": {""expert_A"": ""Fully supported"", ""expert_B"": ""Fully supported"", ""expert_C"": ""Fully supported""}, ""audit_evidence"": ""Based on the methodology described, the paper is categorized as Empirical Study.""}], ""audit_results"": {""expert_A_audit_result"": ""Partial Support"", ""expert_B_audit_result"": ""Not Support"", ""expert_C_audit_result"": ""Fully Support""}}"
3718f77c-5748-477f-81f0-37f80de2d9bc,Lessons Learned: Transitioning From Cadaveric Dissection To Virtual Anatomy And Point-Of-Care Ultrasound In Physician Assistant Education,"{""uuid"": ""3718f77c-5748-477f-81f0-37f80de2d9bc"", ""Title"": ""Lessons Learned: Transitioning From Cadaveric Dissection To Virtual Anatomy And Point-Of-Care Ultrasound In Physician Assistant Education"", ""audit_processes"": [{""question_id"": 1, ""expert_compliance"": {""expert_A"": ""Unsupported"", ""expert_B"": ""Fully supported"", ""expert_C"": ""Unsupported""}, ""audit_evidence"": ""The abstract explicitly discuss capturing or retaining knowledge.""}, {""question_id"": 2, ""expert_compliance"": {""expert_A"": ""Fully supported"", ""expert_B"": ""Fully supported"", ""expert_C"": ""Unsupported""}, ""audit_evidence"": ""Digital technologies for KR are identified as being used for capture/retention.""}, {""question_id"": 3, ""expert_compliance"": {""expert_A"": ""Unsupported"", ""expert_B"": ""Unsupported"", ""expert_C"": ""Unsupported""}, ""audit_evidence"": ""Based on the methodology described, the paper is categorized as Theoretical/Conceptual.""}], ""audit_results"": {""expert_A_audit_result"": ""Not Support"", ""expert_B_audit_result"": ""Partial Support"", ""expert_C_audit_result"": ""Not Support""}}"
89fa8889-d958-4d88-a9d1-f04e9f762dba,Ai Empowers Traditional Physical Education Teaching In Higher Vocational Education: Exploring New Paths For The Integration Of Health Education,"{""uuid"": ""89fa8889-d958-4d88-a9d1-f04e9f762dba"", ""Title"": ""Ai Empowers Traditional Physical Education Teaching In Higher Vocational Education: Exploring New Paths For The Integration Of Health Education"", ""audit_processes"": [{""question_id"": 1, ""expert_compliance"": {""expert_A"": ""Unsupported"", ""expert_B"": ""Fully supported"", ""expert_C"": ""Unsupported""}, ""audit_evidence"": ""The abstract explicitly discuss capturing or retaining knowledge.""}, {""question_id"": 2, ""expert_compliance"": {""expert_A"": ""Fully supported"", ""expert_B"": ""Fully supported"", ""expert_C"": ""Unsupported""}, ""audit_evidence"": ""Digital technologies for KR are identified as being used for capture/retention.""}, {""question_id"": 3, ""expert_compliance"": {""expert_A"": ""Fully supported"", ""expert_B"": ""Fully supported"", ""expert_C"": ""Fully supported""}, ""audit_evidence"": ""Based on the methodology described, the paper is categorized as Empirical Study.""}], ""audit_results"": {""expert_A_audit_result"": ""Partial Support"", ""expert_B_audit_result"": ""Fully Support"", ""expert_C_audit_result"": ""Not Support""}}"
b9f2a9ae-59c5-49b0-acd5-906124fae046,Clicking One Dot Opens A Whole New World: A Qualitative Study On Using Knowledge Graphs In Surgical Nursing Education,"{""uuid"": ""b9f2a9ae-59c5-49b0-acd5-906124fae046"", ""Title"": ""Clicking One Dot Opens A Whole New World: A Qualitative Study On Using Knowledge Graphs In Surgical Nursing Education"", ""audit_processes"": [{""question_id"": 1, ""expert_compliance"": {""expert_A"": ""Unsupported"", ""expert_B"": ""Fully supported"", ""expert_C"": ""Unsupported""}, ""audit_evidence"": ""The abstract explicitly discuss capturing or retaining knowledge.""}, {""question_id"": 2, ""expert_compliance"": {""expert_A"": ""Fully supported"", ""expert_B"": ""Fully supported"", ""expert_C"": ""Unsupported""}, ""audit_evidence"": ""Digital technologies for KR are identified as being used for capture/retention.""}, {""question_id"": 3, ""expert_compliance"": {""expert_A"": ""Fully supported"", ""expert_B"": ""Fully supported"", ""expert_C"": ""Fully supported""}, ""audit_evidence"": ""Based on the methodology described, the paper is categorized as Empirical Study.""}], ""audit_results"": {""expert_A_audit_result"": ""Partial Support"", ""expert_B_audit_result"": ""Fully Support"", ""expert_C_audit_result"": ""Not Support""}}"
51ef41f0-6658-4314-aeec-a0b4095005f0,The Mind Model A Microlearning Ai-Integrated Instructional Design For Enhanced Learning Outcomes,"{""uuid"": ""51ef41f0-6658-4314-aeec-a0b4095005f0"", ""Title"": ""The Mind Model A Microlearning Ai-Integrated Instructional Design For Enhanced Learning Outcomes"", ""audit_processes"": [{""question_id"": 1, ""expert_compliance"": {""expert_A"": ""Fully supported"", ""expert_B"": ""Unsupported"", ""expert_C"": ""Fully supported""}, ""audit_evidence"": ""The abstract does not explicitly discuss capturing or retaining knowledge.""}, {""question_id"": 2, ""expert_compliance"": {""expert_A"": ""Unsupported"", ""expert_B"": ""Unsupported"", ""expert_C"": ""Fully supported""}, ""audit_evidence"": ""Digital technologies for KR are not clearly identified as being used for capture/retention.""}, {""question_id"": 3, ""expert_compliance"": {""expert_A"": ""Fully supported"", ""expert_B"": ""Fully supported"", ""expert_C"": ""Fully supported""}, ""audit_evidence"": ""Based on the methodology described, the paper is categorized as Empirical Study.""}], ""audit_results"": {""expert_A_audit_result"": ""Partial Support"", ""expert_B_audit_result"": ""Not Support"", ""expert_C_audit_result"": ""Fully Support""}}"
2d2db4b2-aa1c-4afd-a4d5-0778a788bf6e,In-Theatre Demonstration Of Laparoscopic Retroperitoneal Anatomy As An Educational Tool For Final-Year Mbbs Students: A Novel Quasi Randomized Experiment,"{""uuid"": ""2d2db4b2-aa1c-4afd-a4d5-0778a788bf6e"", ""Title"": ""In-Theatre Demonstration Of Laparoscopic Retroperitoneal Anatomy As An Educational Tool For Final-Year Mbbs Students: A Novel Quasi Randomized Experiment"", ""audit_processes"": [{""question_id"": 1, ""expert_compliance"": {""expert_A"": ""Fully supported"", ""expert_B"": ""Unsupported"", ""expert_C"": ""Fully supported""}, ""audit_evidence"": ""The abstract does not explicitly discuss capturing or retaining knowledge.""}, {""question_id"": 2, ""expert_compliance"": {""expert_A"": ""Unsupported"", ""expert_B"": ""Unsupported"", ""expert_C"": ""Fully supported""}, ""audit_evidence"": ""Digital technologies for KR are not clearly identified as being used for capture/retention.""}, {""question_id"": 3, ""expert_compliance"": {""expert_A"": ""Fully supported"", ""expert_B"": ""Fully supported"", ""expert_C"": ""Fully supported""}, ""audit_evidence"": ""Based on the methodology described, the paper is categorized as Empirical Study.""}], ""audit_results"": {""expert_A_audit_result"": ""Partial Support"", ""expert_B_audit_result"": ""Not Support"", ""expert_C_audit_result"": ""Fully Support""}}"
5bfb88bc-2a0a-4973-992e-23b2f66dd668,Application Of Problem-Based Learning Combined With Three-Dimensional Visualization Reconstruction Technology In Trauma Orthopedics Teaching And Its Impact On Teaching Satisfaction,"{""uuid"": ""5bfb88bc-2a0a-4973-992e-23b2f66dd668"", ""Title"": ""Application Of Problem-Based Learning Combined With Three-Dimensional Visualization Reconstruction Technology In Trauma Orthopedics Teaching And Its Impact On Teaching Satisfaction"", ""audit_processes"": [{""question_id"": 1, ""expert_compliance"": {""expert_A"": ""Fully supported"", ""expert_B"": ""Unsupported"", ""expert_C"": ""Fully supported""}, ""audit_evidence"": ""The abstract does not explicitly discuss capturing or retaining knowledge.""}, {""question_id"": 2, ""expert_compliance"": {""expert_A"": ""Unsupported"", ""expert_B"": ""Unsupported"", ""expert_C"": ""Fully supported""}, ""audit_evidence"": ""Digital technologies for KR are not clearly identified as being used for capture/retention.""}, {""question_id"": 3, ""expert_compliance"": {""expert_A"": ""Fully supported"", ""expert_B"": ""Fully supported"", ""expert_C"": ""Fully supported""}, ""audit_evidence"": ""Based on the methodology described, the paper is categorized as Empirical Study.""}], ""audit_results"": {""expert_A_audit_result"": ""Partial Support"", ""expert_B_audit_result"": ""Not Support"", ""expert_C_audit_result"": ""Fully Support""}}"
3c09b67f-e508-412f-b35a-1ff187cf969c,Evaluation Of An Education Programme For Introducing Bioelectrical Impedance Analysis To Neonatal Unit Staff: A Mixed Methods Study,"{""uuid"": ""3c09b67f-e508-412f-b35a-1ff187cf969c"", ""Title"": ""Evaluation Of An Education Programme For Introducing Bioelectrical Impedance Analysis To Neonatal Unit Staff: A Mixed Methods Study"", ""audit_processes"": [{""question_id"": 1, ""expert_compliance"": {""expert_A"": ""Unsupported"", ""expert_B"": ""Unsupported"", ""expert_C"": ""Fully supported""}, ""audit_evidence"": ""The abstract does not explicitly discuss capturing or retaining knowledge.""}, {""question_id"": 2, ""expert_compliance"": {""expert_A"": ""Unsupported"", ""expert_B"": ""Fully supported"", ""expert_C"": ""Fully supported""}, ""audit_evidence"": ""Digital technologies for KR are not clearly identified as being used for capture/retention.""}, {""question_id"": 3, ""expert_compliance"": {""expert_A"": ""Unsupported"", ""expert_B"": ""Unsupported"", ""expert_C"": ""Unsupported""}, ""audit_evidence"": ""Based on the methodology described, the paper is categorized as Theoretical/Conceptual.""}], ""audit_results"": {""expert_A_audit_result"": ""Not Support"", ""expert_B_audit_result"": ""Not Support"", ""expert_C_audit_result"": ""Partial Support""}}"
f74bbf36-7fa3-42c5-9fe5-de11919667eb,Explainable Machine Learning For Sustainable Education: Predicting College Students' Reliance On Generative Artificial Intelligence,"{""uuid"": ""f74bbf36-7fa3-42c5-9fe5-de11919667eb"", ""Title"": ""Explainable Machine Learning For Sustainable Education: Predicting College Students' Reliance On Generative Artificial Intelligence"", ""audit_processes"": [{""question_id"": 1, ""expert_compliance"": {""expert_A"": ""Unsupported"", ""expert_B"": ""Fully supported"", ""expert_C"": ""Fully supported""}, ""audit_evidence"": ""The abstract does not explicitly discuss capturing or retaining knowledge.""}, {""question_id"": 2, ""expert_compliance"": {""expert_A"": ""Unsupported"", ""expert_B"": ""Fully supported"", ""expert_C"": ""Fully supported""}, ""audit_evidence"": ""Digital technologies for KR are not clearly identified as being used for capture/retention.""}, {""question_id"": 3, ""expert_compliance"": {""expert_A"": ""Fully supported"", ""expert_B"": ""Fully supported"", ""expert_C"": ""Fully supported""}, ""audit_evidence"": ""Based on the methodology described, the paper is categorized as Empirical Study.""}], ""audit_results"": {""expert_A_audit_result"": ""Not Support"", ""expert_B_audit_result"": ""Fully Support"", ""expert_C_audit_result"": ""Fully Support""}}"
32c9a1fd-bbe0-4aa0-9d03-8503a7212a96,Infection Prevention And Control (Ipc) Curriculum In Universities Offering Medical Imaging Programs,"{""uuid"": ""32c9a1fd-bbe0-4aa0-9d03-8503a7212a96"", ""Title"": ""Infection Prevention And Control (Ipc) Curriculum In Universities Offering Medical Imaging Programs"", ""audit_processes"": [{""question_id"": 1, ""expert_compliance"": {""expert_A"": ""Fully supported"", ""expert_B"": ""Fully supported"", ""expert_C"": ""Unsupported""}, ""audit_evidence"": ""The abstract explicitly discuss capturing or retaining knowledge.""}, {""question_id"": 2, ""expert_compliance"": {""expert_A"": ""Fully supported"", ""expert_B"": ""Unsupported"", ""expert_C"": ""Unsupported""}, ""audit_evidence"": ""Digital technologies for KR are identified as being used for capture/retention.""}, {""question_id"": 3, ""expert_compliance"": {""expert_A"": ""Fully supported"", ""expert_B"": ""Fully supported"", ""expert_C"": ""Fully supported""}, ""audit_evidence"": ""Based on the methodology described, the paper is categorized as Empirical Study.""}], ""audit_results"": {""expert_A_audit_result"": ""Fully Support"", ""expert_B_audit_result"": ""Partial Support"", ""expert_C_audit_result"": ""Not Support""}}"
