uuid,combined_text,C_kr_flag,C_kr_evidence,A_kr_flag,A_kr_evidence,B_kr_flag,B_kr_evidence
86441835-69c6-48b2-bad7-f811f4cab1dc,"Title：Transforming Education Through Artificial Intelligence And Immersive Technologies: Enhancing Learning Experiences Abstract：The integration of artificial intelligence (AI) and immersive technologies, such as virtual reality (VR) and augmented reality (AR), is reshaping the educational landscape by offering personalized, interactive, and engaging learning experiences. This systematic literature review aims to examine the transformative effects of AI and immersive technologies on educational practices. The review encompasses 42 peer-reviewed articles published between 2011 and 2023, employing a rigorous search and screening process using the Scopus database, following PRISMA guidelines. The findings highlight how AI enhances learning environments by tailoring educational content to individual student needs, thereby improving motivation, engagement, and knowledge retention. Additionally, VR and AR technologies enable educators to create immersive learning experiences that simulate real-world scenarios, fostering the development of practical skills and deeper understanding of complex concepts. However, challenges such as digital literacy, data privacy, and the need for significant infrastructure and training investments remain critical barriers. This review underscores the potential of AI and immersive technologies to revolutionize education, while emphasizing the importance of addressing these challenges to maximize their positive impact on learning outcomes.",No,"The abstract discusses improving knowledge retention as an outcome, but does not explicitly discuss capturing or retaining knowledge from individuals or organizations.",No,"The integration of artificial intelligence (AI) and immersive technologies, such as virtual reality (VR) and augmented reality (AR), is reshaping the educational landscape by offering personalized, interactive, and engaging learning experiences. This systematic literature review aims to examine the transformative effects of AI and immersive technologies on educational practices.",Yes,"The findings highlight how AI enhances learning environments by tailoring educational content to individual student needs, thereby improving motivation, engagement, and knowledge retention."
f58b67cf-92b4-4e74-82af-32060e9333ec,"Title：Impact Of Gamification On Learning Ecuadorian Traditional Music In Eighth-Grade Students Abstract：This article analyzes the impact of gamification on learning Ecuadorian traditional music in eighth-grade students of Basic General Education. The study arises from the problem of limited student interest and low participation in artistic and cultural content, particularly those related to national musical heritage. To evaluate whether the use of interactive digital tools, such as Educaplay, could enhance motivation, knowledge retention, and appreciation of traditional music, a quasi-experimental pretestposttest study was designed with a group of 13 students. The instructional intervention, structured through quizzes, matching games, active listening, and creative projects, demonstrated significant improvements in participation, content comprehension, and intrinsic motivation. Although the increase in deep interest toward traditional music was not uniform, an attitudinal openness toward its cultural value was observed. It is concluded that gamification, when applied with pedagogical intentionality, not only optimizes the learning environment but also strengthens students' emotional connection with local cultural expressions. These results confirm the potential of gamification as an innovative strategy to meaningfully integrate art, technology, and cultural identity into the school curriculum.",No,"The abstract discusses enhancing motivation, knowledge retention, and appreciation of traditional music through gamification, but does not explicitly discuss capturing or retaining knowledge from individuals or organizations. It focuses on learning outcomes and student engagement.",No,None identified,Yes,"The study arises from the problem of limited student interest and low participation in artistic and cultural content, particularly those related to national musical heritage. To evaluate whether the use of interactive digital tools, such as Educaplay, could enhance motivation, knowledge retention, and appreciation of traditional music, a quasi-experimental pretestposttest study was designed."
ee22d598-0e0d-4c7c-9636-3ddfa4ed83c9,"Title：Promoting Inclusive History Education Through New Media Integration Abstract：New Media (NM) integration has changed the way in which information is produced, shared, and consumed. In the educational field, the NM environment has a profound effect on the already existing traditional teaching methods and gives teachers an array of different ways to excite students and make the learning process more effective and enjoyable. This research investigates the use of NM technologies for history instruction in Senior Middle Schools (SMSs). Quantitative research design was used in this study. 450 history teachers took part in an online survey. The collected data were analysed by SPSS software. The research shows that the extent of NM integration is strongly associated with better acquisition and retention of historical knowledge. The study found that the student engagement levels rise with the use of the interactive learning platforms and the digital resources, in turn, leading to better knowledge retention. This study introduces a novel contribution by examining how NM tools, particularly VR simulations, cultivate historical empathy within the unique sociocultural and policy-driven context of Chinese SMSs, a setting underrepresented in the existing literature.",No,"The abstract discusses using new media technologies for history instruction to improve knowledge acquisition and retention, but does not explicitly discuss capturing or retaining knowledge from individuals or organizations. It focuses on teaching methods and student engagement.",No,None identified,Yes,The research shows that the extent of NM integration is strongly associated with better acquisition and retention of historical knowledge.
83797617-fb4e-4891-a923-bfdfc421b97e,"Title：Barriers To The Adoption Of Visual Knowledge Management Tools: Challenges At The Intersection Of Technology, People, And Process Abstract：Visual Knowledge Management Tools (VKMTs) have gained attention for their ability to support knowledge capture, organization, and communication in fields such as software engineering, process design, and interdisciplinary collaboration. Despite their theoretical advantages, adoption across academia and industry remains inconsistent. This paper explores the barriers hindering VKMT adoption through a systematic literature review of 38 peer-reviewed studies published between 2015 and 2024. Key challenges were identified and thematically grouped into five categories: technological, organizational, human, economic, and cultural. The findings reveal that while many barriers are common to general technology adoption, others such as visual complexity, lack of interoperability, and visual literacy gaps are more specific to VKMTs. To support further research and practice, we provide a descriptive summary of the literature base, outline the methodological approach, and offer a structured framework of adoption barriers. Practical recommendations are offered for stakeholders seeking to implement VKMTs, along with suggestions for future empirical work to bridge the gap between potential and application.",Yes,"The abstract discusses Visual Knowledge Management Tools (VKMTs) that support 'knowledge capture, organization, and communication' and explores barriers to their adoption. This explicitly addresses capturing knowledge.",No,None identified,No,The paper explores the barriers hindering VKMT adoption but does not explicitly discuss capturing or retaining knowledge from individuals or organizations.
cdd6d65d-7382-4af1-a957-683bcc6e9c3c,"Title：A Concept Map-Based Community Of Inquiry Framework For Virtual Learning Contexts To Enhance Students' Earth Science Learning Achievement And Reflection Tendency Abstract：With the growing popularity of Virtual Reality (VR), the integration of the Community of Inquiry (CoI) framework provides insights into its role in facilitating student learning in VR environments. VR offers immersive experiences and visualization of abstract concepts. However, the abundance of information in VR can be overwhelming without proper guidance, hindering students' knowledge acquisition and organization. To address this issue, a concept map-based community of inquiry (CM-CoI) framework VR system was developed for a ninth-grade Earth Science course. A quasi-experiment was conducted to investigate its impact on learning achievement, reflection tendencies, and perceptions. The experimental group used the CM-CoI-based VR system, while the control group used a conventional CoI-based VR system. The results showed that the experimental group outperformed the control group in learning achievement and reflection tendencies. Interviews revealed that students in the experimental group found the method helpful for clarifying confusing knowledge. This study demonstrates the potential of CM-CoI-based VR systems to enhance learning achievement and reflection tendencies. It informs educators on integrating VR technology and concept mapping into Earth Science education, and on enhancing students' learning experiences and outcomes.",No,"The abstract discusses enhancing learning achievement and reflection tendencies through a concept map-based VR system, but does not explicitly discuss capturing or retaining knowledge from individuals or organizations.",No,None identified,Yes,"To address this issue, a concept map-based community of inquiry (CM-CoI) framework VR system was developed for a ninth-grade Earth Science course."
578695ae-da3b-4939-90b2-a190f18bf2c6,"Title：An Adaptive Methodology For The Improvement Of Knowledge Acquisition By A Multimedia Web Tool Abstract：Adaptive learning is a method that personalizes the teaching-learning strategies in accordance with the needs and preferences of each student. This article describes the design, the implementation and the tests of a web application developed with adaptive learning in order to improve student knowledge acquisition and to simplify the teacher's work. The tool uses EventSource technologies combined with heuristic functions to produce a predictive algorithm, which is capable of being adapted to the students in a customized way by presenting the content adjusted according to their cognitive needs. The design is based on the hypothesis that the acquisition of knowledge can be improved by using a computing application which presents a syllabus to be learned in various forms. In this way, the application determines students' progress within the content of the material, which is classified by branches of knowledge. The tool was applied to one group of students and the data that we obtained was compared with the results of the rest, subject to the usual knowledge transmission system. The results obtained not only improve the academic results, but also enhance the heuristic decision-making about the content to be taught.",No,"The abstract describes an adaptive learning web tool to improve knowledge acquisition, but does not explicitly discuss capturing or retaining knowledge from individuals or organizations.",No,None identified,Yes,"This article describes the design, the implementation and the tests of a web application developed with adaptive learning in order to improve student knowledge acquisition and to simplify the teacher's work."
4a5f00fb-04e2-4fe4-9ada-17702494e691,"Title：The Impact Mechanism Of Ai Technology On Enterprise Innovation Resilience Abstract：Amid the rapid advancement of artificial intelligence (AI) and increasing environmental uncertainty, enterprises are facing unprecedented challenges in sustaining innovation. As a key enabler of digital transformation, AI enhances resource allocation efficiency and knowledge acquisition, offering new avenues for continuous innovation under dynamic conditions. Innovation resilience-defined as a firm's ability to maintain and restore innovation activities during external shocks-has emerged as a critical indicator of organizational adaptability. Leveraging its advantages in data processing, process optimization, and organizational learning, AI is increasingly regarded as a pivotal driver of innovation resilience. This study develops a theoretical framework linking AI technology, dynamic capabilities, and innovation resilience. Using panel data from Chinese A-share listed companies between 2013 and 2023, we conduct an empirical analysis with a two-way fixed effects model. The results reveal that AI technology significantly enhances innovation resilience; dynamic capabilities partially mediate this relationship; and financial constraints positively moderate the effect of AI on innovation resilience. By adopting a dual perspective of technological enablement and capability construction, this research uncovers the internal mechanism through which AI fosters resilient innovation and provides practical insights for enterprises seeking capability upgrading under resource limitations.",No,"The abstract discusses AI enhancing knowledge acquisition and innovation resilience, but does not explicitly discuss capturing or retaining knowledge from individuals or organizations.",No,None identified,Yes,"As a key enabler of digital transformation, AI enhances resource allocation efficiency and knowledge acquisition, offering new avenues for continuous innovation under dynamic conditions."
79f9098e-3a36-4fc9-a8f8-1ed9fb1248c9,"Title：Effect Of Light Therapy And Continuous Health Education On Older Adults With Coronary Heart Disease And Comorbid Depressive Symptoms: A Randomized Controlled Trial Abstract：This study aimed to assess the efficacy of Light Therapy (LT) along with continuous health education on community-dwelling elderly Coronary Heart Disease (CHD) patients with comorbid Depressive Symptoms (DSs). A stratified whole-cluster random sample of 60 community-dwelling patients aged >= 65 years with CHD and comorbid DSs was selected and randomized. The participants were randomized into control and intervention groups for routine management alone and LT+continuous health education intervention, respectively (N = 30 each). Data on glycolipid metabolic indices and inflammatory factor levels were collected using questionnaires at baseline and at the end of the 12-week intervention and then analyzed. Compared to control group patients, intervention group patients showed a significant improvement in depressive symptoms, sleep quality, cognitive function, CHD-related knowledge acquisition, medication adherence, social support, and quality of life (p < 0.05), as well as lower Total Cholesterol (TC) and Low-Density Lipoprotein (LDL) levels (p < 0.05). Overall, LT-based psycho-cardiological rehabilitation therapy may be more cost-effective and suitable for homebound older CHD patients with comorbid DSs. (c) 2025 Elsevier Inc. All rights are reserved, including those for text and data mining, AI training, and similar technologies.",No,"The abstract discusses a health education intervention to improve knowledge acquisition in older adults, but does not explicitly discuss capturing or retaining knowledge from individuals or organizations.",No,None identified,Yes,This study aimed to assess the efficacy of Light Therapy (LT) along with continuous health education on community-dwelling elderly Coronary Heart Disease (CHD) patients with comorbid Depressive Symptoms (DSs).
9ce34cd2-931a-4471-89a6-7cb614ccab29,"Title：Assessing The Impact Of Knowledge Management Factors On Digital Resources Acceptance: A Survey Of Postgraduate Students Of Public Sector Universities Of Punjab Abstract：PurposeThis study aims to measure the acceptance of digital resources by integrating knowledge management (KM) factors (i.e. acquisition, sharing, application and protection) into the factors of the technology acceptance model (TAM) (i.e. perceived ease of use and perceived usefulness) and their impact on actual system use through behavioural intention. Design/methodology/approachUsing the quantitative research method, a survey was conducted of the public sector universities of Punjab, Pakistan. Data were collected from postgraduate students and analysed using partial least squares structural equation modelling. FindingsThe findings showed that the factors of KM with the integration of TAM significantly impact the acceptance of digital resources. The study's hypotheses are all supported, and the findings demonstrated that knowledge acquisition, knowledge sharing, knowledge application and knowledge protection significantly influenced perceived usefulness and perceived ease of use, and that these factors are positively correlated with behavioural intentions to use digital resources. Originality/valueThis study has considerable significant implications for policymakers, developers and practitioners in designing digital resources. This study will also assist librarians to discover areas for development that may enhance the use of digital resources among users",Yes,"The abstract explicitly discusses knowledge management factors including 'acquisition, sharing, application and protection' and their impact on acceptance of digital resources, indicating a focus on capturing and retaining knowledge.",Yes,"knowledge management (KM) factors (i.e. acquisition, sharing, application and protection)",Yes,"The study aims to measure the acceptance of digital resources by integrating knowledge management (KM) factors (i.e. acquisition, sharing, application and protection) into the factors of the technology acceptance model (TAM)."
b1bcc42c-efc9-4994-ad6c-682ba4642d5d,"Title：Free-Form Cad Model Retrieval Approach For Engineering Reuse Based On Local Feature Segmentation Abstract：For engineering applications, an innovative design can be developed by reusing and modifying existing models with similar features and manufacturing properties, and accurately searching CAD models has become a valuable knowledge acquisition technique in product design. Although there are many retrieval technologies, most methods focus on the global shape of models. In this paper, a CAD model retrieval framework based on local feature segmentation is proposed, offering users a free-form way to choose any subpart as a query from a given model. First, a novel model segmentation method based on the vertex-neighbor extension is proposed to divide a target CAD model into overlapping local features. The chosen subpart with arbitrary boundaries is also successfully described for retrieval by combining local features. Then, a composite descriptor considering both shapes and attribute characteristics is established, which is proved effective for distinguishing local features. Finally, the problem of matching free-form queries to CAD models in the dataset is transformed into descriptor set measurement and is implemented using the bag-of-word algorithm. The proposed model retrieval approach outperforms many existing approaches in matching performance and provides a user-friendly query mode.(c) 2023 Elsevier Ltd. All rights reserved.",Yes,"The abstract states that 'accurately searching CAD models has become a valuable knowledge acquisition technique in product design', indicating capturing knowledge from existing models for reuse.",No,None identified,No,The paper proposes a CAD model retrieval framework but does not explicitly discuss capturing or retaining knowledge from individuals or organizations.
99178ec7-85f0-4e3a-980e-e1aec3175dde,"Title：The Dual Role Of Ai In Enhancing And Challenging Skills, Creativity And Innovation Of Michelin-Star Chefs Abstract：PurposeThis study examined the impact of Artificial Intelligence (AI)-driven technological tools in Michelin-starred restaurant kitchens on the general skills, creativity and innovativeness of chefs.Design/methodology/approachFollowing the qualitative research approach, semi-structured interviews were conducted with 23 chefs working in Michelin-starred restaurants.FindingsThe findings identify three main areas of impact of AI-driven tools: culinary skills, creativity and innovation. The findings reveal a complex relationship between AI-driven tools and culinary expertise in Michelin-starred kitchens. First, while AI-driven tools have the potential to diminish skills, they also facilitate skill development and knowledge acquisition. Chefs acknowledge AI's potential to expand creativity through new techniques, but also consider AI-driven tools a potential limiter or threat to creativity. They emphasise the need to balance the use of AI-driven tools with traditional skills. Moreover, the dual role of AI as both an enabler and a limiter underscores the need for strategic integration that inspires without compromising the authenticity of haute cuisine.Originality/valueThe study contributes to understanding how and why AI-driven tools benefit or challenge human skills, creativity and innovation, which can guide Michelin-star restaurants and their chefs in adopting AI technology.",Yes,"The abstract discusses AI-driven tools facilitating 'skill development and knowledge acquisition' in Michelin-starred kitchens, implying capturing or retaining culinary knowledge.",No,None identified,No,The study examines the impact of AI-driven technological tools but does not explicitly discuss capturing or retaining knowledge from individuals or organizations.
36c52257-5640-4bb8-b393-ff35f7af1dfa,"Title：Determinants Of Generative Ai In Promoting Green Purchasing Behavior: A Hybrid Partial Least Squares-Artificial Neural Network Approach Abstract：In the era of rapid technological advancement, generative artificial intelligence (AI) has emerged as a transformative force in various sectors, including environmental sustainability. This research investigates the factors and consequences of using generative AI to access environmental information and influence green purchasing behavior. It integrates theories such as the information adoption model, value-belief-norm theory, elaboration likelihood model, and cognitive dissonance theory to pinpoint and prioritize determinants of generative AI usage for environmental information and green purchasing behavior. Data from 467 participants were analyzed using a hybrid methodology that blends partial least squares (PLS) with artificial neural networks (ANN). The PLS outcomes indicate that interactivity, responsiveness, knowledge acquisition and application, environmental concern, and ascription of responsibility are key predictors of generative AI use for environmental information. Furthermore, environmental concerns, green values, personal norms, ascription of responsibility, individual impact, and generative AI use emerge as predictors of green purchasing behavior. The ANN analysis offers a unique perspective and discloses variations in the hierarchy of these predictors. This research provides valuable insights for stakeholders on harnessing generative AI to promote sustainable consumer behaviors and environmental sustainability.",Yes,"The abstract explicitly mentions 'knowledge acquisition and application' as key predictors of generative AI use for environmental information, indicating capturing and applying knowledge.",No,None identified,No,The research investigates the factors and consequences of using generative AI but does not explicitly discuss capturing or retaining knowledge from individuals or organizations.
63a1c00a-2c10-402a-b4fe-32c3edc2e910,"Title：Automated Map Generalization: Emerging Techniques And New Trends (Editorial) Abstract：Automated map generalization has been a major area of research for decades but has still not reached maturity. Besides the needs for more adaptive algorithms, a fundamental question remains: How can we transfer human generalization knowledge into a computational system more effectively? Previous efforts do not seem capable to fully overcome the knowledge acquisition bottleneck. As new theories and technologies emerged in artificial intelligence (particularly deep learning), computers are now able to tackle human-level tasks with superior performance, showing great potential in automated generalization. Meanwhile, crowdsourced geographic information and social sensing is growing at an increasing speed, and the needs for visualizing and analyzing massive geo-referenced data at various scales are numerous. It is therefore necessary to adapt map generalization to these fields. This highlights the potential of applying map generalization in the visual, interactive, and exploratory analysis of abstract (e.g., hierarchical relations) and physical (e.g., movement trajectories) data. This topical collection brings six contributions reporting recent progress and trends in automated generalization in various aspects mentioned above, with which we hope to trigger further discussion and research in our field with new ideas and methodologies.",Yes,"The abstract discusses the challenge of transferring human generalization knowledge into a computational system, referring to the 'knowledge acquisition bottleneck'.",No,None identified,No,"The abstract focuses on the challenges and potential of automated map generalization and transferring human generalization knowledge into computational systems, but does not explicitly discuss capturing or retaining knowledge."
7c1b762b-0083-4acb-9a23-52625c5cc76e,"Title：Unlocking Digital Potential-The Impact Of Innovation And Self-Determined Learning Abstract：In an era of rapid digital transformation, organisations must cultivate dynamic capabilities that promote innovation and continuous learning. This study examines how self-determined motivation and innovation adoption are crucial enablers in developing the digital competencies essential for employees to navigate digital transformation. Grounded in Self-Determination Theory and the Diffusion of Innovation framework, our research underscores the systemic role of individual agency, technological advancements, and organisational structures in facilitating workforce adaptation. Employing a quantitative approach with 152 survey participants, our findings reveal that self-determined motivation alone is inadequate, while adopting innovation significantly influences digital competence. We demonstrate that human-centred factors must align with systemic digital transformation efforts. Moreover, we highlight the necessity of integrating employee capabilities into broader enterprise and government digital innovation strategies. The implications of this study are both theoretical and practical. We stress the need for organisations to design change processes that support digital knowledge acquisition and adaptability in evolving workplaces. Our research offers a systemic perspective on digital transformation, reinforcing that successful organisational innovation requires structured learning environments that empower employees. By fostering an ecosystem where digital competencies are nurtured, organisations can enhance agility, resilience, and sustained competitiveness in the digital age.",Yes,The abstract discusses the need for organisations to design change processes that support digital knowledge acquisition and adaptability in evolving workplaces.,Yes,self-determined motivation and innovation adoption are crucial enablers in developing the digital competencies essential for employees to navigate digital transformation; human-centred factors must align with systemic digital transformation efforts; necessity of integrating employee capabilities into broader enterprise and government digital innovation strategies,Yes,This study examines how self-determined motivation and innovation adoption are crucial enablers in developing the digital competencies essential for employees to navigate digital transformation.
19330a18-bb34-4203-90aa-4c63d1c5ee67,"Title：Holy: An Ontology Covering The Hydrogen Market Abstract：This paper presents the Hydrogen Ontology (HOLY), a domain ontology modeling the complex and dynamic structures of hydrogen-based markets. The hydrogen economy has become a politically and economically crucial sector for the transition to renewable energy, accelerating technological and socio-economic innovations. However, the attainment of market insights requires a large variety of informational concepts which are predominantly found in unstructured text data. HOLY provides the necessary structure for the representation of these concepts. Through a top-down approach, HOLY defines taxonomies based on a hierarchical structure of products and applications. In addition, to ensure reusability, the ontology incorporates components from established ontologies in its structure. As a result, HOLY consists of over 100 classes defining information about organizations, projects, components, products, applications, markets, and indicators. Hence, ourwork contributes to the systemic modeling of the hydrogen domain with a focus on its value chain. Formally, we represent and validate the ontology with Semantic Web Technologies. HOLY includes lexical-semantic information (e.g., synonyms, hyponyms, definitions, and examples) to simplify data integration into knowledge acquisition systems. Therefore, we provide a foundation for the retrieval, storage, and delivery of market insights. A first application based on HOLY at the Fraunhofer IIS offers an up-to-datemarket overviewof developments in the fuel cell environment.",Yes,"The abstract states that HOLY ontology 'provides a foundation for the retrieval, storage, and delivery of market insights' and 'simplify data integration into knowledge acquisition systems', indicating capturing and retaining knowledge.",No,None identified,No,The abstract discusses the creation of an ontology for the hydrogen market but does not explicitly discuss capturing or retaining knowledge from individuals or organizations.
8c120edd-f8de-4ff7-8f16-760b78ad92fc,"Title：Design Of Virtual Scenes For Revolutionary Education Based On Vr Technology Abstract：With today's technological advancements and the ongoing advancement of information technology, VR virtual reality technology has entered more people's homes. This study focuses on the creation of virtual sceneries using virtual reality technology, which allows individuals to explore revolutionary education virtual scenes online without leaving their homes using computers, smartphones, and other smart mobile devices. Virtual reality technology can provide in-depth experience functions as well as considerably enhance the visual experience and knowledge acquisition efficiency, better representing the role of online tour + learning. The goal of this project is to merge virtual reality technology with actual museum artifacts as well as non-material cultural assets in order to create an online museum browsing service for visitors and the general public. It is a significant step forward in the development of the Internet+ in the field of cultural education. The panorama museum, on the other hand, is well suited to offering extra educational services for students because it is new knowledge-bearing form, as well as its complete enjoyment and interest to children and young students, particularly college students. Giving further education services to students and providing an online tour of the museum. Furthermore, it has the potential to gain excellent and beneficial cultural knowledge via supervision and education.",Yes,"The abstract discusses using VR technology to 'considerably enhance the visual experience and knowledge acquisition efficiency' and to provide 'online tour + learning', implying capturing and retaining cultural knowledge.",No,None identified,No,The abstract discusses the creation of virtual scenes for revolutionary education but does not explicitly discuss capturing or retaining knowledge from individuals or organizations.
1dd14b35-1ede-4a89-a966-36af17397631,"Title：The Promise And Challenge Of Large Language Models For Knowledge Engineering: Insights From A Hackathon Abstract：Knowledge engineering (KE) is the process of building, maintaining and using knowledge-based systems. This recently takes the form of knowledge graphs (KGs). The advent of new technologies like Large Language Models (LLMs) has the potential to improve automation in KE work due to the richness of their training data and their performance at solving natural language processing tasks. We conducted a multiple-methods study exploring user opinions and needs regarding the use of LLMs in KE. We used ethnographic techniques to observe KE workers using LLMs to solve KE tasks during a hackathon, followed by interviews with some of the participants. This interim study found that despite LLMs' promising capabilities for efficient knowledge acquisition and requirements elicitation, their effective deployment requires an extended set of capabilities and training, particularly in prompting and understanding data. LLMs can be useful for simple quality assessment tasks, but in complex scenarios, the output is hard to control and evaluation may require novel approaches. With this study, we aim to evidence the interaction of KE stakeholders with LLMs, identify areas of potential, and understand the barriers to their effective use. We find copilot approaches may be valuable in developing processes where the human or a team of humans is assisted by generative AI.",Yes,"The abstract discusses using LLMs for 'efficient knowledge acquisition and requirements elicitation' and for 'simple quality assessment tasks', indicating capturing and retaining knowledge.",No,None identified,No,The abstract discusses the use of Large Language Models for knowledge engineering but does not explicitly discuss capturing or retaining knowledge from individuals or organizations.
6a7cff49-9742-40d7-a590-64cdc975dc5e,"Title：Digitalisation And Internationalisation In Smes: A Systematic Review And Research Agenda Abstract：Purpose - The purpose of this paper is to provide an integrative picture of the state of the art of the literature on digitalisation of small and medium-sized enterprises (SMEs) as an enabler for their internationalisation process and as a comprehensive view of the specific domains impacted by digital technologies as well as their repercussions on the international outreach.Design/methodology/approach - A systematic review which leverages a descriptive analysis of extant literature and an axial coding technique has been conducted to shed light on the current knowledge and to identify primary research areas and future research lines.Findings - The research indicates that digitalisation impacts the internationalisation of SMEs in three specific domains: (1) internationalisation through the adoption of information and communication technologies (ICT) technologies and e-commerce platforms; (2) international expansion through the digitalisation of value chain activities and (3) international outreach through knowledge acquisition on digital platforms.Originality/value - The value of this study is threefold. First, the authors attempt to systematically review the literature on SMEs digitalisation and internationalisation and provide a holistic perspective on the intertwining of these two research streams. Second, the authors propose a novel conceptualisation on the dimensions of SMEs digitalisation as enablers to internationalisation. Third, the authors put forward promising future lines of research.",Yes,"The abstract discusses 'international outreach through knowledge acquisition on digital platforms' as one of the domains impacted by digitalisation, implying capturing knowledge from digital platforms.",No,None identified,No,The abstract discusses the impact of digitalisation on the internationalisation of SMEs but does not explicitly discuss capturing or retaining knowledge from individuals or organizations.
2fc47b5f-c9d0-412c-9fd5-93144743ed76,"Title：Global Teaching Style Adaptations And Curriculum Adjustments For School Students During Covid-19 Abstract：The pandemic brought a massive shift in traditional education strategies. Educational literature is focusing on case studies for online-learning platforms. This research aims to break down the adaptations in teaching styles and curriculums across different countries due to the worldwide shift towards newer technology and learning mediums to facilitate students. Analyzing aspects like motivation, access to network services, grading schemes, teaching styles, and curriculum changes, this research utilizes a cross-country comparison through existing local research in various parts of the globe to summarize the changes that educational institutions in higher education have incorporated into their syllabi and teaching methods. A survey was carried out at Al Ain university consisting of 174 students and 31 faculty members who rated their motivation levels and satisfaction with online learning vs. traditional methods. This survey revealed various answers showcasing the need for institutional training, student-centered curriculums, and syllabi objectives that need to be predetermined and implemented to foster students' well-being and interest in the subject matter rather than knowledge acquisition. Moreover, through analyzing different countries' teaching methodologies, we found that developing key competencies and curriculum objectives with different options and mediums available to students is vital to establish agency for students' well-being.",No,"The abstract discusses adaptations in teaching styles and curriculums, and a survey on motivation and satisfaction, but does not explicitly discuss capturing or retaining knowledge from individuals or organizations.",No,None identified,Yes,This research aims to break down the adaptations in teaching styles and curriculums across different countries due to the worldwide shift towards newer technology and learning mediums to facilitate students.
2ee0e33a-b5ee-4450-88ee-12130d7d4510,"Title：Research On Prediction Model Of Scaling In Asp Flooding Based On Data Mining Abstract：As a result of alkali ASP flooding in oil and gas fields, strata and pipelines become seriously scaled, which poses a threat to the normal operation of crude oil production. We propose an intelligent knowledge reasoning model for dynamic scaling prediction in order to address the problems of high directivity, poor generalization ability, and poor application effect of existing scaling prediction methods. The model framework includes the knowledge acquisition layer which mainly relates to the manual acquisition of scaling prediction knowledge and the intelligent training of the knowledge base, and it includes the knowledge modeling layer that provides a set of standard domain common ontology and knowledge organization system using the ontology modeling technology, it also includes the knowledge inference layer which is the application layer of the model. The three layers collaborate and finally complete the scaling prediction through inference and expression. A total of 238 wells were selected for experimentation in the northern development area of the Xingshugang Oilfield. Experimental results indicate that the model has the highest accuracy of 91.87%. Additionally, the time series prediction trend for the six ions matches the trend of change in ion concentration in the scaling state, verifying the accuracy of the model's predictions.",Yes,"The abstract explicitly discusses 'knowledge acquisition layer which mainly relates to the manual acquisition of scaling prediction knowledge and the intelligent training of the knowledge base' and 'knowledge modeling layer that provides a set of standard domain common ontology and knowledge organization system', indicating capturing and retaining knowledge from domain experts and data.",No,None identified,No,The abstract discusses an intelligent knowledge reasoning model for dynamic scaling prediction but does not explicitly discuss capturing or retaining knowledge from individuals or organizations.
3c0baa25-b133-40b7-b22c-edec8218d7ab,"Title：Ai In The Workplace: Examining The Effects Of Chatgpt On Information Support And Knowledge Acquisition Abstract：The rapid development and widespread adoption of artificial intelligence (AI) systems like ChatGPT in the workplace underscores the need for a comprehensive understanding of their implications on worker productivity, learning, and the determinants of their usage. This study elucidates the antecedents and outcomes of using ChatGPT among workers, employing a sample size of 351 participants across various industries, aged between 20 and 40. Structural equation modeling (SEM) was employed for the analysis, providing a robust perspective on the relationships between variables. The study discovered that perceived intelligence and self-learning of ChatGPT hold significant positive associations with information support and knowledge acquisition, both of which further influence the utilitarian benefits perceived by users, thereby shaping their intention to use ChatGPT. Utilitarian benefits were found to significantly enhance the intention to use ChatGPT but did not directly impact its actual usage. The intention to use ChatGPT, however, was found to positively correlate with its actual use. Among demographic factors, gender and age were identified as significantly influencing actual use, whereas the industry of users did not hold a significant impact. With these findings, this study offers a more profound understanding of how AI systems like ChatGPT can contribute to workplace productivity, and presents strategic insights for practitioners looking to effectively implement these technologies.",Yes,"The abstract explicitly discusses 'knowledge acquisition' as an outcome of using ChatGPT, stating that 'perceived intelligence and self-learning of ChatGPT hold significant positive associations with information support and knowledge acquisition', indicating capturing knowledge from the AI system.",No,None identified,No,The abstract discusses the effects of ChatGPT on information support and knowledge acquisition but does not explicitly discuss capturing or retaining knowledge from individuals or organizations.
be0969d9-3360-492a-b948-646e2aaf5cdc,"Title：Emergency Management Simulation Of An Unexpected Opioid Overdose In A Rural Setting: An Innovative Use Of Drone Technologies Abstract：Background The utilization of unmanned aircraft systems (UAS) in healthcare presents an innovative and effective approach for the delivery of emergency medical supplies to rural communities. Providing healthcare students with opportunities to work with UAS prepares them to embrace novel technologies in their future careers. Caring for individuals living in rural communities and those with substance abuse disorders are critical components of current healthcare education.Intervention This simulation ready-to-use describes an innovative simulation learning exercise (SLE) developed using UAS technologies to address an unexpected opioid overdose in a rural setting.Methods Students received pre-simulation instruction on the concepts of addiction, emergency management of an opioid overdose, and rural healthcare. Students participated in an unfolding, two-part SLE.Results The first scenario simulated emergency management of the opioid overdose in which a UAS delivered rescue medications. This was followed by a second scenario simulating continuing care after initial stabilization. Debriefing of the simulation and reflection activities were completed.Discussion The integration of UAS in healthcare education provides a valuable opportunity for students to increase their knowledge of innovative technologies. The UAS provides educators with a novel resource to expand simulation experiences, increase student engagement, and promote knowledge retention of difficult concepts. Instructions for implementation and educational resources provided in the Appendix.",Yes,The abstract states 'promote knowledge retention of difficult concepts' in the context of using UAS technologies for healthcare education.,No,None identified,No,"The integration of UAS in healthcare education provides a valuable opportunity for students to increase their knowledge of innovative technologies. The UAS provides educators with a novel resource to expand simulation experiences, increase student engagement, and promote knowledge retention of difficult concepts."
518920ba-0f0c-4881-99a2-551cb8c7c9e6,"Title：How Does Digital Experience Of Cultural Heritage Transform Into Sustained Behavioral Intention? Assessing Perceived Value And Place Attachment Mechanisms Based On Value Adoption Model Abstract：The rapid development and deep integration of digital technology into cultural heritage have created new experiential paradigms for tourists. However, to transform from technological application to behavioral retention, the internal mechanisms through which digital experiences are internalized into stable, sustained behavioral intentions must be elucidated. The influence of perceived value on tourists' long-term behavioral intentions via place attachment remains largely unexplored. Using the value adoption model (VAM), this study constructs a sequential mediation model of digital experience-perceived value-place attachment-sustained behavioral intentions and employs structural equation modeling to examine cross-sectional survey responses from 618 tourists visiting Shandong Museum, China. Findings reveal that the functional dimensions of interactive experience and perceived ease of use significantly enhance perceived value, whereas the sensory dimensions of immersive and hedonic experiences have no significant impact on perceived value-possibly because tourists in cultural heritage contexts prioritize knowledge acquisition over sensory stimulation. Perceived value significantly and positively predicts place attachment and sustained behavioral intentions, and place attachment strongly predicts sustained behavioral intentions (including word-of-mouth recommendation, revisit intention, and sharing). This study extends the VAM to offline cultural heritage digital experience contexts, demonstrates that functional utility is more critical than sensory stimulation in driving value perception, and validates the value attachment-behavior transformation pathway, providing theoretical foundations and practical implications for cultural heritage digitalization management.",No,"The abstract discusses how digital experiences transform into sustained behavioral intentions via perceived value and place attachment, but does not discuss capturing or retaining knowledge from individuals or organizations.",No,None identified,Yes,The influence of perceived value on tourists' long-term behavioral intentions via place attachment remains largely unexplored. This study constructs a sequential mediation model of digital experience-perceived value-place attachment-sustained behavioral intentions.
1c14b01c-d440-4f9d-ae29-4c92804b8d04,"Title：Dynamic Effects Of Management Support On Knowledge-Based Competitiveness In Construction Companies Abstract：The construction industry faces challenges like project complexity, labor intensity, and dynamic changes, which demand effective knowledge management practices to attain competitiveness. Successful knowledge management implementation relies on management support, specifically budget allocations, to achieve knowledge-based competitiveness. This study aims to examine the dynamic effects of management support on competitiveness enhancement over time and suggest short- and long-term strategies for knowledge management practices. The study develops a system dynamics model comprising five key factors: knowledge storage, knowledge acquisition, knowledge dissemination, knowledge responsiveness, and knowledge utilization to simulate the effects of management support on knowledge management implementation and knowledge-based competitiveness over time. The simulation results reveal the fluctuations of the competitiveness scores through knowledge management implementation, which is decided by management. It is suggested that the efforts should be focused on improving the activities under the knowledge utilization and dissemination factors to raise the scores in a short period. To achieve sustainable knowledge-based competitiveness development, management must commit to enhancing human- and technology-related activities under the knowledge storage, acquisition, and responsiveness factors and provide adequate financial support to invest in knowledge management-related systems. Such activities as skill training, data warehouse systems, and stakeholder interconnection are crucial to maintaining knowledge management performance. This study provides valuable insights into the strategic planning of knowledge management practices through budget allocation from management to achieve long-term competitiveness.",Yes,"The abstract explicitly discusses knowledge management practices including knowledge storage, knowledge acquisition, knowledge dissemination, knowledge responsiveness, and knowledge utilization, and how management support (budget allocations) affects these to achieve knowledge-based competitiveness. It mentions 'knowledge storage' and 'knowledge acquisition' as key factors in a system dynamics model.",Yes,"knowledge management practices to attain competitiveness. Successful knowledge management implementation relies on management support, specifically budget allocations, to achieve knowledge-based competitiveness.",Yes,This study aims to examine the dynamic effects of management support on competitiveness enhancement over time and suggest short- and long-term strategies for knowledge management practices.
797a62b2-a3f6-4999-863f-1db72550398a,"Title：Ontological Model For Cohesive Smart Health Services Management Abstract：Health care has become an essential social-economic concern for all stakeholders (e.g., patients, doctors, hospitals etc.), health needs, private care and the elderly class of society. The massive increase in the usage of health care Internet of things (IoT) applications has great technological evolvement in human life. There are various smart health care services like remote patient monitoring, diagnostic, disease-specific remote treatments and telemedicine. These applications are available in a split fashion and provide solutions for variant diseases, medical resources and remote service management. The main objective of this research is to provide a management platform where all these services work as a single unit to facilitate the users. The ontological model of integrated healthcare services is proposed by getting requirements from various existing healthcare services. There were 26 smart health care services and 26 smart health care services to classify the knowledge-based ontological model. The proposed ontological model is derived from different classes, relationships, and constraints to integrate health care services. This model is developed using Protege based on each interrelated/correlated health care service having different values. Semantic querying SPARQL protocol and RDF query language (SPARQL) were used for knowledge acquisition. The Pellet Reasoner is used to check the validity and relations coherency of the proposed ontology model. Comparative to other smart health care services integration systems, the proposed ontological model provides more cohesiveness.",Yes,"The abstract explicitly discusses 'knowledge acquisition' through semantic querying (SPARQL) and proposes an ontological model to integrate healthcare services, which involves capturing and organizing knowledge from various services.",No,None identified,No,"The abstract discusses the development of an ontological model for smart health services management, focusing on integrating services rather than capturing or retaining knowledge."
3a232ada-a98e-4f40-97eb-a8c5712de341,"Title：Communities Of Inquiry For Offenders: Learning Malware Development On Asynchronous Platforms Abstract：Malware as a service (MaaS) has become a profitable profession, allowing individuals who are not technologically competent, and criminal organizations, to purchase such malicious software to conduct a variety of attacks. This has created space for those with the technological abilities to make a business off the malware that they write, and it is therefore important to understand where these developers are learning the skills needed. The current study was carried out to assess how malware developers use an encrypted messaging platform for knowledge acquisition, more specifically knowledge about malware development. This was carried out through a qualitative analysis of questions and answers posted within Telegram channels that are related to malware, and malware development and distribution. Further to this, latent class analysis was conducted to aid in determining whether there are subsets of individuals posting this information. A total of 467 user questions and 518 user responses were captured from eight channels. Results from this study revealed that posters are usually responsive to questions posed within these communities, with seven different response themes identified: Criticized question, offered answer or advice, offered help or service, probing for further information, provided resource, and unhelpful response. Therefore, while not many people are seeking Telegram channels to learn, when they do pose questions, respondents are likely to offer helpful advice to aid in their learning of malware development.",No,"The abstract discusses knowledge acquisition and learning of malware development within Telegram channels, but does not explicitly discuss capturing or retaining knowledge from individuals or organizations. It focuses on how questions and answers are posted and responded to, not on systematic knowledge retention.",No,None identified,Yes,"This was carried out through a qualitative analysis of questions and answers posted within Telegram channels that are related to malware, and malware development and distribution."
461bfb85-909c-4a32-aad0-036b23f63937,"Title：Impact Of Augmented Reality And Game-Based Learning For Science Teaching: Lessons From Pre-Service Teachers Abstract：Technological advancement and growing interest in digitalizing education increased Augmented Reality (AR) use in education. However, previous research findings on AR's potential for knowledge acquisition are inconclusive. Furthermore, computer self-efficacy has seldom been evaluated. AR is frequently combined with game-based approaches (GAME), yet the specific impact of each feature, AR and GAME, is often not differentiated in the research design. This work analyzed an AR game-based learning environment for science teaching. It was conducted with German pre-service teachers, assessing Knowledge and Computer Self-Efficacy. These measures were used to analyze the effect of AR and GAME in four intervention groups. The results showed a significant time effect for all groups in both variables, indicating all intervention designs led to knowledge and self-efficacy gains. However, no interaction effect was found, indicating the groups did not significantly differ in their knowledge and self-efficacy gains over time. The results further indicate no clear advantage of either AR or GAME for the design of science teaching. However, AR and GAME also did not hinder learning and both led to successful knowledge and self-efficacy gains. This indicates that AR and game-based learning support the learning process and strengthen learners' computer self-efficacy. Combining both features aids in easing the transition toward technology-enhanced learning by providing a playful learning experience, using digital as well as analog components.",No,"The abstract evaluates augmented reality and game-based learning for knowledge acquisition and self-efficacy gains in science teaching, but does not discuss capturing or retaining knowledge from individuals or organizations. It focuses on learning outcomes, not knowledge retention practices.",No,None identified,Yes,This work analyzed an AR game-based learning environment for science teaching.
6423a02d-7165-441d-bf30-1452923b2d41,"Title：Factors Of The Use Of Ai Technology Influencing Community Security In Uae Abstract：This paper presents a study on addressing 27 factors of the use of AI technology influencing community security in UAE. The factors are categorised in five groups namely AI Ethics; Compatibility; Complexity; Management support; and Staff Capability. This study used a questionnaire survey with the Abu Dhabi Police department as a case study for community security. The survey managed to 138 valid responses and analysed descriptively. In deciding the level of influence. It was found that 16 of the factors are having very high influence while the others are having high influence. In ranking analysis, it was found that the highest rank of AI technology's factors influence community security in each group is for compatibility (COMPA5), which underscores the harmony between an individual's skills and the employed AI technologies; complexity (COMPLEX2), highlighting the efficiency of AI-driven systems, particularly in rapid knowledge acquisition through online conferencing; management support (MS4), spotlighting the proactive endorsement and direction from organizational management in AI security technology implementation; ethics of AI (ETH3), accentuating the individual's commitment to ethical considerations while employing AI security technologies; and staff capability (SC2), which reflects the individual's proficiency and competence in effectively harnessing AI technologies for enhanced community security measures. Collectively, these factors shed light on the multifaceted ways AI technologies impact and shape the realm of UAE community security.",No,"The abstract discusses factors influencing community security through AI technology, including rapid knowledge acquisition via online conferencing, but does not explicitly discuss capturing or retaining knowledge from individuals or organizations. It focuses on influence factors, not knowledge retention.",No,None identified,Yes,This paper presents a study on addressing 27 factors of the use of AI technology influencing community security in UAE.
ff43e243-583a-45ed-b0dd-0bd61fa976bc,"Title：Collaborative Knowledge Management In The Digitized Train Maintenance Workplace: A Case Study At The Dutch Railways Abstract：Dutch train maintenance faces challenges due to workforce losses and skill gaps driven by rapid technological advancements. Effective knowledge management (KM) is vital to prevent knowledge loss and optimise total productive maintenance (TPM). Maintenance workers' processes and knowledge-sharing behaviours are currently underexplored. Human-Computer Interaction (HCI) methods can reveal key challenges and opportunities for improvement. This study illustrates the use of contextual inquiry combined with affinity and ideation workshops, which led to valuable insights and concepts. Eight opportunities were identified and grouped into three clusters: Communication, information accessibility, and administration adequacy. Further ideation produced four concepts. Research in a complex, safety-critical environment like maintenance requires thorough preparation and expectation management. Despite these challenges, involving maintenance workers in the innovation process has proven highly valuable.",Yes,The abstract explicitly states: 'Effective knowledge management (KM) is vital to prevent knowledge loss and optimise total productive maintenance (TPM).' This indicates a clear focus on retaining knowledge to prevent loss.,Yes,Effective knowledge management (KM) is vital to prevent knowledge loss and optimise total productive maintenance (TPM). Maintenance workers' processes and knowledge-sharing behaviours are currently underexplored.,Yes,Effective knowledge management (KM) is vital to prevent knowledge loss and optimise total productive maintenance (TPM).
86cb7a5b-83d7-4ceb-b4ac-76245d647bc1,"Title：Application Of Artificial Intelligence And Virtual Reality In Soft Skills Training With Modeled Personality Abstract：Across the world, people are exploring fields where AI (Artificial Intelligence) and VR (Virtual Reality) can be harnessed to unlock new possibilities and drive innovation. The aim of this article was to review the potential and assess the feasibility of using virtual reality technology in soft skills training (including people management, stress management, communication, conflict resolution, and sales). A project was developed featuring an application that utilizes virtual reality and artificial intelligence to facilitate communication with a virtual coach. The application operates on Meta Quest 3 virtual reality goggles (Meta Platforms, Inc., Menlo Park, CA, USA). Tests of the presented solution confirm market trends, highlighting the potential for achieving positive training outcomes through immersive technologies. The conclusions outline opportunities for improvement and further development of such solutions. This study applied a quasi-experimental model with pretest, posttest, and four-week follow-up measurements. The effectiveness of VR training was evaluated using a knowledge test (0-100%), a self-assessment scale of soft skills (Likert 1-5), expert behavior observation (0-10 scale), and posttraining surveys. The VR group demonstrated significantly higher gains in knowledge, soft skills, and behavioral performance with knowledge retention reaching 89% after four weeks. These results confirm the effectiveness of immersive VR training and its alignment with current market trends in innovative professional development.",No,"The abstract evaluates VR training for soft skills, measuring knowledge gains and retention, but does not discuss capturing or retaining knowledge from individuals or organizations. It focuses on training effectiveness, not on knowledge retention practices.",No,None identified,Yes,The aim of this article was to review the potential and assess the feasibility of using virtual reality technology in soft skills training.
f066bade-aac5-4a58-b077-2ad7752fa251,"Title：Mustang: A Workhorse For Nasa Spaceflight Avionics Abstract：The Modular Unified Space Technology Avionics for Next Generation (MUSTANG) is a small integrated Avionics system including Command and Data Handling (C&DH), Power System Electronics (PSE), Attitude Control System Interfaces (ACS), and Propulsion Electronics. The MUSTANG Avionics Architecture is built upon many years of knowledge capture and lessons learned at the Goddard Space Flight Center. With a motivation towards modularity and keeping board redesign costs to a minimum, MUSTANG offers flexibility in features with a backplane-less design and allows the user to choose the options (cards) needed for their system. It incorporates a distributed power system that provides secondary power to all its subcomponents reducing the number of primary services needed for an Avionics. MUSTANG can be integrated into one system or divided into several smaller components. MUSTANG supports redundancy and cross-strap ability for a more robust and reliable Avionics system. A variation of MUSTANG exists for Instrument Electronics called iMUSTANG and allows the user to select functionality applicable to the instrument electronics. MUSTANG is not meant to replace Avionics for all spacecraft. There are limitations due to its relatively compact size, but the MUSTANG design has proven broadly applicable on many spacecraft and instrument bus avionics architectures.",Yes,The abstract states that the MUSTANG Avionics Architecture is built upon many years of knowledge capture and lessons learned at the Goddard Space Flight Center.,No,None identified,No,"The abstract does not discuss preserving, capturing, retaining, transferring, or preventing loss of knowledge from individuals, group, or organization environment."
4acc0c68-a4e0-4a61-890a-c592d34a50ba,"Title：Evaluating Incentive Based 3D Virtual Training For Nasopharyngeal Swab Proficiency Abstract：The global emergence of the COVID-19 pandemic has placed an unprecedented strain on healthcare systems worldwide, demanding the need for accurate and widespread testing methods, particularly the utilization of nasopharyngeal swabs for detecting SARS-CoV-2. Proficiency in this critical procedure among healthcare professionals is paramount to ensure both test accuracy and safety. Nevertheless, conventional training methods face numerous constraints, including high costs, limited availability of trainers, and the inherent risk of infection transmission. In response to these challenges, this study endeavors to explore a novel approach by integrating incentive-based learning techniques with incentive within immersive 3D virtual training environments tailored for nasopharyngeal swabbing. The primary aim of this investigation is to assess the impact of this innovative approach in comparison to conventional 3D virtual training methods on several crucial dimensions, including knowledge acquisition, cognitive load, skill development, and user engagement. To achieve this, the study capitalizes on cutting-edge technologies like virtual reality (VR) to provide a dynamic and realistic training experience. In essence, this research seeks to provide valuable insights into the effective amalgamation of incentive-based learning strategies with incentive principles within the realm of virtual reality-based healthcare training. The specific focus of this study lies in enhancing proficiency in the nasopharyngeal swabbing technique, a skill of paramount importance during the ongoing COVID-19 pandemic. By pushing the boundaries of educational technology and leveraging the power of motivation, this research aspires to contribute significantly to healthcare education in these challenging times.",Yes,The abstract explicitly mentions knowledge acquisition as a dimension being assessed in the study of incentive-based 3D virtual training for nasopharyngeal swab proficiency.,No,None identified,No,"The abstract does not discuss preserving, capturing, retaining, transferring, or preventing loss of knowledge from individuals, group, or organization environment."
d5eeb2ea-ee22-42eb-b3bc-e96d3153bbb9,"Title：How Can Pneumatics Be Trained With Augmented Reality In The Context Of Training For Industrial-Technical Professions? Abstract：Augmented reality (AR) holds promise as a technology for creating hands-on learning environments. This paper presents the development of an AR-based training program for pneumatics teaching, aiming to investigate the effects of different elements of AR visualization on learning and knowledge acquisition. Two concepts for AR visualization elements were developed: a realistic replica of the pneumatic system and a concept that incorporates additional AR elements, such as airflow tracking and an X-ray view. A mixed-methods approach study was conducted with fifteen first-year industrial mechanics apprentices. The participants were divided into three groups (traditional learning method, concept 1, concept 2) and performed two practical exercises on pneumatics. The results indicated that AR-based training can be an effective method for imparting knowledge in the field of pneumatics. However, the type of visualization used significantly impacts the learner's knowledge absorption. Visualizations conveying additional information, such as airflow tracking and an X-ray view, proved to help learners better understand and internalize complex relationships and functionalities. This study suggests that AR-based training is an effective way to teach pneumatics, but the choice of visualization is crucial. Visualizations providing additional information, such as airflow tracking and an X-ray view, enhance learners' understanding and internalization of complex relationships and functionalities. More research is needed to validate these findings and explore additional ways to use AR to improve the learning experience in pneumatics and other technical fields.",Yes,The abstract explicitly states that the study aims to investigate the effects of AR visualization on learning and knowledge acquisition in pneumatics training.,No,None identified,No,"The abstract does not discuss preserving, capturing, retaining, transferring, or preventing loss of knowledge from individuals, group, or organization environment."
bfe27fe9-e048-42c5-8dc4-42bff631c250,"Title：The Impact Of High-Immersion Virtual Reality On Efl Learners' Foreign Language Speaking Anxiety: A Mixed-Method Approach Abstract：High-immersion virtual reality (HiVR) attracts increasing attention among language learning researchers because of its potential to enhance language learning. Prior studies focused mainly on HiVR and linguistic knowledge acquisition, and little is known about HiVR and emotions in language learning. Foreign language speaking anxiety (FLSA) is a common emotion that inhibits language learning and use, so it is important to explore approaches to alleviate it. This study investigated the potential use of HiVR for coping with FLSA in which 140 Chinese EFL learners were randomly assigned to four groups (35 students each) with a different combination of learning environments (HiVR or classroom) and learning principles (situated learning or teacher-centred learning). Students' pre- and post-test of FLSA levels within and among four groups were compared via t-tests and ANOVA. Participants' descriptions of FLSA change and perceptions of the effects of HiVR on FLSA were integrated with quantitative results for analysis. The integration of analysis showed that although most students perceived HiVR as a useful tool for alleviating FLSA, it is difficult for them to apply the reduced anxiety experienced in HiVR to real-life situations. The statistical results also showed that HiVR did not influence students' real-life FLSA significantly. Most participants reported that HiVR offered them an authentic environment and enjoyable learning activities, which engaged them in learning, but the use of avatars in HiVR sometimes created an obstacle to communication. Implications for using HiVR technology to enhance foreign language learning are provided.",Yes,"The abstract mentions linguistic knowledge acquisition as a focus of prior studies, and the current study investigates HiVR's impact on language learning, which involves knowledge acquisition.",No,None identified,No,"The abstract does not discuss preserving, capturing, retaining, transferring, or preventing loss of knowledge from individuals, group, or organization environment."
b2f469da-7fc0-4d7e-a017-b76b2cc3352c,"Title：A Review On Enhancing Agricultural Intelligence With Large Language Models Abstract：This paper systematically explores the application potential of large language models (LLMs) in the field of agricultural intelligence, focusing on key technologies and practical pathways. The study focuses on the adaptation of LLMs to agricultural knowledge, starting with foundational concepts such as architecture design, pre-training strategies, and fine-tuning techniques, to build a technical framework for knowledge integration in the agricultural domain. Using tools such as vector databases and knowledge graphs, the study enables the structured development of professional agricultural knowledge bases. Additionally, by combining multimodal learning and intelligent question-answering (Q&A) system design, it validates the application value of LLMs in agricultural knowledge services. Addressing core challenges in domain adaptation, including knowledge acquisition and integration, logical reasoning, multimodal data processing, agent collaboration, and dynamic knowledge updating, the paper proposes targeted solutions. The study further explores the innovative applications of LLMs in scenarios such as precision crop management and market dynamics analysis, providing theoretical support and technical pathways for the development of agricultural intelligence. Through the technological innovation of large language models and their deep integration with the agricultural sector, the intelligence level of agricultural production, decision-making, and services can be effectively enhanced. (c) 2025 The Authors. Publishing services by Elsevier B.V. on behalf of KeAi Communications Co., Ltd. This is an open access article under the CC BY-NC-ND license (http://creativecommons.org/licenses/by-nc-nd/4.0/).",Yes,The abstract explicitly discusses knowledge acquisition and integration as core challenges in adapting large language models to agricultural intelligence.,No,None identified,No,"The abstract does not discuss preserving, capturing, retaining, transferring, or preventing loss of knowledge from individuals, group, or organization environment."
2eadb664-26da-4707-93f6-244d9f658471,"Title：16Ir-Web-Rag: Interleaving Web Retrieval With Chain-Of-Thought Reasoning For Retrieval-Augmented Generation Abstract：With the rapid advancement of intelligent retrieval technologies, Retrieval-Augmented Generation (RAG) question-answering systems have emerged as a mainstream solution. However, conventional RAG systems are constrained by the inherent limitations of localized knowledge bases, resulting in suboptimal knowledge timeliness. This shortcoming may compromise the reliability of answers generated by large language models (LLMs), potentially leading to misleading outputs. To address this challenge, we propose a self-correcting algorithm named Ir-Web-RAG, which leverages multi-round web retrieval. The algorithm first reconstructs the knowledge base architecture using a sentencelevel RAG optimization strategy, where a fine-tuned similarity label generation model precisely matches queries with relevant knowledge snippets. Subsequently, a dynamic web retrieval routing mechanism is designed to adaptively determine retrieval rounds based on similarity labels, substantially improving the efficiency of online knowledge acquisition. Furthermore, the algorithm employs real-time knowledge retrieved from the web to perform targeted corrections on outdated domain-specific content in the local knowledge base. The refined high-quality knowledge is then integrated as input for LLMs to enhance answer accuracy and timeliness. Experiments were conducted on three baseline models (Qwen2.5: 7B, Qwen2.5: 14B and ChatGPT 3.5-Turbo) using three public benchmark datasets (SQuAD2.0, HotpotQA and PopQA) as well as specialized Chinese datasets in finance, legal, and medical domains. Results demonstrate that Ir-Web-RAG improves query-knowledge similarity by 20%-25%, and its integration with RAG systems significantly enhances the overall performance of intelligent QA systems.",Yes,The abstract explicitly discusses online knowledge acquisition and knowledge base architecture reconstruction to improve the efficiency of knowledge retrieval and answer accuracy.,No,None identified,No,"The abstract does not discuss preserving, capturing, retaining, transferring, or preventing loss of knowledge from individuals, group, or organization environment."
e7d25f40-c44c-422e-a5ce-aafe006dd53e,"Title：Collaborative Engagement And Help-Seeking Behaviors In Engineering Asynchronous Online Discussions Abstract：With current online learning platform technology, we are now able to observe undergraduate student learning in many spaces outside of the formal classroom, including through the use of technologies like asynchronous online discussion forums (AODs). The help-seeking and knowledge building behaviors of students in these virtual learning spaces, and engineering students in particular, merit further investigation to elucidate the ways that discussion forums may support or hinder knowledge-building and collaborative processes that are important for engineering students' learning outcomes. This study employed qualitative content analysis of a large amount of discussion forum data from seven semesters of the same blended university-level engineering course to investigate the ways that students used the forum to engage with their peers and course material. Our findings indicate various collaborative engagement patterns existed to promote group knowledge acquisition (e.g., asking technical questions, providing technical answers, and challenging or validating those answers). We posit that these engagement patterns made the forum an effective computer-supported collaborative learning (CSCL) space for the community of users as a whole. We find further support for the role of social presence, or a sense of group cohesion, learners may feel when interacting on the forum, and the ways in which it may shape knowledge construction in blended learning environments. We provide a series of practical implications to engineering educators and AOD designers for optimizing the ways in which learning happens for engineering students on educational discussion forums.",Yes,The abstract explicitly discusses knowledge building behaviors and group knowledge acquisition in asynchronous online discussion forums.,No,None identified,No,"The abstract does not discuss preserving, capturing, retaining, transferring, or preventing loss of knowledge from individuals, group, or organization environment."
c15bcbe4-e875-421a-be4f-ea4e6d25a24b,"Title：Examining Knowledge Management Factors In College Students' Acceptance Of Engineering Language Moocs: An Extended Tam Approach Abstract：This study explores the impact of Knowledge Management (KM) factors-knowledge acquisition (KAC), knowledge storage (KST), knowledge sharing (KSH), and knowledge application (KAP)-on the acceptance of Engineering Language Massive Open Online Courses (E-LMOOCs) by English as a foreign language (EFL) learners majoring in engineering sciences at Shahid Chamran University of Ahvaz, Iran. Using the extended Technology Acceptance Model (TAM), the research assesses how these KM factors influence perceived usefulness (PU) and perceived ease of use (PEOU) of E-LMOOCs, as well as learners' behavioural intention (BI) to use them. A total of 853 responses were collected from engineering students between September 2020 and September 2024 and analysed using structural equation modelling (SEM). The results show that PEOU significantly affects PU and BI, and PU significantly influences BI, which in turn significantly impacts actual behaviour (AB). KAC significantly affects PU and PEOU, KSH significantly affects PEOU and BI (but not PU), KST affects only PEOU, and KAP significantly impacts PU. However, the hypotheses regarding KSH's effects on PU and KST's effects on PU and BI were not supported. The findings highlight the importance of PEOU and PU in driving learner acceptance of E-LMOOCs and suggest that improving KM practices, especially KAC and KAP, can enhance the effectiveness and adoption of E-LMOOCs among Iranian engineering EFL learners. This study discusses the implications of the findings and provides recommendations for further research.",No,"The abstract examines Knowledge Management factors (knowledge acquisition, storage, sharing, application) influencing acceptance of E-LMOOCs, but does not explicitly discuss capturing or retaining knowledge from individuals or organizations.",Yes,"knowledge acquisition (KAC), knowledge storage (KST), knowledge sharing (KSH), and knowledge application (KAP) - on the acceptance of Engineering Language Massive Open Online Courses (E-LMOOCs)",No,"The study explores the impact of Knowledge Management (KM) factors on the acceptance of Engineering Language Massive Open Online Courses (E-LMOOCs), rather than capturing or retaining knowledge."
171166ee-8833-4ed1-bbd4-5fbeac0e0761,"Title：Unmanned Agricultural Robotics Techniques For Enhancing Entrepreneurial Competitiveness In Emerging Markets: A Central Romanian Case Study Abstract：Recently, the market for miniaturized Unmanned Agricultural Robots has experienced rapid development worldwide, driven by advances in robotics, artificial intelligence and precision agriculture. These technologies are no longer confined to highly industrialized countries but are increasingly penetrating emerging economies, including Romania, where they hold significant potential for transforming farming practices and entrepreneurial competitiveness. The purpose of the present paper is to present strategies for enhancing the competitive advantage of agricultural entrepreneurs in Romania's Central Region. This is achieved by leveraging competitive advantage through value creation, specifically by deepening strategies for the rapid integration of new miniaturized robotic products. The research employed a mixed-methods approach, combining qualitative and quantitative techniques to investigate the ability of key stakeholders-agricultural entrepreneurs, precision agriculture product/service providers, institutional representatives, and investors-to dynamically adapt to evolving market conditions. The study's findings reveal a strong interest and readiness among precision agriculture stakeholders to adopt advanced technologies, supported by robust operational knowledge management practices including external knowledge acquisition, strategic partnerships and data protection. Although agricultural entrepreneurs exhibit considerable adaptive and absorptive capacities-evidenced by their openness to innovation and collaboration-persistent barriers such as high equipment costs and limited financing access continue to impede the broad adoption of miniaturized robotic solutions. The study concludes by emphasizing the need for supportive policies and collaborative financing models and it suggests future research on adoption dynamics, cross-country comparisons and the role of education in accelerating agricultural robotics.",Yes,"The abstract mentions 'robust operational knowledge management practices including external knowledge acquisition, strategic partnerships and data protection', which implies capturing and retaining knowledge from external sources.",Yes,"robust operational knowledge management practices including external knowledge acquisition, strategic partnerships and data protection",Yes,"The research employed a mixed-methods approach, combining qualitative and quantitative techniques to investigate the ability of key stakeholders to dynamically adapt to evolving market conditions through operational knowledge management practices including external knowledge acquisition, strategic partnerships and data protection."
5682b705-b167-4c0e-a30c-93e3e3e58b54,"Title：Enhancing Fire Safety Education Through Immersive Virtual Reality Training With Serious Gaming And Haptic Feedback Abstract：Over the past decades, China has faced an increasingly severe fire issue, resulting in significant human and financial losses. Consequently, the importance of enhancing fire safety education for citizens has become more pronounced. However, due to safety risks in actual fire scenes, the practical use of firefighting equipment was often learned passively through text or video resources, posing challenges in ensuring users can proficiently operate actual equipment. Virtual reality (VR) emerged as a promising technology to provide users with a low-risk environment to gain hands-on experience with firefighting equipment. Therefore, this study aimed to assess the effectiveness of a specially designed VR game-based firefighting extinguishing equipment training (FEET) that integrated VR with serious gaming elements. The study evaluated the effectiveness of FEET through a comparison between high (HI) and low (LI) immersiveness VR and a non-immersive (NI) setting as a baseline. The study incorporated haptic feedback mechanisms, such as audio and vibration, to enhance user immersiveness within the HI setting. The focus of the study was on evaluating knowledge acquisition, user experiences, and interaction preferences for the proposed FEET design. The study adopted three distinct learning sequences to mitigate the VR halo effects. The results of the study indicated that both VR-based learning methods yielded outstanding user experiences that significantly surpassed the NI setting. Furthermore, the study showed that haptic feedback with richer game contents further enhanced user experiences, underscoring the importance of simulating realistic sensing in improving learning outcomes.",Yes,"The abstract focuses on evaluating knowledge acquisition through VR-based firefighting training, which involves capturing and retaining procedural knowledge from the training experience.",No,None identified,No,"The study aimed to assess the effectiveness of a specially designed VR game-based firefighting extinguishing equipment training, rather than capturing or retaining knowledge."
0e3803eb-09a0-45ce-9d4d-f8d6e5818c64,"Title：Designing Online Tools For Collaborative Knowledge Integration Abstract：Collaborative discussions can significantly contribute to learners' knowledge acquisition; however, research has shown that K-12 students will add ideas without integrating them into their existing schemas and often adopt unsubstantiated claims as their own. In this design study, we explored how differential scaffolds can support middle school students' discussions as they develop integrated understandings longitudinally within an online evolutionary science unit. Students studied the unit individually but also collaborated to discuss instances in the unit where dilemmas were presented, where they were prompted to add ideas to a public idea market (IM). Two conditions were compared: a Guided condition, where students (n = 181) were scaffolded to distinguish their ideas from their peers', and a Typical condition, where students (n = 163) responded to their peers' ideas without scaffolding. The peer-to-peer interaction data within the IM were analyzed for patterns of collaboration among students in each condition and any resulting changes in the sophistication of their explanations across the Knowledge Integration framework. The data support that students in the Guided condition, compared to the Typical condition, provided significantly more integrated responses related to their capability to distinguish their ideas from their peers across all dilemmas: t (335) = 6.63, p < 0.01; Cohen's d = 0.73. However, differences in condition did not impact overall student learning gains. Implications are discussed related to the value of technologically enhanced collaborative discussions and the role of scaffolds within the designs of these platforms.",No,"The abstract discusses collaborative discussions and scaffolds for knowledge integration in an online science unit, but does not explicitly discuss capturing or retaining knowledge from individuals or organizations.",Yes,"Collaborative discussions can significantly contribute to learners' knowledge acquisition; however, research has shown that K-12 students will add ideas without integrating them into their existing schemas and often adopt unsubstantiated claims as their own. In this design study, we explored how differential scaffolds can support middle school students' discussions as they develop integrated understandings longitudinally within an online evolutionary science unit.",No,"The abstract discusses how differential scaffolds can support middle school students' discussions to develop integrated understandings, but does not explicitly discuss capturing or retaining knowledge from individuals or organizations."
bee8fc22-8329-4e24-9553-28cc218f7ea6,"Title：Scope Of Machine Learning In Materials Research-A Review Abstract：This comprehensive review investigates the multifaceted applications of machine learning in materials research across six key dimensions, redefining the field's boundaries. It explains various knowledge acquisition mechanisms starting with supervised, unsupervised, reinforcement, and deep learning techniques. These techniques are transformative tools for transforming unactionable data into insightful actions. Moving on to the materials synthesis, the review emphasizes the profound influence of machine learning, as demonstrated by predictive models that speed up material selection, structure-property relationships that reveal crucial connections, and data-driven discovery that fosters innovation. Machine learning reshapes our comprehension and manipulation of materials by accelerating discovery and enabling tailored design through property prediction models and structure-property relationships. Machine learning extends its influence to image processing, improving object detection, classification, and segmentation precision and enabling methods like image generation, revolutionizing the potential of image processing in materials research. The most recent developments show how machine learning can have a transformative impact at the atomic level by enabling precise property prediction and intricate data extraction, representing significant advancements in material understanding and innovation. The review highlights how machine learning has the potential to revolutionize materials research by accelerating discovery, improving performance, and stimulating innovation. It does so while acknowledging obstacles like poor data quality and complicated algorithms. Machine learning offers a wide range of exciting prospects for scientific investigation and technological advancement, positioning it as a powerful force for influencing the future of materials research.",No,"The abstract discusses machine learning applications in materials research, including knowledge acquisition mechanisms, but does not explicitly discuss capturing or retaining knowledge from individuals or organizations.",No,None identified,Yes,"It explains various knowledge acquisition mechanisms starting with supervised, unsupervised, reinforcement, and deep learning techniques. These techniques are transformative tools for transforming unactionable data into insightful actions."
5c3a41ff-80c1-4dee-bf69-a1bb253a2bc0,"Title：Farm-Lightseek: An Edge-Centric Multimodal Agricultural Iot Data Analytics Framework With Lightweight Llms Abstract：Amid the challenges posed by global population growth and climate change, traditional agricultural Internet of Things (IoT) systems is currently undergoing a significant digital transformation to facilitate efficient big data processing. While smart agriculture utilizes artificial intelligence (AI) technologies to enable precise control, it still encounters significant challenges, including excessive reliance on agricultural expert knowledge, difficulties in fusing multimodal data, poor adaptability to dynamic environments, and bottlenecks in real-time decision-making at the edge. Large language models (LLMs), with their exceptional capabilities in knowledge acquisition and semantic understanding, provide a promising solution to address these challenges. To this end, we propose Farm-LightSeek, an edge-centric multimodal agricultural IoT data analytics framework that integrates LLMs with edge computing. This framework collects real-time farmland multi-source data (images, weather, geographic information) via sensors, performs cross-modal reasoning and disease detection at edge nodes, conducts low-latency management decisions, and enables cloud collaboration for model updates. The main innovations of Farm-LightSeek include: (1) an agricultural perception-decision-action closed-loop architecture; (2) cross-modal adaptive monitoring; and (3) a lightweight LLM deployment strategy balancing performance and efficiency. Experiments conducted on two real-world datasets demonstrate that Farm-LightSeek consistently achieves reliable performance in mission-critical tasks, even under the limitations of edge computing resources. This work advances intelligent real-time agricultural solutions and highlights the potential for deeper integration of agricultural IoT with LLMs.",No,"The abstract discusses an IoT data analytics framework using LLMs for agricultural decision-making, but does not explicitly discuss capturing or retaining knowledge from individuals or organizations.",No,None identified,Yes,"Large language models (LLMs), with their exceptional capabilities in knowledge acquisition and semantic understanding, provide a promising solution to address these challenges."
0b9cdff2-9752-4f09-9948-b17628757d9e,"Title：Artificial Intelligence-Driven Advances In Photocatalytic Hydrogen Production Abstract：This perspective provides an overview of recent studies on the use of photocatalysis for hydrogen production, with a particular focus on water splitting. It examines the developments in this field that have been facilitated by artificial intelligence tools, especially machine learning algorithms. The photocatalytic generation of hydrogen has been the subject of extensive study in recent years, as the necessity for higher efficiency and hydrogen production rates represents a crucial step in the development of this technology for its mass deployment. The known difficulties of these systems pertain to the complexities associated with the photocatalysts, including the effect of reactants, the synthesis process, and their efficiency, particularly in harvesting sunlight. Moreover, the design of the reactor is a challenging undertaking, particularly in light of the dynamic behavior and the interaction between photons, solutions, photocatalysts, and co-catalysts that must be considered in the photocatalytic production of hydrogen. Research on this subject must consider the use of green materials and processes for synthesis, avoid extensive experimentation to reduce the carbon footprint, and seek efficient and less resource-intensive computational resources. To surmount the challenges inherent to the synthesis and development process, while simultaneously enabling the establishment of structure-performance relationships for knowledge acquisition, high-performing computational methods are key. This article concludes by potential avenues for improvement by highlighting strategies that have been successfully implemented in other related fields and could be beneficial for this field.",No,"The abstract discusses using AI and machine learning for photocatalytic hydrogen production research, including knowledge acquisition through structure-performance relationships, but does not explicitly discuss capturing or retaining knowledge from individuals or organizations.",No,None identified,Yes,"To surmount the challenges inherent to the synthesis and development process, while simultaneously enabling the establishment of structure-performance relationships for knowledge acquisition, high-performing computational methods are key."
382e444e-228a-40c1-91b7-db49a3ea1a48,"Title：E-Learning Behavior Categories And Influencing Factors Of Stem Courses: A Case Study Of The Open University Learning Analysis Dataset (Oulad) Abstract：With a focus on enhancing national scientific and technological competitiveness and cultivating innovative talents, STEM education has achieved remarkable results in developing students' core quality and improving academic achievement. Online courses built for STEM education have attracted many learners. However, as the number of learners continues to grow, online STEM education faces problems such as difficulties in ensuring the quality of teaching and learning in STEM online courses and poor performance of students in online learning. An in-depth exploration of the correlations between learners' E-learning behavior categories and learning outcomes in STEM education online courses will facilitate teachers' precise interventions for students who are learning online. This study first predicts the E-learning performance of STEM course learners through machine learning and deep learning algorithms, then uses factor analysis methods to discover correlations between behavioral features, uses the random forest algorithm to explore the vital behavioral features that influence the E-learning performance of STEM courses, and finally performs a category classification of important characteristic behaviors based on the learning behavior category basis. The results show that the learning behavior classifications of learning preparation behavior, knowledge acquisition behavior, and learning consolidation behavior affect the E-learning performance of learners in STEM courses. Moreover, a series of characteristic behaviors strongly affect E-learning performance. In general, teachers can systematically intervene in time for at-risk students from the perspective of learning behavior categories and further improve the construction of STEM online courses.",No,"The abstract discusses E-learning behavior categories and knowledge acquisition behavior in STEM courses, but does not explicitly discuss capturing or retaining knowledge from individuals or organizations.",Yes,"The results show that the learning behavior classifications of learning preparation behavior, knowledge acquisition behavior, and learning consolidation behavior affect the E-learning performance of learners in STEM courses. Moreover, a series of characteristic behaviors strongly affect E-learning performance.",No,The abstract discusses the correlations between learners' E-learning behavior categories and learning outcomes in STEM education online courses but does not explicitly discuss capturing or retaining knowledge from individuals or organizations.
51f92cc8-dbd0-4db0-8dfc-3ff5cf74415d,"Title：A Robot-Based Digital Storytelling Approach To Enhancing Efl Learners' Multimodal Storytelling Ability And Narrative Engagement Abstract：Digital technology has brought new opportunities for language education. Multimodal literacy refers to the ability to read, watch, understand, respond to, and generate multimodal texts. Multimodality, promoted by scholars, generates meaning in multiple modes. Hence, digital storytelling (DST) presented with multimodal content has been extensively applied in second language instruction. However, traditional DST is mostly presented in videos with one-way communication; it lacks two-way communication with the audience and is only regarded as a learning method for knowledge acquisition. As a result, the present study proposed a robot-based DST (robot-DST) approach to facilitate the interaction in the DST process and to enhance students' engagement. In order to evaluate its effectiveness, a quasi-experiment was conducted in an EFL course at a senior high school. Two classes of 11th graders participated in the experiment. One class with 40 students was the experimental group adopting the robot-DST approach, while the other class with 40 students was the control group adopting the conventional animation-based DST (CA-DST) approach. The results showed that the robot-DST approach could significantly reduce students' communication apprehension, as well as enhance their English speaking ability, storytelling ability, narrative engagement, and communication tendency. The findings show that using robots in the context of digital storytelling design has great potential for promoting learners' language learning performances. Accordingly, in-depth discussion and suggestions for future research are provided for researchers and school teachers who intend to use robots in educational settings.",No,"The abstract discusses digital storytelling for language learning and knowledge acquisition, but does not explicitly discuss capturing or retaining knowledge from individuals or organizations.",Yes,"However, traditional DST is mostly presented in videos with one-way communication; it lacks two-way communication with the audience and is only regarded as a learning method for knowledge acquisition. As a result, the present study proposed a robot-based DST (robot-DST) approach to facilitate the interaction in the DST process and to enhance students' engagement.",No,The abstract discusses the effectiveness of a robot-based digital storytelling approach to enhance EFL learners' multimodal storytelling ability and narrative engagement but does not explicitly discuss capturing or retaining knowledge from individuals or organizations.
5cb13d45-116b-4ca1-9212-4427f439b322,"Title：Synergistic Integration Of Artificial Intelligence And Gamification In University Finance Trading Simulation Labs Abstract：Background The integration of Artificial Intelligence (AI) and gamification in higher education has shown promise in enhancing engagement and learning outcomes, particularly in fields requiring experiential training like finance. However, university trading labs-critical for bridging financial theory and practice-often struggle to sustain student motivation and translate knowledge into real-world decision-making. Existing research predominantly examines AI or gamification in isolation, leaving a gap in understanding their synergistic potential to address these challenges.Objectives This systematic literature review investigates how the combined use of AI-driven adaptive systems and gamification strategies enhances learning experiences, motivation, and skill acquisition in university finance trading labs.Methods Following the systematic review protocol, 28 peer-reviewed studies were analyzed. Thematic coding and synthesis were employed to evaluate empirical findings, theoretical frameworks, and methodological approaches across AI-driven adaptivity (e.g., machine learning, NLP) and gamification elements (e.g., leaderboards, narrative scenarios).Results and Conclusions The integration of AI and gamification significantly improves engagement, knowledge retention, and decision-making agility in simulated trading environments. AI-driven personalization tailors challenges to individual proficiency, while gamification elements foster motivation and resilience. However, challenges such as algorithmic bias, resource disparities, and ethical concerns require interdisciplinary collaboration for equitable implementation. This review provides actionable insights for designing adaptive, game-informed learning ecosystems that prepare students for real-world financial markets, advocating for balanced innovation in pedagogy, technology, and policy.",No,"The abstract discusses how AI and gamification enhance learning experiences, motivation, and skill acquisition, but does not explicitly discuss capturing or retaining knowledge from individuals or organizations. It focuses on engagement and learning outcomes rather than knowledge retention mechanisms.",No,None identified,Yes,"This systematic literature review investigates how the combined use of AI-driven adaptive systems and gamification strategies enhances learning experiences, motivation, and skill acquisition in university finance trading labs."
7150c5ee-0f4c-4694-8bdc-7ec67f3f54f5,"Title：Immersive Technologies In Digital Museums: A Systematic Review Of Virtual And Augmented Reality For Heritage Reconstruction And Visitor Experience Abstract：Virtual reality (VR) and augmented reality (AR) are reshaping digital museums by enabling immersive storytelling, heritage reconstruction, and participatory learning. However, despite their rapid growth, research on these technologies remains fragmented, leaving uncertainties about effectiveness, design strategies, and long-term sustainability. This study aims to consolidate and critically evaluate existing scholarships on VR and AR applications in digital museums, identifying major themes, methodological tendencies, and persisting gaps. A systematic literature review (SLR) of peer-reviewed studies published between 2015 and 2025 in Scopus and Web of Science was conducted following PRISMA 2020 guidelines. The analysis reveals five thematic domains: immersive storytelling and heritage reconstruction, interactive visitor engagement and education, hybrid physical-digital exhibitions, technological ecosystems and design strategies, and evaluation practices in user studies. Findings show that VR/AR consistently enhance cultural engagement and learning outcomes, with reported 20-35% higher knowledge retention, 60% longer visitor dwell times, and 78% stronger perceived learning gains compared with traditional displays. Hybrid exhibitions demonstrate that digital augmentation can enrich interpretation while maintaining authenticity, though evaluative studies reveal ongoing gaps in standardized assessment frameworks. Persistent challenges include high implementation costs, hardware obsolescence, digital inequality, and contested notions of authenticity and curatorial control. This review concludes that VR and AR should be positioned as complementary mediators within blended exhibition ecosystems, and that future development should prioritize inclusivity, AI-driven personalization, and sustainable design to realize museums as participatory, educational, and culturally resilient environments.",No,"The abstract discusses VR/AR applications in digital museums for immersive storytelling, heritage reconstruction, and visitor engagement, but does not explicitly discuss capturing or retaining knowledge from individuals or organizations.",No,None identified,Yes,"This study aims to consolidate and critically evaluate existing scholarships on VR and AR applications in digital museums, identifying major themes, methodological tendencies, and persisting gaps."
8aa7096c-677d-4d5b-85a3-63730a2abde2,"Title：Development Of A Virtual Reality For Physiology Education Abstract：This study explores the development and evaluation of a Virtual Reality (VR)-based Massive Open Online Course (MOOC) designed to enhance the learning of complex physiological concepts in exercise physiology education. Traditional teaching methods often struggle to effectively convey dynamic physiological processes, such as muscle contraction and energy metabolism. By utilizing VR technology, this research provides an immersive, interactive environment for students to visualize and engage with these processes in 3D. The study employed a Research and Development (R&D) approach, using the 4D model (Define, Design, Development, Dissemination) to create and assess the VR program. Experts in physiology, educational media, and linguistics validated the content, ensuring both pedagogical soundness and technical quality. Evaluation methods included expert validation questionnaires, practicality surveys, and student feedback. The tool received high ratings for its educational value, interactivity, and usability, with an average expert validation score of 97.42% and a student practicality score of 98.89%. Instructors found the VR program practical for enhancing conceptual learning, especially in visualizing complex processes difficult to simulate in traditional settings. The study suggests that integrating VR with MOOCs can democratize access to exercise physiology education globally. However, challenges related to technology access and content development remain. Future research should explore VR's longterm impact on knowledge retention and its applicability in real-world scenarios. This research demonstrates VR's potential to revolutionize specialized education by offering scalable, immersive, and engaging learning experiences that enhance both accessibility and effectiveness.",No,"The abstract describes developing a VR-based MOOC for physiology education to enhance learning, but does not discuss capturing or retaining knowledge from individuals or organizations.",No,None identified,Yes,This study explores the development and evaluation of a Virtual Reality (VR)-based Massive Open Online Course (MOOC) designed to enhance the learning of complex physiological concepts in exercise physiology education.
a7d6136b-25f8-4a00-9385-b153370fd1f0,"Title：Gamified Mobile Apps' Impact On Academic Performance Of Grade 8 In A Mainstream Physics Class Abstract：Aim/Purpose This research project aims to create a gamified instructional material tailored for Grade 8 students that includes a partially deaf student attending mainstream Science classes. The developed gamified mobile application underwent expert review and was used as an intervention tool to enhance academic performance in Physics among these students. Background In the Philippines, there is a lack of accessible Science Instructional Materials for students with special educational needs, making inclusive education chalLenging. To address this, teachers need to enhance resources for inclusivity with-out compromising learning enjoyment. Gamification, a technique that increases student engagement, is critical. However, only some resources combine gamification and inclusion, highlighting the need for Science teachers to develop such materials. Methodology Using a quantitative descriptive approach, the researchers assessed students' competencies in Physics 8, identifying strengths and weaknesses. This data guided the creation of targeted interventions. A systematic literature search helped identify game design components from prior research, aiding the development of the Science-Inclusive Gamified Mobile Application (SIGMA). This application integrated various features, leading to a significant improvement instudents' academic performance. Pre-test and post-test analyses showed substantial progress.Contribution The gamified mobile application positively affected eighth-grade students, including one with hearing impairment, enhancing their educational experience and interest in challenging topics. The research underscores the importance of teachers adopting gamified technologies to foster proactive knowledge acquisition.Findings The Grade 8 pupils, with one partially deaf student, responded positively to the gamified mobile application, which made the educational experience more enjoyable and increased students' interest in topics that are often least comprehended. Design elements like leaderboards and feedback were integrated into the Science Gamified Mobile App (SIGMA). Usage resulted in significant aca-demic improvement, supported by pre-test/post-test scores (pre: mean 10.15, post: mean 26.73). The study highlights gamification's impact on performance with substantial empirical evidence. Recommendations for PractitionersRecommendations for Researchers Teachers in various disciplines should keep adopting and utilizing gamified technologies that encourage and aid their students' imaginative and proactive knowledge acquisition. These research results provide important insight into the impact of gamifica-tion on students' academic performance. However, substantial challenges must be addressed to analyze and interpret these results. Integrating gamification in settings with more participants and longitudinal studies that examine the influ-ence over time would be intriguing because it would allow for an in-depth inves-tigation into the results acquired. Impact on Society The investigation results suggest that the mobile application with gamification elements had an essential effect on the academic achievement of eighth-grade students, including a student with a partial hearing impairment. The results of the present investigation may contribute significantly to the field of education by offering guidance to teachers who aim to integrate gamification into their Science course material within a classroom environment that promotes inclusiv-ity. The research has identified crucial design elements for developing a practical gamified mobile application. Future Research It would be intriguing to duplicate the kind of intervention carried out in this study in longitudinal research since it would allow us to know the impacts of gamification over a prolonged time. It is also vital to understand, through stud-ies that are either more experimental or quasi-experimental, the effects of gami-fied mobile applications on students with various hearing impairments. It is also recommended to conduct a subsequent research phase utilizing the gamified mobile application with participants from other demographic groups.",No,"The abstract focuses on developing a gamified mobile application to improve academic performance in Physics, but does not discuss capturing or retaining knowledge from individuals or organizations.",No,None identified,Yes,The developed gamified mobile application underwent expert review and was used as an intervention tool to enhance academic performance in Physics among these students.
1ec65571-bd31-4401-b380-64122e6deadf,"Title：Sheet Metal Forming Tooling- State Of Art And Practice In Five Manufacturing Companies Abstract：There are several recent developments in technology and methods for the design, manufacture and operation of tooling for sheet metal forming. Technologies such as electric presses with accurately controlled motions and design tools such as forming simulations and AI technologies for knowledge capture and reuse are actively progressing. Manufacturing processes such as additive manufacturing and materials are advancing. There are advancements in the operation of the tooling via for example sensor technology. In this paper, a structured literature search is presented to understand the state of the art in sheet metal forming tooling. In addition, the paper presents an interview study with staff and management from five different industrial companies that are active in tooling design, manufacture, and operation. The objective is finding the current challenges for the companies and to what extent new technologies and methods are considered or being implemented to meet the current challenges. The interviews show that there are challenges concerning the lead time for tooling design and manufacture as well as the availability of the tooling in production. Although the companies have made recent investments, they are lacking the knowledge to fully exploit the potential of the new technologies. The paper strongly advocates for the utilization of technology to address the challenges within the tooling industry, aiming for enhanced efficiency and improved tooling design processes.",Yes,"The abstract mentions 'AI technologies for knowledge capture and reuse' in the context of sheet metal forming tooling design, indicating explicit discussion of capturing knowledge.",No,None identified,No,"The paper presents an interview study with staff and management from five different industrial companies that are active in tooling design, manufacture, and operation. The objective is finding the current challenges for the companies and to what extent new technologies and methods are considered or being implemented to meet the current challenges."
c7a91687-e6b8-40e6-a433-bd061627337e,"Title：Exploring The Impact Of Virtual Avatars In V-Clinic On Male Health Information Disclosure And Information Acquisition Abstract：With the aging population in China, the incidence of prostate cancer (PCa) is increasing year by year. However, due to the influence of cultural concepts and disease stigma, men in China have low awareness of health information and screening behavior. Due to the lack of interactivity and immersion, traditional health education forms are difficult to effectively improve the audience's participation and learning effect. Virtual Reality (VR) technology improves users' learning interest and knowledge acquisition ability through immersive multi-sensory experience, which provides new possibilities for health education and behavior change. In this study, a virtual clinic (V-Clinic) based on VR is designed and developed, which allows users to interact with medical experts through virtual avatars to enhance their attention to prostate health. In this study, 70 male participants aged 45-75 were given health education activities by using mixed research methods and combining quantitative and qualitative data analysis. Among them, the research results show that V-Clinic can effectively enhance men's willingness to disclose health information and their interest in learning. The interview analysis shows that the subjects show positive emotional reaction in the process of virtual interaction and actively participate in the discussion of health topics in the virtual space. Quantitative analysis shows that V-Clinic significantly improves the knowledge level of PCa of participants. In addition, this anonymous virtual interaction mechanism reduces the psychological barriers that may be caused in the traditional medical treatment process and makes men more willing to receive health education and take preventive measures.",No,"The abstract discusses knowledge acquisition as an outcome of using a virtual clinic, but does not explicitly address capturing or retaining knowledge from individuals or organizations.",No,None identified,Yes,"Virtual Reality (VR) technology improves users' learning interest and knowledge acquisition ability through immersive multi-sensory experience, which provides new possibilities for health education and behavior change."
71f18dc3-1b37-4b2d-9669-45088e395f6f,"Title：Evaluating Classroom Response Systems In Engineering Education: Which Metrics Better Reflect Student Performance? Abstract：Classroom response systems (CRS) represent an innovative educational technology that can be used to promote active learning and student engagement. This study explores the effectiveness of CRS in enhancing student learning and performance across various engineering courses related to heat engines. During five academic years, CRS have been used weekly in six subjects that belong to two bachelor's degrees and one master's degree to promote continuous learning. The performance of the students in the CRS benefits the student by up to + 10% in the final mark. In this period, data from more than 1,000 students has been collected, including key performance indicators (KPIs) derived from Kahoot!, such as the number and correctness of responses and time spent answering, and other evaluations such as theory and numerical problem exams results. The objective of the study is to find the KPI that best identifies the knowledge acquisition by the students. In order to do so, the correlation of the KPI with the final exams is analysed by means of the correlation of determination and the root mean square error. The findings reveal that KPIs based on the number of questions asked exhibit stronger correlations with exam results compared to those based on responses or correctness. The study also highlights the positive impact of CRS on student engagement, classroom dynamics, and exam preparation, supported by student feedback. In essence, this research provides insights into the relationship between CRS metrics and academic outcomes, offering valuable considerations for the integration of technology in engineering education.",No,"The abstract discusses using Classroom Response Systems (CRS) to promote active learning and student engagement, and analyzes KPIs to identify knowledge acquisition by students. However, it does not explicitly discuss capturing or retaining knowledge from individuals or organizations; it focuses on measuring student performance and engagement.",No,None identified,Yes,The study explores the effectiveness of CRS in enhancing student learning and performance across various engineering courses related to heat engines. The objective of the study is to find the KPI that best identifies the knowledge acquisition by the students.
c0ed53c0-37b6-4ea1-9962-ced59101f191,"Title：The Role Of Students' Higher-Order Thinking Skills In The Relationship Between Academic Achievements And Machine Learning Using Generative Ai Chatbots Abstract：Students' perspectives on using generative artificial intelligence (AI) chatbots and machine learning are crucial in shaping the design, development, and implementation of their learning projects across various disciplines. Cognitive thinking, a key aspect of AI-related machine learning, aims to replicate human intelligence and behavior. However, the relation between cognitive thinking and knowledge acquisition is often overlooked. This cross-sectional study empirically examines the relationship between academic achievement and students' attitudes toward machine learning, particularly through the use of generative AI chatbots. It specifically focuses on the role of higher-order thinking skills-such as problem- solving, critical thinking, and creativity-as both mediators and moderators in this relationship. A total of four hundred sixteen undergraduate students (n=416) from diverse academic backgrounds voluntarily took part in a project, in which they designed and developed generative AI chatbots in media and information literacy courses. The findings indicate that creativity mediated the relationship between academic achievements and attitudes toward machine learning, but its moderating impact was not significant. Problem-solving and critical thinking did not show significant mediating effects on attitudes toward machine learning, while they showed significant moderating effects in the connection between academic performance and attitudes toward machine learning. This study contributes by elucidating the interrelationships between students' higher-order thinking skills, academic performance, and attitudes on the use of AI and machine learning technologies. By highlighting the mediating role of creativity and the moderating effects of problem-solving and critical thinking, this study offers a deeper understanding of how these skills shape students' perceptions of AI.",No,"The abstract examines the relationship between academic achievement and attitudes toward machine learning using generative AI chatbots, focusing on higher-order thinking skills. It does not discuss capturing or retaining knowledge from individuals or organizations.",No,None identified,Yes,"This cross-sectional study empirically examines the relationship between academic achievement and students' attitudes toward machine learning, particularly through the use of generative AI chatbots. It specifically focuses on the role of higher-order thinking skills-such as problem- solving, critical thinking, and creativity-as both mediators and moderators in this relationship."
a4f364ef-a672-4628-9fca-41faf72da2ce,"Title：Cognitive Insights Into Museum Engagement: A Mobile Eye-Tracking Study On Visual Attention Distribution And Learning Experience Abstract：Recent advancements in Mobile Eye-Tracking (MET) technology have enabled the detailed examination of visitors' embodied visual behaviors as they navigate exhibition spaces. This study employs MET to investigate visual attention patterns in an archeological museum, with a particular focus on identifying hotspots of attention. Through a multi-phase research design, we explore the relationship between visitor gaze behavior and museum learning experiences in a real-world setting. Using three key eye movement metrics-Time to First Fixation (TFF), Average Fixation Duration (AFD), and Total Fixation Duration (TFD), we analyze the distribution of visual attention across predefined Areas of Interest (AOIs). Time to First Fixation varied substantially by element, occurring most rapidly for artifacts and most slowly for labels, while video screens showed the shortest mean latency but greatest inter-individual variability, reflecting sequential exploration and heterogeneous strategies toward dynamic versus static media. Total Fixation Duration was highest for video screens and picture panels, intermediate yet variable for artifacts and text panels, and lowest for labels, indicating that dynamic and pictorial content most effectively sustain attention. Finally, Average Fixation Duration peaked on artifacts and labels, suggesting in-depth processing of descriptive elements, and it was shortest on video screens, consistent with rapid, distributed fixations in response to dynamic media. The results provide novel insights into the spatial and contextual factors that influence visitor engagement and knowledge acquisition in museum environments. Based on these findings, we discuss strategic implications for museum research and propose practical recommendations for optimizing exhibition design to enhance visitor experience and learning outcomes.",No,The abstract investigates visual attention patterns in a museum using mobile eye-tracking to understand visitor engagement and learning experiences. It does not discuss capturing or retaining knowledge from individuals or organizations; it focuses on analyzing gaze behavior.,No,None identified,Yes,The results provide novel insights into the spatial and contextual factors that influence visitor engagement and knowledge acquisition in museum environments.
b4340f09-811a-4d06-95ed-97acc722a456,"Title：Exploring The Possibilities Of Edu-Metaverse: A New 3-D Ecosystem Model For Innovative Learning Abstract：This article discusses the transformative impact of technology on knowledge acquisition and sharing, focusing on the emergence of the metaverse as a virtual community with vast potential for virtual learning. Learning in the metaverse is found to enhance engagement, motivation, and retention, while fostering 21st-century skills. It also offers personalized and quality education, benefiting students in remote areas. This article explores the Edu-Metaverse ecosystem, which illustrates the interconnectedness of various metaverse components supporting sustainable and equitable learning. The study aims to investigate the alignment of this ecosystem model with teaching and learning activities in exemplary metaverse platforms, its role in fostering inclusive and sustainable learning environments, and how to enhance and rebuild it through 3-D modeling and real metaverse teaching settings experimentation. Throughout this article, the terms metaverse in education and Edu-Metaverse are used interchangeably. The metaverse is defined as a virtual shared space, ranging from fully virtual worlds, such as virtual reality to partially virtual ones, such as augmented reality. The Edu-Metaverse ecosystem encompasses technologies, platforms, and stakeholders responsible for virtual learning environments. Sustainability, in this context, entails designing systems that withstand environmental, economic, and social pressures while providing equitable and inclusive learning opportunities. Continuous engagement through missions and quests ensures sustainable learning experiences for students. This article highlights the potential of the metaverse to revolutionize education and emphasizes the importance of research before widespread implementation in educational institutions and talent development fields. The Edu-Metaverse ecosystem is presented as a promising framework for advancing virtual learning and fostering inclusive and sustainable education.",No,"The abstract discusses the Edu-Metaverse ecosystem for virtual learning, enhancing engagement and knowledge acquisition, but does not explicitly discuss capturing or retaining knowledge from individuals or organizations. It focuses on learning environments and sustainability.",No,None identified,Yes,"This article explores the Edu-Metaverse ecosystem, which illustrates the interconnectedness of various metaverse components supporting sustainable and equitable learning. The study aims to investigate the alignment of this ecosystem model with teaching and learning activities in exemplary metaverse platforms, its role in fostering inclusive and sustainable learning environments, and how to enhance and rebuild it through 3-D modeling and real metaverse teaching settings experimentation."
fcf6baef-12f2-466a-bdab-33a9206873da,"Title：Enhancing Informal Education Through Augmented Reality: A Systematic Review Focusing On Institutional Informal Learning Places (2018-2025) Abstract：Informal learning in institutional settings plays a vital role in lifelong education by fostering self-directed knowledge acquisition. With the increasing integration of digital media into these environments, augmented reality (AR) has emerged as a particularly promising technology due to its ability to overlay virtual content in real-time and across multiple sensory modalities. This systematic literature review investigates the use of AR in institutional informal learning places (IILPs) from 2018 to 2025, aiming to synthesize findings across the following overall research questions: (1) In which IILP contexts has AR been implemented, and what are the characteristics of the technology? (2) What learning-relevant functions and (3) outcomes are associated with AR in these settings? (4) Which learning theories underpin the design of AR interventions? Following the PRISMA guidelines, empirical studies were identified through comprehensive database searches (Scopus, Web of Science, IEEE Xplore, FIS Bildung) and cross-referencing. Forty-four studies were analyzed via qualitative content analysis. The goal is to provide a descriptive overview of findings, patterns, and relationships. Findings indicate that AR is widely adopted across diverse domains and institutional contexts, primarily through mobile-based AR applications for K-12 learning. Native app development signals growing technological maturity. AR enhances both cognitive and emotional-motivational outcomes, though its potential to support social interaction remains insufficiently investigated. The predominant function of AR is the provision of information. Most of the examined studies are grounded in constructivist or cognitivist learning theories, particularly the Cognitive Theory of Multimedia Learning. Only limited references to emotional-motivational frameworks and minimal references to behaviorist frameworks were found.",No,"The abstract is a systematic literature review on augmented reality in informal learning places, focusing on its functions and outcomes. It does not discuss capturing or retaining knowledge from individuals or organizations; it synthesizes research on AR applications.",No,None identified,Yes,Informal learning in institutional settings plays a vital role in lifelong education by fostering self-directed knowledge acquisition.
0f3093f4-bff5-41d8-a940-f7df3c49a1b8,"Title：#Cbclips: The International Impact Of A Social Media-Based Pediatric Surgery Interactive Educational Program Abstract：Background: Despite the transformative influence of social media on connectivity, learning, and networking, its role and impact on surgical education remains undefined. In the current study, we evaluated the impact of #CBCLIPS (Case Based Clinical Learning In Pediatric Surgery), a social mediabased pediatric surgery educational program. Methods: A descriptive mixed-methods study evaluated the impact of #CBCLIPS, by analyzing social media engagement metrics (likes, shares, comments) across X, Facebook, and LinkedIn. Additionally, an online survey administered on these platforms assessed participants' perceptions of knowledge gained and satisfaction with the program. Descriptive statistics summarized quantitative data, while thematic analysis was applied to qualitative feedback. Results: #CBCLIPS was highly relevant and appealing to its viewers in all three social media platforms. On X, the episodes boasted an average engagement rate of 6.9 %, significantly outperforming typical benchmarks for the platform. Visibility for #CBCLIPS was substantial on both X and LinkedIn, achieving up to 13,810 and 8282 impressions, respectively. Facebook emerged as the leading platform for interactive engagement, with medians of 60 likes and 13 comments per post, reinforcing its position as the premier platform for fostering community discussions. The survey was completely answered by 160 people from 71 different countries. Conclusion: #CBCLIPS is a continuous interactive educational program that significantly engages an international audience, facilitates knowledge acquisition and application, and garners high support among participants. Its reach and success demonstrate the effectiveness of social media-based education in pediatric surgery. (c) 2025 Elsevier Inc. All rights are reserved, including those for text and data mining, AI training, and similar technologies.",No,"The abstract evaluates a social media-based educational program (#CBCLIPS) in pediatric surgery, focusing on engagement and knowledge acquisition. It does not explicitly discuss capturing or retaining knowledge from individuals or organizations; it assesses the program's impact on learning.",No,None identified,Yes,"#CBCLIPS is a continuous interactive educational program that significantly engages an international audience, facilitates knowledge acquisition and application, and garners high support among participants."
1a547bb1-ce65-4669-a9fd-72f53af6e550,"Title：The Use Of Virtual Reality In Human Training: Trends And A Research Agenda Abstract：Traditional classroom training sessions can negatively impact participants' engagement and knowledge retention. In response, several organisations are moving towards innovative and more engaging approaches, such as virtual reality (VR). By using VR, participants can immerse in a simulated environment, acquiring experiences in rare and hazardous situations that cannot be experienced in the natural environment without risk to the participants. VR has been applied in several areas, and this study aims to understand the applicability and impact of VR simulators on human training and perspectives of this emergent area. Drawn on a rigorous systematic literature review of 82 articles, the study presents findings from the thematic analysis. First, descriptive results outline the VR literature and its applications as an innovative training and learning tool. Second, a prescriptive thematic analysis has identified emerging themes related to behavioural, technological, and organisational benefits. The results also show the VR challenges related to technological limitations, restricted resources, and academic research. This study demonstrates the development of VR in human training, presenting contributions to theory and practice. The study presents some limitations related to the scope and focus of the study, and future pathways to address these limitations are suggested. For instance, the research protocol did not consider conference papers or articles that were not in English, and it was limited to a search period. Furthermore, emergent topics such as artificial intelligence and VR technology's physiological-emotional and sensory aspects in training should be addressed. Therefore, future studies should address these topics and use the research agenda suggested in this study.",No,"The abstract is a systematic literature review on virtual reality in human training, focusing on its applicability and impact. It does not discuss capturing or retaining knowledge from individuals or organizations; it reviews VR as a training tool.",No,None identified,Yes,"VR has been applied in several areas, and this study aims to understand the applicability and impact of VR simulators on human training and perspectives of this emergent area."
68d23da1-d285-4d68-9579-478d1fba01f2,"Title：Design And Implementation Of Vr Teaching Practice Model For Higher Vocational Students' Mental Health Education Course Oriented Towards Improving Psychological Resilience Abstract：Issues of mental health among higher vocational education students have attracted growing concern, fueling the need for novel pedagogical approaches that can foster psychological resilience. This study details the design and implementation of an innovative Virtual Reality (VR) pedagogical framework for mental health courses in higher vocational education settings. The research addresses the limitations of conventional pedagogical approaches through the use of immersive VR technology to create experiential learning spaces that foster the development of psychological resilience. Through a mixed-methods research design, we created an extensive VR-based curriculum with four main modules: stress management simulation, social interaction training, problem-solving under pressure, and exercises on emotional regulation. A 12 week experiment was carried out with 200 higher vocational students, comparing the effects of the VR intervention group with a control group receiving conventional instruction. Quantitative results revealed significant improvements in psychological resilience scores (Cohen's d = 0.78, p < 0.001). Qualitative findings revealed significant improvements in student engagement, skill transfer to real-life situations, and self-efficacy in coping with psychological adversity. The virtual reality (VR) model showed greater educational efficacy in terms of knowledge retention, with a 23% improvement, as well as in practical skill application, which showed a 31% improvement compared to traditional learning methods. This study presents an empirically supported model for incorporating VR technology in mental health training, providing data-driven recommendations for its use in professional settings and opening the door for new approaches utilizing VR technology to enhance psychological resilience.",No,"The abstract describes a VR pedagogical framework for mental health education, focusing on improving psychological resilience and knowledge retention. However, it does not explicitly discuss capturing or retaining knowledge from individuals or organizations; it focuses on student learning outcomes.",No,None identified,Yes,This study details the design and implementation of an innovative Virtual Reality (VR) pedagogical framework for mental health courses in higher vocational education settings. The research addresses the limitations of conventional pedagogical approaches through the use of immersive VR technology to create experiential learning spaces that foster the development of psychological resilience.
6e6e7544-4b87-4ac1-92e2-1df9418e48a6,"Title：Analyzing The Effectiveness Of Verbal-Visual Learning Style Rating (Vvlsr) Using Eye-Tracking Technology Abstract：The study aims to analyze the effects of visual and verbal learning with the help of eye-tracking technology. A quantitative research design is adopted to assess verbal/visual performance using eye-tracking technology. The study recruited sixty-two students. The responses of participants were collected regarding the verbal-visual learning style rating (VVLSR). This study used eyetracking technology and assessed the verbal/visual performance of the participants. Fixation count on the map (FCm), Fixation count on the text (FCt), fixation duration on the map (FDm), and fixation duration on the text (FDt) were involved in the measures. Statistical analysis was performed through one-way analysis of variance (ANOVA) and Pearson correlation. Data were gathered with the Tobii X120 and collected with Tobii Studio. The findings revealed a significant relationship between text duration and verbal score (r = 0.543, p < 0.001). One-way ANOVA findings showed a significant impact of learning style on the visual test [F (2.59) = 6.26, p = 0.003]. No significant effect of learning style was reported on the verbal test [F (2.59) = 0.957, p = 0.390)]. The study has provided evidence of the effectiveness of visuals in multimedia learning environments. The participants' perceptions varied about the learning procedure. The study found a significant positive impact of using visual and verbal information for better learning and knowledge retention. In the future, the VVLSR will add value to the research in applied cognitive psychology as it will help the psychologist to identify the effects of different verbal/visual learning styles via eye-tracking technology.",No,"The abstract analyzes verbal-visual learning styles using eye-tracking technology, focusing on learning effectiveness and knowledge retention. It does not discuss capturing or retaining knowledge from individuals or organizations; it examines learning style effects.",No,None identified,Yes,The study aims to analyze the effects of visual and verbal learning with the help of eye-tracking technology.
1c8b6ae5-24f0-4af0-a790-72349ad08ec5,"Title：Clustering Of Cities Based On Their Smart Performances: A Comparative Approach Of Fuzzy C-Means, K-Means, And K-Medoids Abstract：Smart City is recognized as a potential approach to address serious urban issues such as traffic, pollution, energy use, and waste management. Therefore, it is vital to evaluate how smart cities are in order to put these methods into practice. To offer advice on these matters, numerous reports are created, and one of which is Smart City Index (SCI). The Institute for Management Development (IMD) and the Singapore University of Technology and Design collaborate on SCI every year (SUTD). The report evaluates how locals view the buildings and technological applications that are available in their towns. Although the study offers a thorough examination of the cities for evaluation, the city clusters should be more sensitive and not be created using strict clustering techniques. In order to address this problem, the clustering algorithms namely K-Medoids, Fuzzy C-Means, and K-Means, which outperform hard clustering approaches in terms of robustness to vagueness and knowledge retention, are used. The main goal of this study is to categorize cities using a scientific manner (clustering algorithms) based on SCI data and to present how the chosen approaches work for dealing with the associated problems. The primary innovation of the present study is the use of clustering techniques in reports where the indexes are used. The results indicate that grouping the cities on the basis of their smart indicators would not be as effective as using the three clustering techniques that are suggested in this paper. These results add to the analysis of the dynamic capacities of smart cities and highlight the sustainability of these tactics.",Yes,The abstract mentions 'knowledge retention' as a property of clustering algorithms used to categorize cities based on smart performance data.,No,None identified,No,The main goal of this study is to categorize cities using a scientific manner (clustering algorithms) based on SCI data and to present how the chosen approaches work for dealing with the associated problems.
f974f3c7-208d-452b-8bc0-5dd1ab805c2e,"Title：A Systematic Review Of Digital Twin (Dt) And Virtual Learning Environments (Vle) For Smart Manufacturing Education Abstract：The integration of Digital Twin (DT) technology with Virtual Learning Environments (VLEs) is transforming manufacturing education by enabling real-time, immersive, and adaptive learning experiences. The paper presents a systematic review of state-ofthe-art applications, methodologies, and challenges in DT-VLE integration, with a focus on enhancing experiential learning and bridging the theory-to-practice gap in manufacturing education. The study systematically analyzes Simulation-based learning (SBL), Problem-based learning (PBL), Gamification based learning (GBL), and AR/VR-enhanced training, identifying their impact on student engagement, knowledge retention, and skill development in smart manufacturing education. Additionally, real-world case studies and empirical findings demonstrate that students using DT-VLE systems score up to 20% higher in problem-solving assessments and report 83% increased confidence in manufacturing concepts. Despite the evident benefits, challenges such as high implementation costs, scalability limitations, and data security concerns remain barriers to widespread adoption. To address these issues, the paper proposes a three-phase framework for DT-VLE integration, encompassing infrastructure development, adaptive course design, and industry collaborations. The findings suggest that cloud-based DT solutions, AI-powered adaptive learning pathways, and modular open-source tools can enhance scalability and accessibility, making DT-based manufacturing education more viable. The review provides a roadmap for future research and implementation, emphasizing Industry 5.0-driven smart learning environments that combine human-centric, AI-assisted, and data-driven training models. The proposed strategies aim to make digital twin education more efficient, scalable, and aligned with future workforce needs in smart manufacturing education.",Yes,The abstract discusses 'knowledge retention' as an outcome of Digital Twin-Virtual Learning Environment integration in manufacturing education.,No,None identified,No,"The paper presents a systematic review of state-of-the-art applications, methodologies, and challenges in DT-VLE integration, with a focus on enhancing experiential learning and bridging the theory-to-practice gap in manufacturing education."
23c8d744-386f-49ea-8736-c079e6c88dec,"Title：Xr Vest: A Novel System For Demonstration-Based Learning Of Safety Skills Abstract：This work investigates the design and usability of a novel eXtended Reality (XR) Vest, which combines two viewpoints for demonstration-based training (DBT). Traditional modalities for DBT, such as prerecorded videos and live instruction, are minimally engaging and potentially hazardous resulting in low motivation and knowledge retention. To combat this, works incorporate XR technology to improve training immersiveness, safety, and engagement. When worn by a trainer, our XR Vest enables trainees to have the first-person perspective of immersive XR environments on an integrated tablet while simultaneously watching the third-person motor movements. To test the XR Vest in DBT, 28 individuals completed three training sessions: 1) using an Oculus Quest 2 (baseline); 2) watching a DBT video on a desktop computer monitor (first-person perspective); and 3) viewing a DBT on the XR Vest (first-person and third-person perspectives). Following each session, the participants performed a memory aptitude test to evaluate their recall, a NASA Task Load Index questionnaire to investigate their perceived workload, and a System Usability Scale (SUS) questionnaire to measure the usability of the systems. A linear mixed-effect analysis showed significant differences between the temporal demand, physical demand, and frustration in the NASA-TLX scores and the integration and learnability features in the SUS scores. The results suggest that incorporating XR technology in first- and third-person perspectives within the XR Vest decreased workload and improved system usability. Future works should evaluate the benefits of this XR design in other domains where DBT is used.",Yes,The abstract discusses 'knowledge retention' as a measured outcome of the XR Vest training system.,No,None identified,No,"This work investigates the design and usability of a novel eXtended Reality (XR) Vest, which combines two viewpoints for demonstration-based training (DBT)."
1d440c26-11c0-4d17-9774-7eb2af6455e7,"Title：Design Of Artificial Intelligence Based Teaching Assistance System For Online Basic Disaster Rescue Medicine Courses Abstract：Disaster rescue medicine is an integral component of emergency medical education, with the goal of educating students in the necessary knowledge and life-saving skills used during emergency situations. The current educational methods are plagued by several drawbacks such as inflexible content delivery, absence of real-time interaction, limited remote access, and insufficient testing of practical decision-making abilities. The conventional systems tend to be static and do not involve learners in interactive, real-time rescue contexts. In order to tackle these challenges, this work suggests a Web-Enabled BERT-based Teaching Assistance System specifically designed for the  Basic Disaster Rescue Medicine course. The system architecture consists of modular content delivery with web technologies, simulation-based interactive case practice, real-time skill testing, and an intelligent feedback loop that adjusts learning materials according to user performance. The major innovations encompass dynamic rendering of learning material, asynchronous support for remote learners, and inbuilt behaviour tracking to monitor performance and decision validity. Experimental evaluation of the platform included comparative testing against standard learning environments. Experimental findings establish a significant improvement in learner interest, knowledge retention, and emergency response preparedness. Performance measures comprise accuracy at 97.8%, precision at 97.8%, recall at 97.5%, and F1-score at 97.5%, which signify high efficacy of the proposed system. This web-based system is a breakthrough towards scalable, interactive, and result-oriented training in emergency medical education with high potential to be further enriched through AI-based adaptation and immersion simulations.",Yes,The abstract explicitly mentions 'knowledge retention' as a performance measure of the proposed teaching assistance system.,No,None identified,No,"The current educational methods are plagued by several drawbacks such as inflexible content delivery, absence of real-time interaction, limited remote access, and insufficient testing of practical decision-making abilities."
4b66a503-84be-44d0-a06a-8dc5ee6c6ccd,"Title：Preservation Through Digitization - Standardization In Documentation Of Build Cultural Heritage Using Capturing Reality Techniques And Heritage/Historic Bim Methodology Abstract：Building Information Modelling (BIM) is an established approach in the construction industry that enables efficient collaboration between stakeholders and facilitates project management. However, when it comes to historical buildings, the application of BIM can be demanding due to the complex nature of these projects. Although BIM Uses in the construction sector are well-documented (Penn State University, 2013) and we are surrounded by amazing technologies, we do not yet have standardized international workflows on how to use those state-of-the-art techniques with Cultural Heritage Assets (Bruno and Roncella, 2019). Standardizing Cultural Heritage (CH) metric documentation and Heritage/Historic Building Information Modeling (HBIM) is challenging since each CH asset needs different information throughout the whole life cycle of the monument - both their physical and non-physical attributes, such as historical and cultural characteristics. Additionally, every work carried out on CH, such as knowledge acquisition, restoration, adaptation, etc., requires specific data inputs. Although there are guidelines books that offer some general proposals, they represent the maximum effort towards standardization. As a result, the field of HBIM has emerged as a relatively new area of scientific research that focuses on the digital representation of CH assets. This research aims to develop a working method and templates for procurement workflow standardization that will facilitate the documentation of historic buildings and heritage assets in coordination with relevant historic preservation authorities for the BIM use case - asset register. The use of various measurement methods, the registration of captured point clouds, and the transfer of geometry to a BIM-compliant 3D information model and sustainable data storage are important aspects of this project.",Yes,"The abstract explicitly discusses 'knowledge acquisition' as part of work carried out on cultural heritage, and focuses on developing a working method for documentation and data storage to facilitate knowledge retention.",No,None identified,No,This research aims to develop a working method and templates for procurement workflow standardization that will facilitate the documentation of historic buildings and heritage assets in coordination with relevant historic preservation authorities for the BIM use case - asset register.
82000409-e22e-42fe-9359-5ed592c4955b,"Title：Knowledge Transfer Within Enterprises From The Perspective Of Innovation Quality Management: A Decision Analysis Based On The Stackelberg Game Abstract：It is of great significance to study the effectiveness of knowledge transfer between the new and the veteran employees within enterprises for promoting sustainable innovation from the perspective of innovation quality management. However, few studies have examined the impact of innovation quality on the effectiveness of knowledge transfer between the new and veteran employees. In addition, knowledge of how reward and punishment incentives affect the effectiveness of knowledge transfer in innovation quality management remains insufficient. Since the amount of knowledge transfer is an important aspect of the effectiveness of knowledge transfer, this paper constructs a Stackelberg game model with an innovation-quality-oriented threshold of the knowledge transfer amount and investigates the amount of knowledge transfer between new and veteran employees in the collaborative innovation of research and development (R&D) projects within enterprises. A case study was used to reveal that the innovation-quality-oriented threshold for the knowledge transfer amount can effectively promote the amount of knowledge transfer between the new and the veteran employees in collaborative innovation. Moreover, reward is more effective than punishment in promoting the amount of knowledge transfer to exceed the innovation-quality-oriented threshold. This study enriches the theories of knowledge transfer games under quality management. By virtue of end-to-end project management strategies, modern multimedia technologies, and reward incentives this study can be used to conduct quality control during project execution, to promote knowledge retention in R&D projects, the innovation quality of projects, and the achievement of the Sustainable Development Goals (SDGs). The research methodology employed in this paper was limited to a case study, and the data utilized are not empirical data.",Yes,"The abstract explicitly discusses knowledge transfer between new and veteran employees within enterprises, focusing on the effectiveness of knowledge transfer and how to promote knowledge retention in R&D projects.",Yes,It is of great significance to study the effectiveness of knowledge transfer between the new and the veteran employees within enterprises for promoting sustainable innovation from the perspective of innovation quality management.,Yes,The paper constructs a Stackelberg game model to investigate the amount of knowledge transfer between new and veteran employees in collaborative innovation.
60cb43de-6981-4ee6-ba63-57b270d6e8f5,"Title：Leveraging Task-Specific Vaes For Efficient Exemplar Generation In Har Abstract：The emerging technologies of smartphones and wearable devices have transformed Human Activity Recognition (HAR), offering a rich source of sensor data for building an automated system to recognize people's daily activities. The sensor-based HAR data also enables Machine Learning (ML) algorithms to classify various activities, indicating a new era of intelligent systems for health monitoring and diagnostics. However, integrating ML into these systems faces the challenge of catastrophic forgetting, where models lose proficiency in previously learned activities when introduced to new ones by users. Continual Learning (CL) has emerged as a solution, enabling models to learn continuously from evolving data streams while reducing forgetting of past knowledge. Within CL methodologies, the use of generative models, such as Variational Autoencoders (VAEs), for example, has drawn significant interest for their capacity to generate synthetic data. This reduces storage demands by creating on-demand samples. However, the application of VAEs with a CL classifier has been limited to low-dimensional data or fine-grained features, leaving a gap in harnessing raw, high-dimensional sensor data for the HAR model. Our research aims to bridge this gap by constructing VAEs with a filtering mechanism for direct training with raw sensor data from the HAR dataset, enhancing CL models' capability in class-incremental learning scenario. We demonstrate that VAE with a boundary box sampling and filtering process significantly outperforms both traditional and hybrid exemplar CL methods, offering a more balanced and diverse training set that enhances the knowledge acquisition of the model. Our findings also emphasize the importance of sampling strategies in the latent space of VAEs to maximize data diversity, crucial for recognizing the variability in human activities for better representation of each activity in each CL task.",No,"The abstract focuses on continual learning and generative models for human activity recognition, addressing catastrophic forgetting in machine learning models, not the capture or retention of knowledge from individuals or organizations.",No,None identified,Yes,"Our research aims to bridge this gap by constructing VAEs with a filtering mechanism for direct training with raw sensor data from the HAR dataset, enhancing CL models' capability in class-incremental learning scenario."
10d34557-9861-4442-9e1b-ebdabfd8c4c6,"Title：The Industrialisation Of Sustainable Construction: A Transdisciplinary Approach To The Large-Scale Introduction Of Compacted Mineral Mixtures (Cmms) Into Building Construction Abstract：Increasing demand for sustainable, resilient, and low-carbon construction materials has highlighted the potential of Compacted Mineral Mixtures (CMMs), which are formulated from various soil types (sand, silt, clay) and recycled mineral waste. This paper presents a comprehensive inter- and transdisciplinary research concept that aims to industrialise and scale up the adoption of CMM-based construction materials and methods, thereby accelerating the construction industry's systemic transition towards carbon neutrality. By drawing upon the latest advances in soil mechanics, rheology, and automation, we propose the development of a robust material properties database to inform the design and application of CMM-based materials, taking into account their complex, time-dependent behaviour. Advanced soil mechanical tests would be utilised to ensure optimal performance under various loading and ageing conditions. This research has also recognised the importance of context-specific strategies for CMM adoption. We have explored the implications and limitations of implementing the proposed framework in developing countries, particularly where resources may be constrained. We aim to shed light on socio-economic and regulatory aspects that could influence the adoption of these sustainable construction methods. The proposed concept explores how the automated production of CMM-based wall elements can become a fast, competitive, emission-free, and recyclable alternative to traditional masonry and concrete construction techniques. We advocate for the integration of open-source digital platform technologies to enhance data accessibility, processing, and knowledge acquisition; to boost confidence in CMM-based technologies; and to catalyse their widespread adoption. We believe that the transformative potential of this research necessitates a blend of basic and applied investigation using a comprehensive, holistic, and transfer-oriented methodology. Thus, this paper serves to highlight the viability and multiple benefits of CMMs in construction, emphasising their pivotal role in advancing sustainable development and resilience in the built environment.",Yes,"The abstract advocates for 'integration of open-source digital platform technologies to enhance data accessibility, processing, and knowledge acquisition' and mentions developing a 'robust material properties database' to inform design, implying capture and retention of knowledge.",No,None identified,No,"The paper presents a comprehensive inter- and transdisciplinary research concept that aims to industrialise and scale up the adoption of CMM-based construction materials and methods, thereby accelerating the construction industry's systemic transition towards carbon neutrality."
67afb66c-86c0-4483-963a-eac4351a690d,"Title：Revisiting Knowledge Tracing: A Simple And Powerful Model Abstract：Advances in multimedia technology and its widespread application in education have made multimedia learning increasingly important. Knowledge Tracing (KT) is the key technology for achieving adaptive multimedia learning, aiming to monitor the degree of knowledge acquisition and predict students' performance during the learning process. Current KT research is dedicated to enhancing the performance of KT problems by integrating the most advanced deep learning techniques. However, this has led to increasingly complex models, which reduce model usability and divert researchers' attention away from exploring the core issues of KT. This paper aims to tackle the fundamental challenges of KT tasks, including the knowledge state representation and the core architecture design, and investigate a novel KT model that is both simple and powerful. We have revisited the KT task and propose the ReKT model. First, taking inspiration from the decision-making process of human teachers, we model the knowledge state of students from three distinct perspectives: questions, concepts, and domains. Second, building upon human cognitive development models, such as constructivism, we have designed a Forget-Response-Update (FRU) framework to serve as the core architecture for the KT task. The FRU is composed of just two linear regression units, making it an extremely lightweight framework. Extensive comparisons were conducted with 22 state-of-the-art KT models on 7 publicly available datasets. The experimental results demonstrate that ReKT outperforms all the comparative methods in question-based KT tasks, and consistently achieves the best (in most cases) or near-best performance in concept-based KT tasks. Furthermore, in comparison to other KT core architectures like Transformers or LSTMs, the FRU achieves superior prediction performance with approximately only 38% computing resources. Through an exploration of the ReKT model that is both simple and powerful, is able to offer new insights to future KT research. The code can be found at https://github.com/lilstrawberry/ReKT.",Yes,"The abstract discusses 'Knowledge Tracing (KT)' as 'the key technology for achieving adaptive multimedia learning, aiming to monitor the degree of knowledge acquisition and predict students' performance', which involves capturing and retaining knowledge states of students.",No,None identified,No,"Knowledge Tracing (KT) is the key technology for achieving adaptive multimedia learning, aiming to monitor the degree of knowledge acquisition and predict students' performance during the learning process."
18d1d960-b7be-4d98-9541-5c5b6d7c4b8e,"Title：Social Philosophy And Philosophy Of Humanity Tatiana V. Lyagoshina Abstract：The study analyzes the impact of big data-based Large language models (LLMs) on public discourse, having previously considered the principles of functioning and the possibilities for understanding natural language by these models. It is determined that LLMs, having the abilities of deep information processing, contextual understanding and self-learning, act as new social actors in the information society. These models play a key role in the creation, analysis and dissemination of content, contributing to the development of new forms of communication. They are actively used in social networks, SMM, journalism and other fields to moderate content, aggregate news and create personal recommendations. However, the accelerated generation of information leads to an information overload and the emergence of ethical issues related to the accuracy and impartiality of materials. The study notes that LLMs enrich public discourse while simultaneously creating new ethical dilemmas related to authorship and reliability of information. The Internet and LLM have a significant impact on public discussion, the structure of knowledge and the processes of knowledge acquisition. The emergence of mixed human-AI communities generates both new forms of social interaction and raises questions about information verification and critical analysis of sources. From epistemological point of view, new approaches to understanding and processing knowledge are required today. In the field of linguophilosophy and cognitive sciences, LLMs provide new perspectives for the study of language, consciousness and cognition, especially in the context of human interaction with machine-generated content. The development and wide spread of LLMs indicate profound changes in the social order, so that large language models acquire the property of social agency. This requires all participants in the information society to take a responsible approach to the use and development of such technologies.",Yes,"The abstract discusses 'the impact of big data-based Large language models (LLMs) on public discourse' and states that 'LLMs... act as new social actors... contributing to the development of new forms of communication' and 'enrich public discourse while simultaneously creating new ethical dilemmas', implying capture and retention of knowledge in public discourse.",No,None identified,No,"The study analyzes the impact of big data-based Large language models (LLMs) on public discourse, having previously considered the principles of functioning and the possibilities for understanding natural language by these models."
48cd8da7-c755-45d0-8ca5-6e3ec32fc984,"Title：Developing Professional Capital Through Technology-Enabled University-School-Enterprise Collaboration: An Innovative Model For C-Steam Preservice Teacher Education In The Greater Bay Area Abstract：PurposePreservice teacher (PST) professional development programs are crucial for cultivating high-quality STEAM teachers of the future, significantly impacting the quality of regional STEAM education. The Guangdong-Hong Kong-Macao Greater Bay Area, as a region of cross-border cooperation, integrates the resources and advantages of Guangdong, Hong Kong, and Macao, possessing rich cultural heritage and innovative capabilities. Transdisciplinary Education for Cultural Inheritance (C-STEAM) is an effective approach to promoting educational collaboration within the Greater Bay Area, facilitating the integration of both technological and humanities education. This study aims to develop a Technology-Enabled University-School-Enterprise (T-USE) collaborative education model and implement it in the Greater Bay Area, to explore its role as a support mechanism in professional development and its impact on C-STEAM PSTs' professional capital.Design/methodology/approachAdopting a qualitative methodology, the study interviewed PSTs who participated in a C-STEAM teacher education course under the T-USE model. Thematic coding is used to analyze their knowledge acquisition, interaction benefits with community members, and autonomous thinking and decision-making in theoretical learning and teaching practice.FindingsThe findings show that the T-USE model significantly enhanced the PSTs' human capital, including teaching beliefs, knowledge, and skills. In terms of social capital, PSTs benefited from collaboration with PST groups, university teaching teams, in-service teachers, and enterprises, though challenges such as varying levels of expertise among in-service teachers and occasional technical instability emerged. For decisional capital, the T-USE model provided opportunities for autonomous thinking and promoted teaching judgment skills through real teaching challenges and scenarios. Reflective practice activities also supported PSTs' professional growth.Originality/valueThis study reveals the effectiveness and internal mechanism of the T-USE model in C-STEAM PST training, offering significant theoretical and practical references for future PST education.",Yes,"The abstract discusses 'knowledge acquisition' and 'professional capital' development through a collaborative education model, implying capturing and retaining knowledge from community members and enterprises.",No,None identified,Yes,"The study aims to develop a Technology-Enabled University-School-Enterprise (T-USE) collaborative education model and implement it in the Greater Bay Area, to explore its role as a support mechanism in professional development and its impact on C-STEAM PSTs' professional capital."
fae57cc5-44e2-4611-9d7f-966a38026faf,"Title：Advancing Safety And Efficiency Training Goals: The Development Of A Virtual Reality Rescue Training System For Forest Fires Abstract：Forest fires, due to their multitude of influencing factors, complex disaster scene environment, and the randomness of special fire behaviors, pose issues in emergency rescue training, such as insufficient realism in disaster scenarios, significant safety hazards, and difficulties in behavior quantification and monitoring. This study applies virtual reality (VR) technology to develop a forest fire rescue training system, establishing three main modules: disaster situation deduction, rescue training, and teaching assessment. The system implements dynamic deduction of typical types of forest fires, effectively improving the simulation level of training scenarios. It constructs a fire scene, weather system, combustible material library, tool and equipment library, and action rule library, realizing dynamic interaction between real-time behavior and fire disaster situation under virtual scenarios based on the operating procedure. The system also structures a behavior monitoring and assessment process, achieving quantitative detection and post-evaluation of rescue training effects. To evaluate the system's efficacy, pretesting and post-testing controlled experiments were conducted to verify the learning outcomes of trainees. The experimental results show that after undergoing 5 days of VR training, with daily sessions lasting 30 minutes, significant improvements were observed in the trainees' cognition concerning forest fire rescue theory, operational skills, and firefighting strategies, as determined by repeated measures analysis of variance (ANOVA). These improvements were statistically significant, promoting knowledge acquisition and transfer more effectively than traditional training methods (p < 0.05*). In addition, according to the subjective feedback results of the trainees, 84.2% of the participants were satisfied with the overall results of the training using this system. Despite some limitations that restrict the generalizability of the experimental conclusions, this study offers a new perspective on forest fire rescue training. Moreover, it provides valuable insights and references for the development of various emergency rescue training programs and the modernization of China's firefighting and rescue forces.",Yes,"The abstract discusses 'knowledge acquisition and transfer' through a VR training system, implying capturing and retaining knowledge from training scenarios.",No,None identified,No,"The abstract discusses the development of a virtual reality rescue training system for forest fires, focusing on improving simulation level, behavior monitoring, and assessment, but does not clearly discuss preserving, capturing, retaining, transferring, or preventing loss of knowledge from individuals, groups, or organizational environments."
3fa16e6f-7c15-437b-b496-60858318808f,"Title：Virtual Learning Environment To Improve Scientific Literacy: A Systematic Review Abstract：BackgroundScientific literacy is critical for enabling individuals to apply scientific knowledge, engage in informed decision-making, and address complex real-world problems. The growing integration of technology in education has positioned Virtual Learning Environments (VLEs) as potential tools to foster scientific literacy across various educational contexts.PurposeThis systematic review aims to examine empirical evidence on the role of VLEs in enhancing scientific literacy and to identify effective practices, and future directions for improving science education through virtual platforms.SampleThe review included 24 empirical studies selected from three major databases: Web of Science, Sci-enceDirect, and Scopus. The studies encompassed diverse educational levels (primary, secondary, and higher education) and geographic regions, including Indonesia, Thailand, USA, Italy, China, Sweden, UAE, and others.Design and MethodsFollowing the PRISMA 2020 guidelines, a systematic literature search was conducted covering publica-tions from 2012 to 2025. Inclusion criteria focused on empirical studies addressing the relationship between VLEs and scientific literacy. Thematic and content analyses were applied to synthesize find-ings related to instructional strategies, targeted scientific literacy skills, digital tools, and challenges in virtual learning.ResultsThe review found that VLEs positively impact multiple dimensions of scientific literacy, including knowledge acquisition, critical thinking, scientific reasoning, problem-solving, and attitudes toward science. Effective pedagogical approaches identified include inquiry-based learning, problem-based learning, virtual laboratories, and the integration of STEM-based e-modules, simulations, and multi-media tools. Despite these benefits, challenges such as technological limitations, digital competency gaps among teachers, and equity issues were prevalent, especially in under-resourced settings. The review also highlighted gaps in long-term studies, assessment tools, and inclusive VLE designs.ConclusionVLEs hold significant potential for enhancing scientific literacy when supported by well-designed ped-agogical frameworks, teacher training, and equitable access to technology. Future research should focus on developing longitudinal studies, comprehensive assessment instruments, and inclusive practices that accommodate diverse learners.",Yes,"The abstract discusses 'knowledge acquisition' as a dimension of scientific literacy enhanced by Virtual Learning Environments, implying capturing and retaining knowledge.",No,None identified,No,"The abstract discusses examining empirical evidence on the role of VLEs in enhancing scientific literacy and identifying effective practices, but does not clearly discuss preserving, capturing, retaining, transferring, or preventing loss of knowledge from individuals, groups, or organizational environments."
044493d0-ea49-4c66-abc0-dde4fbd7c7d1,"Title：Development And Evaluation Of A Mixed Reality System For Health Education On Neck Stiffness And Soreness Abstract：Mobile phones are indispensable in daily life, especially among university students, yet their prolonged use has been linked to postural problems such as neck stiffness and soreness-conditions that may reflect more serious underlying health issues. Concurrently, a global shortage of nursing personnel is challenging healthcare systems, emphasizing the need for innovative educational tools that alleviate the workload of nursing professionals. This research develops and evaluates a mixed-reality (MR) system using Microsoft HoloLens to offer health education on neck health. The system's usability and user satisfaction are assessed through subjective scales and qualitative feedback to determine its effectiveness versus traditional educational materials. Twenty participants were randomly assigned to two groups: an MR-based HoloLens group and a traditional leaflet group (10 participants each). Both groups received identical health education content on neck stiffness and soreness. Participants completed a 9-item knowledge test and semi-structured interviews to assess comprehension and to help gather system usability feedback. The HoloLens group further evaluated the system using the System Usability Scale (SUS) and the Questionnaire for User Interaction Satisfaction (QUIS). While knowledge acquisition scores are comparable between the groups, the HoloLens group exhibits significantly higher levels of engagement and stronger intent to pursue further health education. The MR system obtains a mean SUS score of 76, denoting Good usability and a grade B rating. QUIS responses indicate high satisfaction levels across usability constructs. Qualitative feedback highlights the immersive and interactive design of the HoloLens system, which fosters engagement and motivates users by connecting educational content to personal relevance and curiosity. These findings demonstrate the potential of MR technologies to transform health education by bridging the gap between static information delivery and dynamic learner engagement, ultimately supporting improved comprehension and sustained interest in health topics.",Yes,"The abstract discusses 'knowledge acquisition' through a mixed-reality system for health education, implying capturing and retaining knowledge.",No,None identified,No,"The abstract discusses the development and evaluation of a mixed-reality (MR) system for health education on neck stiffness and soreness, focusing on usability and user satisfaction, but does not clearly discuss preserving, capturing, retaining, transferring, or preventing loss of knowledge from individuals, groups, or organizational environments."
d92af9ca-9114-4cf4-8c3a-4ec464d7c727,"Title：Reviewing The Current State Of Virtual Reality Integration In Medical Education - A Scoping Review Protocol Abstract：BackgroundDue to an increasing focus of medical curricula on clinical decision-making skills, new learning tools are constantly developed. Virtual reality (VR) is one of the emerging technologies with the potential to improve health professionals' education. Highly realistic learning experiences with repeatable training scenarios can be created within a protected environment that is independent from real patients' presence. Our project medical tr.AI.ning is following this approach aiming to simulate immersive virtual first-person scenarios with intelligent, interactable virtual patients. So far, VR has been mainly used in surgical training, but there is evidence for effectiveness in training different procedural skills, such as cardiopulmonary resuscitation, knowledge acquisition, and improvement of reasoning and creativity, while still being cost-effective.The objective of this scoping review is to explore the usage and identify key areas of VR applications in the field of medical education. Furthermore, the corresponding requirements, evaluation methods and outcomes, advantages, and disadvantages will be covered.MethodsThis scoping review protocol implements the updated JBI Scoping Review Methodology. In March 2022, a preliminary literature research in PubMed was performed by two independent reviewers to refine search terms and strategy as well as inclusion criteria of the protocol, accounting for actuality and scientific relevance. The final search will be conducted using PubMed, ScienceDirect, Cochrane Library, Web of Science Core Collection, and JBI Evidence Synthesis. Search, study screening, and data extraction will be done in parallel and independently by two reviewers. Discrepancies will be handled by consensus or consulting a third review author.DiscussionWith this scoping review, we anticipate collating the range of application of VR in medical education while using a transparent and reproducible search strategy. This may contribute to the design and development of novel educational VR platforms and their integration into medical curricula while pointing out previous omissions and pitfalls.",Yes,"The abstract discusses 'knowledge acquisition' as an area where VR has shown effectiveness in medical education, implying capturing and retaining knowledge.",No,None identified,No,"The abstract discusses exploring the usage and identifying key areas of VR applications in the field of medical education, but does not clearly discuss preserving, capturing, retaining, transferring, or preventing loss of knowledge from individuals, groups, or organizational environments."
4c0b0f45-a2f4-44a2-b4de-ec2661b31521,"Title：Improving Higher Education With The Use Of Mobile Augmented Reality (Mar): A Case Study Abstract：Currently, students face difficulties in understanding and assembling desktop computer hardware. Traditional teaching, which relies on theoretical classes and manuals, does not provide sufficient interactive or practical experience, hindering the comprehension and retention of knowledge. Understanding hardware is fundamental for computer science and related fields students, as it is the basis for building and maintaining computer systems. The lack of practical knowledge in this area can result in inadequate training, limiting students' abilities to apply theoretical concepts in real-world situations, which can affect their academic performance and job market readiness. There have been initiatives that included the use of printed manuals, video tutorials, and software simulations to teach hardware. However, these methods failed to engage students sufficiently or provide a practical and realistic learning experience. These methods can become boring and disconnected from the practical experience necessary for properly assembling computer hardware. The proposed solution is the use of an augmented reality (AR) mobile application to create an interactive and practical learning experience. The application called Build_PC was designed, and it allows students to visualize and manipulate hardware components in a virtual environment superimposed on the real world, allowing practical learning of computer assembly and operation. The main results of the research, which used volunteer students associated with control and experimental groups, show that the use of Build_PC significantly improved the understanding and retention of knowledge about computer hardware. Students who used the application demonstrated a greater ability to understand the operation of hardware components compared to those who used traditional methods. In addition, students reported greater motivation and satisfaction with the learning process. Implementing a AR-powered application in hardware education has several important implications. Firstly, it provides an effective tool to enhance understanding and knowledge retention, which can lead to better academic and professional preparation for students. Furthermore, it can serve as a model for integrating emerging technologies in other educational areas, enhancing practical teaching and interactive learning. It also highlights the need to invest in innovative educational technologies to keep up with job market demands and student expectations.",No,"The abstract discusses using a mobile AR application (Build_PC) to improve understanding and retention of knowledge about computer hardware, but this is about learning and knowledge retention in students, not about capturing or retaining knowledge from individuals or organizations. The focus is on educational outcomes, not knowledge management practices.",No,None identified,Yes,The proposed solution is the use of an augmented reality (AR) mobile application to create an interactive and practical learning experience.
e0339123-ceef-462d-86ca-329a62ee6c39,"Title：A Technological Leap In Workplace Engagement For Industry 5.0: Introducing Boostoraise Abstract：Industry 5.0 (I5.0) shifts focus from technological dominance to the human element, addressing the evolving needs of younger generations such as Y and Z, who seek meaningful work, autonomy, and social responsibility. This study develops a novel engagement framework aligned with I5.0 principles and operationalized through the BoosToRaise platform, integrating Protean Career Attitude (PCA), Participatory Design (PD), and Learning Organization (LO) to enhance workforce engagement and organizational resilience. Using an abductive research approach, the platform was developed and iteratively refined through Design Thinking, Co-Creation, and Agile methodologies across three multinational organizations from diverse industries. The research highlights a critical gap in existing digital tools-like IBM Kenexa, BetterUp, Microsoft Viva, and Leapsome-that, despite offering performance management and training, largely operate in top-down models prioritizing monitoring over empowerment. These platforms fall short in enabling self-directed career planning, genuine co-design, and dynamic peer learning, limiting their ability to meet generational expectations. This study reframes technology as an empowerment agent, advocating its redesign grounded in I5.0's human-centric values. Also, it expands I5.0's sustainability focus by emphasizing social sustainability-the strategic retention and growth of human capital-as vital for organizational competitiveness amid high turnover and knowledge loss. This framework challenges organizations to rethink employee-technology relationships, promoting digital engagement as a driver of inclusion, empowerment, and continuous development, offering practical insights to build workplaces that thrive in a human-centered future.",Yes,"The abstract discusses 'strategic retention and growth of human capital' and addresses 'high turnover and knowledge loss', indicating a focus on retaining knowledge within organizations. The BoosToRaise platform is designed to enhance workforce engagement and organizational resilience, which implies knowledge retention.",No,None identified,No,The study develops a novel engagement framework aligned with I5.0 principles and operationalized through the BoosToRaise platform but does not explicitly discuss capturing or retaining knowledge from individuals or organizations.
145418f7-ce7f-48fe-8a44-29c69e91adc8,"Title：The Impact Of Digitalisation On It Providers: Business Model Evolution Abstract：In today's rapidly evolving digital landscape, Managed Service Providers (MSPs) play a crucial role in meeting the intricate Information Technology (IT) needs of organisations. As IT systems become increasingly complex and the demand for specialised expertise grows, MSPs emerge as strategic partners for businesses seeking to streamline operations and drive innovation. However, there remains a significant gap in understanding the precise role of MSPs in catalysing innovation and how their services differ from those of traditional IT service providers. This paper aims to bridge this gap by exploring organisations' attitudes and perceptions towards MSPs, focusing on their role in driving innovation and ensuring security. Additionally, it investigates the future technologies that organisations aspire to adopt and evaluates whether MSPs are positioned to support these advancements. The study also examines the influence of company size on the inclination to engage with MSPs and highlights the importance of consultative selling in MSPs' success. Through empirical research based on multiple case studies and a quantitative questionnaire approach, expert, and managerial insights into the business models of MSPs in the DACH region are gathered. The findings reveal that AI and cloud computing are the top two future technologies of interest, with MSPs well-positioned to support their adoption. Company size does not significantly influence the willingness to engage with MSPs, and both small businesses and larger enterprises show interest in innovation and security. The maturity of business processes and concerns about knowledge loss are identified as primary barriers to engaging with MSPs, emphasising the importance of trust-building and collaboration. Consultative selling emerges as crucial for MSPs' success, enabling them to understand customer needs and tailor solutions accordingly. Summing up, valuable insights are provided into the role of MSPs in driving innovation and ensuring security within organisations. By addressing the hypotheses outlined and synthesising insights from academic literature and consulting studies, it contributes to both academic scholarship and industry practices, facilitating the advancement of the IT industry and knowledge translation efforts.",Yes,"The abstract explicitly mentions 'concerns about knowledge loss are identified as primary barriers to engaging with MSPs', indicating a focus on preventing knowledge loss, which relates to knowledge retention.",No,None identified,No,"The abstract discusses the impact of digitalisation on IT providers and their business model evolution, focusing on innovation and security rather than capturing or retaining knowledge from individuals or organizations."
5384d089-c98e-4939-bca9-252b9cb14211,"Title：The Effect Of Reflection Through Educational Blogging On Students' Learning Performance Abstract：Aim/Purpose Despite the growing interest in reflection, there is an issue regarding how to fortify the linkages between a learning experience and the reflection activity that follows it, as experience on its own is not the key to learning. In addition, studies have also shown that students are not able to transfer the newly acquired knowledge through experience into a new situation. Besides that, it is revealed that students have a generally poor learning performance in computer-supported courses. This can be attributed to the difficulty in comprehending lessons. These problems then bring to the fore the question of what specific elements are needed to turn experience into learning and enable educators to enhance students' learning performance through reflection activities. Therefore, this study was undertaken to design the reflection environment through educational blogging and examine its effect on students' learning performance in a computer-supported course; that is, an Authoring System course. Background Incorporating reflection as an integral part of the curriculum and learning process can be challenging. It involves dedicating time and effort to foster a reflective culture. Therefore, a reflective blogging environment needs to be designed by incorporating structured and interactive reflective thinking activities. This learning environment should also be able to integrate theoretical and practical aspects while encouraging active engagement in social collaborative learning to build knowledge and comprehension in learning computer-supported courses. Furthermore, leveraging blogging technology by embedding it with effective pedagogy is also necessary to nurture students, and is critical in knowledge acquisition. Methodology A one-group pre-test post-test type of research design was adopted, using quantitative data of students' learning performance. A purposive sampling technique was employed to select a sample of 18 postgraduate students enrolled in the Authoring System course in the Faculty of Education. The reflection through the educational blogging environment was designed according to the ICCEE (Identify, Choose, Create, Engage, and Evaluate) instructional design model. The learning performance test was analysed using inferential statistics, specifically, the Wilcoxon ranked test, effect size, and power analysis. Contribution This study highlights that reflection through blogging remains relevant for learning among postgraduate students when its pedagogical design is carefully planned to align with learning and teaching goals. Leveraging the advantages of blogs as student-centred learning environments can encourage discussion and debate-like activities, which, in turn, positively affects students' overall learning performance. The design of the reflective learning environment also gives us an understanding of how the reflection approach can be better conducted to improve students' learning performance. Findings The reflection through the educational blogging environment was successfully designed based on the five in-depth steps of the ICCEE instructional design model. The learning performance indicates that there was a statistically significant difference between the pre-test and post-test scores. Thus, it can be concluded that reflection through blogging, which acted as an intervention, had a significant influence on students' performance in learning in the Authoring System course. Recommendations for Practitioners Recommendations for Researchers Given the technical nature of this study, instructors, especially those teaching online, must exhibit greater creativity in bridging the gap between theory and real-world applications to enhance students' cognitive engagement with the learning materials. As technical learning is frequently associated with poorer cognitive learning outcomes, it is crucial for instructors to bridge the gap between theory and practical applications to achieve better results. Researchers can ensure that students perceive learning and teaching as constructivist activities by leveraging the advantages of blogs as student-centred learning environments and minimising the presence of instructionalist activities. This approach encourages discussion and debate-like activities, which, in turn, positively enhances students' overall learning performance. Impact on Society This study highlights that educational blogging remains significant for postgraduate students when its pedagogical design is carefully planned to align with learning and teaching goals. Future Research Future work is necessary to validate the findings, particularly concerning different computer-supported courses, with larger and more diverse samples. Additionally, the learning performance pathways can be analysed via data mining using qualitative data to provide valuable insights into patterns related to the types of feedback that foster the growth of specific levels of reflective thinking skills. Linking students' performance with other probable learning processes/outcomes, such as learning styles, interaction posts, demographic details, and response time, can provide a better understanding of the computer-supported competencies among students from a summative approach.",No,"The abstract discusses using educational blogging to enhance reflection and learning performance, but does not address capturing or retaining knowledge from individuals or organizations.",No,None identified,Yes,The study was undertaken to design the reflection environment through educational blogging and examine its effect on students' learning performance in a computer-supported course.
91d121c1-69a5-4467-a125-01f1b09d9378,"Title：A Study On The Learning Process Of Applying An Autotutoring System To Teach Reading Strategies To Elementary School Children Abstract：Purpose This study has two main purposes. First, it aims to explore learners' use of strategies and learning performance within an autotutor environment, using word embedding technique. Second, it investigates the learning processes and cognitive patterns of learners with different reading abilities. By analyzing these patterns, particularly the differences in learning trajectories and strategy application between groups, this study offers several suggestions for instructional design. Literature Review Many empirical studies support the idea that reading strategies can significantly enhance text comprehension and improve learning outcomes. However, existing research still has some limitations, particularly in addressing cognitive differences among readers and meeting the specific needs of learners with lower reading abilities. Interactive teaching methods, such as teacher-student dialogues, facilitate real-time communication and feedback, supporting active learning and enhancing performance, especially for students with lower reading abilities. However, these approaches require substantial human and time resources, making large-scale application challenging. The autotutor system offers an effective solution to these limitations. By creating a technology-based learning environment, the autotutor system guides learners through interactive dialogue, encouraging them to engage in higher-order thinking, learn academic content, and apply strategic learning. Nevertheless, certain limitations exist in current autotutor research. First, researchers tend to rely on latent semantic analysis (LSA) techniques, which are less capable than neural networks in extracting semantic information. Second, most studies rely on general instructional guidelines to address subject knowledge and problem-solving but lack specific designs for incorporating reading strategies. Furthermore, few studies have focused on elementary school students as primary subjects. Method This study conducted a two-factor mixed design to examine the learning processes and outcomes of students receiving reading strategy instruction. The between-subject factor is reading ability (high vs. low), while the within-subject factor is test type (pre-test and post-test), with background knowledge as a covariate. Participants included 53 fifth-grade students with varying reading abilities from elementary schools in Taipei, New Taipei, and Keelung. Using the Automated Reading Elaboration System, students individually learned five reading strategies and relevant subject knowledge. Their learning processes, including learning time, learning paths, and cognitive patterns, were assessed along with their learning performance, which measured the frequency of reading strategy use and knowledge acquisition. To analyze learning performance, a two-factor mixed-design ANCOVA was employed, with reading ability as a between-subject factor, test type as a within-subject factor, background knowledge as a covariate, and the frequency of reading strategy use and knowledge content as dependent variables. Learning process analysis used a one-way ANOVA, treating reading ability as the independent variable, pre-test background knowledge as a covariate, and learning time and paths as dependent variables. Results The autotutor, developed using word embedding technology, facilitated learning by guiding students in applying reading strategies to understand academic content and provided an in-depth analysis of learning paths and cognitive patterns. Key findings from this study are as follows: 1. Strategy Use and Learning Performance Improvement. Both high-and low-reading-ability groups learned to apply reading strategies and showed improvement in learning performance, although the types of strategies used varied. For example, post-test scores in knowledge content were higher than pre-test scores across all students. Notably, the high-reading-ability group scored higher in content knowledge than the low-reading-ability group, suggesting that the autotutor can effectively improve learning outcomes. High-reading-ability students used background knowledge and organizational strategies, while low-reading-ability students relied more on connection inferences. Both groups demonstrated limited use of comprehension monitoring strategies, highlighting the need for further instruction in this area. 2. Differences in Learning Processes and Cognitive Patterns. Learning paths and cognitive patterns varied by reading ability. High-reading-ability learners showed shorter learning paths and required minimal assistance, while low-reading-ability learners needed more explicit prompts and sometimes overlooked the autotutor's support role in learning. This finding emphasizes the importance of adaptive, differentiated designs in instructional materials and assessments to accommodate the diverse needs of learners. Discussion The study offers the following recommendations: 1. Enhancing Comprehension Monitoring. Comprehension monitoring was a less frequently used strategy among students, particularly for those with lower reading abilities. Verbal data indicated that, although students attempted to use comprehension monitoring to support understanding, the frequency was low. Future strategy instruction could incorporate demonstrations of self-assessment and error detection, supported by awareness scales that illustrate the effectiveness of comprehension monitoring. Additionally, demonstrating the impact of comprehension strategies through practical examples may improve student engagement with this technique. 2. Strengthening Elaborative Inference for Low-Reading-Ability Learners. Low-reading-ability learners often relied on shallow connection inferences, producing responses unrelated to content. The autotutor could support comprehension by providing background knowledge and guiding students in connecting the text to personal experiences, using explicit cues in instructional materials to aid understanding. 3. Personalized Instruction for High-Reading-Ability Learners. High-reading-ability learners displayed distinct learning processes and cognitive patterns, suggesting the benefit of personalized course designs. Data revealed that these students needed minimal guidance, while low-reading-ability students benefited from clear prompts. Conducting preliminary analyses of students' cognitive patterns could inform individualized instructional materials and feedback mechanisms. 4. Using a Large Semantic Space to Enhance Strategy Learning. In contrast to previous work based on LSA, this study leverages a large-scale word2vec-based semantic space to enable precise meaning judgment, allowing for more accurate handling of learners' open-ended responses and facilitating more realistic teaching within the autotutor. Conclusion In conclusion, this study highlights the effectiveness of autotutor systems in supporting learning, analyzing students' learning paths, and identifying differences in strategy use. It provides insights for personalized reading instruction, showing that autotutors can effectively address diverse reading abilities. Future research could refine instructional design, assessment tools, and the ethical use of large language models to further enhance learning outcomes. For example, applying fine-tuning to integrate knowledge into Llama 3 could reduce incorrect information in responses and enable more sophisticated meaning analysis, allowing teaching strategies to be more flexible and diverse. This study demonstrates that autotutor systems, combined with adaptive design and reading strategy instruction, effectively meet the needs of diverse learners, especially those with varying reading abilities. Future research can build on these findings to create more advanced autotutor environments for education.",No,"The abstract discusses using an autotutor system to teach reading strategies and improve learning performance, but does not address capturing or retaining knowledge from individuals or organizations.",No,None identified,Yes,"The autotutor system offers an effective solution to limitations in interactive teaching methods by creating a technology-based learning environment that guides learners through interactive dialogue, encouraging them to engage in higher-order thinking, learn academic content, and apply strategic learning."
3e6c5ba2-1183-42e7-bdc6-dd8004ae2b88,"Title：Exploring The Impact Of Interactive Movement-Based Anatomy Learning In Real Classroom Setting Among Kinesiology Students Abstract：Descriptive and functional anatomy is one of the most important sciences for kinesiology students. Anatomy learning requires spatial and motor imagery abilities. Learning anatomy is complex when teaching methods and instructional tools do not appropriately develop spatial and motor imagery abilities. Recent technological developments such as three-dimensional (3D) digital tools allow to overcome those difficulties, especially when 3D tools require strong interactions with the learners. Besides interactive digital tools, embodied learning or learning in motion is an effective method for a wide variety of sciences including anatomy. The aim of this study was to explore the impact of combining movement execution with 3D animation visualization on anatomy learning in a real classroom teaching context. To do so, the results of two groups of kinesiology students during three official assessments were compared. The experimental group (n = 60) learned functional anatomy by combining movement execution with traditional knowledge acquisition (e.g., 3D animations visualization, problem-based learning exercises). The control group (n = 61) had the same material but did not execute the movements during problem-solving exercises. Although no differences were found between both groups on early and mid-semester examinations, significant difference appeared at the end of the semester with an advantage for the experimental group. This exploratory study suggests that embodied learning is beneficial in improving functional anatomy learning. Therefore, it would be interesting to integrate such type of pedagogical approach within the kinesiology curriculum.",No,"The abstract discusses anatomy learning through movement and 3D animations, but does not explicitly discuss capturing or retaining knowledge from individuals or organizations.",Yes,The aim of this study was to explore the impact of combining movement execution with 3D animation visualization on anatomy learning in a real classroom teaching context.,No,The abstract discusses the impact of interactive movement-based anatomy learning but does not explicitly discuss capturing or retaining knowledge from individuals or organizations.
02127705-87f4-4b12-ab6b-7642ca734854,"Title：A Smartphone Application And Education Program For Hearing Health Promotion In High School Teenagers Abstract：OBJECTIVES: To assess knowledge retention after video-based hearing health education and measure headphone listening behavior change using a novel smartphone application. METHODS: In this prospective longitudinal study, students participated in video-based hearing health education and hearing screening sessions. Hearing health knowledge was assessed in students and parents after 6 weeks. A novel smartphone application was created to measure daily noise exposure based on volume settings with headphone use and to display the National Institute for Occupational Safety and Health (NIOSH) noise doses with alerts for cumulative daily doses nearing the maximum. RESULTS: Seventy-six teenage students and parents participated. Eighty three percent of participants identified as a racial or ethnic minority and 66% were of low-income socioeconomic status. Hearing health knowledge was retained in students 6 weeks after education and parents' knowledge improved from baseline. The smartphone app was installed on 12 student phones, and 25% of days monitored exhibited noise doses that exceeded the NIOSH maximum. App use for at least 10 days by nine students showed a significant reduction in average daily noise dose and time spent at the highest volume settings during the second-half of app use. CONCLUSIONS: Video-based hearing health education with knowledge question reinforcement was associated with knowledge retention in students and improved parental attitudes and knowledge about hearing conservation. A smartphone app with a real-time display of headphone cumulative noise exposure dose identified at-risk students. The integration of hearing health education, hearing screening, and digital health tools has promised to promote positive behavior changes for long-term hearing conservation. LEVEL OF EVIDENCE: 4 Laryngoscope, 133:2007-2013, 2023.",No,"The abstract discusses hearing health education and a smartphone app for monitoring noise exposure, but does not explicitly discuss capturing or retaining knowledge from individuals or organizations.",Yes,To assess knowledge retention after video-based hearing health education and measure headphone listening behavior change using a novel smartphone application.,No,The abstract discusses knowledge retention and behavior change using a smartphone application but does not explicitly discuss capturing or retaining knowledge from individuals or organizations.
dd42d0b1-37de-4d3d-a5ad-d853441c86f7,"Title：Attitudes Of An International Student Cohort To The Quizlet Study System Employed In An Advanced Clinical Health Care Review Course Abstract：Computer-based learning applications and mobile technology have transformed many aspects of the educational experience over the last decade, producing software aimed at improving learning efficiency and streamlining the presentation of course materials. One such class of software, purpose-created to take advantage of spaced learning and spaced testing principles, are electronic flashcard applications. We provide a perspective on the novel use of the Quizlet flashcard application in a tertiary educational setting. To reduce cognitive load for international graduate dental students taking a pharmacology review course, we implemented Quizlet, which integrates both spaced learning and self-testing, to improve the student learning experience. This study assessed students' perceptions of the Quizlet flashcard system in a student cohort comprised of two consecutive years' classes (n = 51 students in total). Results indicated broad acceptance of Quizlet based on ease of use of the software and ease of study of the material. Our data provide insight into the use of this common software in a professional healthcare tertiary education setting and further demonstrate the successful application of electronic flashcards for a mixed international student cohort. Further research should include an assessment of the impact of flashcard on long-term knowledge retention in this setting. SUPPLEMENTARY INFORMATION: The online version contains supplementary material available at 10.1007/s10639-022-11371-3.",No,"The abstract discusses the use of Quizlet flashcard application for learning, but does not explicitly discuss capturing or retaining knowledge from individuals or organizations.",Yes,"To reduce cognitive load for international graduate dental students taking a pharmacology review course, we implemented Quizlet, which integrates both spaced learning and self-testing, to improve the student learning experience.",No,The abstract discusses students' perceptions of the Quizlet flashcard system but does not explicitly discuss capturing or retaining knowledge from individuals or organizations.
f5b60223-160b-4a6a-80fe-4166c74560e4,"Title：Promoting Digital Proficiency And Health Literacy In Middle-Aged And Older Adults Through Mobile Devices With The Workshops For Online Technological Inclusion (Oito) Project: Experimental Study Abstract：BACKGROUND: Digital inclusion and literacy facilitate access to health information and can contribute to self-care behaviors and informed decision-making. However, digital literacy is not an innate skill, but rather requires knowledge acquisition. OBJECTIVE: The present study aimed to develop, conduct, and measure the impact, on digital and health literacy, of a digital inclusion program aimed at community dwellers. METHODS: The program targeted the recruitment of people aged 55 and older that owned mobile devices with an internet connection in 3 cities in northern Portugal (Paredes de Coura, Guimarães, and Barcelos). The program was titled the Workshops for Online Technological Inclusion (OITO) project and, in each city, was promoted by the coordinator of municipal projects and organized as an in-person 8-workshop program, using mobile devices, smartphones, or tablets. A quasi-experimental design was used with a nonrandomized allocation of participants in each set of 8 workshops. Sociodemographic, health status, and mobile use information were collected at baseline. Digital and health literacy were measured via the Mobile Device Proficiency Questionnaire and the Health Literacy Scale questionnaires, respectively, at baseline (T1), program completion (T2), and a 1-month follow-up (T3). A self-reported measure of autonomy was evaluated at T1 and T2 using a visual scale. RESULTS: Most participants were women with primary schooling (up to 4 years) aged between 65 and 74 years and retired. The intervention had an 81% (97/120) recruitment rate, 53% (43/81) adherence, and 94% (67/71) satisfaction rate, with 81 participants completing the entire 8-workshop program. Most participants had owned their mobile device for more than one year (64/81, 79%), were frequent daily users (70/81, 86%), and had received their mobile device from someone else (33/64, 52%). Over 80% (71/81) of the participants who completed the intervention used Android smartphones. At baseline, participants had low baseline scores in digital literacy, but medium-high baseline scores in health literacy. They showed significant improvement in digital literacy at T2 and T3 compared to T1, but without a significant difference between T2 and T3, regardless of sex, age, or schooling. A significant improvement in self-reported autonomy was observed at T3 compared with baseline. Regarding health literacy, no significant differences were found at T2 or T3 compared to the baseline. CONCLUSIONS: The feasibility indicators showed that the OITO project methodology had a substantial rate of recruitment and satisfaction. Program participants had significant improvement in digital literacy after 8 workshops and maintained their score 1 month after completing the intervention. There was no significant change in health literacy during the project period.",No,"The abstract discusses a digital inclusion program to improve digital and health literacy, but does not explicitly discuss capturing or retaining knowledge from individuals or organizations.",Yes,"The present study aimed to develop, conduct, and measure the impact, on digital and health literacy, of a digital inclusion program aimed at community dwellers.",No,The abstract discusses the impact of a digital inclusion program on digital and health literacy but does not explicitly discuss capturing or retaining knowledge from individuals or organizations.
1cd8a0b9-801e-40f5-84ce-95a181641630,"Title：Extended Reality In Language Learning: A Cognitive Affective Model Of Immersive Learning Perspective Abstract：A surge in the interest and implementation of extended reality (XR)-based lessons in language learning has resulted in many related studies. Recent reviews that summarized these studies and the previous studies focus on the technologies used in language-learning settings or the different ways of incorporating XR tools in language-learning activities. However, less work has been done to synthesize XR-based language-learning studies from a language-learning theory perspective. Thus, this study delineates the contour of scholarly literature on XR in language learning using the Cognitive Affective Model of Immersive Learning (CAMIL). The model contains six affective and cognitive factors that lead to XR-based learning: interest, motivation, self-efficacy, embodiment, cognitive load, and self-regulation. This model was adopted in the current study to systematically synthesize the findings from primary studies published between 2017 and 2022 to construct XR explanations on language learning from a cognitive theory perspective. Studies published in 12 indexed privileged journals in the language education and technology field on XR in language learning were reviewed. The results showed that the factors in the CAMIL led to factual, conceptual, and procedural knowledge acquisition and transfer. This study provides some insights into understanding the cognitive outcomes of XR-based language learning by analyzing the findings from previous studies. Suggestions for future studies are proposed in this study.",No,"The abstract discusses extended reality in language learning using the Cognitive Affective Model of Immersive Learning, but does not explicitly discuss capturing or retaining knowledge from individuals or organizations.",Yes,"This study delineates the contour of scholarly literature on XR in language learning using the Cognitive Affective Model of Immersive Learning (CAMIL). The model contains six affective and cognitive factors that lead to XR-based learning: interest, motivation, self-efficacy, embodiment, cognitive load, and self-regulation.",No,The abstract discusses the use of extended reality (XR) in language learning but does not explicitly discuss capturing or retaining knowledge from individuals or organizations.
8484bfb1-ffe8-4a01-82d1-00c8aa7c4534,"Title：A Large-Scale, Multiplayer Virtual Reality Deployment: A Novel Approach To Distance Education In Human Anatomy Abstract：The arrival of COVID-19 restrictions and the increasing demand of online instruction options posed challenges to education communities worldwide, especially in human anatomy. In response, Colorado State University developed and deployed an 8-week-long large-scale virtual reality (VR) course to supplement online human anatomy instruction. Students (n = 75) received a VR-capable laptop and head-mounted display and participated in weekly synchronous group laboratory sessions with instructors. The software enabled students to remotely collaborate in a common virtual space to work with human anatomy using an artist-rendered cadaver. Qualitative data were collected on student engagement, confidence, and reactions to the new technology. Quantitative data assessed student knowledge acquisition and retention of anatomical spatial relationships. Results indicated that students performed better in the online course (mean = 82.27%) when compared to previous in-person laboratories (mean = 80.08%). The utilization of VR promoted student engagement and increased opportunities for student interaction with teaching assistants, peers, and course content. Notably, students reported benefits that focused on unique aspects of their virtual learning environment, including the ability to infinitely scale the cadaver and walk inside and around anatomical structures. Results suggested that using VR was equivalent to 2D methods in student learning and retention of anatomical relationships. Overall, the virtual classroom maintained the rigor of traditional gross anatomy laboratories without negatively impacting student examination scores and provided a high level of accessibility, without compromising learner engagement. SUPPLEMENTARY INFORMATION: The online version contains supplementary material available at 10.1007/s40670-023-01751-w.",No,"The abstract discusses a virtual reality course for human anatomy education, but does not explicitly discuss capturing or retaining knowledge from individuals or organizations.",Yes,"In response, Colorado State University developed and deployed an 8-week-long large-scale virtual reality (VR) course to supplement online human anatomy instruction. Students (n = 75) received a VR-capable laptop and head-mounted display and participated in weekly synchronous group laboratory sessions with instructors.",No,The abstract discusses the deployment of a virtual reality (VR) course in human anatomy but does not explicitly discuss capturing or retaining knowledge from individuals or organizations.
3a90b67f-a7f1-44c0-9cf2-e05c6be6ef40,"Title：Use Of The Anatomage Virtual Table In Medical Education And As A Diagnostic Tool: An Integrative Review Abstract：Studies on human anatomy mainly depend on cadaver dissection. New technology devices have progressed to improve anatomy teaching, such as the 3D Anatomage virtual dissection table. There is a shortage and deficiency in information about the uses and benefits of the Anatomage table. The aim of this article was to review and assess the current evidence about the advantages of the Anatomage virtual table in medical education and curricula of medical courses, and its utility in diagnosis. The current study is a comprehensive systematic review. A search was conducted on online medical and scientific databases. Twenty-nine articles relevant to the content of the current research topic were selected. Based on this review, the use of the Anatomage table is valuable for anatomy learning outcomes, and most of the research supported it as an important anatomy tool in addition to cadaveric dissection. The Anatomage table in association with human dissection can improve knowledge retention of anatomy. It is an important tool for understanding organ variation. Anatomage is now considered an important tool for the educational training programs of medical students and residents and for disease diagnosis and prognosis. Anatomage can make the curriculum more interesting and valuable. Utilizing the Anatomage table can help medical and paramedical students and residents by assisting them to understand anatomy in a better way. It will also improve radiological knowledge and facilitate pre-planning for surgeries. Finally, it has a crucial role during exceptional circumstances such as pandemics.",No,"The abstract reviews the use of the Anatomage virtual table for anatomy education and diagnosis, focusing on learning outcomes and knowledge retention, but does not explicitly discuss capturing or retaining knowledge from individuals or organizations.",Yes,The Anatomage table in association with human dissection can improve knowledge retention of anatomy. It is an important tool for understanding organ variation. Anatomage is now considered an important tool for the educational training programs of medical students and residents and for disease diagnosis and prognosis. Anatomage can make the curriculum more interesting and valuable. Utilizing the Anatomage table can help medical and paramedical students and residents by assisting them to understand anatomy in a better way. It will also improve radiological knowledge and facilitate pre-planning for surgeries.,No,The abstract discusses the advantages of the Anatomage virtual table in medical education and diagnosis but does not explicitly discuss capturing or retaining knowledge.
59b2f823-1bc0-492d-babd-be5823f1b52b,"Title：Comparing Knowledge Acquisition And Retention Between Mobile Learning And Traditional Learning In Teaching Respiratory Therapy Students: A Randomized Control Trial Abstract：PURPOSE: Mobile learning (m-learning) is one of the trends in health professions' education. It has a promising future in education, but it also presents various challenges and risks. This research seeks to highlight some of the greatest accomplishments, opportunities, and issues related to m-Learning in teaching and learning. We believe the findings help us maximize the positive effects of m-Learning while minimizing any potential drawbacks associated with the technological changes taking place in education. The study aimed to compare respiratory therapy students' knowledge acquisition and retention between using m-learning and traditional learning. PARTICIPANTS AND METHODS: Randomized pre-test, post-test, control group design was used. All 3rd year (N = 46) respiratory therapy students in one governmental university in Saudi Arabia were randomly assigned to either intervention or control group. Both groups took the same content of arterial blood gas lecture for 2 hours. The intervention group took the lecture using m-learning; two mobile apps: (1) ABG Book, (2) Arterial Blood Gas (Lite). The traditional learning (lecture-based learning) was used for the control group. The same test was conducted before, immediately after, and two weeks after the lecture. The duration of the test was 30 minutes. The data were analyzed using independent t-test and repeated measured ANOVA using p < 0.05. IRB Approval was obtained. RESULTS: Forty-five students participated. Although no statistically significant difference was found on knowledge acquisition and retention between the two types of learning (p = 0.305, p = 0.904, respectively), it was found among the three time-points within each group (p < 0.001). CONCLUSION: Both m-learning and traditional learning are effective in increasing knowledge acquisition and retention. However, no one is better than the other. Further researches were needed with larger sample size through multi-institutional studies to validate the results of this study.",No,"The abstract compares mobile learning and traditional learning for knowledge acquisition and retention in respiratory therapy students, but does not discuss capturing or retaining knowledge from individuals or organizations.",Yes,"Both m-learning and traditional learning are effective in increasing knowledge acquisition and retention. However, no one is better than the other.",No,The abstract compares knowledge acquisition and retention between mobile learning and traditional learning but does not explicitly discuss capturing or retaining knowledge.
9bd96ac3-32f8-4b50-b04d-e93cd4cbaa80,"Title：Improved Spatial Knowledge Acquisition Through Sensory Augmentation Abstract：Sensory augmentation provides novel opportunities to broaden our knowledge of human perception through external sensors that record and transmit information beyond natural perception. To assess whether such augmented senses affect the acquisition of spatial knowledge during navigation, we trained a group of 27 participants for six weeks with an augmented sense for cardinal directions called the feelSpace belt. Then, we recruited a control group that did not receive the augmented sense and the corresponding training. All 53 participants first explored the Westbrook virtual reality environment for two and a half hours spread over five sessions before assessing their spatial knowledge in four immersive virtual reality tasks measuring cardinal, route, and survey knowledge. We found that the belt group acquired significantly more accurate cardinal and survey knowledge, which was measured in pointing accuracy, distance, and rotation estimates. Interestingly, the augmented sense also positively affected route knowledge, although to a lesser degree. Finally, the belt group reported a significant increase in the use of spatial strategies after training, while the groups' ratings were comparable at baseline. The results suggest that six weeks of training with the feelSpace belt led to improved survey and route knowledge acquisition. Moreover, the findings of our study could inform the development of assistive technologies for individuals with visual or navigational impairments, which may lead to enhanced navigation skills and quality of life.",No,"The abstract discusses how sensory augmentation affects the acquisition of spatial knowledge during navigation, but it does not discuss capturing or retaining knowledge from individuals or organizations. It focuses on learning outcomes from using a device.",No,None identified,Yes,The results suggest that six weeks of training with the feelSpace belt led to improved survey and route knowledge acquisition.
b12d63dd-b301-4b7f-a8a0-2676bd086bbd,"Title：Artificial Cognition Vs. Artificial Intelligence For Next-Generation Autonomous Robotic Agents Abstract：The trend in industrial/service robotics is to develop robots that can cooperate with people, interacting with them in an autonomous, safe and purposive way. These are the fundamental elements characterizing the fourth and the fifth industrial revolutions (4IR, 5IR): the crucial innovation is the adoption of intelligent technologies that can allow the development of cyber-physical systems, similar if not superior to humans. The common wisdom is that intelligence might be provided by AI (Artificial Intelligence), a claim that is supported more by media coverage and commercial interests than by solid scientific evidence. AI is currently conceived in a quite broad sense, encompassing LLMs and a lot of other things, without any unifying principle, but self-motivating for the success in various areas. The current view of AI robotics mostly follows a purely disembodied approach that is consistent with the old-fashioned, Cartesian mind-body dualism, reflected in the software-hardware distinction inherent to the von Neumann computing architecture. The working hypothesis of this position paper is that the road to the next generation of autonomous robotic agents with cognitive capabilities requires a fully brain-inspired, embodied cognitive approach that avoids the trap of mind-body dualism and aims at the full integration of Bodyware and Cogniware. We name this approach Artificial Cognition (ACo) and ground it in Cognitive Neuroscience. It is specifically focused on proactive knowledge acquisition based on bidirectional human-robot interaction: the practical advantage is to enhance generalization and explainability. Moreover, we believe that a brain-inspired network of interactions is necessary for allowing humans to cooperate with artificial cognitive agents, building a growing level of personal trust and reciprocal accountability: this is clearly missing, although actively sought, in current AI. The ACo approach is a work in progress that can take advantage of a number of research threads, some of them antecedent the early attempts to define AI concepts and methods. In the rest of the paper we will consider some of the building blocks that need to be re-visited in a unitary framework: the principles of developmental robotics, the methods of action representation with prospection capabilities, and the crucial role of social interaction.",Yes,The abstract explicitly discusses 'proactive knowledge acquisition based on bidirectional human-robot interaction' and 'enhance generalization and explainability' as part of an Artificial Cognition approach for autonomous robotic agents.,No,None identified,No,The abstract discusses the development of next-generation autonomous robotic agents with cognitive capabilities but does not explicitly discuss capturing or retaining knowledge from individuals or organizations.
d604e8b0-721b-4a0d-871f-b972b619ea30,"Title：A Concept For International Societally Relevant Microbiology Education And Microbiology Knowledge Promulgation In Society Abstract：EXECUTIVE SUMMARY: Microbes are all pervasive in their distribution and influence on the functioning and well-being of humans, life in general and the planet. Microbially-based technologies contribute hugely to the supply of important goods and services we depend upon, such as the provision of food, medicines and clean water. They also offer mechanisms and strategies to mitigate and solve a wide range of problems and crises facing humanity at all levels, including those encapsulated in the sustainable development goals (SDGs) formulated by the United Nations. For example, microbial technologies can contribute in multiple ways to decarbonisation and hence confronting global warming, provide sanitation and clean water to the billions of people lacking them, improve soil fertility and hence food production and develop vaccines and other medicines to reduce and in some cases eliminate deadly infections. They are the foundation of biotechnology, an increasingly important and growing business sector and source of employment, and the centre of the bioeconomy, Green Deal, etc. But, because microbes are largely invisible, they are not familiar to most people, so opportunities they offer to effectively prevent and solve problems are often missed by decision-makers, with the negative consequences this entrains. To correct this lack of vital knowledge, the International Microbiology Literacy Initiative-the IMiLI-is recruiting from the global microbiology community and making freely available, teaching resources for a curriculum in societally relevant microbiology that can be used at all levels of learning. Its goal is the development of a society that is literate in relevant microbiology and, as a consequence, able to take full advantage of the potential of microbes and minimise the consequences of their negative activities. In addition to teaching about microbes, almost every lesson discusses the influence they have on sustainability and the SDGs and their ability to solve pressing problems of societal inequalities. The curriculum thus teaches about sustainability, societal needs and global citizenship. The lessons also reveal the impacts microbes and their activities have on our daily lives at the personal, family, community, national and global levels and their relevance for decisions at all levels. And, because effective, evidence-based decisions require not only relevant information but also critical and systems thinking, the resources also teach about these key generic aspects of deliberation. The IMiLI teaching resources are learner-centric, not academic microbiology-centric and deal with the microbiology of everyday issues. These span topics as diverse as owning and caring for a companion animal, the vast range of everyday foods that are produced via microbial processes, impressive geological formations created by microbes, childhood illnesses and how they are managed and how to reduce waste and pollution. They also leverage the exceptional excitement of exploration and discovery that typifies much progress in microbiology to capture the interest, inspire and motivate educators and learners alike. The IMiLI is establishing Regional Centres to translate the teaching resources into regional languages and adapt them to regional cultures, and to promote their use and assist educators employing them. Two of these are now operational. The Regional Centres constitute the interface between resource creators and educators-learners. As such, they will collect and analyse feedback from the end-users and transmit this to the resource creators so that teaching materials can be improved and refined, and new resources added in response to demand: educators and learners will thereby be directly involved in evolution of the teaching resources. The interactions between educators-learners and resource creators mediated by the Regional Centres will establish dynamic and synergistic relationships-a global societally relevant microbiology education ecosystem-in which creators also become learners, teaching resources are optimised and all players/stakeholders are empowered and their motivation increased. The IMiLI concept thus embraces the principle of teaching societally relevant microbiology embedded in the wider context of societal, biosphere and planetary needs, inequalities, the range of crises that confront us and the need for improved decisioning, which should ultimately lead to better citizenship and a humanity that is more sustainable and resilient. ABSTRACT: The biosphere of planet Earth is a microbial world: a vast reactor of countless microbially driven chemical transformations and energy transfers that push and pull many planetary geochemical processes, including the cycling of the elements of life, mitigate or amplify climate change (e.g., Nature Reviews Microbiology, 2019, 17, 569) and impact the well-being and activities of all organisms, including humans. Microbes are both our ancestors and creators of the planetary chemistry that allowed us to evolve (e.g., Life's engines: How microbes made earth habitable, 2023). To understand how the biosphere functions, how humans can influence its development and live more sustainably with the other organisms sharing it, we need to understand the microbes. In a recent editorial (Environmental Microbiology, 2019, 21, 1513), we advocated for improved microbiology literacy in society. Our concept of microbiology literacy is not based on knowledge of the academic subject of microbiology, with its multitude of component topics, plus the growing number of additional topics from other disciplines that become vitally important elements of current microbiology. Rather it is focused on microbial activities that impact us-individuals/communities/nations/the human world-and the biosphere and that are key to reaching informed decisions on a multitude of issues that regularly confront us, ranging from personal issues to crises of global importance. In other words, it is knowledge and understanding essential for adulthood and the transition to it, knowledge and understanding that must be acquired early in life in school. The 2019 Editorial marked the launch of the International Microbiology Literacy Initiative, the IMiLI. HERE, WE PRESENT: our concept of how microbiology literacy may be achieved and the rationale underpinning it; the type of teaching resources being created to realise the concept and the framing of microbial activities treated in these resources in the context of sustainability, societal needs and responsibilities and decision-making; and the key role of Regional Centres that will translate the teaching resources into local languages, adapt them according to local cultural needs, interface with regional educators and develop and serve as hubs of microbiology literacy education networks. The topics featuring in teaching resources are learner-centric and have been selected for their inherent relevance, interest and ability to excite and engage. Importantly, the resources coherently integrate and emphasise the overarching issues of sustainability, stewardship and critical thinking and the pervasive interdependencies of processes. More broadly, the concept emphasises how the multifarious applications of microbial activities can be leveraged to promote human/animal, plant, environmental and planetary health, improve social equity, alleviate humanitarian deficits and causes of conflicts among peoples and increase understanding between peoples (Microbial Biotechnology, 2023, 16(6), 1091-1111). Importantly, although the primary target of the freely available (CC BY-NC 4.0) IMiLI teaching resources is schoolchildren and their educators, they and the teaching philosophy are intended for all ages, abilities and cultural spectra of learners worldwide: in university education, lifelong learning, curiosity-driven, web-based knowledge acquisition and public outreach. The IMiLI teaching resources aim to promote development of a global microbiology education ecosystem that democratises microbiology knowledge.",No,"The abstract describes the IMiLI initiative to create teaching resources for microbiology literacy, focusing on education and knowledge dissemination, but does not explicitly discuss capturing or retaining knowledge from individuals or organizations.",No,None identified,Yes,The abstract discusses the International Microbiology Literacy Initiative (IMiLI) which aims to recruit from the global microbiology community and make freely available teaching resources for a curriculum in societally relevant microbiology that can be used at all levels of learning.
ac490570-0d23-48bb-8662-5dc863917698,"Title：Concept Of The Knowledge-Based City Logistics: Problems And Solutions Abstract：Efficient city logistics is essential to build smart sustainable cities where inhabitants' well-being is a priority. Meanwhile, despite the great importance of city logistics processes, their improvement is problematic for many cities. Although solutions from the field of emerging technologies are more and more often used, the question is whether implementing technological tools and filling cities with sensors is a sufficient solution that can solve the problems of intensely growing urban freight transport. The aim of the paper is to examine the role of knowledge management in city logistics and identify barriers to the implementation of knowledge-based city logistics. A key element of the research procedure was an expert survey, to which 31 international experts specialising in city logistics issues were invited, characterised by extensive experience working on research projects in the area of interest. Four knowledge management processes have been transferred to the city logistics area. The results of the study show that the difficulties are observed mainly in the processes of data gathering and knowledge acquisition. The main reason for difficulties in that area is the reluctance of city users, retailers, transport and logistics operators to share information. Identifying these processes as the most problematic is a valuable hint for logistics managers, municipalities and academics. To improve knowledge-based city logistics, it is therefore necessary to focus on these processes and look for the best solutions and new forms of organisational and business support. The solution to the problems identified in the study is the proposal to create a city logistics collaborative knowledge base which is a combination of an IT tool - the CL knowledge management platform, and the Freight Quality Partnership.",Yes,"The abstract explicitly discusses knowledge management processes in city logistics, including data gathering and knowledge acquisition, and proposes a collaborative knowledge base to capture and retain knowledge from city users, retailers, transport and logistics operators.",Yes,The aim of the paper is to examine the role of knowledge management in city logistics and identify barriers to the implementation of knowledge-based city logistics. ... The results of the study show that the difficulties are observed mainly in the processes of data gathering and knowledge acquisition.,Yes,The aim of the paper is to examine the role of knowledge management in city logistics and identify barriers to the implementation of knowledge-based city logistics.
9bb98d0e-d6d9-41cd-b8ad-2aa24cc5ad2e,"Title：The Impact Of It Change On Corporate Environmental Violations: Toward Information Asymmetry And Stakeholder Theory Abstract：As an essential market player, corporations play a crucial role in achieving green and sustainable economic development, while information technology is vital in influencing corporate environmental decision-making. Therefore, using a sample of A-share listed companies in China from 2009 to 2021, we developed a measurement for IT change through computer-aided text analysis to investigate the impacts of IT change on corporate environmental violations. The key findings are as follows: (1) a 1% increase in external or internal IT change can reduce corporate environmental violations by approximately 0.139 and 0.204. (2) IT change influences corporate environmental violations through monitoring and knowledge acquisition mechanisms. (3) IT change significantly affects environmental violations in firms that are large in size, lack government supervision, and adopt cost leadership strategies. (4) IT change complements green credit policies and positively affects firms in non-green credit-restricted industries. To sum up, this paper contributes to understanding the factors that influence corporate environmental decisions and offers insights into promoting the construction of IT change.",Yes,IT change influences corporate environmental violations through monitoring and knowledge acquisition mechanisms.,No,None identified,No,The abstract discusses the impacts of IT change on corporate environmental violations but does not explicitly discuss capturing or retaining knowledge from individuals or organizations.
a72f39c4-6a92-4c1c-8ecb-b65447e2ae26,"Title：A Novel Tactile Learning Assistive Tool For The Visually And Hearing Impaired With 3D-Cnn And Bidirectional Lstm Leveraging Morse Code Technology Abstract：Educating deafblind children is a highly specialized field that requires computer-assisted learning tools to address the challenges of auditory and visual impairments. The objective is to reduce their difficulties in communication with their peers and to empower them to learn independently in a classroom environment. Braille and assistive tools have become profoundly beneficial for deafblind children, serving as an essential means of communication and knowledge acquisition, enabling them to live independently. This study aims to develop an assistive tool that bridges the limitations of conventional tactile methodologies by incorporating the latest artificial intelligence techniques, enabling children to learn with greater ease. The research leverages Morse code technology to facilitate communication with deafblind children. The speaker's lip movements are converted into text using the deep learning techniques of a 3D convolutional neural network and a bidirectional long short-term memory neural network. Experimental evaluations of this text conversion model show a word error rate of 2% and an accuracy rate of 98%. The text is then converted into Morse code and communicated to the deafblind child through a wearable device. The significance of this assistive tool lies in its discreet design, resembling a smartwatch. Adolescents can wear the proposed wearable device confidently without feeling self-conscious or embarrassed.",No,"The abstract discusses an assistive tool for deafblind children to facilitate communication and learning, but does not explicitly discuss capturing or retaining knowledge from individuals or organizations.",No,None identified,Yes,The objective is to reduce their difficulties in communication with their peers and to empower them to learn independently in a classroom environment.
cbcb8624-e2cc-4aad-9e9b-7a4a07be6c7d,"Title：Exploring Extended Reality In Physician Assistant/Associate Educational Training Programs: A State-Of-The-Art (Technology) Review Abstract：INTRODUCTION: As the world becomes more technology focused, emerging technologies such as extended reality (XR) have been incorporated into medical education over the past few decades. Now that XR is more accessible to physician assistant (PA) education, educators must determine the extent to which XR can improve knowledge retention over current modalities. The purpose of this article was to perform a review of what XR pedagogical approaches are being used in PA education and what value they provide to learning. METHODS: A thorough literature database search conducted by a research librarian identified 228 unique articles published between 2012 and August 2023. These articles were further categorized by date, language, study method, and population sample and further screened for relevance and eligibility. Of the 228 unique articles identified, 8 met the eligibility criteria for this review. RESULTS: The focus of research ranged from XR integration to proof of concept of XR in educational environments. Selected studies used both qualitative and quantitative data. General impressions of XR in PA education reflect its potential to supplement current methods; however, the authors also admit the need for additional critical analysis. DISCUSSION: While there is a paucity of research into this specific topic, multiple studies showed that using XR principles in medical education led to better confidence among students and improved their perception of learning. While there currently is no direct statistically significant evidence to show a superiority of XR over traditional didactic learning, it is important to consider that not all educational tools need to improve outcomes; rather, they can improve student perception, which opens the door to further learning. Future studies should continue to longitudinally evaluate integrating XR into PA programs with a specific focus on knowledge retention.",No,"The abstract discusses using XR to improve knowledge retention and student perception, but does not explicitly discuss capturing or retaining knowledge from individuals or organizations. It focuses on pedagogical approaches and learning outcomes.",No,None identified,Yes,The purpose of this article was to perform a review of what XR pedagogical approaches are being used in PA education and what value they provide to learning.
66f9c195-e2b6-4402-b778-a5963d2d6642,"Title：Impact Of Mixed Reality (Mr) Technologies On Nursing Education: A Systematic Review Abstract：BACKGROUND: Nursing education dynamics have changed over time and currently demand novel approaches to befit the current intricacies of contemporary healthcare systems. Mixed Reality technologies, including Virtual Reality (VR) and Augmented Reality (AR), provide for an experiential learning immersion and may contribute toward the proper delivery of nursing education. OBJECTIVES: To evaluate the effect of MR technologies on nursing education concerning knowledge acquisition and skill development and student satisfaction in terms of traditional training methods. METHODS: A systematic literature review of peer-reviewed empirical studies published within the last ten years was carried out by using the Preferred Reporting Items for Systematic Reviews and Meta-Analyses (PRISMA) guidelines. PubMed, Web of Science, and Scopus databases were screened up to February 2024. Included studies involved nursing students or professionals in educational settings utilizing MR technologies compared to traditional methods. RESULTS: The search identified 91 studies and we concluded in eight studies that met the inclusion criteria. Overall, the use of MR technologies can enhance learning and clinical skills and student satisfaction. Although, the areas for further investigation are long-term retention of the skill and cost-effectiveness of MR implementation. CONCLUSION: These MR technologies hold promise for transforming nursing education by providing realistic, immersive learning environments. While these offers great potential, detailed consideration with further research is required to address implementation challenges and optimize their use within nursing curricula.",No,"The abstract evaluates MR technologies for knowledge acquisition and skill development in nursing education, but does not explicitly discuss capturing or retaining knowledge from individuals or organizations.",No,None identified,Yes,To evaluate the effect of MR technologies on nursing education concerning knowledge acquisition and skill development and student satisfaction in terms of traditional training methods.
dcc509cd-2368-4c10-b268-2850fdbca8cb,"Title：Development And Validation Of An Escape Game For Food Safety Education: Gamifying The Management Of A Food-Borne Health Alert Abstract：Veterinary training programs in Europe must equip future professionals with essential knowledge and skills in food hygiene and technology to assess, promote, and monitor food safety, as outlined by the World Organization for Animal Health, Directive 2005/36/EC, and the European Association of Establishments for Veterinary Education standards. In France, veterinary education follows a competency-based framework that includes investigating food chain contamination and participating in multidisciplinary crisis management. To address the challenge of teaching practical public health skills, a food safety escape game was developed at the National Veterinary School of Toulouse. This teaching sequence simulates the management of a food-borne outbreak, using gamification to engage students in problem-solving through a realistic scenario. This study details the game's development, implementation, and efficacy evaluation. Student progress was assessed using a pretest and post-test survey, and perceptions were gathered through qualitative feedback. Results showed significant improvements in students' understanding of food-borne outbreak management and increased engagement with the subject. A debriefing session following the game further enhanced knowledge retention and reflection. The findings highlight the effectiveness of gamification and small-group problem-solving exercises, such as serious games, in veterinary public health education. In particular, the results of student questionnaires suggest that teaching health crisis management through an escape game linked to a real-life situation, along with the game's constraints (e.g., competition between groups, time limits), is highly valued and can improve the quality of teaching. This study provides valuable insights for educators aiming to enhance student satisfaction and learning outcomes. Furthermore, it demonstrates that escape games offer an innovative approach to teaching complex public health subjects, helping students grasp key concepts in an interactive way. Future efforts will focus on expanding the game's scope, adjusting difficulty levels, and refining mechanics to better meet the diverse needs of veterinary students and professionals.",No,"The abstract discusses using an escape game for food safety education to improve knowledge retention and engagement, but does not explicitly discuss capturing or retaining knowledge from individuals or organizations.",No,None identified,Yes,"This study details the game's development, implementation, and efficacy evaluation."
e97e1b7c-4eff-4d1b-aaff-d09cec135b2a,"Title：Action Maze And Role Playing In Comparison: A Randomized Field Trial On Simulation-Based Teaching Methodologies In Critical Care Abstract：BACKGROUND: The training of healthcare professionals requires continuous innovation in teaching methodologies to foster the development of professional skills. The use of simulation in critical care is a proven effective technique, allowing students to acquire and consolidate the necessary knowledge to plan and implement nursing care in clinical practice. Interactive teaching strategies aim to increase student engagement and motivation in order to improve the learning process, decision-making, and critical thinking. New technologies that leverage gamification provide further advancements in interactive learning and represent a valuable and promising tool for training in various healthcare contexts. This study aims to analyze and compare two simulated teaching methodologies, Role Playing and Action Maze, and assess their effectiveness in terms of the acquisition of specific knowledge in the critical care field and the level of satisfaction among nursing students. MATERIALS AND METHODS: A Randomized Field Trial was conducted. A total of 130 third-year nursing students from the Sapienza University of Rome were enrolled in the study, with 60 students from course D and 70 students from course X. An initial lecture was given on nursing care for critical patients. At the end of the lecture, a custom-designed questionnaire was administered to evaluate the knowledge acquired. The students were then randomly allocated into two groups: one group was assigned to Role Playing, and the other to Action Maze. At the end of the two simulated teaching activities, the questionnaire was administered again to assess changing in knowledge. Additionally, two validated scales, the Educational Practice Questionnaire Student Version and the Simulation Design Scale Student Version, were administered to assess student satisfaction and perception regarding the simulation techniques performed. RESULTS: The Wilcoxon signed-rank test with Z=-2.1 and p=0.03, performed on the correct post-intervention responses, was significant with a p-value of <0.05 for the Action Maze group compared to the Role Playing group. The Simulation Design Scale Student Version scale showed a p-value of <0.05 for both the ""teaching methodology"" and ""importance of elements"" sections. The Educational Practice Questionnaire Student Version scale showed a p-value of 0.076 for the evaluation of the ""importance of elements"" section. CONCLUSIONS: The results of the study indicated that the Action Maze simulation teaching methodology was more effective, both in terms of knowledge acquisition and student satisfaction, compared to the Role Playing methodology. Further comparative studies are recommended to evaluate the effectiveness of the Action Maze compared to other simulated teaching methods.",No,"The abstract compares simulation-based teaching methodologies for knowledge acquisition and student satisfaction, but does not explicitly discuss capturing or retaining knowledge from individuals or organizations.",No,None identified,Yes,"This study aims to analyze and compare two simulated teaching methodologies, Role Playing and Action Maze, and assess their effectiveness in terms of the acquisition of specific knowledge in the critical care field and the level of satisfaction among nursing students."
96c76769-f9f4-4cfe-bd83-860e96ed0109,"Title：Immersive Virtual Reality For Enabling Patient Experience And Enrollment In Oncology Clinical Trials: A Feasibility Study Abstract：Background/Objectives: Informed consent is a crucial part of the clinical trial enrollment process in which patients are asked to understand and provide approval for medical interventions. Consent forms can be complex and hinder patient comprehension, highlighting the need for novel tools to improve the patient enrollment experience. This feasibility study aimed to develop an immersive technology to enroll human subjects in oncology clinical trials and provide 3D avatar-based informed consent in a virtual reality (VR) environment. Methods: Clinical feasibility and the effects of head-mounted VR devices on motion sickness and educational quality were evaluated in adult oncology patients enrolled in an intravenous (IV) port placement intervention study. Participants received before- and after-questionnaires to measure their understanding of the information received in VR. A follow-up questionnaire was given four weeks post-consent to measure knowledge retention. Results: Clinical staff reported that VR technology was manageable to use. Among 16 adult participants, all reported that VR was well tolerated with no motion sickness. The mean pre-intervention knowledge score was 64.6%, with an immediate post-intervention knowledge score of 97.9%. A mean knowledge score of 93.3% four-weeks post-consent was observed among 10/16 participants who completed a follow-up questionnaire. Conclusions: These findings support that VR is well tolerated and effective at delivering information during the informed consent process for oncology clinical trials. Key limitations include the small sample size and single clinical population. Further trials are warranted to compare efficacy over traditional consenting mechanisms and include more diverse clinical populations among a wider participant pool.",No,"The abstract discusses using VR to deliver informed consent and improve patient comprehension and knowledge retention, but does not explicitly discuss capturing or retaining knowledge from individuals or organizations.",No,None identified,Yes,This feasibility study aimed to develop an immersive technology to enroll human subjects in oncology clinical trials and provide 3D avatar-based informed consent in a virtual reality (VR) environment.
18b25d62-bc60-4d1e-bdfa-4f1c1fd008e2,"Title：Virtual Reality In Nursing Anatomy Education: Benefits And Implementation Considerations Abstract：This letter responds to Jallad's (2024) study on immersive virtual reality (VR) applications in nursing anatomy education. While acknowledging the positive outcomes in student satisfaction and self-directed learning, we discuss important considerations regarding implementation modalities, physical comfort, and knowledge retention. Drawing from recent literature, we highlight the need for careful evaluation of delivery methods and suggest incorporating peer-facilitated learning sessions and long-term follow-up assessments. The letter emphasizes the importance of strategic implementation to maximize educational benefits while minimizing potential drawbacks in VR-based anatomy education.",No,"The abstract discusses VR applications in nursing anatomy education and knowledge retention, but does not explicitly discuss capturing or retaining knowledge from individuals or organizations.",No,None identified,Yes,"we discuss important considerations regarding implementation modalities, physical comfort, and knowledge retention."
c398eb42-e4d5-486c-ac62-b1f7d64efa5e,"Title：Artificial Intelligence In Medical Education: Transforming Learning And Practice Abstract：Artificial intelligence (AI) is reshaping medical education by enhancing learning strategies, improving training efficiency, and offering personalized educational experiences. Traditional teaching methods, such as classroom lectures and clinical apprenticeships, face numerous challenges, including information overload, teaching quality variability, and standardisation difficulties. AI presents innovative, data-driven, and adaptive solutions to overcome these limitations, making medical training more effective and engaging. This study explores how AI can be applied in the field of medical education, also focusing on personalized learning, virtual simulations, assessment methods, and curriculum development. Additionally, it examines the challenges and ethical concerns surrounding AI integration in medical training. A comprehensive literature review was conducted to analyze various AI-driven advancements in medical education. The study delves into adaptive learning platforms, AI-powered simulations, automated assessments, and chatbot-assisted learning. It also reviews recent technological developments to assess AI's impact on medical training and its future potential. AI enhances medical education by tailoring learning experiences to individual student performance, thereby improving knowledge retention and engagement. Virtual simulations and augmented reality provide immersive, hands-on training in a safe environment. Automated assessments facilitate efficient evaluation by offering instant feedback and grading, while AI-driven chatbots assist students in self-directed learning and clinical decision-making. Additionally, AI aids in developing dynamic, data-driven curricula that evolve with the latest medical advancements. However, concerns about data privacy, bias in various AI algorithms, over-reliance on technology, and accessibility disparities must be addressed. AI revolutionises medical education by fostering efficiency, interactivity, and personalized learning. However, its responsible implementation requires addressing ethical and logistical challenges. Future research should focus on ensuring AI fairness, equitable access, and integration with immersive technologies to optimize medical training further.",No,"The abstract discusses AI in medical education for personalized learning and knowledge retention, but does not explicitly discuss capturing or retaining knowledge from individuals or organizations.",No,None identified,Yes,"AI enhances medical education by tailoring learning experiences to individual student performance, thereby improving knowledge retention and engagement."
6b8b61c2-df47-4524-834c-0143ba23c91b,"Title：Tcm Academy-Online Platform For Acupuncture And Traditional Chinese Medicine Education: Advancing Global Standards Abstract：OBJECTIVE: This article presents the educational strategies and global impact of the TCM Academy (TCMA), an online platform established to advance global standards in Acupuncture and Traditional Chinese Medicine (TCM) education. METHODS: TCMA integrates evidence-based pedagogy, a multidisciplinary teaching team, and innovative e-learning techniques-including video chunking, interactive quizzes, and worksheets. The curriculum is built upon three pillars: Western medicine, Chinese medicine, and evidence-based research. Specialized certificate programs, such as Oncology and Pediatric Acupuncture, are delivered via recorded lectures, live webinars, and real-time assessments. The platform utilizes technology to track learner progress and enhance engagement and retention. RESULTS: Since its launch, TCMA has collaborated with over 100 international experts, offering more than 1200 hours of online content. Its Oncology Acupuncture program has graduated over 700 students worldwide, including medical doctors and TCM practitioners. The annual international oncology symposium draws more than 1,300 participants. Feedback indicates improved practitioner confidence, knowledge retention, and clinical application. Tools to support motivation, time management, and accessibility have mitigated common challenges in online education, fostering an inclusive learning environment across six continents. CONCLUSION: TCMA demonstrates that high-quality, scalable online education in TCM is achievable and impactful. Its model supports and advances global standardization of acupuncture training, enhances clinical practice, and fosters a collaborative international community. The platform serves as a benchmark for future online integrative medical education, combining technological innovation with clinical depth to shape the future of TCM and integrative healthcare.",No,"The abstract discusses an online platform for TCM education that enhances knowledge retention and clinical application, but does not explicitly discuss capturing or retaining knowledge from individuals or organizations.",No,None identified,Yes,The platform utilizes technology to track learner progress and enhance engagement and retention.
bbd423b3-e483-47b3-9e65-ff59c7c6c64f,"Title：Factors Influencing Educators' Perspectives On Accepting Extended Reality In Health Care Education: Qualitative Study Abstract：BACKGROUND: Palestinian higher education institutions face limitations in providing interactive practical training for medical education. Extended reality (XR), which encompasses virtual reality and augmented reality, is increasingly recognized for addressing these challenges by offering immersive learning experiences. OBJECTIVE: This study investigates the factors influencing the acceptance and adoption of XR in health care education within Palestinian universities, exploring its potential to transform traditional teaching methods. METHODS: A qualitative approach was used in this study to collect data through semistructured interviews and artifacts from the participants. The participants of the study were 25 faculty members from 2 large Palestinian universities who teach in the field of medical sciences. RESULTS: Three primary categories-external, internal, and design-related factors-emerged as pivotal in influencing XR adoption. Professional development, technical support, and infrastructure were key external enablers. Internally, prior experience with digital tools and positive attitudes had a significant impact on the adoption of XR. Design factors, including ease of use and interactivity, played a crucial role but also posed challenges for less tech-savvy educators. Despite barriers such as cost and technical issues, XR demonstrated notable benefits, including enhanced learning outcomes, improved knowledge retention, and the ability to simulate complex medical scenarios. CONCLUSIONS: XR technologies offer transformative potential for health care education in Palestine. By addressing challenges and leveraging XR's strengths, educational institutions can foster innovation and improve student engagement and skill acquisition. The study contributes to the theoretical understanding of technology acceptance in education by identifying the interplay of external, internal, and design factors. Practically, it emphasizes strategic investments in infrastructure, professional training, and institutional policies to optimize XR integration.",No,"The abstract discusses factors influencing XR adoption in healthcare education and mentions improved knowledge retention, but does not explicitly discuss capturing or retaining knowledge from individuals or organizations.",No,None identified,Yes,"XR demonstrated notable benefits, including enhanced learning outcomes, improved knowledge retention, and the ability to simulate complex medical scenarios."
ae6fc07f-8387-4b7b-895f-7be49dc4f595,"Title：Impact Of A Wechat-Based Intervention On Nurses Knowledge And Practice In Peripheral Venous Catheter Insertion Abstract：Peripheral intravenous catheter (PIVC) insertion is a constituted a routine invasive clinical procedure predominantly performed by nursing staff in hospital settings. While essential for short-term intravenous therapy administration, this intervention carried inherent risk of procedure-related complications due to its invasive characteristics. Consequently, enhancing nurses' clinical knowledge and operational competencies in PIVC placement and maintenance emerged as a critical determinant of patient safety and therapeutic outcomes. The aim of this study was to investigate the impact of knowledge and behaviour on nurses' implementation of peripheral intravenous catheters via a WeChat push-based service. The findings provided empitical evidence to guide the formulation of targeted nurse education programs and optimize training strategies, thereby contributing to healthcare service quality improvement and enhanced patient safety protocols. This study enrolled 144 nurses from a tertiary general hospitalin China, conducted between March and September 2024. To align with clinical practices in China and ensure data validity, the research team revised the survey instruments based on three national standards: the Chinese version of the Standard Guide to Practice Standards for Intravenous Infusion Therapy (2021 edition), the Standard of Practice for Intravenous Therapy Nursing Techniques (WS/T 433-2023), and the Clinical Nursing Practice Guidelines for Common Complications of Intravenous Catheters, supplemented by a systematic review of relevant domestic literature. For the intervention group, targeted educational content on PIVC placement was developed and delivered through the WeChat platform. Participants received 2-3 concise messages teice daily over a 10-day period. Both the intervention and control groups underwent standardized assessments of PIVC knowledge and clinical skills at three time points: preintervention, postintervention, and 4-week follow-up. This study enrolled 123 nurses, with 64 assigned to the intervention group and 59 to the control group. At baseline, no significant difference existed in mean knowledge (4.38 vs. 4.53, P > 0.05) or practice scores (8.60 vs. 9.03, P > 0.05) between the the two groups. Following the intervention, the intervention group demonstrated significantly higher knowledge scores than the control group both immediately postintervention (8.55 vs. 4.54, P < 0.001) and 4 weeks postintervention (8.17 vs. 5.20, P < 0.001). Within the intervention group, knowledge scores immediate postintervention were marginally higher than those at 4-week postintervention (8.55 vs. 8.17). Similary, the intervention group achieved significantly higher practice scores than the control group at both follow-up timepoints: immediate postintervention (12.08 vs. 8.68, P < 0.001) and 4 weeks postintervention (11.90 vs. 8.74, P < 0.001). On the other hand, the mean scores of the nurses' practical manoeuvres were slightly higher in the immediate postintervention period than at 4 weeks postintervention (12.08 vs. 11.90). In contrast, the control group showed no significant differences in knowledge or practice scores across all assessment timepoints (all P > 0.05). The WeChat-based educational intervention model singnificantly enhanced nurses' knowledge acquisition and clinical practice proficiency in PIVC placement. These findings suggest that implementing such technology-driven pedagogical approaches in nursing education systems could effectively support the long-term objectives of sustaining quality improvement in clinical care and advancing professional competency development.",No,"The abstract discusses a WeChat-based educational intervention to enhance nurses' knowledge and practice in PIVC insertion. It focuses on knowledge acquisition and skill improvement, not on capturing or retaining knowledge from individuals or organizations.",Yes,"The aim of this study was to investigate the impact of knowledge and behaviour on nurses' implementation of peripheral intravenous catheters via a WeChat push-based service. The findings provided empirical evidence to guide the formulation of targeted nurse education programs and optimize training strategies, thereby contributing to healthcare service quality improvement and enhanced patient safety protocols.",No,"The abstract discusses investigating the impact of a WeChat-based intervention on nurses' knowledge and practice in peripheral venous catheter insertion but does not explicitly discuss preserving, capturing, retaining, transferring, or preventing loss of knowledge from individuals, groups, or organizational environments."
c0e15080-f3de-4c54-80a4-03fe269b55dc,"Title：Teaching Methodologies For First Aid In Physical Education In Secondary Schools: A Systematic Review Abstract：Background: First aid training in secondary education enhances emergency preparedness and supports public health. Despite its inclusion in many school curricula, there is no consensus on the most effective teaching methodologies. This systematic review aims to compare instructional strategies used in first aid training during Physical Education and evaluate their impact on students' knowledge, practical skills, and confidence. Methods: A systematic review was conducted in accordance with PRISMA 2020 guidelines. Six databases (SCOPUS, Web of Science, ERIC, DIALNET, MEDLINE, and PsycINFO) were searched up to December 2024. Eligible studies were quasi-experimental or observational, involved students aged 11-18, and focused on first aid instruction within Physical Education. Methodological quality was assessed using the PEDro scale. Results: Eleven studies with a total of 3069 students aged 11-18 were included. Active and technology-based methodologies outperformed traditional approaches, improving knowledge acquisition (10.2-30.5%) and practical skill development (18.6-42.3%). Long-term retention ranged from 14.2% to 45.8%, with longer interventions yielding better outcomes. Gamification, simulations, and peer learning improved CPR quality and boosted student confidence. However, most studies assessed only short-term outcomes, limiting conclusions about sustained learning. Conclusions: Active methodologies, particularly gamification, simulation, and cooperative learning, enhance knowledge retention, practical skills, and confidence in providing first aid. Although the results were consistently positive, methodological heterogeneity and limited long-term follow-up reduce their generalizability. Further high-quality, longitudinal research is needed to identify the most effective and sustainable strategies. These findings support integrating first aid training into Physical Education as a public health initiative to strengthen emergency preparedness in schools.",No,"The abstract reviews teaching methodologies for first aid in physical education, focusing on knowledge acquisition and skill development, but does not discuss capturing or retaining knowledge from individuals or organizations.",No,None identified,Yes,"This systematic review aims to compare instructional strategies used in first aid training during Physical Education and evaluate their impact on students' knowledge, practical skills, and confidence."
14335dff-5ce3-4eec-ba35-e115861a9b8b,"Title：Usability Of Mixed Reality For Naloxone Training: Iterative Development And Field Testing Of Revivexr Abstract：Background/Objectives: The increased availability of naloxone underscores the urgent need for scalable, effective training interventions. While current training modalities show promise, critical challenges persist, particularly regarding the development of interactive, self-efficacious platforms that mitigate anxiety in real-world overdose response, especially among laypersons. Therefore, this study aimed to develop and evaluate the usability and acceptability of a novel, self-paced mixed reality-based training tool (ReviveXR). Methods: ReviveXR was designed using the Apple Vision Pro spatial computing headset and Unity platform, employing mixed reality technology to facilitate interaction with virtual overdose scenarios while maintaining awareness of the physical environment. The intervention included a simulated tutorial and interactive modules on overdose response, rescue breathing, and chest compressions. Field testing was conducted in two rounds across various settings with a heterogeneous sample (N = 25), including individuals who use drugs, bystanders, first responders, and technology specialists. Data collection involved pre- and post-intervention surveys and qualitative interviews. Results: Participants demonstrated significant improvements in knowledge related to overdose recognition, naloxone administration, rescue breathing, and chest compressions. ReviveXR increased participants' confidence and intent to help overdose victims while reducing uncertainty during overdose reversal. Participants were predominantly from rural areas and primarily identified as White and male. Qualitative feedback emphasized the platform's heightened engagement, realism, patient responsiveness, and capacity to enhance knowledge acquisition and behavioral preparedness compared with conventional training approaches. Conclusions: ReviveXR offers a scalable, cost-effective, engaging alternative to traditional naloxone training programs, demonstrating strong feasibility across diverse environments and participants. ReviveXR holds considerable promise for expanding and enhancing community overdose response capacities and training healthcare professionals and first responders.",No,"The abstract discusses training and knowledge acquisition through a mixed reality tool, but does not explicitly discuss capturing or retaining knowledge from individuals or organizations. It focuses on improving participants' knowledge, confidence, and skills through a training intervention.",No,None identified,Yes,"ReviveXR offers a scalable, cost-effective, engaging alternative to traditional naloxone training programs, demonstrating strong feasibility across diverse environments and participants."
e89c2850-014a-4701-bdee-f8ebe2fcb979,"Title：Effect Of Virtual Reality Educational Program On Critical Thinking Disposition Among Nursing Students In Egypt: A Quasi-Experimental Pretest-Posttest Design Abstract：BACKGROUND: Education has continuously evolved to keep pace with advancements in information technology. Virtual reality (VR) has emerged as an innovative and effective learning approach that enhances student engagement, particularly in developing problem-solving and critical thinking skills. Since its introduction in the early 1980s, VR has gained increasing attention in nursing education due to its potential to improve learning outcomes and skill acquisition. However, there is a need for further research to explore its impact on critical thinking disposition among nursing students. METHODS: This quasi-experimental pretest-posttest study was conducted with a convenience sample of 190 nursing students from Damietta University's Faculty of Nursing. Participants were assessed on their critical thinking disposition and VR-related knowledge at three time points: before the intervention, immediately after, and two months post-intervention. AIM: The VR-based educational program aimed to improve students' critical thinking disposition and assess their knowledge of virtual reality before, during, and after the program. RESULTS: A statistically significant improvement in students' mean scores for critical thinking disposition was observed across all evaluations (p < 0.001). The effect size (η²p ≥ 0.14) indicated a substantial impact, reinforcing the effectiveness of the VR-based educational program in fostering higher-order cognitive skills. Additionally, students demonstrated increased retention of VR-related knowledge when assessed immediately after the program and again after two months. CONCLUSIONS: This study highlights the transformative potential of VR as an educational tool in nursing. VR-based learning promotes active engagement, knowledge retention, and skill development in a safe and controlled environment. By integrating VR programs into nursing education, institutions can enhance students' critical thinking, collaboration, and communication skills, ultimately preparing them for real-world clinical practice. Given these findings, educational institutions should consider incorporating VR technology to support the continuous development of essential nursing competencies. TRIAL REGISTRATION: This study is formally registered on ClinicalTrials.gov (Identifier Code: NCT06622811; Registration Date: 01/10/2024).",No,"The abstract discusses a VR educational program to improve critical thinking disposition and knowledge retention among nursing students, but does not explicitly discuss capturing or retaining knowledge from individuals or organizations.",No,None identified,Yes,"The VR-based educational program aimed to improve students' critical thinking disposition and assess their knowledge of virtual reality before, during, and after the program."
c658e980-2a61-457a-903c-cbea594555af,"Title：From Surface To Deep Learning: Gamified Mobile Education For Subcutaneous And Intramuscular Injection Skills Abstract：The aim of this study was to investigate the effect of a game-based mobile application on nursing students' skills in administering subcutaneous (SC) and intramuscular (IM) injections. Nursing education traditionally involves both theoretical and practical components. With the advent of digital technologies, innovative methods such as game-based learning have been introduced to enhance practical skills and knowledge retention in nursing education. This study explores the use of a mobile application designed to improve students' competence in SC and IM drug administration. This was an experimental study conducted during the 2021-2022 academic year. It involved a study group of 64 students who received training through a simulation game system and a control group of 65 students who underwent traditional training methods. Data were collected using the Self-Demonstration Form, the Study Process Questionnaire, and the Skills Performance List for Subcutaneous and Intramuscular Administration. The study focused on assessing the impact of game-based learning on students' performance and learning approaches. The study group showed significantly greater improvements in learning approaches and medication administration skills compared to the control group. Deep learning scores increased from 31.39 ± 6.23 to 45.05 ± 5.46 in the study group, versus 31.78 ± 5.68 to 37.02 ± 4.17 in the control group (p < 0.01). SC and IM administration scores improved significantly in the study group (SC: 22.50 ± 15.46 to 42.45 ± 11.66, p = 0.015; IM: 27.75 ± 15.98 to 59.45 ± 12.95, p < 0.001) compared to the control group. Scenario-based analyses also showed significant performance gains in the study group across all scenarios (p < 0.05). The HEM-SC-IM game-based mobile application proved effective in improving nursing students' skills in administering SC and IM injections. The interactive and engaging nature of game-based learning provides a valuable educational experience, promoting deeper understanding and practical skills development. This study supports the integration of educational technology in nursing curricula to enhance learning outcomes.",No,"The abstract discusses a game-based mobile application to improve nursing students' injection skills and knowledge retention, but does not explicitly discuss capturing or retaining knowledge from individuals or organizations.",No,None identified,Yes,The study investigates the effect of a game-based mobile application on nursing students' skills in administering subcutaneous (SC) and intramuscular (IM) injections.
d0f7cb80-b6fb-416c-a546-d9000a81d8ef,"Title：Enhancing Educational Outcomes Through Hybrid Simulation Methods Abstract：PURPOSE: To investigate long-term effectiveness of immersive virtual reality (VR) compared with traditional learning methods in a radiography education program through a comparative longitudinal analysis. METHODS: For 3 years, educational outcomes, such as student engagement and knowledge retention, were assessed to determine the effects of hybrid simulation methods incorporating immersive VR. The study used Virtual Medical Coaching's X-Ray Pro VR software to integrate VR into the curriculum. RESULTS: The data and graphical analyses substantiate the effectiveness of the hybrid learning model over traditional physical methods in terms of academic and practical performance metrics, affective measures, and career preparedness. Students using a hybrid of VR and physical simulations had significantly higher mean posttest scores, mean practical exam scores, career readiness, internship performance, mean motivation level, and mean engagement level compared with the students who only used physical simulation machines (P < .001). DISCUSSION: The significant improvements in student engagement and retention observed in this study suggest that VR can effectively address some of the limitations of traditional learning methods. The immersive nature of VR might provide a more engaging and interactive learning environment, leading to better educational outcomes. These findings support the potential for VR to be a valuable tool in higher education, particularly in fields that benefit from simulation-based training. However, further research is needed to explore the practical challenges of implementing VR at scale and to evaluate its effectiveness across various educational disciplines. CONCLUSION: This study uniquely contributes to the literature by providing empirical evidence of the sustained benefits of VR in educational settings, highlighting its potential to transform learning experiences and outcomes. The implications of these results suggest the need for educational institutions to consider integrating VR technologies strategically into their curricula to optimize teaching and learning effectiveness.",No,"The abstract discusses immersive virtual reality and hybrid simulation methods to improve educational outcomes such as student engagement and knowledge retention, but does not explicitly discuss capturing or retaining knowledge from individuals or organizations.",Yes,"hybrid learning model over traditional physical methods in terms of academic and practical performance metrics, affective measures, and career preparedness; VR can effectively address some of the limitations of traditional learning methods",No,The abstract discusses the effectiveness of hybrid simulation methods incorporating immersive VR in radiography education but does not explicitly discuss capturing or retaining knowledge from individuals or organizations.
e118cb51-8206-4274-ade9-e5d8279ea92b,"Title：The Impact Of An Artificial Intelligence Enhancement Program On Healthcare Providers' Knowledge, Attitudes, And Workplace Flourishing Abstract：BACKGROUND: The integration of AI into healthcare influences healthcare providers' knowledge, attitudes, and workplace flourishing, grounded in key theoretical frameworks. Social cognitive theory suggests AI-enhanced programs may shape knowledge acquisition and decision-making. The Theory of Planned Behavior helps explain how perceptions of AI affect professional attitudes. Meanwhile, workplace flourishing aligns with positive organizational psychology, emphasizing autonomy and engagement factors potentially impacted by AI adoption. We aimed to examine the impact of artificial intelligence enhancement programs on the knowledge, attitudes, and workplace flourishing of healthcare providers. METHODS: The present study was a quasi-experimental study conducted on healthcare providers at Zagazig University Hospital. The data was gathered using a self-administered three-domain tool, including an artificial intelligence knowledge domain, general attitudes toward artificial intelligence domain, and a workplace flourishing domain. RESULTS: Regarding the artificial intelligence technologies knowledge, attitude, and flourishing at work scales, post-intervention scores of all domains showed a statistically significant increase compared to pre-intervention, with a percent increase in knowledge score, attitude, and flourishing at work score were 123.14, 74.28, and 10.63%, respectively. Post-intervention attitude score was significantly positively correlated with knowledge score (p = 0.001). In addition, age and years of experience were negatively correlated with changes in knowledge and attitude. CONCLUSION: Artificial intelligence training is essential for enhancing healthcare providers' knowledge and alleviating their concerns regarding its integration into healthcare. CLINICAL TRIAL REGISTRATION: Identifier PACTR202403647083094; https://pactr.samrc.ac.za/TrialDisplay.aspx?TrialID=27347.",No,"The abstract discusses an AI enhancement program to improve healthcare providers' knowledge, attitudes, and workplace flourishing, but does not explicitly discuss capturing or retaining knowledge from individuals or organizations.",Yes,AI-enhanced programs may shape knowledge acquisition and decision-making; AI training is essential for enhancing healthcare providers' knowledge and alleviating their concerns regarding its integration into healthcare,No,"The abstract discusses the impact of an AI enhancement program on healthcare providers' knowledge, attitudes, and workplace flourishing but does not explicitly discuss capturing or retaining knowledge from individuals or organizations."
659696e9-56e3-4388-9253-f759f331938c,"Title：Perceptions Of Rural Maternal And Child Health Workers On Using Smartphone-Based Virtual Patients To Evaluate Perinatal Depression Screening Abilities: A Qualitative Study Abstract：AIMS: This study aims to explore the perceptions of maternal and child health (MCH) workers regarding the use of smartphone-based virtual patients (VPs) to assess perinatal depression (PND) screening abilities and to collect feedback for iterative enhancement of the VPs. DESIGN: A qualitative study employing inductive content analysis to identify key themes from the responses of MCH workers. SETTING: The study was conducted in six counties across Yueyang City and Yiyang City, Hunan Province, between November 2023 and January 2024. METHODS: The MCH workers who completed the VPs test were selected through convenience and purposive sampling to participate in semistructured interviews via video conferencing. A total of 40 MCH workers completed semistructured individual interviews. Qualitative content analysis was carried out using NVivo 12.0 software. RESULTS: The participants identified two primary themes with 12 subthemes. The first theme, perceived usefulness of smartphone-based VPs, comprises six subthemes reflecting participants' perceptions that VPs supported PND knowledge acquisition, deepened understanding of screening procedures, provided opportunities to practise communication, facilitated screening practice and supported ongoing learning related to PND. The second theme, challenges of smartphone-based VPs, includes six subthemes: operational difficulties, increased workload and time demands, usability and interface limitations, insufficient health education content, restricted access to assessment results and limited diversity of PND case scenarios. CONCLUSIONS: Our study indicates that while smartphone-based VPs are well-received by MCH workers and perceived as beneficial for PND screening practice, operational challenges and procedural ambiguities remain. Addressing these barriers is essential to maximise the potential of smartphone-based VPs in supporting PND screening. Future research should focus on refining the interfaces and procedures of smartphone-based VPs to better support rural MCH workers nationwide.",No,"The abstract discusses using smartphone-based virtual patients to assess and support perinatal depression screening abilities and knowledge acquisition, but does not explicitly discuss capturing or retaining knowledge from individuals or organizations.",Yes,"smartphone-based virtual patients (VPs) to assess perinatal depression (PND) screening abilities; VPs supported PND knowledge acquisition, deepened understanding of screening procedures, provided opportunities to practise communication, facilitated screening practice and supported ongoing learning related to PND",No,The abstract discusses perceptions of rural maternal and child health workers on using smartphone-based virtual patients to evaluate perinatal depression screening abilities but does not explicitly discuss capturing or retaining knowledge from individuals or organizations.
00e7a588-358c-49d0-bab4-3154939e6fc6,"Title：Certainty-Based Marking In Multiple-Choice Assessments In Physiology: A Web-Based Implementation Using An Ai Assistant Abstract：Certainty-based marking (CBM) requires students to indicate their certainty levels alongside their answers. CBM has been shown to enhance self-assessment and metacognitive awareness. This study aimed to explore the implementation of CBM in multiple-choice assessments in physiology. The CBM assessment tool was developed with an artificial intelligence (AI) assistant, Claude 3.5, with prompts focused on functional rather than technical requirements. The assessment consisted of 15 multiple-choice questions (MCQs), which were administered as a pretest and posttest during a small group teaching session to first-year medical students. Following the assessment, students completed a survey to evaluate their perceptions regarding the format, knowledge-gap identification, and overall acceptability. Answers from 195 students were analyzed, and significant improvements were observed in performance measures and certainty indices from the pretest to the posttest. Most students (80.9%) found the certainty scale beneficial, and 78.3% changed their answers after reflecting on their certainty. CBM demonstrated metacognitive benefits, with 86.4% of students better recognizing their knowledge gaps and 85.8% feeling more aware of their learning progress. About 73% of students preferred the CBM format and expressed greater engagement (82.8%) than traditional MCQs. CBM implemented through a web-based platform functioned as an assessment tool and an instructional intervention that enhanced students' metacognitive awareness and self-monitoring skills in physiology education. Our study focused on a single physiology topic and showed improvements in knowledge retention and certainty calibration. However, further longitudinal studies across multiple topics are needed to determine whether students maintain these self-assessment skills over time.NEW & NOTEWORTHY To introduce certainty-based marking (CBM) to novice students, a custom web-based multiple-choice question (MCQ) test was developed with assistance from an artificial intelligence (AI) tool. This enhanced accessibility and allowed for data collection to evaluate and analyze student performance. The integration of AI in creating this assessment tool highlights the potential of technology to improve educational practices, especially in designing various assessment strategies.",No,"The abstract discusses certainty-based marking (CBM) to enhance self-assessment and metacognitive awareness in students, but does not explicitly discuss capturing or retaining knowledge from individuals or organizations. It focuses on assessment and learning improvement.",No,None identified,Yes,"CBM demonstrated metacognitive benefits, with 86.4% of students better recognizing their knowledge gaps and 85.8% feeling more aware of their learning progress."
dac85a16-b40f-45ca-9139-85da7468278e,"Title：Virtual Simulation Experiments In Medical Education: Technology Acceptance, Learning Outcomes, And Motivational Impacts Abstract：BACKGROUND: Virtual Simulation Experiments (VSE) are increasingly applied in medical education, yet their role in medical microbiology remains underexplored. This study evaluated a VSE system designed for the isolation, culture, and identification of enteric pathogens, framed by Self-Determination Theory (SDT) and the Unified Theory of Acceptance and Use of Technology 2 (UTAUT2). METHODS: Ninety medical students were randomly assigned to either a VSE group or a traditional teaching group. Outcomes were assessed through operational skill and knowledge tests, supplemented by qualitative feedback. RESULTS: The VSE group achieved higher scores in operational skills (89.6 ± 5.2 vs. 81.8 ± 6.3, p < 0.01) and knowledge retention (87.4 ± 4.4 vs. 81.8 ± 5.0, p < 0.01). Students reported that VSE’ immersive environment and instant feedback enhanced satisfaction and autonomy, aligning with SDT. CONCLUSIONS: VSE significantly improved learning outcomes in medical microbiology and promoted intrinsic motivation. These findings provide empirical support for integrating VSE into medical curricula and highlight the need for further research on its long-term and broader educational impact. SUPPLEMENTARY INFORMATION: The online version contains supplementary material available at 10.1186/s12909-025-08025-6.",No,"The abstract discusses Virtual Simulation Experiments (VSE) to improve learning outcomes and knowledge retention in medical microbiology, but does not explicitly discuss capturing or retaining knowledge from individuals or organizations. It focuses on educational effectiveness and student motivation.",No,None identified,Yes,"Students reported that VSE’ immersive environment and instant feedback enhanced satisfaction and autonomy, aligning with SDT."
9265c719-9d7f-4970-a0b4-f8c97e95599f,"Title：Acceptance And Feasibility Of Virtual Reality For Teaching Adult Basic Life Support In Older Populations Abstract：BACKGROUND: Virtual reality (VR) is emerging in adult Basic Life Support (BLS) training, but its acceptance among older adults has not been fully studied. This study aimed to develop expert-informed BLS content for both VR and laptop formats, and to evaluate the feasibility, usability, knowledge acquisition, satisfaction, and cybersickness of these platforms among older adult learners. METHODS: A two-phase mixed-methods study was conducted. Five experts co-developed and validated a VR/laptop-compatible adult BLS scenario based on the 2021 European Resuscitation Council guidelines. This scenario was then tested by older adults who voluntarily participated in either VR- or laptop-based training at a public technology event in Spain. Post-training, we measured knowledge acquisition, usability, satisfaction, user experience, and cybersickness. Comparative statistics and regression analyses were performed to evaluate learning outcomes and predictors. RESULTS: Five experts developed a consensus-based adult BLS decision tree with 10 scenes and six questions. A total of 583 adults (mean age 72.3 ± 4.8 years) took part in the BLS training evaluation. Those in the VR group (n = 415) outperformed those in the laptop group (n = 168) in key steps, including initiating CPR (58 % vs 41 %, p < 0.001) and using an AED (49 % vs 23 %, p < 0.001). VR participants rated usability of VR-training as excellent (73.8 ± 4.2), expressed high satisfaction and realism. Cybersickness was low (13.1 %). VR training predicted higher knowledge scores (β = 5.8, p < 0.001), and increased scores by 5.8 points over laptop training. VR participants were 2.3 times more likely to answer BLS questions correctly (OR = 2.3, 95 % CI: 1.6-3.2, p < 0.001). CONCLUSION: VR could improve adult BLS knowledge in older adults, with high levels of acceptance and positive user experience. Future work should enhance accessibility and reduce discomfort.",No,"The abstract discusses virtual reality (VR) for teaching adult Basic Life Support (BLS) to older populations, focusing on knowledge acquisition, usability, and satisfaction. It does not explicitly discuss capturing or retaining knowledge from individuals or organizations.",No,None identified,Yes,"This study aimed to develop expert-informed BLS content for both VR and laptop formats, and to evaluate the feasibility, usability, knowledge acquisition, satisfaction, and cybersickness of these platforms among older adult learners."
606e1535-0f44-4795-9e86-d7cc8c73cd77,"Title：A Gamified Metaverse Platform (Mammoverse) For Breast Health Education: A Mixed-Methods Study Abstract：BACKGROUND: Breast cancer is one of the most common cancers among women globally, but there is a lack of public knowledge about breast health, and traditional health education methods are insufficiently interactive and difficult to sustain motivation for learning. Metaverse is a 3D immersive environment that allows real-time interaction through digital bodies. Integration of metaverse and gamification technologies provides new solutions to enhance learning. OBJECTIVE: The objective of this study is to evaluate the immediate and short-term effects of a gamified metaverse platform (Mammoverse) on breast health knowledge, and to explore how key design elements influence users' learning motivation and behavioural intentions. METHODS: This explanatory sequential mixed-methods study was conducted between December 2024 and March 2025 with 36 women aged 20-30 years. Participants completed a single 20-minute experience with the Mammoverse platform and were assessed on breast health knowledge at baseline, immediately post-intervention, and 4 weeks later using Friedman and Wilcoxon signed-rank tests. Semi-structured interviews were conducted post-intervention and analysed thematically to explore user experience and motivation. RESULTS: Knowledge scores improved significantly post-intervention and at 4-week follow-up compared to baseline (17.44 ± 0.97 and 15.72 ± 1.83 vs 8.97 ± 2.57, P < 0.001). Qualitative data confirmed that immersive and gamified features - such as points, challenges, and achievements - enhanced user motivation and knowledge acquisition. CONCLUSION: The Mammoverse platform excelled in enhancing immediate and short-term retention of women's breast health knowledge, reflecting the advantages and potential of gamified metaverse technology in the field of breast health education, which is worthy of further dissemination and research.",No,"The abstract discusses a gamified metaverse platform (Mammoverse) for breast health education, focusing on knowledge acquisition and retention in learners. However, it does not explicitly discuss capturing or retaining knowledge from individuals or organizations; it focuses on educational outcomes.",No,None identified,Yes,"The objective of this study is to evaluate the immediate and short-term effects of a gamified metaverse platform (Mammoverse) on breast health knowledge, and to explore how key design elements influence users' learning motivation and behavioural intentions."
13e24e96-1fd2-4938-8109-841e9ec629c6,"Title：Immersive Virtual Reality Based On Head-Mounted Display In Medical Education: A Systematic Review Abstract：INTRODUCTION: Immersive virtual reality (IVR) based on head-mounted displays (HMD), can construct virtual learning environments for medical education. This study aims to explore the application and effectiveness of IVR in medical education. METHODS: This review followed the PRISMA guidelines and searched the databases of Web of Science, Springer Link, PubMed, IEEE Xplore, and Science Direct for controlled experimental studies published between January 1 2017 and October 1, 2025 on the application of IVR to medical education. RESULTS: 36 studies satisfied the inclusion criteria. Among them 34 reported significantly better objective learning outcomes and 29 showed more positive subjective feedback. The findings suggest that IVR is particularly effective in areas such as clinical surgery training, anatomy education, medical skill development, and nursing education. IVR demonstrates long-term effects in medical knowledge acquirement. CONCLUSIONS: The systematic review reveals that IVR is particularly effective in practice-based medical education. It highlights that VR demonstrates superior long-term knowledge retention and knowledge enhancement. A comprehensive evaluation of IVR use in medical education requires additional perspectives from teachers, and consideration from the dark side of IVR, i.e., technology-induced stress and time. Future IVR implementation in medical education calls for more efforts to address challenges in user adaptability, cost, privacy and regulatory compliance.",No,"The abstract discusses the application and effectiveness of IVR in medical education, focusing on learning outcomes and knowledge retention, but does not explicitly discuss how to capture or retain knowledge from individuals or organizations.",No,"The abstract focuses on the application and effectiveness of IVR in medical education, but does not explicitly discuss capturing or retaining knowledge.",Yes,The systematic review reveals that IVR is particularly effective in practice-based medical education. It highlights that VR demonstrates superior long-term knowledge retention and knowledge enhancement.
90c04e28-1005-4e0e-8985-364b0b93c6a4,"Title：Assessing The Use Of Vr As A Tool For Teaching Hypoxia In Preclinical Medical Education: A Mixed-Methods Study Focusing On Student Experience And Learning Abstract：Virtual reality (VR) has revolutionized medical education, yet its specific efficacy in teaching medical physiology remains underexplored. Conveying the complexities of physiological responses to hypoxia through traditional teaching methods poses logistical challenges, potentially hindering students' deep understanding. This study investigates the impact of incorporating VR into preclinical medical physiology teaching, focusing on students' self-reported 1) knowledge acquisition and understanding of body responses to hypoxia, 2) VR technology acceptance and satisfaction, and 3) overall learning experience. In 2022, an Australian National University (ANU) Medical School teaching enhancement grant funded data collection to develop a comprehensive storyboard for a VR hypoxia simulation program. With support from the school's Technology-Enhanced Learning and Teaching team and the university's Center for Learning and Teaching, we created an in-house limited prototype focusing on key aspects of the scripted VR simulation module to test its feasibility and perceived usefulness within our Medicinae ac Chirurgiae Doctoranda (MChD) program. The module was integrated into a year 1 practical session, followed by a two-part series of data collection, comprising a questionnaire and video interviews. The questionnaire used a mixed-methods approach, including five-point Likert scale closed-ended questions rating VR perceived usefulness and ease of use and open-ended questions allowing participants to provide qualitative responses. Interviews delved deeper into users' experience, interactivity, collaboration, realism, practicality, knowledge acquisition, improvement suggestions, and overall technology and learning satisfaction. Although the implemented intervention did not represent the full range of features envisioned for the final program, preliminary findings from the first round of data collection via questionnaires (n = 45/96) reported positive user experiences. Sixty percent of responses showed agreement [agree (n = 22) and strongly agree (n = 5)] that learning outcomes were clear and aided by VR. Qualitative findings revealed higher motivation to use VR for learning as a complementary tool to traditional approaches and an intuitive interface. Thematic analysis identified improvement opportunities, including clearer user instructions, enhancing hypoxia symptom discernibility, and refining visual resolution. These insights will inform the next study phase, refining features to improve the overall learning experience and address technical challenges. Grounded in constructivist learning theory and technology acceptance frameworks, our findings leverage realistic VR simulations to enhance knowledge acquisition and understanding of complex physiological responses.NEW & NOTEWORTHY Medical students' perceived usefulness of virtual reality (VR) in hypoxia physiology is strongly linked to the clarity of learning objectives and their alignment to the module content. Other key factors that contribute to positive attitudes toward VR include its novelty, fun and excitement, and embodied cognition.",No,"The abstract discusses using VR to teach hypoxia physiology and enhance knowledge acquisition, but does not explicitly discuss capturing or retaining knowledge from individuals or organizations.",No,"The abstract investigates the impact of VR on teaching hypoxia in preclinical medical education, but does not explicitly discuss capturing or retaining knowledge.",Yes,Our findings leverage realistic VR simulations to enhance knowledge acquisition and understanding of complex physiological responses.
3718f77c-5748-477f-81f0-37f80de2d9bc,"Title：Lessons Learned: Transitioning From Cadaveric Dissection To Virtual Anatomy And Point-Of-Care Ultrasound In Physician Assistant Education Abstract：INTRODUCTION: The traditional use of cadaveric dissection in Human Anatomy education for Physician Assistant students has been increasingly challenged by the need for greater clinical relevance, flexibility, and cost efficiency. In response, our program transitioned to a modernized anatomy curriculum incorporating virtual anatomy tools and point-of-care ultrasound (POCUS) to enhance learning and better prepare students for clinical practice. METHODS: We replaced cadaveric dissection with a combination of the Virtual Human Dissector, Sectra Anatomy Table, and POCUS. Implementation strategies included structured faculty development workshops, hands-on training sessions, and early communication with incoming students. Anatomy instruction was redesigned to integrate clinical imaging and real-time ultrasound scanning to promote active learning and application of anatomical knowledge. RESULTS: Initial feedback from students indicated high levels of engagement, satisfaction, and perceived relevance to clinical practice. Challenges included faculty adaptation to new technologies and student expectations regarding traditional anatomy instruction. These were mitigated through deliberate onboarding processes and early exposure to the new curriculum model. A longitudinal evaluation is currently underway to assess knowledge retention and clinical application outcomes over time. DISCUSSION: Transitioning to virtual anatomy and POCUS-based instruction offers a clinically meaningful, flexible, and sustainable alternative to cadaveric dissection. Our experience demonstrates that such curricular innovations can enhance, rather than diminish, basic science education, better aligning anatomy instruction with the competencies required in modern clinical settings.",No,"The abstract discusses transitioning from cadaveric dissection to virtual anatomy and POCUS to enhance learning and better prepare students for clinical practice, but does not explicitly discuss capturing or retaining knowledge from individuals or organizations.",No,"The abstract discusses transitioning from cadaveric dissection to virtual anatomy and POCUS in physician assistant education, but does not explicitly discuss capturing or retaining knowledge.",Yes,"Transitioning to virtual anatomy and POCUS-based instruction offers a clinically meaningful, flexible, and sustainable alternative to cadaveric dissection."
89fa8889-d958-4d88-a9d1-f04e9f762dba,"Title：Ai Empowers Traditional Physical Education Teaching In Higher Vocational Education: Exploring New Paths For The Integration Of Health Education Abstract：This study evaluates an AI-guided atomization sensing system designed to integrate adaptive health education into vocational physical education. A quasi-experimental design was conducted with 356 participants allocated to either an intervention group (n = 178) or a control group (n = 178). The system used wearable atomization sensors (monitoring respiratory patterns, ambient temperature, and motion) connected to an AI engine that applied rule-based and machine-learning logic to adjust instructional content in real time-for example, reducing complexity or switching to audiovisual demonstrations when signs of fatigue were detected. Sessions were delivered in classroom settings twice per week for six weeks, with surveys administered immediately before and after the intervention. Five outcomes were assessed using validated instruments: knowledge retention, engagement, behavioral intention, self-efficacy, and technology acceptance. Statistical analyses included ANOVA, paired-sample t-tests, Pearson correlations, and χ(2) tests, with results reported as F(df1, df2), p, η(2), and 95% confidence intervals where applicable. The intervention group achieved significantly greater improvements than the control group in knowledge retention (Δ = +21.7 vs. +10.6; F(1, 354) = 46.21, p < 0.001, η(2) = 0.21), engagement (F(1, 354) = 39.87, p < 0.001, η(2) = 0.18), behavioral intention (F(1, 354) = 42.55, p < 0.001, η(2) = 0.19), self-efficacy (F(1, 354) = 27.63, p < 0.001, η(2) = 0.13), and technology acceptance (F(1, 354) = 35.12, p < 0.001, η(2) = 0.17). These findings demonstrate that combining real-time sensing with AI-guided decision support provides a reproducible, adaptive framework for enhancing health education outcomes in vocational PE settings.",No,"The abstract discusses an AI-guided atomization sensing system to integrate adaptive health education into vocational physical education, focusing on improving learning outcomes, but does not explicitly discuss capturing or retaining knowledge from individuals or organizations.",No,"The abstract evaluates an AI-guided atomization sensing system for adaptive health education, but does not explicitly discuss capturing or retaining knowledge.",Yes,The intervention group achieved significantly greater improvements than the control group in knowledge retention.
b9f2a9ae-59c5-49b0-acd5-906124fae046,"Title：Clicking One Dot Opens A Whole New World: A Qualitative Study On Using Knowledge Graphs In Surgical Nursing Education Abstract：BACKGROUND: The integration of intelligent technologies in surgical nursing education offers opportunities to enhance learning outcomes and address challenges in mastering complex topics. Knowledge graphs serve as a visual and interactive learning tool. It represents a novel approach to improving systematic thinking and enhancing knowledge retention in blended teaching models. AIM: This study explored nursing undergraduates' experiences with a knowledge graph platform in surgical nursing education, focusing on perceptions of its usefulness and ease of use, factors influencing engagement, and suggestions for improvement. METHODS: A qualitative descriptive study approach was employed to investigate the experiences of 13 nursing students. Semi-structured interviews were conducted after completing a surgical nursing course. The interviews were guided by the Unified Theory of Acceptance and Use of Technology 2 (UTAUT2). Data were analyzed using reflexive thematic analysis to identify key themes related to knowledge graph use. RESULTS: The analysis identified three main themes: (1) Developing conceptual clarity through knowledge integration, where knowledge graphs helped students build systematic thinking, discover learning pathways, and enhance post-class review efficiency; (2) Stimulating interest through enriched content, where enriched and well-organized content increased students' interest and enthusiasm for independent study; and (3) Navigating challenges and envisioning opportunities, where participants reported technical and access limitations, a need for richer content, and requests for clearer usage guidance. CONCLUSION: Knowledge graphs offer innovative intelligent technology integration within blended nursing education. These tools cultivate systematic thinking, enhance surgical nursing knowledge and skill development, and enrich the comprehensive learning experience. Future studies should explore sustained educational outcomes, broaden technological capabilities, and examine cross-contextual adaptability.",No,"The abstract discusses using knowledge graphs as a visual and interactive learning tool to enhance systematic thinking and knowledge retention in surgical nursing education, but does not explicitly discuss capturing or retaining knowledge from individuals or organizations.",No,"The abstract explores nursing undergraduates' experiences with a knowledge graph platform in surgical nursing education, but does not explicitly discuss capturing or retaining knowledge.",Yes,"Knowledge graphs offer innovative intelligent technology integration within blended nursing education. These tools cultivate systematic thinking, enhance surgical nursing knowledge and skill development, and enrich the comprehensive learning experience."
51ef41f0-6658-4314-aeec-a0b4095005f0,"Title：The Mind Model A Microlearning Ai-Integrated Instructional Design For Enhanced Learning Outcomes Abstract：In recent years, microlearning has gained significant attention due to technological advancements such as generative AI (GenAI), diverse learner needs, and a growing emphasis on improving learning outcomes. However, designing effective microlearning content remains challenging, as existing instructional design frameworks are inadequate for optimising learning outcomes. Therefore, this study developed a novel Microlearning AI-Integrated Instructional Design (MIND) Model to support effective instructional design to enhance learning outcomes. The model is grounded in multiple theoretical foundations, primarily the Technological Pedagogical Content Knowledge (TPACK) framework and the Factors Influencing Learning Outcomes (FIL) framework. To validate the MIND model, a mixed-methods approach was used with an intervention consisting of microlearning modules, comparing the MIND model (experimental group) with the ADDIE model (control group). Quantitative analysis using ANCOVA revealed that the MIND model significantly outperforms the ADDIE model in supporting effective instructional design to enhance learning outcomes, such as increased knowledge acquisition, understanding of module content, and improved knowledge application. Furthermore, t-test results indicated that learning outcomes within the MIND model group were consistent across gender, employment status, and locality, demonstrating inclusivity and accessibility. Kruskal-Wallis test showed a difference in learning outcomes across age groups, with younger learners achieving higher outcomes. Thematic analysis of qualitative data revealed that the modules developed using the MIND model featured media richness, interaction, engagement, self-concept, motivation, and satisfaction, contributing to learning outcomes. The MIND model serves as an innovative instructional design model that guides stakeholders in designing micro modules while remaining adaptable to conventional approaches, supporting flexible integration of cutting-edge technologies across formal, non-formal, and informal learning.",No,"The abstract discusses developing a Microlearning AI-Integrated Instructional Design (MIND) Model to enhance learning outcomes, but does not explicitly discuss capturing or retaining knowledge from individuals or organizations.",No,"The abstract develops a novel Microlearning AI-Integrated Instructional Design (MIND) Model to support effective instructional design to enhance learning outcomes, but does not explicitly discuss capturing or retaining knowledge.",Yes,"The MIND model significantly outperforms the ADDIE model in supporting effective instructional design to enhance learning outcomes, such as increased knowledge acquisition, understanding of module content, and improved knowledge application."
2d2db4b2-aa1c-4afd-a4d5-0778a788bf6e,"Title：In-Theatre Demonstration Of Laparoscopic Retroperitoneal Anatomy As An Educational Tool For Final-Year Mbbs Students: A Novel Quasi Randomized Experiment Abstract：INTRODUCTION: Traditional methods of teaching anatomical landmarks and their clinical and surgical significance often exhibit low retention rates. Medical educators have consistently sought to integrate innovative pedagogical approaches in response to evolving educational needs. The advent of multimedia technologies has significantly enhanced engagement and retention in learning, thus promoting a deeper contextual understanding in various clinical settings. AIMS: To compare the effectiveness of laparoscopic interactive demonstration of retroperitoneal vascular anatomy against traditional classroom teaching among medical students concerning knowledge acquisition, memory consolidation, and their perception of the teaching method. DESIGN: A prospective single-center, two-arm, Quasi-randomized Educational Intervention Trial (allocation ratio 1:1) assigned 152 final-year undergraduate medical students to either the intervention (live interactive schooling) or the control group (conventional classroom teaching). The primary outcome measured was an enhancement in fundamental pelvic retroperitoneal anatomy, which was assessed by administering pre- and post-test questionnaires of equal difficulty. Feedback forms were used to compare the acceptability and perception of the novel and traditional methods. Statistical analysis was performed using STRATA 14.4, paired t-tests for pre- and post-test comparisons, and Likert scale responses for feedback analysis. RESULTS: Both groups had comparable mean pretest scores. Post-test, the novel-method group demonstrated a significantly greater improvement (8.67±2.81) than the conventional group (5.74±3.18), with a mean difference of 2.93 (95% CI: 1.96-3.90; P<.001) and a large effect size (Cohen's d=0.98), which reflected the principal outcome measure. At six-month follow-up, performance declined in both groups (P=.064). Student feedback indicated greater enthusiasm and acceptability for the novel approach. CONCLUSION: Live interactive educational techniques were found to be effective, acceptable, and more student-oriented than traditional teaching-learning methods. TRIAL REGISTRATION: Clinical Trials Registry-India, CTRI/2024/02/062476URL: https://ctri.nic.in/.",No,"The abstract discusses comparing laparoscopic interactive demonstration against traditional classroom teaching for knowledge acquisition and memory consolidation, but does not explicitly discuss capturing or retaining knowledge from individuals or organizations.",No,"The abstract compares the effectiveness of laparoscopic interactive demonstration of retroperitoneal vascular anatomy against traditional classroom teaching, but does not explicitly discuss capturing or retaining knowledge.",Yes,"Live interactive educational techniques were found to be effective, acceptable, and more student-oriented than traditional teaching-learning methods."
5bfb88bc-2a0a-4973-992e-23b2f66dd668,"Title：Application Of Problem-Based Learning Combined With Three-Dimensional Visualization Reconstruction Technology In Trauma Orthopedics Teaching And Its Impact On Teaching Satisfaction Abstract：BACKGROUND: Trauma orthopaedics presents unique challenges in medical education due to complex fracture morphology and the limitations of traditional lecture-based approaches. Problem-Based Learning (PBL) emphasizes active participation and clinical reasoning, while three-dimensional visualization reconstruction technology (3D-VRT) enhances spatial understanding of anatomy and fracture patterns. However, the combined application of PBL and 3D-VRT in trauma orthopaedics education has not been fully evaluated. METHODS: A single-blinded randomized controlled trial was conducted at the First Affiliated Hospital of Wannan Medical College, enrolling 50 clinical medical students between July 2023 and June 2024. Students were randomly assigned to the control group (traditional teaching, n = 25) or the experimental group (PBL combined with 3D-VRT, n = 25). Teaching effectiveness was assessed by written examinations, practical skill evaluations, a critical thinking disposition inventory, student evaluations of teaching methods, and a teaching satisfaction questionnaire. RESULTS: Before the intervention, baseline performance showed no significant difference between the two groups. After the intervention, the experimental group demonstrated higher written examination scores (84.72 ± 2.39 vs. 79.52 ± 2.21, mean difference = 5.20, 95% CI: 3.62–6.78, P < 0.01) and practical operation scores (86.68 ± 2.22 vs. 79.24 ± 2.96, mean difference = 7.44, 95% CI: 5.82–9.06 P < 0.01) compared with the control group. Critical thinking ability scores were higher in the experimental group across all seven dimensions (total score 361.36 ± 11.46 vs. 256.96 ± 8.89, mean difference = 104.4, 95% CI: 95.1–113.7, P < 0.05). Student evaluations of teaching effectiveness (17.84 ± 1.12 vs. 10.72 ± 1.59, mean difference = 7.12, 95% CI: 5.51–8.73, P < 0.05) and overall teaching satisfaction (85.92 ± 4.34 vs. 74.96 ± 5.64, mean difference = 10.96, 95% CI: 8.24–13.68,P < 0.05) were also improved in the experimental group. CONCLUSION: The integration of PBL with 3D-VRT was associated with improved knowledge acquisition, practical skills, critical thinking ability, and teaching satisfaction among medical students in trauma orthopaedics education. This blended approach addresses the limitations of traditional teaching and offers a promising strategy for improving educational outcomes in trauma orthopaedics. SUPPLEMENTARY INFORMATION: The online version contains supplementary material available at 10.1186/s12909-025-08364-4.",No,"The abstract discusses combining PBL with 3D-VRT to improve knowledge acquisition, practical skills, and critical thinking, but does not explicitly discuss capturing or retaining knowledge from individuals or organizations.",No,"The abstract evaluates the combined application of PBL and 3D-VRT in trauma orthopaedics education, but does not explicitly discuss capturing or retaining knowledge.",Yes,"The integration of PBL with 3D-VRT was associated with improved knowledge acquisition, practical skills, critical thinking ability, and teaching satisfaction among medical students in trauma orthopaedics education."
26c7e52b-16d1-45a8-8c8d-894f1e233806,"Title：Digital Solutions In Hf Education: What Can Patients And Clinicians Gain? Abstract：PURPOSE OF REVIEW: Heart failure (HF) imposes an expanding global health burden, necessitating innovative approaches to education for both patients and clinicians. This review evaluates the evolving landscape of digital health tools in HF education and examines how these technologies may enhance accessibility, personalisation, and engagement in contemporary care. RECENT FINDINGS: Emerging evidence demonstrates that digital solutions-ranging from remote educational platforms and interactive applications to AI-assisted learning and immersive reality technologies-can meaningfully improve patient self-management, support clinician knowledge acquisition, and strengthen overall care quality. These tools offer substantial advantages, including remote access to high-quality information, dynamic and interactive learning experiences, and opportunities for continuous monitoring. Nonetheless, challenges persist, particularly regarding equitable access, digital literacy, data quality, and integration into existing clinical workflows. Digital technologies hold considerable promise in optimising HF education for both patients and clinicians. When effectively implemented, they have the potential to improve patient outcomes, enhance clinical decision-making, and support more efficient healthcare delivery. Continued innovation-particularly in AI, virtual and augmented reality, and personalised learning systems-will be essential to address remaining limitations and fully realise the transformative potential of digital HF education.",Yes,"The abstract states that digital solutions 'can meaningfully improve patient self-management, support clinician knowledge acquisition' and 'enhance accessibility, personalisation, and engagement', implying knowledge capture and retention.",No,None identified,No,"This review evaluates the evolving landscape of digital health tools in HF education and examines how these technologies may enhance accessibility, personalisation, and engagement in contemporary care."
31e9610e-0c63-42a3-940a-852603007e8b,"Title：Virtual Clinical Simulation As A Pedagogical Strategy In Healthcare Learning: Evidence And Gap Map Abstract：AIM: To map and characterize, systematically, the volume, scope and distribution of systematic review evidence on virtual clinical simulation in healthcare education, describing the educational outcomes assessed, the contexts and modalities where virtual simulations have been implemented and the main evidence gaps identified. BACKGROUND: Virtual clinical simulations are increasingly used to support healthcare education and training. However, existing evidence on their effectiveness remains fragmented, with variations in methodological quality and scope. DESIGN: Evidence and Gap Map (EGM) following Campbell Collaboration Guidance. METHODS: A systematic search was conducted across nine databases and two gray literature sources. Eligible studies included systematic reviews examining healthcare professionals or students using virtual simulations. Data were extracted using the PICOS framework and reviewed independently by two researchers. Methodological quality was assessed using AMSTAR-2 and confidence in findings was appraised using CERQual. RESULTS: A total of 118 reviews met inclusion criteria: 91 systematic, 25 scoping and 2 umbrella reviews. Most were published within the past four years and originated from high-income countries. We identified seven categories across the results: (1) Learning and Knowledge Acquisition; (2) User Perception; (3) Development of Technical Skills; (4) Simulation Performance; (5) Development of Practical Skills; (6) Transfer to Real Clinical Practice; and (7) Program Effectiveness. More than half of the systematic reviews were rated as low or critically low quality, with only 10 % achieving high methodological rigour. CONCLUSIONS: Virtual clinical simulations demonstrate potential to enhance learning outcomes in healthcare education. However, evidence is limited by uneven methodological quality, concentration in high-income settings and a lack of research on emerging technologies and long-term educational impacts. Future high-quality, comparative studies are needed to strengthen the evidence base.",Yes,"The abstract discusses 'Learning and Knowledge Acquisition' as a category of outcomes and mentions 'knowledge retention' as part of the evidence map, indicating a focus on knowledge capture and retention.",No,None identified,No,"Virtual clinical simulations are increasingly used to support healthcare education and training. However, existing evidence on their effectiveness remains fragmented, with variations in methodological quality and scope."
c6ec12c9-2fab-4e22-a959-d975dd255d65,"Title：The Effectiveness Of Virtual Reality For K-12 Foreign Language Learning: A Systematic Review Of Recent Randomized Controlled Trials Abstract：BACKGROUND: Despite the increasing adoption of immersive Virtual Reality (VR) in K-12 educational settings, there is a notable absence of systematic, high-quality experimental research evaluating its efficacy in facilitating foreign language acquisition. METHODS: Following a systematic search of five databases that yielded 1,054 records, six randomized controlled trials (RCTs) met the inclusion criteria. Because of considerable heterogeneity, a narrative synthesis was conducted following the Synthesis Without Meta-analysis (SWiM) guideline, with findings structured into a primary contrast (VR vs. non-VR) and a secondary analysis (VR vs. VR designs). RESULTS: The primary contrast analysis indicated that VR interventions generally had a positive effect compared to non-VR controls, particularly for vocabulary and listening. A notable finding was a consistent positive effect for VR in promoting long-term knowledge retention. The risk of bias evaluation indicated that each of the included studies was classified as presenting ""some concerns"". CONCLUSION: Across a small and heterogeneous set of recent RCTs, immersive VR shows promising effects, especially for long-term retention. However, the evidence for immediate learning gains is inconclusive. A more critical finding is the profound heterogeneity and methodological concerns within the evidence base, which preclude any single, overarching conclusion about VR's effectiveness.",Yes,The abstract explicitly discusses 'long-term knowledge retention' as a consistent positive effect of VR interventions.,No,None identified,No,"Despite the increasing adoption of immersive Virtual Reality (VR) in K-12 educational settings, there is a notable absence of systematic, high-quality experimental research evaluating its efficacy in facilitating foreign language acquisition."
5b509cb2-dda8-4c38-b89c-15482a233a09,"Title：Incorporating Virtual Reality In Undergraduate Internal Medicine Education: A Scoping Review Of Current Evidence And Implementation Strategies Abstract：BACKGROUND: Virtual reality (VR) is increasingly recognized as a valuable tool in undergraduate medical education. It offers immersive, interactive environments that support experiential learning and skill development. However, its specific application in internal medicine education remains variably described. This scoping review aims to explore how VR is currently implemented in undergraduate internal medicine education, identify its educational outcomes, and highlight associated advantages, limitations, and gaps in literature. METHODS: Following the Joanna Briggs Institute (JBI) methodology and PRISMA-ScR guidelines, we conducted a comprehensive search of eight databases, including PubMed, Scopus, Web of Science, and Embase. Studies were included if they addressed the use of VR in internal medicine education among undergraduate medical students. Data were extracted and analyzed thematically. RESULTS: Of 1343 records screened, 9 studies published between 2017 and 2024 met the inclusion criteria. Studies originated from diverse countries and employed immersive and non-immersive VR technologies. Applications included teaching clinical reasoning, procedural skills, and emergency management. VR was associated with improved student engagement, satisfaction, and knowledge retention. Key advantages included scalability, safety, and cost-effectiveness. Limitations included technical challenges, limited physical interaction, and high initial costs. Few studies assessed long-term outcomes or included diverse, low-resource settings. CONCLUSION: VR is a promising adjunct to traditional internal medicine education, enhancing learner engagement and skill acquisition. However, its integration requires addressing technical barriers, ensuring faculty training, and expanding research to include diverse educational contexts and long-term effectiveness.",No,"The abstract reviews the use of VR in internal medicine education, focusing on educational outcomes like engagement, satisfaction, and knowledge retention. It does not discuss capturing or retaining knowledge from individuals or organizations as a process.",No,None identified,Yes,"This scoping review aims to explore how VR is currently implemented in undergraduate internal medicine education, identify its educational outcomes, and highlight associated advantages, limitations, and gaps in literature."
82fd54a3-b885-45b4-bdcd-ea93fda775ba,"Title：A Systematic Review And Meta-Analysis Of Pedagogical Trends And Impact In Neuroanatomy Education Abstract：Neuroanatomy is notoriously challenging to learn and often contributes to ""neurophobia."" Traditional instruction has relied on lectures and dissection, but newer pedagogical innovations are increasingly adopted. Despite this, comparative evidence to guide best practices is limited. This systematic review and meta-analysis aimed to synthesize the literature on neuroanatomy teaching interventions, and quantitatively assess pooled effects on (1) short-term knowledge retention, (2) long-term knowledge retention, and (3) learner satisfaction. Following PRISMA guidelines, we searched PubMed, EMBASE, MEDLINE, Scopus, and Web of Science for studies published between January 2000 and February 2025. Eligible studies described defined neuroanatomy teaching interventions for post-secondary learners. Those reporting knowledge or satisfaction outcomes were included in the meta-analysis. Two reviewers independently performed screening, extraction, and methodological quality assessment using the MERSQI. Random-effects meta-analyses generated pooled standardized mean differences (SMDs) with 95% confidence intervals (CIs). From 11,438 records, 195 studies met inclusion for qualitative synthesis, most often involving digital/web-based applications (n = 38), immersive technologies (n = 22), or 3D models (n = 18). Overall methodological quality was moderate. Students valued interventions promoting 3D reasoning, clinical integration, and active learning. Thirty-seven studies contributed to meta-analysis. Computer/web-based applications showed consistent benefit for short-term knowledge (SMD = 1.69; 95% CI [0.32, 3.06]). Evidence for long-term knowledge retention and satisfaction was less robust. In conclusion, neuroanatomy education is shifting toward blended curricula integrating digital tools, models, and active pedagogies. Computer/web-based applications are most consistently effective for short-term learning; further research should emphasize long-term outcomes.",No,"The abstract is a systematic review and meta-analysis of neuroanatomy teaching interventions, focusing on knowledge retention outcomes. It does not discuss the process of capturing or retaining knowledge from individuals or organizations.",No,None identified,Yes,"This systematic review and meta-analysis aimed to synthesize the literature on neuroanatomy teaching interventions, and quantitatively assess pooled effects on (1) short-term knowledge retention, (2) long-term knowledge retention, and (3) learner satisfaction."
15f0f75c-dd0e-4e2f-afaf-20186fe37f58,"Title：Applications Of Virtual And Mixed Reality In Healthcare Abstract：This chapter explores the increasingly influential role of Virtual Reality (VR), Augmented Reality (AR), and Mixed Reality (MR) in modern healthcare, focusing on their applications in therapeutic interventions, rehabilitation, and medical education. While one of the first viable applications of VR involved usage in the treatment of Post-Traumatic Stress Disorder (PTSD) and phobias, these technologies have since expanded into a wide range of clinical applications. VR has proven particularly effective in exposure therapy, helping patients overcome anxiety disorders and phobias with a high degree of success. In physical rehabilitation, VR and MR are used to enhance motor recovery after stroke and manage chronic pain, further increasing efficacy by embodying participants in virtual avatars, thereby eliciting the phenomenon of embodiment and full-body ownership illusions. The chapter also highlights the educational potential of VR and MR, particularly in medical and nursing training. These technologies are currently being utilised for a plethora of classroom activities, including anatomy instruction, surgical training, and simulation-based learning in nursing schools, significantly improving knowledge retention and clinical skills, while also bringing costs down. Finally, the chapter examines governmental initiatives, such as those by the National Health Service (NHS) in the UK and the Department of Veterans Affairs in the USA, which have supported the integration of VR into healthcare for treatments like phobia therapy. As VR, AR, and MR technologies continue to evolve, their impact on healthcare is expected to grow, offering innovative solutions for patient care, therapeutic interventions, and medical education.",No,"The abstract discusses applications of VR, AR, and MR in healthcare for therapy, rehabilitation, and education. It mentions improving knowledge retention in medical training, but does not discuss the process of capturing or retaining knowledge from individuals or organizations.",No,None identified,Yes,"The chapter explores the increasingly influential role of Virtual Reality (VR), Augmented Reality (AR), and Mixed Reality (MR) in modern healthcare, focusing on their applications in therapeutic interventions, rehabilitation, and medical education."
61401958-edbd-4a92-85b9-774d53be98f7,"Title：Application Of Ai-Generated Content In Medical Education: Systematic Review Of The Impact On Critical Thinking Abilities Of Medical Students Abstract：BACKGROUND: With the rapid development of artificial intelligence technology, artificial intelligence-generated content (AIGC) is increasingly widely applied in the field of medical education. Large language models, such as ChatGPT, are a prominent type of AIGC technology. Critical thinking is a core ability in medical education, but the impact of AIGC technology on the critical thinking ability of medical students remains unclear. Medical students are at a crucial stage in cultivating critical thinking, and the intervention of AIGC technology may have a profound impact on this process. OBJECTIVE: This study aims to systematically review the impact of AIGC technology on the complex mechanisms affecting medical students' critical thinking abilities and build a corresponding strategic framework. The findings are intended to provide theoretical support and practical guidance for applying AIGC in medical education. METHODS: This study followed 2020 PRISMA (Preferred Reporting Items for Systematic Reviews and Meta-Analyses) guidelines, with the retrieval scope limited to English studies published between November 2022 and June 2025. Through the PubMed database, combined with the search methods of subject terms and free words, relevant studies involving the impact of AIGC on the critical thinking of medical students were screened for using keywords such as ""AIGC,"" ""medical students,"" and ""critical thinking."" Two independent reviewers screened and evaluated the literature, and ultimately conducted a qualitative analysis based on the common themes extracted from the literature. RESULTS: AIGC technology in medical education is 2-fold. First, AIGC's powerful information capabilities provide abundant learning resources and efficient tools. This accelerates knowledge acquisition and broadens learning scope. Second, overreliance on AIGC may lead to mental inertia, weaken critical thinking skills, and cause academic integrity issues among students. Research has found that strategies such as customized AIGC tools, virtual standardized patients, new models of resource integration, and proactive assessment of AI limitations can effectively make up for the deficiencies of AIGC in cultivating high-level critical thinking, helping medical students maintain and enhance their critical thinking and problem-solving abilities. CONCLUSIONS: AIGC technology application in medical education needs to carefully weigh the pros and cons. By optimizing the design and usage of AIGC tools and combining them with the guidance and supervision of educators, they can be transformed into powerful tools for promoting the development of critical thinking among medical students. Future research should further expand the scope of study, optimize research methods, pay attention to individual differences, track long-term effects, and deeply explore the influence of ethical and cultural factors to more comprehensively assess the application potential and challenges of AIGC technology in medical education.",No,The abstract systematically reviews the impact of AIGC on medical students' critical thinking. It does not discuss capturing or retaining knowledge from individuals or organizations.,No,None identified,Yes,This study aims to systematically review the impact of AIGC technology on the complex mechanisms affecting medical students' critical thinking abilities and build a corresponding strategic framework.
3c09b67f-e508-412f-b35a-1ff187cf969c,"Title：Evaluation Of An Education Programme For Introducing Bioelectrical Impedance Analysis To Neonatal Unit Staff: A Mixed Methods Study Abstract：BACKGROUND: Bioelectrical Impedance Analysis (BIA) is a non-invasive method of body composition, which may be useful in improving fluid management decisions for sick and preterm infants. AIM: To implement and evaluate an education package for the multidisciplinary team who plan to use BIA within the Neonatal Intensive Care Unit (NICU) in future research. STUDY DESIGN: A mixed methods approach was used to evaluate the impact of an education package for the multidisciplinary team (MDT) working in the NICU regarding the use of bioelectrical impedance analysis (BIA). Knowledge acquisition was assessed and feedback sought regarding the content, format and delivery of the teaching. RESULTS: There was a significant improvement in the median knowledge scores from 2.5 to 4/5 (p = < 0.001) after the education programme, with staff reporting a positive learning experience. CONCLUSION: This neonatal education package improved knowledge and was evaluated positively and could be used by other centres wishing to implement this technology. RELEVANCE TO CLINICAL PRACTICE: This education package will be useful for other NICUs wanting to implement this new technology into research or clinical practice. This model of education could be altered to facilitate the introduction of any new piece of technology into any intensive care setting.",No,"The abstract discusses an education package to improve knowledge about BIA, but does not explicitly discuss capturing or retaining knowledge from individuals or organizations.",Yes,implement and evaluate an education package for the multidisciplinary team who plan to use BIA within the Neonatal Intensive Care Unit (NICU) in future research,Yes,To implement and evaluate an education package for the multidisciplinary team who plan to use BIA within the Neonatal Intensive Care Unit (NICU) in future research.
f74bbf36-7fa3-42c5-9fe5-de11919667eb,"Title：Explainable Machine Learning For Sustainable Education: Predicting College Students' Reliance On Generative Artificial Intelligence Abstract：As generative artificial intelligence (GenAI) becomes increasingly embedded in education, students are using it to support knowledge acquisition, explore solutions, and stimulate creative thinking. At the same time, its convenience has raised concerns about overreliance. To assess and manage such dependence so that GenAI can be used sustainably in education, this study is based on questionnaire data collected from students at multiple universities in China. We first applied principal component analysis and numerical binning to the target variable, and then trained six machine learning models to predict levels of GenAI dependence. Performance comparisons showed that the Random Forest (RF) model performed best, with an F1-score of 0.836. We further interpreted the results of the RF model using SHAP and PDP methods. Classroom speaking pressure emerged as the key predictor of GenAI dependence, accounting for 22.9% of the explanatory power. Higher speaking pressure is associated with higher dependence, and this effect is markedly stronger in the high-dependency group than in the low-dependency group. Furthermore, this study conducted ablation studies and multi-dimensional sensitivity analyses, fully validating the robustness and reliability of the preprocessing strategies. This study not only proposes an effective, explainable approach to predicting GenAI dependence, but also offers empirical evidence to guide students toward more responsible use of GenAI. By identifying critical risk factors and informing targeted interventions, the findings help balance technological support with autonomous learning in AI-enhanced education, thereby advancing inclusive and sustainable educational practices in line with the ""quality education"" agenda of United Nations Sustainable Development Goal 4 (SDG 4).",No,"The abstract discusses predicting students' reliance on GenAI and promoting responsible use, but does not explicitly discuss capturing or retaining knowledge from individuals or organizations.",Yes,assess and manage such dependence so that GenAI can be used sustainably in education,No,"The study is about predicting college students' reliance on generative artificial intelligence, not about capturing or retaining knowledge."
32c9a1fd-bbe0-4aa0-9d03-8503a7212a96,"Title：Infection Prevention And Control (Ipc) Curriculum In Universities Offering Medical Imaging Programs Abstract：INTRODUCTION: Infection prevention and control (IPC) is essential in healthcare education, including medical imaging disciplines such as computed tomography (CT) and nuclear medicine (NM). Drug administration, including contrast media (CM) and radiopharmaceuticals, poses an increased infection risk. The aim of this study was to explore IPC curricula related to drug administration in medical imaging programs. METHODS: An online cross-sectional survey was distributed to program directors from universities offering medical imaging programs in Australia, the United Kingdom (UK), New Zealand, and Ireland. The survey explored curriculum content, teaching approaches, resource utilisation, and challenges in delivering IPC education. Data were analysed using descriptive statistics, non-parametric tests, and qualitative content analysis. RESULTS: Twenty participants from Australia and the UK completed the survey. Most programs include practical activities, simulations, and multimedia resources. IPC curricula are routinely reviewed and aligned with national guidelines. Key challenges include limited resources and restricted clinical access. Participants highlighted collaboration with healthcare professionals, regular curriculum updates, and innovative teaching technologies as effective strategies to address these issues. Experiential learning through case studies and simulations was viewed as essential for developing practical IPC skills and supporting knowledge retention. CONCLUSION: Medical imaging programs demonstrate a strong commitment to IPC education through diverse active learning strategies. Addressing resource limitations and ensuring ongoing curriculum updates via collaboration, innovation, and experiential learning are crucial for sustainable IPC training that protects both patients and healthcare professionals. IMPLICATIONS FOR PRACTICE: The findings emphasize the need for medical imaging departments to prioritise ongoing IPC training, incorporating simulation, case-based learning, and regular alignment with national standards. Stronger collaboration between universities and clinical sites can improve student preparedness for drug administration and enhance patient safety.",No,"The abstract discusses IPC curriculum content and teaching approaches, but does not explicitly discuss capturing or retaining knowledge from individuals or organizations.",Yes,explore IPC curricula related to drug administration in medical imaging programs,Yes,The aim of this study was to explore IPC curricula related to drug administration in medical imaging programs.
